Uberstrain	Name	Data Source(Accession No.;Sequencing Platform;Sequencing Library;Insert Size;Experiment;Status)	Source Niche	Source Type	Source Details	Collection Year	Collection Month	Collection Day	Collection Time	Continent	Country	Region	District	City	Post Code	Latitude	Longitude	Lab Contact	Species	Biovar	Race	Phylotype	Comment	Bio Project ID	Project	Sample	Secondary Sample	Date Entered	Release Date	Barcode	Status	Coverage	Version	N50	Length	Predicted Species	Contig Number	No. N's	Barcode
RAL_AA0010AA	GBBC3080	SRR29369383;ILLUMINA;Paired;;SRX24883821;SRA	Environment	Plant	ENVO_03600087; Rosa sp.	2015				Europe	Belgium	Flanders	Flemish Brabant Province	Arrondissement Halle-Vilvoorde		51	4.29	Institute for Agricultural, Fisheries and Food Research (ILVO)						PRJNA1122974	SRP513359	SAMN41796063	SRS21592495	2024-11-08	2024-06-14	RAL_AA0010AA	Assembled	306.8	5.2	90829	5702331	Ralstonia solanacearum;100.0%	194	939	RAL_AA0042AA_AS
RAL_AA0011AA	PD 8565	SRR28370915;ILLUMINA;Paired;;SRX23975998;SRA	Environment	Plant	Rosa sp.	2018				Europe	Netherlands							NIVIP						PRJNA1089092	SRP496025	SAMN40518025	SRS20774341	2024-11-08	2024-03-18	RAL_AA0011AA	Assembled	827.3	5.2	107838	5618031	Ralstonia solanacearum;99.82%	192	1239	RAL_AA0043AA_AS
RAL_AA0012AA	MAFF 301069	DRR513089;ILLUMINA;Paired;;DRX496975;SRA,DRR513095;OXFORD_NANOPORE;Single;;DRX496981;SRA																KOCHI						PRJDB17010	DRP010779	SAMD00657126	DRS341346	2024-11-08	2023-11-14	RAL_AA0012AA	Assembled	41.2	5.2	140459	5640058	Ralstonia solanacearum;100.0%	176	1984	RAL_AA0006AA_AS
RAL_AA0013AA	MAFF 301524	DRR513094;OXFORD_NANOPORE;Single;;DRX496980;SRA,DRR513088;ILLUMINA;Paired;;DRX496974;SRA																KOCHI						PRJDB17010	DRP010779	SAMD00657125	DRS341345	2024-11-08	2023-11-14	RAL_AA0013AA	Assembled	64	5.2	77752	5735608	Ralstonia solanacearum;100.0%	346	2376	RAL_AA0007AA_AS
RAL_AA0014AA	MAFF 211521	DRR513087;ILLUMINA;Paired;;DRX496973;SRA,DRR513093;OXFORD_NANOPORE;Single;;DRX496979;SRA																KOCHI						PRJDB17010	DRP010779	SAMD00657124	DRS341344	2024-11-08	2023-11-14	RAL_AA0014AA	Assembled	199.3	5.2	78487	5780186	Ralstonia solanacearum;100.0%	347	2306	RAL_AA0008AA_AS
RAL_AA0015AA	MAFF 211520	DRR513092;OXFORD_NANOPORE;Single;;DRX496978;SRA,DRR513086;ILLUMINA;Paired;;DRX496972;SRA																KOCHI						PRJDB17010	DRP010779	SAMD00657123	DRS341343	2024-11-08	2023-11-14	RAL_AA0015AA	Assembled	122.7	5.2	79496	5779864	Ralstonia solanacearum;100.0%	333	2272	RAL_AA0009AA_AS
RAL_AA0016AA	MAFF 211519	DRR513085;ILLUMINA;Paired;;DRX496971;SRA,DRR513091;OXFORD_NANOPORE;Single;;DRX496977;SRA																KOCHI						PRJDB17010	DRP010779	SAMD00657122	DRS341342	2024-11-08	2023-11-14	RAL_AA0016AA	Assembled	173.1	5.2	113991	5652900	Ralstonia solanacearum;100.0%	216	1841	RAL_AA0010AA_AS
RAL_AA0017AA	GMI1000	SRR25890106;ILLUMINA;Paired;;SRX21610486;SRA	Laboratory	Laboratory	tomato; laboratory	2023	6	30		Asia	China							Guangxi University						PRJNA1012353	SRP458180	SAMN37256216	SRS18783714	2024-11-08	2023-09-03	RAL_AA0017AA	Assembled	406.8	5.2	129447	5661624	Ralstonia solanacearum;98.84%	154	1113	RAL_AA0011AA_AS
RAL_AA0018AA	GMI1000	SRR25890107;ILLUMINA;Paired;;SRX21610485;SRA	Laboratory	Laboratory	tomato; laboratory	2023	6	30		Asia	China							Guangxi University						PRJNA1012353	SRP458180	SAMN37256215	SRS18783713	2024-11-08	2023-09-03	RAL_AA0018AA	Assembled	406	5.2	124898	5660916	Ralstonia solanacearum;98.83%	153	1048	RAL_AA0012AA_AS
RAL_AA0019AA	GMI1000	SRR25890108;ILLUMINA;Paired;;SRX21610484;SRA	Laboratory	Laboratory	tomato; laboratory	2023	6	30		Asia	China							Guangxi University						PRJNA1012353	SRP458180	SAMN37256214	SRS18783712	2024-11-08	2023-09-03	RAL_AA0019AA	Assembled	403.8	5.2	108830	5462078	Ralstonia solanacearum;99.07%	148	1234	RAL_AA0013AA_AS
RAL_AA0020AA	GMI1000	SRR25890109;ILLUMINA;Paired;;SRX21610483;SRA	Laboratory	Laboratory	tomato; laboratory	2023	6	30		Asia	China							Guangxi University						PRJNA1012353	SRP458180	SAMN37256213	SRS18783711	2024-11-08	2023-09-03	RAL_AA0020AA	Assembled	401.1	5.2	124898	5660008	Ralstonia solanacearum;98.61%	158	1192	RAL_AA0014AA_AS
RAL_AA0021AA	GMI1000	SRR25890110;ILLUMINA;Paired;;SRX21610482;SRA	Laboratory	Laboratory	tomato; laboratory	2023	6	30		Asia	China							Guangxi University						PRJNA1012353	SRP458180	SAMN37256212	SRS18783710	2024-11-08	2023-09-03	RAL_AA0021AA	Assembled	392.6	5.2	124898	5661282	Ralstonia solanacearum;98.83%	155	1011	RAL_AA0015AA_AS
RAL_AA0022AA	GMI1000	SRR25890111;ILLUMINA;Paired;;SRX21610481;SRA	Laboratory	Laboratory	tomato; laboratory	2023	6	30		Asia	China							Guangxi University						PRJNA1012353	SRP458180	SAMN37256211	SRS18783709	2024-11-08	2023-09-03	RAL_AA0022AA	Assembled	405.9	5.2	126167	5717032	Ralstonia solanacearum;98.87%	150	1594	RAL_AA0016AA_AS
RAL_AA0023AA	GMI1000	SRR25890112;ILLUMINA;Paired;;SRX21610480;SRA	Laboratory	Laboratory	tomato; laboratory	2023	6	30		Asia	China							Guangxi University						PRJNA1012353	SRP458180	SAMN37256210	SRS18783708	2024-11-08	2023-09-03	RAL_AA0023AA	Assembled	412.8	5.2	129447	5717819	Ralstonia solanacearum;98.86%	152	1572	RAL_AA0017AA_AS
RAL_AA0024AA	SM717_UCD507	SRR25440888;ILLUMINA;Paired;;SRX21174596;SRA	Environment	Plant	Solanum virginianum	2012				Asia	Bangladesh	Chittagong	Brahmanbaria	Ashuganj Upazila				University of California Davis						PRJNA989236	SRP451825	SAMN36081916	SRS18435924	2024-11-08	2023-07-27	RAL_AA0024AA	Assembled	69.6	5.2	149488	5609292	Ralstonia solanacearum;99.27%	106	2840	RAL_AA0018AA_AS
RAL_AA0025AA	SM718_UCD509	SRR25440889;ILLUMINA;Paired;;SRX21174595;SRA	Environment	Plant	Solanum virginianum	2012				Asia	Bangladesh	Chittagong	Brahmanbaria	Ashuganj Upazila				University of California Davis						PRJNA989236	SRP451825	SAMN36081917	SRS18435923	2024-11-08	2023-07-27	RAL_AA0025AA	Assembled	73	5.2	81077	5585561	Ralstonia solanacearum;100.0%	163	3071	RAL_AA0019AA_AS
RAL_AA0026AA	SM732_UCD517	SRR25440890;ILLUMINA;Paired;;SRX21174594;SRA	Environment	Plant	Solanum melongena grafted on Solanum sisymbriifolium rootstock	2012				Asia	Bangladesh	Dhaka Division	Tangail	Tangail Sadar Upazila				University of California Davis						PRJNA989236	SRP451825	SAMN36081918	SRS18435922	2024-11-08	2023-07-27	RAL_AA0026AA	Assembled	50.1	5.2	61112	5570187	Ralstonia solanacearum;98.89%	224	11059	RAL_AA0020AA_AS
RAL_AA0027AA	SM734_UCD498	SRR25440891;ILLUMINA;Paired;;SRX21174593;SRA	Environment	Plant	Solanum virginianum	2012				Asia	Bangladesh	Dhaka Division	Tangail	Tangail Sadar Upazila				University of California Davis						PRJNA989236	SRP451825	SAMN36081919	SRS18435921	2024-11-08	2023-07-27	RAL_AA0027AA	Assembled	45.5	5.2	79828	5765021	Ralstonia solanacearum;99.64%	207	6944	RAL_AA0021AA_AS
RAL_AA0028AA	SM735_UCD516	SRR25440892;ILLUMINA;Paired;;SRX21174592;SRA	Environment	Plant	Solanum virginianum	2012												University of California Davis						PRJNA989236	SRP451825	SAMN36081920	SRS18435920	2024-11-08	2023-07-27	RAL_AA0028AA	Assembled	59.9	5.2	104373	5748264	Ralstonia solanacearum;98.57%	183	4298	RAL_AA0022AA_AS
RAL_AA0029AA	SM741_UCD511	SRR25440893;ILLUMINA;Paired;;SRX21174591;SRA	Environment	Plant	Solanum virginianum	2012				Asia	Bangladesh	Rajshahi Division	Bogra	Bogra Sadar Upazila				University of California Davis						PRJNA989236	SRP451825	SAMN36081921	SRS18435919	2024-11-08	2023-07-27	RAL_AA0029AA	Assembled	77.3	5.2	89350	5750442	Ralstonia solanacearum;98.57%	183	3338	RAL_AA0023AA_AS
RAL_AA0030AA	SM742_UCD513	SRR25440894;ILLUMINA;Paired;;SRX21174590;SRA	Environment	Plant	Solanum virginianum	2012				Asia	Bangladesh	Rajshahi Division	Bogra	Bogra Sadar Upazila				University of California Davis						PRJNA989236	SRP451825	SAMN36081922	SRS18435918	2024-11-08	2023-07-27	RAL_AA0030AA	Assembled	76.2	5.2	142090	5635132	Ralstonia solanacearum;99.82%	147	3284	RAL_AA0024AA_AS
RAL_AA0031AA	SM1850_UCD520	SRR25440895;ILLUMINA;Paired;;SRX21174589;SRA	Environment	Plant	Solanum virginianum	2012												University of California Davis						PRJNA989236	SRP451825	SAMN36081901	SRS18435917	2024-11-08	2023-07-27	RAL_AA0031AA	Assembled	54	5.2	96631	5724662	Ralstonia solanacearum;99.82%	164	7730	RAL_AA0025AA_AS
RAL_AA0032AA	SM1851_UCD521	SRR25440896;ILLUMINA;Paired;;SRX21174588;SRA	Environment	Plant	Solanum virginianum	2012												University of California Davis						PRJNA989236	SRP451825	SAMN36081902	SRS18435916	2024-11-08	2023-07-27	RAL_AA0032AA	Assembled	59.9	5.2	79761	5817177	Ralstonia solanacearum;99.66%	216	9451	RAL_AA0026AA_AS
RAL_AA0033AA	SM1858_UCD505	SRR25440897;ILLUMINA;Paired;;SRX21174587;SRA	Environment	Plant	Solanum virginianum	2012				Asia	Bangladesh	Mymensingh Division	Jamalpur	Jamalpur Upazila				University of California Davis						PRJNA989236	SRP451825	SAMN36081903	SRS18435915	2024-11-08	2023-07-27	RAL_AA0033AA	Assembled	75.8	5.2	106252	5976702	Ralstonia solanacearum;97.64%	208	3661	RAL_AA0027AA_AS
RAL_AA0034AA	SM666_UCD496	SRR25440898;ILLUMINA;Paired;;SRX21174586;SRA	Environment	Plant	Solanum virginianum	2012				Asia	Bangladesh	Mymensingh Division	Jamalpur	Jamalpur Upazila				University of California Davis						PRJNA989236	SRP451825	SAMN36081904	SRS18435914	2024-11-08	2023-07-27	RAL_AA0034AA	Assembled	22.3	5.2	55334	5641013	Ralstonia solanacearum;100.0%	215	37311	RAL_AA0028AA_AS
RAL_AA0035AA	SM671_UCD503	SRR25440899;ILLUMINA;Paired;;SRX21174585;SRA	Environment	Plant	Solanum virginianum	2012				Asia	Bangladesh	Mymensingh Division	Jamalpur	Jamalpur Upazila				University of California Davis						PRJNA989236	SRP451825	SAMN36081905	SRS18435913	2024-11-08	2023-07-27	RAL_AA0035AA	Assembled	61.7	5.2	119478	5665640	Ralstonia solanacearum;99.66%	160	4179	RAL_AA0029AA_AS
RAL_AA0037AA	SM677_UCD518	SRR25440901;ILLUMINA;Paired;;SRX21174583;SRA	Environment	Plant	Solanum virginianum	2012				Asia	Bangladesh	Dhaka Division	Narsingdi	Narsingdi District				University of California Davis						PRJNA989236	SRP451825	SAMN36081906	SRS18435911	2024-11-08	2023-07-27	RAL_AA0037AA	Assembled	52.7	5.2	73165	5710591	Ralstonia solanacearum;98.55%	214	8188	RAL_AA0030AA_AS
RAL_AA0038AA	SM683_UCD502	SRR25440902;ILLUMINA;Paired;;SRX21174582;SRA	Environment	Plant	Solanum virginianum	2012				Asia	Bangladesh	Dhaka Division	Narsingdi	Narsingdi District				University of California Davis						PRJNA989236	SRP451825	SAMN36081907	SRS18435910	2024-11-08	2023-07-27	RAL_AA0038AA	Assembled	37.3	5.2	84834	5713177	Ralstonia solanacearum;98.75%	201	9478	RAL_AA0031AA_AS
RAL_AA0039AA	SM684_UCD504	SRR25440903;ILLUMINA;Paired;;SRX21174581;SRA	Environment	Plant	Solanum virginianum	2012				Asia	Bangladesh	Dhaka Division	Narsingdi	Narsingdi District				University of California Davis						PRJNA989236	SRP451825	SAMN36081908	SRS18435909	2024-11-08	2023-07-27	RAL_AA0039AA	Assembled	47.9	5.2	77987	5672893	Ralstonia solanacearum;98.58%	223	7773	RAL_AA0032AA_AS
RAL_AA0040AA	SM686_UCD506	SRR25440904;ILLUMINA;Paired;;SRX21174580;SRA	Environment	Plant	Solanum virginianum	2012				Asia	Bangladesh	Dhaka Division	Narsingdi	Narsingdi District				University of California Davis						PRJNA989236	SRP451825	SAMN36081909	SRS18435908	2024-11-08	2023-07-27	RAL_AA0040AA	Assembled	67.1	5.2	87674	5711419	Ralstonia solanacearum;98.58%	191	4236	RAL_AA0033AA_AS
RAL_AA0041AA	SM696_UCD519	SRR25440905;ILLUMINA;Paired;;SRX21174579;SRA	Environment	Plant	Solanum virginianum	2012				Asia	Bangladesh	Khulna Division	Jessore	Jessore Sadar Upazila				University of California Davis						PRJNA989236	SRP451825	SAMN36081910	SRS18435907	2024-11-08	2023-07-27	RAL_AA0041AA	Assembled	50.7	5.2	63751	5672752	Ralstonia solanacearum;100.0%	208	8915	RAL_AA0034AA_AS
RAL_AA0042AA	SM702_UCD515	SRR25440906;ILLUMINA;Paired;;SRX21174578;SRA	Environment	Plant	Solanum virginianum	2012				Asia	Bangladesh	Khulna Division	Jessore	Jessore Sadar Upazila				University of California Davis						PRJNA989236	SRP451825	SAMN36081911	SRS18435906	2024-11-08	2023-07-27	RAL_AA0042AA	Assembled	75	5.2	85381	5675070	Ralstonia solanacearum;100.0%	181	2628	RAL_AA0035AA_AS
RAL_AA0043AA	SM707_UCD512	SRR25440907;ILLUMINA;Paired;;SRX21174577;SRA	Environment	Plant	Solanum virginianum	2012				Asia	Bangladesh	Chittagong	Comilla	Comilla Sadar Dakshin Upazila				University of California Davis						PRJNA989236	SRP451825	SAMN36081912	SRS18435905	2024-11-08	2023-07-27	RAL_AA0043AA	Assembled	67.8	5.2	90049	5709063	Ralstonia solanacearum;98.56%	176	4687	RAL_AA0036AA_AS
RAL_AA0044AA	SM709_UCD514	SRR25440908;ILLUMINA;Paired;;SRX21174576;SRA	Environment	Plant	Solanum virginianum	2012				Asia	Bangladesh	Chittagong	Comilla	Comilla Sadar Dakshin Upazila				University of California Davis						PRJNA989236	SRP451825	SAMN36081913	SRS18435904	2024-11-08	2023-07-27	RAL_AA0044AA	Assembled	27.9	5.2	87032	5684669	Ralstonia solanacearum;99.3%	195	15987	RAL_AA0037AA_AS
RAL_AA0045AA	SM714_UCD497	SRR25440909;ILLUMINA;Paired;;SRX21174575;SRA	Environment	Plant	Capsicum sp.	2012				Asia	Bangladesh	Chittagong	Comilla	Comilla Sadar Dakshin Upazila				University of California Davis						PRJNA989236	SRP451825	SAMN36081914	SRS18435903	2024-11-08	2023-07-27	RAL_AA0045AA	Assembled	26.2	5.2	74345	5647425	Ralstonia solanacearum;99.82%	167	17606	RAL_AA0038AA_AS
RAL_AA0046AA	SM715_UCD499	SRR25440910;ILLUMINA;Paired;;SRX21174574;SRA	Environment	Plant	Capsicum sp.	2012				Asia	Bangladesh	Chittagong	Comilla	Comilla Sadar Dakshin Upazila				University of California Davis						PRJNA989236	SRP451825	SAMN36081915	SRS18435902	2024-11-08	2023-07-27	RAL_AA0046AA	Assembled	29	5.2	89572	5648260	Ralstonia solanacearum;99.82%	148	12665	RAL_AA0039AA_AS
RAL_AA0047AA	SM744_UCD522	SRR25440911;ILLUMINA;Paired;;SRX21174573;SRA	Environment	Plant	Solanum lycopersicum grafted on Solanum sisymbriifolium rootstock	2012												University of California Davis						PRJNA989236	SRP451825	SAMN36081924	SRS18435901	2024-11-08	2023-07-27	RAL_AA0047AA	Assembled	59.7	5.2	41991	5683347	Ralstonia solanacearum;99.46%	311	16235	RAL_AA0040AA_AS
RAL_AA0048AA	SM747_UCD508	SRR25440912;ILLUMINA;Paired;;SRX21174572;SRA	Environment	Plant	Solanum virginianum	2012												University of California Davis						PRJNA989236	SRP451825	SAMN36081925	SRS18435900	2024-11-08	2023-07-27	RAL_AA0048AA	Assembled	108.3	5.2	140242	5727603	Ralstonia solanacearum;99.82%	138	2669	RAL_AA0041AA_AS
RAL_AA0049AA	DG-3	SRR25270028;OXFORD_NANOPORE;Single;;SRX21015483;SRA,SRR25270029;ILLUMINA;Paired;;SRX21015482;SRA	Environment	Plant	cherry tomato	2020	11	28		Asia	China	Guangdong Province						South China Agricultural University						PRJNA994692	SRP449488	SAMN36447502	SRS18288328	2024-11-08	2024-07-31	RAL_AA0049AA	Assembled	238.4	5.2	98777	5830486	Ralstonia solanacearum;99.15%	179	2349	RAL_AA0138AA_AS
RAL_AA0050AA	UW5	SRR19621838;ILLUMINA;Paired;;SRX15672456;SRA	Environment	Plant	tropical rainforest (educated guess); Heliconia sp.	1955				North America	Costa Rica					8.9	-82.92	UC Davis						PRJNA834840	SRP373483	SAMN28078154	SRS13370645	2024-11-08	2022-06-10	RAL_AA0050AA	Assembled	149.8	5.2	43429	5712822	Ralstonia solanacearum;100.0%	266	17776	RAL_AA0044AA_AS
RAL_AA0051AA	Cw717	SRR20083553;PACBIO_SMRT;Single;;SRX16121253;SRA,SRR20083552;ILLUMINA;Paired;;SRX16121254;SRA	Environment	Plant	tomato bacterial wilt	1997				Asia	South Korea		Cheorwon-gun					National Institute of Agricultural Science, RDA						PRJNA857834	SRP385976	SAMN29638282	SRS13783716	2024-11-08	2022-09-01	RAL_AA0051AA	Assembled	1269.3	5.2	71564	5390151	Ralstonia solanacearum;100.0%	192	722	RAL_AA0320AA_AS
RAL_AA0052AA	Gj707	SRR20083557;PACBIO_SMRT;Single;;SRX16121249;SRA,SRR20083556;PACBIO_SMRT;Single;;SRX16121250;SRA,SRR20083555;PACBIO_SMRT;Single;;SRX16121251;SRA,SRR20083554;ILLUMINA;Paired;;SRX16121252;SRA	Environment	Plant	tomato bacterial wilt	1997				Asia	South Korea	Gwangju						National Institute of Agricultural Science, RDA						PRJNA857834	SRP385976	SAMN29638281	SRS13783715	2024-11-08	2022-09-01	RAL_AA0052AA	Assembled	422	5.2	93342	5824618	Ralstonia solanacearum;100.0%	189	2338	RAL_AA0956AA_AS
RAL_AA0053AA	Sw698	SRR20083561;PACBIO_SMRT;Single;;SRX16121245;SRA,SRR20083558;ILLUMINA;Paired;;SRX16121248;SRA,SRR20083559;PACBIO_SMRT;Single;;SRX16121247;SRA,SRR20083560;PACBIO_SMRT;Single;;SRX16121246;SRA	Environment	Plant	tomato bacterial wilt	1998				Asia	South Korea			Suwon-si				National Institute of Agricultural Science, RDA						PRJNA857834	SRP385976	SAMN29638280	SRS13783714	2024-11-08	2022-09-01	RAL_AA0053AA	Assembled	565.3	5.2	71564	5359672	Ralstonia solanacearum;100.0%	189	559	RAL_AA0045AA_AS
RAL_AA0055AA	LMG 9673	ERR7334980;ILLUMINA;Paired;;ERX6905577;SRA	Environment	Plant	Plant					Europe	France	Réunion						LM-UGent						PRJEB43925	ERP127906	SAMEA10977831	ERS8627655	2024-11-08	2021-11-17	RAL_AA0055AA	Assembled	179.7	5.2	72652	5464450	Ralstonia solanacearum;97.57%	305	3362	RAL_AA0046AA_AS
RAL_AA0056AA	CIP266_UW505	SRR16602792;ILLUMINA;Paired;;SRX12804057;SRA	Environment	Plant	potato	1985				Asia	Indonesia							Virginia Tech						PRJNA775652	SRP343516	SAMN22612337	SRS10749617	2024-11-08	2021-10-27	RAL_AA0056AA	Assembled	54.8	5.2	99187	5718655	Ralstonia solanacearum;97.84%	182	2158	RAL_AA0047AA_AS
RAL_AA0057AA	CIP264_UW503	SRR16602795;ILLUMINA;Paired;;SRX12804054;SRA	Environment	Plant	potato	1985				Asia	Indonesia							Virginia Tech						PRJNA775652	SRP343516	SAMN22612335	SRS10749614	2024-11-08	2021-10-27	RAL_AA0057AA	Assembled	66.6	5.2	41318	5158477	Ralstonia solanacearum;99.43%	359	1984	RAL_AA0048AA_AS
RAL_AA0058AA	CIP296_UW472	SRR16602811;ILLUMINA;Paired;;SRX12804038;SRA	Environment	Plant	potato	1968				Africa	Nigeria							Virginia Tech						PRJNA775652	SRP343516	SAMN22612320	SRS10749598	2024-11-08	2021-10-27	RAL_AA0058AA	Assembled	54.2	5.2	150238	5498147	Ralstonia solanacearum;99.09%	131	2599	RAL_AA0049AA_AS
RAL_AA0059AA	O12BS_UW407	SRR16602833;ILLUMINA;Paired;;SRX12804016;SRA	Environment	Plant	potato	1965				Oceania	Australia							Virginia Tech						PRJNA775652	SRP343516	SAMN22612300	SRS10749577	2024-11-08	2021-10-27	RAL_AA0059AA	Assembled	45.2	5.2	113274	5695253	Ralstonia solanacearum;98.78%	127	2488	RAL_AA0050AA_AS
RAL_AA0060AA	POPS1_UW379	SRR16602835;ILLUMINA;Paired;;SRX12804014;SRA	Environment	Plant	potato					Asia	China							Virginia Tech						PRJNA775652	SRP343516	SAMN22612298	SRS10749573	2024-11-08	2021-10-27	RAL_AA0060AA	Assembled	34.4	5.2	84105	5830438	Ralstonia solanacearum;99.35%	251	8153	RAL_AA0051AA_AS
RAL_AA0061AA	T25_UW811	SRR16602884;ILLUMINA;Paired;;SRX12803965;SRA	Environment	Plant	tomato	2018				Africa	Togo							Virginia Tech						PRJNA775652	SRP343516	SAMN22612383	SRS10749527	2024-11-08	2021-10-27	RAL_AA0061AA	Assembled	55.1	5.2	84798	5890865	Ralstonia solanacearum;98.08%	238	3281	RAL_AA0052AA_AS
RAL_AA0062AA	B17_UW800	SRR16602886;ILLUMINA;Paired;;SRX12803963;SRA	Environment	Plant	Solanum melongena	2018				Africa	Benin							Virginia Tech						PRJNA775652	SRP343516	SAMN22612381	SRS10749523	2024-11-08	2021-10-27	RAL_AA0062AA	Assembled	38.5	5.2	23177	5680920	Ralstonia solanacearum;99.47%	425	33377	RAL_AA0053AA_AS
RAL_AA0063AA	RUN2587_UW776	SRR16602890;ILLUMINA;Paired;;SRX12803959;SRA	Environment	Plant	potato	2013				Africa	Madagascar							Virginia Tech						PRJNA775652	SRP343516	SAMN22612377	SRS10749519	2024-11-08	2021-10-27	RAL_AA0063AA	Assembled	45.2	5.2	68129	5437200	Ralstonia solanacearum;99.08%	230	3773	RAL_AA0054AA_AS
RAL_AA0064AA	DGBBC1138_UW685	SRR16602907;ILLUMINA;Paired;;SRX12803942;SRA	Environment	Plant	potato					Africa	Guinea							Virginia Tech						PRJNA775652	SRP343516	SAMN22612362	SRS10749500	2024-11-08	2021-10-27	RAL_AA0064AA	Assembled	48.7	5.2	127784	5411871	Ralstonia solanacearum;99.43%	108	2199	RAL_AA0055AA_AS
RAL_AA0065AA	NCPPB332_UW654	SRR16602910;ILLUMINA;Paired;;SRX12803939;SRA	Environment	Plant	potato	1954				Africa	Zimbabwe							Virginia Tech						PRJNA775652	SRP343516	SAMN22612359	SRS10749497	2024-11-08	2021-10-27	RAL_AA0065AA	Assembled	50.9	5.2	71800	5487257	Ralstonia solanacearum;96.77%	200	2996	RAL_AA0056AA_AS
RAL_AA0066AA	UW198	SRR16602914;ILLUMINA;Paired;;SRX12803935;SRA	Environment	Plant	potato	1963				Asia	Philippines							Virginia Tech						PRJNA775652	SRP343516	SAMN22612257	SRS10749493	2024-11-08	2021-10-27	RAL_AA0066AA	Assembled	50	5.2	74320	5655915	Ralstonia solanacearum;99.47%	215	4305	RAL_AA0057AA_AS
RAL_AA0067AA	CIP365_UW642	SRR16602915;ILLUMINA;Paired;;SRX12803934;SRA	Environment	Plant	potato	1989				Asia	Philippines							Virginia Tech						PRJNA775652	SRP343516	SAMN22612355	SRS10749492	2024-11-08	2021-10-27	RAL_AA0067AA	Assembled	57.7	5.2	53575	5572974	Ralstonia solanacearum;100.0%	278	2907	RAL_AA0058AA_AS
RAL_AA0068AA	NCPPB:790	SRR12634644;ILLUMINA;Paired;;SRX9116961;SRA	Environment	Plant	Physalis angulata	1985				North America	Costa Rica							Wageningen Plant Research						PRJNA663270	SRP282310	SAMN16125442	SRS7359497	2024-11-08	2020-12-03	RAL_AA0068AA	Assembled	552	5.2	99170	5720551	Ralstonia solanacearum;99.81%	157	4791	RAL_AA0059AA_AS
RAL_AA0069AA	LMG 9673	SRR12634656;ILLUMINA;Paired;;SRX9116949;SRA	Environment	Plant	Pelargonium capitatum													Wageningen Plant Research						PRJNA663270	SRP282310	SAMN16125505	SRS7359485	2024-11-08	2020-12-03	RAL_AA0069AA	Assembled	298.2	5.2	65589	5450545	Ralstonia solanacearum;97.75%	304	3164	RAL_AA0060AA_AS
RAL_AA0070AA	PD 3278	SRR12634657;ILLUMINA;Paired;;SRX9116948;SRA	Environment	Plant	Morus sp.													Wageningen Plant Research						PRJNA663270	SRP282310	SAMN16125504	SRS7359484	2024-11-08	2020-12-03	RAL_AA0070AA	Assembled	329.1	5.2	27636	5260604	Ralstonia solanacearum;98.53%	435	5940	RAL_AA0061AA_AS
RAL_AA0071AA	Lallmahomed 72	SRR12634658;ILLUMINA;Paired;;SRX9116947;SRA	Environment	Plant	Arachis hypogaea	1973												Wageningen Plant Research						PRJNA663270	SRP282310	SAMN16125440	SRS7359483	2024-11-08	2020-12-03	RAL_AA0071AA	Assembled	122.4	5.2	38137	5733152	Ralstonia solanacearum;99.32%	365	11510	RAL_AA0062AA_AS
RAL_AA0072AA	Lallmahomed 66	SRR12634669;ILLUMINA;Paired;;SRX9116936;SRA	Environment	Plant	Arachis hypogaea	1973												Wageningen Plant Research						PRJNA663270	SRP282310	SAMN16125439	SRS7359472	2024-11-08	2020-12-03	RAL_AA0072AA	Assembled	113.8	5.2	32703	5700378	Ralstonia solanacearum;99.32%	409	14799	RAL_AA0063AA_AS
RAL_AA0073AA	Lallmahomed 59	SRR12634680;ILLUMINA;Paired;;SRX9116925;SRA	Environment	Plant	Casuarina equisetifolia	1973												Wageningen Plant Research						PRJNA663270	SRP282310	SAMN16125438	SRS7359461	2024-11-08	2020-12-03	RAL_AA0073AA	Assembled	100.3	5.2	29544	5662269	Ralstonia solanacearum;99.83%	414	19136	RAL_AA0064AA_AS
RAL_AA0074AA	PD 4138	SRR12634681;ILLUMINA;Paired;;SRX9116923;SRA	Environment	Plant	Curcuma longa	2001				Europe	Netherlands							Wageningen Plant Research						PRJNA663270	SRP282310	SAMN16125482	SRS7359459	2024-11-08	2020-12-03	RAL_AA0074AA	Assembled	180	5.2	26979	5741594	Ralstonia solanacearum;97.73%	451	33238	RAL_AA0065AA_AS
RAL_AA0075AA	PD 3634	SRR12634684;ILLUMINA;Paired;;SRX9116919;SRA	Environment	Plant	Solanum tuberosum	1999				Africa	Kenya							Wageningen Plant Research						PRJNA663270	SRP282310	SAMN16125478	SRS7359455	2024-11-08	2020-12-03	RAL_AA0075AA	Assembled	145.4	5.2	53350	5703501	Ralstonia solanacearum;99.32%	320	8715	RAL_AA0066AA_AS
RAL_AA0076AA	PD 3570	SRR12634694;ILLUMINA;Paired;;SRX9116918;SRA	Environment	Plant	Curcuma longa	1999				South America	Venezuela							Wageningen Plant Research						PRJNA663270	SRP282310	SAMN16125477	SRS7359454	2024-11-08	2020-12-03	RAL_AA0076AA	Assembled	152.6	5.2	51840	5764842	Ralstonia solanacearum;97.9%	262	13125	RAL_AA0067AA_AS
RAL_AA0077AA	Lallmahomed 54	SRR12634689;ILLUMINA;Paired;;SRX9116914;SRA	Environment	Plant	Solanum nigrum	1973												Wageningen Plant Research						PRJNA663270	SRP282310	SAMN16125437	SRS7359450	2024-11-08	2020-12-03	RAL_AA0077AA	Assembled	151.2	5.2	39055	5673902	Ralstonia solanacearum;99.82%	324	12597	RAL_AA0068AA_AS
RAL_AA0078AA	PD:3205	SRR12634692;ILLUMINA;Paired;;SRX9116912;SRA	Environment	Plant	Anthurium andraeanum	1997				Asia	Philippines							Wageningen Plant Research						PRJNA663270	SRP282310	SAMN16125472	SRS7359448	2024-11-08	2020-12-03	RAL_AA0078AA	Assembled	216	5.2	54874	5552050	Ralstonia solanacearum;100.0%	270	8834	RAL_AA0069AA_AS
RAL_AA0080AA	Lallmahomed 30	SRR12634700;ILLUMINA;Paired;;SRX9116903;SRA	Environment	Plant	Solanum lycopersicum	1973												Wageningen Plant Research						PRJNA663270	SRP282310	SAMN16125436	SRS7359439	2024-11-08	2020-12-03	RAL_AA0080AA	Assembled	157.5	5.2	32716	5644613	Ralstonia solanacearum;99.83%	367	17992	RAL_AA0071AA_AS
RAL_AA0081AA	Lallmahomed 16	SRR12634712;ILLUMINA;Paired;;SRX9116892;SRA	Environment	Plant	Solanum virginianum	1973												Wageningen Plant Research						PRJNA663270	SRP282310	SAMN16125435	SRS7359428	2024-11-08	2020-12-03	RAL_AA0081AA	Assembled	177.7	5.2	26898	5717205	Ralstonia solanacearum;99.19%	445	25756	RAL_AA0072AA_AS
RAL_AA0082AA	PD:1256	SRR12634724;ILLUMINA;Paired;;SRX9116889;SRA	Environment	Plant	Solanum virginianum	1988				Europe	France							Wageningen Plant Research						PRJNA663270	SRP282310	SAMN16125450	SRS7359425	2024-11-08	2020-12-03	RAL_AA0082AA	Assembled	182.3	5.2	42303	5675794	Ralstonia solanacearum;99.83%	311	11523	RAL_AA0073AA_AS
RAL_AA0083AA	PD:1419	SRR12634719;ILLUMINA;Paired;;SRX9116884;SRA	Environment	Plant	Solanum tuberosum													Wageningen Plant Research						PRJNA663270	SRP282310	SAMN16125445	SRS7359420	2024-11-08	2020-12-03	RAL_AA0083AA	Assembled	121.4	5.2	50211	5737508	Ralstonia solanacearum;100.0%	266	7958	RAL_AA0074AA_AS
RAL_AA0084AA	PD:1255	SRR12634720;ILLUMINA;Paired;;SRX9116883;SRA	Environment	Plant	Anthurium andraeanum	1988				Europe	France							Wageningen Plant Research						PRJNA663270	SRP282310	SAMN16125444	SRS7359419	2024-11-08	2020-12-03	RAL_AA0084AA	Assembled	141.1	5.2	30514	5680671	Ralstonia solanacearum;99.32%	432	18136	RAL_AA0075AA_AS
RAL_AA0085AA	NCPPB:1579	SRR12634722;ILLUMINA;Paired;;SRX9116882;SRA	Environment	Plant	Zingiber officinale	1961												Wageningen Plant Research						PRJNA663270	SRP282310	SAMN16125443	SRS7359418	2024-11-08	2020-12-03	RAL_AA0085AA	Assembled	553.6	5.2	74601	5803513	Ralstonia solanacearum;100.0%	243	4744	RAL_AA0076AA_AS
RAL_AA0086AA	Lallmahomed 13	SRR12634723;ILLUMINA;Paired;;SRX9116881;SRA	Environment	Plant	Arachis hypogaea	1973												Wageningen Plant Research						PRJNA663270	SRP282310	SAMN16125434	SRS7359417	2024-11-08	2020-12-03	RAL_AA0086AA	Assembled	170.6	5.2	24788	5682195	Ralstonia solanacearum;99.36%	494	24585	RAL_AA0077AA_AS
RAL_AA0087AA	Lallmahomed 7	SRR12634725;ILLUMINA;Paired;;SRX9116880;SRA	Environment	Plant	Nicotiana tabacum	1973												Wageningen Plant Research						PRJNA663270	SRP282310	SAMN16125433	SRS7359416	2024-11-08	2020-12-03	RAL_AA0087AA	Assembled	152.5	5.2	30426	5727551	Ralstonia solanacearum;99.15%	363	19458	RAL_AA0078AA_AS
RAL_AA0089AA	GMI1000	SRR12398475;PACBIO_SMRT;Single;;SRX8896744;SRA,SRR12398479;ILLUMINA;Paired;;SRX8896740;SRA	Environment	Plant	Solanum lycopersicum cultivar Hawaii 7996	2014				Europe	France	Occitanie	Upper Garonne	Arrondissement of Toulouse				INRAE						PRJNA644288	SRP276307	SAMN15722388	SRS7155544	2024-11-08	2021-02-08	RAL_AA0089AA	Assembled	119.7	5.2	129838	5705571	Ralstonia solanacearum;98.4%	144	931	RAL_AA1056AA_AS
RAL_AA0090AA	GMI1000	SRR12398485;ILLUMINA;Paired;;SRX8896734;SRA,SRR12398480;PACBIO_SMRT;Single;;SRX8896739;SRA	Environment	Plant	Solanum lycopersicum cultivar Hawaii 7996	2014				Europe	France	Occitanie	Upper Garonne	Arrondissement of Toulouse				INRAE						PRJNA644288	SRP276307	SAMN15722387	SRS7155543	2024-11-08	2021-02-08	RAL_AA0090AA	Assembled	84.1	5.2	129838	5705073	Ralstonia solanacearum;98.18%	138	1105	RAL_AA0840AA_AS
RAL_AA0091AA	GMI1000	SRR12398486;PACBIO_SMRT;Single;;SRX8896733;SRA,SRR12398490;ILLUMINA;Paired;;SRX8896729;SRA	Environment	Plant	Solanum lycopersicum cultivar Hawaii 7996	2014				Europe	France	Occitanie	Upper Garonne	Arrondissement of Toulouse				INRAE						PRJNA644288	SRP276307	SAMN15722386	SRS7155542	2024-11-08	2021-02-08	RAL_AA0091AA	Assembled	84.9	5.2	154832	5706014	Ralstonia solanacearum;98.4%	135	777	RAL_AA1057AA_AS
RAL_AA0092AA	GMI1000	SRR12398496;ILLUMINA;Paired;;SRX8896723;SRA,SRR12398491;PACBIO_SMRT;Single;;SRX8896728;SRA	Environment	Plant	Solanum lycopersicum cultivar Hawaii 7996	2014				Europe	France	Occitanie	Upper Garonne	Arrondissement of Toulouse				INRAE						PRJNA644288	SRP276307	SAMN15722385	SRS7155541	2024-11-08	2021-02-08	RAL_AA0092AA	Assembled	82.4	5.2	129838	5705743	Ralstonia solanacearum;98.17%	133	852	RAL_AA0841AA_AS
RAL_AA0093AA	GMI1000	SRR12398494;ILLUMINA;Paired;;SRX8896725;SRA,SRR12398528;PACBIO_SMRT;Single;;SRX8896690;SRA	Environment	Plant	Solanum lycopersicum cultivar Hawaii 7996	2014				Europe	France	Occitanie	Upper Garonne	Arrondissement of Toulouse				INRAE						PRJNA644288	SRP276307	SAMN15722380	SRS7155536	2024-11-08	2021-02-08	RAL_AA0093AA	Assembled	113.4	5.2	129838	5705361	Ralstonia solanacearum;98.4%	136	801	RAL_AA0079AA_AS
RAL_AA0094AA	GMI1000	SRR12398500;ILLUMINA;Paired;;SRX8896718;SRA,SRR12398497;PACBIO_SMRT;Single;;SRX8896722;SRA	Environment	Plant	Solanum lycopersicum cultivar Hawaii 7996	2014				Europe	France	Occitanie	Upper Garonne	Arrondissement of Toulouse				INRAE						PRJNA644288	SRP276307	SAMN15722384	SRS7155540	2024-11-08	2021-02-08	RAL_AA0094AA	Assembled	94	5.2	129838	5705054	Ralstonia solanacearum;98.17%	136	535	RAL_AA0321AA_AS
RAL_AA0095AA	GMI1000	SRR12398506;ILLUMINA;Paired;;SRX8896712;SRA,SRR12398501;PACBIO_SMRT;Single;;SRX8896717;SRA	Environment	Plant	Solanum lycopersicum cultivar Hawaii 7996	2014				Europe	France	Occitanie	Upper Garonne	Arrondissement of Toulouse				INRAE						PRJNA644288	SRP276307	SAMN15722383	SRS7155539	2024-11-08	2021-02-08	RAL_AA0095AA	Assembled	379.8	5.2	134817	5696530	Ralstonia solanacearum;98.61%	178	828	RAL_AA0139AA_AS
RAL_AA0096AA	GMI1000	SRR12398504;PACBIO_SMRT;Single;;SRX8896714;SRA,SRR12398539;ILLUMINA;Paired;;SRX8896680;SRA	Environment	Plant	Solanum lycopersicum cultivar Hawaii 7996	2014				Europe	France	Occitanie	Upper Garonne	Arrondissement of Toulouse				INRAE						PRJNA644288	SRP276307	SAMN15722379	SRS7155535	2024-11-08	2021-02-08	RAL_AA0096AA	Assembled	286.5	5.2	130559	5693820	Ralstonia solanacearum;98.61%	179	976	RAL_AA0322AA_AS
RAL_AA0097AA	GMI1000	SRR12398508;PACBIO_SMRT;Single;;SRX8896711;SRA,SRR12398522;ILLUMINA;Paired;;SRX8896697;SRA	Environment	Plant	Solanum lycopersicum cultivar Hawaii 7996	2014				Europe	France	Occitanie	Upper Garonne	Arrondissement of Toulouse				INRAE						PRJNA644288	SRP276307	SAMN15722382	SRS7155538	2024-11-08	2021-02-08	RAL_AA0097AA	Assembled	69.3	5.2	135501	5706094	Ralstonia solanacearum;98.38%	143	1012	RAL_AA0842AA_AS
RAL_AA0098AA	GMI1000	SRR12398527;ILLUMINA;Paired;;SRX8896691;SRA,SRR12398523;PACBIO_SMRT;Single;;SRX8896696;SRA	Environment	Plant	Solanum lycopersicum cultivar Hawaii 7996	2014				Europe	France	Occitanie	Upper Garonne	Arrondissement of Toulouse				INRAE						PRJNA644288	SRP276307	SAMN15722381	SRS7155537	2024-11-08	2021-02-08	RAL_AA0098AA	Assembled	376.5	5.2	135423	5697381	Ralstonia solanacearum;98.62%	172	960	RAL_AA0080AA_AS
RAL_AA0105AA	G-R4-1	SRR28511437;ILLUMINA;Paired;;SRX24112474;SRA	Laboratory	Laboratory	Coevolution study	2023	1	1		Asia	China	Guangxi						Guangxi University	Ralstonia solanacearum					PRJNA1094598	SRP498908	SAMN40702572	SRS20899549	2024-11-08	2024-03-31	RAL_AA0105AA	Assembled	787.9	5.2	129447	5718157	Ralstonia solanacearum;98.63%	163	1013	RAL_AA0084AA_AS
RAL_AA0106AA	G16-4	SRR28511438;ILLUMINA;Paired;;SRX24112473;SRA	Laboratory	Laboratory	Coevolution study	2023	1	1		Asia	China	Guangxi						Guangxi University	Ralstonia solanacearum					PRJNA1094598	SRP498908	SAMN40702571	SRS20899548	2024-11-08	2024-03-31	RAL_AA0106AA	Assembled	813.7	5.2	129447	5715205	Ralstonia solanacearum;98.86%	162	1190	RAL_AA0085AA_AS
RAL_AA0107AA	G16-3	SRR28511439;ILLUMINA;Paired;;SRX24112472;SRA	Laboratory	Laboratory	Coevolution study	2023	1	1		Asia	China	Guangxi						Guangxi University	Ralstonia solanacearum					PRJNA1094598	SRP498908	SAMN40702570	SRS20899547	2024-11-08	2024-03-31	RAL_AA0107AA	Assembled	823.2	5.2	126085	5718026	Ralstonia solanacearum;98.86%	162	1207	RAL_AA0086AA_AS
RAL_AA0108AA	G16-2	SRR28511440;ILLUMINA;Paired;;SRX24112471;SRA	Laboratory	Laboratory	Coevolution study	2023	1	1		Asia	China	Guangxi						Guangxi University	Ralstonia solanacearum					PRJNA1094598	SRP498908	SAMN40702569	SRS20899546	2024-11-08	2024-03-31	RAL_AA0108AA	Assembled	839.6	5.2	129447	5714240	Ralstonia solanacearum;98.63%	159	1033	RAL_AA0087AA_AS
RAL_AA0109AA	G16-1	SRR28511441;ILLUMINA;Paired;;SRX24112470;SRA	Laboratory	Laboratory	Coevolution study	2023	1	1		Asia	China	Guangxi						Guangxi University	Ralstonia solanacearum					PRJNA1094598	SRP498908	SAMN40702568	SRS20899545	2024-11-08	2024-03-31	RAL_AA0109AA	Assembled	798.6	5.2	129447	5718025	Ralstonia solanacearum;98.86%	165	1076	RAL_AA0088AA_AS
RAL_AA0110AA	G8-4	SRR28511442;ILLUMINA;Paired;;SRX24112469;SRA	Laboratory	Laboratory	Coevolution study	2023	1	1		Asia	China	Guangxi						Guangxi University	Ralstonia solanacearum					PRJNA1094598	SRP498908	SAMN40702567	SRS20899544	2024-11-08	2024-03-31	RAL_AA0110AA	Assembled	817.2	5.2	103446	5717823	Ralstonia solanacearum;98.64%	162	1057	RAL_AA0089AA_AS
RAL_AA0111AA	G8-3	SRR28511443;ILLUMINA;Paired;;SRX24112468;SRA	Laboratory	Laboratory	Coevolution study	2023	1	1		Asia	China	Guangxi						Guangxi University	Ralstonia solanacearum					PRJNA1094598	SRP498908	SAMN40702566	SRS20899543	2024-11-08	2024-03-31	RAL_AA0111AA	Assembled	772.7	5.2	126030	5707305	Ralstonia solanacearum;98.64%	159	1310	RAL_AA0090AA_AS
RAL_AA0112AA	G-R16-4	SRR28511444;ILLUMINA;Paired;;SRX24112467;SRA	Laboratory	Laboratory	Coevolution study	2023	1	1		Asia	China	Guangxi						Guangxi University	Ralstonia solanacearum					PRJNA1094598	SRP498908	SAMN40702587	SRS20899542	2024-11-08	2024-03-31	RAL_AA0112AA	Assembled	800.1	5.2	129447	5716183	Ralstonia solanacearum;98.87%	164	1117	RAL_AA0091AA_AS
RAL_AA0113AA	G-R16-3	SRR28511445;ILLUMINA;Paired;;SRX24112466;SRA	Laboratory	Laboratory	Coevolution study	2023	1	1		Asia	China	Guangxi						Guangxi University	Ralstonia solanacearum					PRJNA1094598	SRP498908	SAMN40702586	SRS20899541	2024-11-08	2024-03-31	RAL_AA0113AA	Assembled	781.4	5.2	129447	5714933	Ralstonia solanacearum;98.67%	165	1292	RAL_AA0092AA_AS
RAL_AA0114AA	G-R16-2	SRR28511446;ILLUMINA;Paired;;SRX24112465;SRA	Laboratory	Laboratory	Coevolution study	2023	1	1		Asia	China	Guangxi						Guangxi University	Ralstonia solanacearum					PRJNA1094598	SRP498908	SAMN40702585	SRS20899540	2024-11-08	2024-03-31	RAL_AA0114AA	Assembled	825.6	5.2	129447	5714722	Ralstonia solanacearum;98.87%	161	818	RAL_AA0093AA_AS
RAL_AA0115AA	G-R16-1	SRR28511447;ILLUMINA;Paired;;SRX24112464;SRA	Laboratory	Laboratory	Coevolution study	2023	1	1		Asia	China	Guangxi						Guangxi University	Ralstonia solanacearum					PRJNA1094598	SRP498908	SAMN40702584	SRS20899539	2024-11-08	2024-03-31	RAL_AA0115AA	Assembled	794.4	5.2	129447	5715484	Ralstonia solanacearum;98.87%	163	992	RAL_AA0094AA_AS
RAL_AA0116AA	G-R12-4	SRR28511448;ILLUMINA;Paired;;SRX24112463;SRA	Laboratory	Laboratory	Coevolution study	2023	1	1		Asia	China	Guangxi						Guangxi University	Ralstonia solanacearum					PRJNA1094598	SRP498908	SAMN40702583	SRS20899538	2024-11-08	2024-03-31	RAL_AA0116AA	Assembled	806.6	5.2	129447	5714323	Ralstonia solanacearum;98.86%	158	877	RAL_AA0140AA_AS
RAL_AA0117AA	G8-2	SRR28511449;ILLUMINA;Paired;;SRX24112462;SRA	Laboratory	Laboratory	Coevolution study	2023	1	1		Asia	China	Guangxi						Guangxi University	Ralstonia solanacearum					PRJNA1094598	SRP498908	SAMN40702565	SRS20899537	2024-11-08	2024-03-31	RAL_AA0117AA	Assembled	772	5.2	124898	5717592	Ralstonia solanacearum;98.66%	163	1024	RAL_AA0096AA_AS
RAL_AA0118AA	G-R12-3	SRR28511450;ILLUMINA;Paired;;SRX24112461;SRA	Laboratory	Laboratory	Coevolution study	2023	1	1		Asia	China	Guangxi						Guangxi University	Ralstonia solanacearum					PRJNA1094598	SRP498908	SAMN40702582	SRS20899536	2024-11-08	2024-03-31	RAL_AA0118AA	Assembled	792.2	5.2	129838	5714709	Ralstonia solanacearum;98.87%	163	1045	RAL_AA0097AA_AS
RAL_AA0119AA	G-R12-2	SRR28511451;ILLUMINA;Paired;;SRX24112460;SRA	Laboratory	Laboratory	Coevolution study	2023	1	1		Asia	China	Guangxi						Guangxi University	Ralstonia solanacearum					PRJNA1094598	SRP498908	SAMN40702581	SRS20899535	2024-11-08	2024-03-31	RAL_AA0119AA	Assembled	822.3	5.2	129447	5715110	Ralstonia solanacearum;98.87%	167	1007	RAL_AA0326AA_AS
RAL_AA0120AA	G-R12-1	SRR28511452;ILLUMINA;Paired;;SRX24112459;SRA	Laboratory	Laboratory	Coevolution study	2023	1	1		Asia	China	Guangxi						Guangxi University	Ralstonia solanacearum					PRJNA1094598	SRP498908	SAMN40702580	SRS20899534	2024-11-08	2024-03-31	RAL_AA0120AA	Assembled	786.1	5.2	126044	5715512	Ralstonia solanacearum;98.86%	163	1331	RAL_AA0099AA_AS
RAL_AA0121AA	G-R8-4	SRR28511453;ILLUMINA;Paired;;SRX24112458;SRA	Laboratory	Laboratory	Coevolution study	2023	1	1		Asia	China	Guangxi						Guangxi University	Ralstonia solanacearum					PRJNA1094598	SRP498908	SAMN40702579	SRS20899533	2024-11-08	2024-03-31	RAL_AA0121AA	Assembled	775.5	5.2	129838	5717750	Ralstonia solanacearum;98.66%	164	994	RAL_AA0100AA_AS
RAL_AA0122AA	G-R8-3	SRR28511454;ILLUMINA;Paired;;SRX24112457;SRA	Laboratory	Laboratory	Coevolution study	2023	1	1		Asia	China	Guangxi						Guangxi University	Ralstonia solanacearum					PRJNA1094598	SRP498908	SAMN40702578	SRS20899532	2024-11-08	2024-03-31	RAL_AA0122AA	Assembled	794.7	5.2	126031	5718161	Ralstonia solanacearum;98.64%	162	1127	RAL_AA0101AA_AS
RAL_AA0123AA	G-R8-2	SRR28511455;ILLUMINA;Paired;;SRX24112456;SRA	Laboratory	Laboratory	Coevolution study	2023	1	1		Asia	China	Guangxi						Guangxi University	Ralstonia solanacearum					PRJNA1094598	SRP498908	SAMN40702577	SRS20899531	2024-11-08	2024-03-31	RAL_AA0123AA	Assembled	803	5.2	126054	5724836	Ralstonia solanacearum;98.63%	160	1177	RAL_AA0142AA_AS
RAL_AA0124AA	G-R8-1	SRR28511456;ILLUMINA;Paired;;SRX24112455;SRA	Laboratory	Laboratory	Coevolution study	2023	1	1		Asia	China	Guangxi						Guangxi University	Ralstonia solanacearum					PRJNA1094598	SRP498908	SAMN40702576	SRS20899530	2024-11-08	2024-03-31	RAL_AA0124AA	Assembled	836.2	5.2	126032	5717495	Ralstonia solanacearum;98.62%	159	1241	RAL_AA0327AA_AS
RAL_AA0125AA	G-R4-4	SRR28511457;ILLUMINA;Paired;;SRX24112454;SRA	Laboratory	Laboratory	Coevolution study	2023	1	1		Asia	China	Guangxi						Guangxi University	Ralstonia solanacearum					PRJNA1094598	SRP498908	SAMN40702575	SRS20899529	2024-11-08	2024-03-31	RAL_AA0125AA	Assembled	813.5	5.2	129838	5717268	Ralstonia solanacearum;98.64%	162	1281	RAL_AA0104AA_AS
RAL_AA0126AA	G-R4-3	SRR28511458;ILLUMINA;Paired;;SRX24112453;SRA	Laboratory	Laboratory	Coevolution study	2023	1	1		Asia	China	Guangxi						Guangxi University	Ralstonia solanacearum					PRJNA1094598	SRP498908	SAMN40702574	SRS20899528	2024-11-08	2024-03-31	RAL_AA0126AA	Assembled	789.4	5.2	126034	5717901	Ralstonia solanacearum;98.63%	163	995	RAL_AA0144AA_AS
RAL_AA0127AA	G-R4-2	SRR28511459;ILLUMINA;Paired;;SRX24112452;SRA	Laboratory	Laboratory	Coevolution study	2023	1	1		Asia	China	Guangxi						Guangxi University	Ralstonia solanacearum					PRJNA1094598	SRP498908	SAMN40702573	SRS20899527	2024-11-08	2024-03-31	RAL_AA0127AA	Assembled	830.6	5.2	126034	5717898	Ralstonia solanacearum;98.63%	162	967	RAL_AA0106AA_AS
RAL_AA0128AA	G8-1	SRR28511460;ILLUMINA;Paired;;SRX24112451;SRA	Laboratory	Laboratory	Coevolution study	2023	1	1		Asia	China	Guangxi						Guangxi University	Ralstonia solanacearum					PRJNA1094598	SRP498908	SAMN40702564	SRS20899526	2024-11-08	2024-03-31	RAL_AA0128AA	Assembled	833.1	5.2	130599	5717047	Ralstonia solanacearum;98.66%	158	1094	RAL_AA0107AA_AS
RAL_AA0129AA	Ancestor	SRR28511461;ILLUMINA;Paired;;SRX24112450;SRA	Laboratory	Laboratory	Coevolution study	2023	1	1		Asia	China	Guangxi						Guangxi University	Ralstonia solanacearum					PRJNA1094598	SRP498908	SAMN40702563	SRS20899525	2024-11-08	2024-03-31	RAL_AA0129AA	Assembled	776.5	5.2	129838	5718024	Ralstonia solanacearum;98.62%	162	984	RAL_AA0145AA_AS
RAL_AA0130AA	PD 7648	SRR28370908;ILLUMINA;Paired;;SRX23976005;SRA	Environment	Water/River	surface water	2018				Europe	Netherlands							NIVIP	Ralstonia solanacearum					PRJNA1089092	SRP496025	SAMN40518009	SRS20774348	2024-11-08	2024-03-18	RAL_AA0130AA	Assembled	5017.8	5.2	101494	5257705	Ralstonia solanacearum;100.0%	140	616	RAL_AA0109AA_AS
RAL_AA0131AA	PD 7647	SRR28370909;ILLUMINA;Paired;;SRX23976004;SRA	Environment	Water/River	surface water	2018				Europe	Netherlands							NIVIP	Ralstonia solanacearum					PRJNA1089092	SRP496025	SAMN40518008	SRS20774347	2024-11-08	2024-03-18	RAL_AA0131AA	Assembled	1199.1	5.2	110640	5256464	Ralstonia solanacearum;100.0%	133	335	RAL_AA0110AA_AS
RAL_AA0132AA	PD 7645	SRR28370910;ILLUMINA;Paired;;SRX23976003;SRA	Environment	Water/River	surface water	2018				Europe	Netherlands							NIVIP	Ralstonia solanacearum					PRJNA1089092	SRP496025	SAMN40518007	SRS20774346	2024-11-08	2024-03-18	RAL_AA0132AA	Assembled	485.4	5.2	110631	5252025	Ralstonia solanacearum;100.0%	128	517	RAL_AA0111AA_AS
RAL_AA0133AA	PD 7672	SRR28370911;ILLUMINA;Paired;;SRX23976002;SRA	Environment	Water/River	surface water	2017				Europe	Netherlands							NIVIP	Ralstonia solanacearum					PRJNA1089092	SRP496025	SAMN40518006	SRS20774344	2024-11-08	2024-03-18	RAL_AA0133AA	Assembled	579.7	5.2	110631	5255968	Ralstonia solanacearum;100.0%	135	555	RAL_AA0146AA_AS
RAL_AA0134AA	PD 7671	SRR28370912;ILLUMINA;Paired;;SRX23976001;SRA	Environment	Water/River	surface water	2017				Europe	Netherlands							NIVIP	Ralstonia solanacearum					PRJNA1089092	SRP496025	SAMN40518005	SRS20774345	2024-11-08	2024-03-18	RAL_AA0134AA	Assembled	1111.3	5.2	110630	5255534	Ralstonia solanacearum;100.0%	133	413	RAL_AA0113AA_AS
RAL_AA0135AA	PD 7670	SRR28370913;ILLUMINA;Paired;;SRX23976000;SRA	Environment	Water/River	surface water	2017				Europe	Netherlands							NIVIP	Ralstonia solanacearum					PRJNA1089092	SRP496025	SAMN40518004	SRS20774343	2024-11-08	2024-03-18	RAL_AA0135AA	Assembled	1152.8	5.2	110630	5256342	Ralstonia solanacearum;100.0%	135	225	RAL_AA0147AA_AS
RAL_AA0136AA	PD 7389	SRR28370914;ILLUMINA;Paired;;SRX23975999;SRA	Environment	Plant	Solanum tuberosum	2018				Europe	Netherlands							NIVIP	Ralstonia solanacearum					PRJNA1089092	SRP496025	SAMN40518003	SRS20774342	2024-11-08	2024-03-18	RAL_AA0136AA	Assembled	507.1	5.2	110632	5242680	Ralstonia solanacearum;100.0%	132	208	RAL_AA0148AA_AS
RAL_AA0137AA	PD 7421	SRR28370916;ILLUMINA;Paired;;SRX23975997;SRA	Environment	Plant	Rosa sp.	2018				Europe	Netherlands							NIVIP	Ralstonia solanacearum					PRJNA1089092	SRP496025	SAMN40518024	SRS20774340	2024-11-08	2024-03-18	RAL_AA0137AA	Assembled	950.3	5.2	110632	5218772	Ralstonia solanacearum;100.0%	128	544	RAL_AA0149AA_AS
RAL_AA0138AA	PD 8566	SRR28370917;ILLUMINA;Paired;;SRX23975996;SRA	Environment	Plant	Rosa sp.	2018				Europe	Netherlands							NIVIP	Ralstonia solanacearum					PRJNA1089092	SRP496025	SAMN40518023	SRS20774339	2024-11-08	2024-03-18	RAL_AA0138AA	Assembled	850.4	5.2	110631	5218877	Ralstonia solanacearum;100.0%	128	406	RAL_AA0117AA_AS
RAL_AA0139AA	PD 7414	SRR28370918;ILLUMINA;Paired;;SRX23975995;SRA	Environment	Plant	Rosa sp.	2018				Europe	Netherlands							NIVIP	Ralstonia solanacearum					PRJNA1089092	SRP496025	SAMN40518022	SRS20774338	2024-11-08	2024-03-18	RAL_AA0139AA	Assembled	989.6	5.2	110630	5218653	Ralstonia solanacearum;100.0%	130	443	RAL_AA0150AA_AS
RAL_AA0140AA	PD 7397	SRR28370919;ILLUMINA;Paired;;SRX23975994;SRA	Environment	Plant	Rosa sp.	2018				Europe	Netherlands							NIVIP	Ralstonia solanacearum					PRJNA1089092	SRP496025	SAMN40518021	SRS20774337	2024-11-08	2024-03-18	RAL_AA0140AA	Assembled	1093.1	5.2	110631	5218758	Ralstonia solanacearum;100.0%	130	348	RAL_AA0119AA_AS
RAL_AA0141AA	PD 7394	SRR28370920;ILLUMINA;Paired;;SRX23975993;SRA	Environment	Plant	Rosa sp.	2018				Europe	Netherlands							NIVIP	Ralstonia solanacearum					PRJNA1089092	SRP496025	SAMN40518020	SRS20774336	2024-11-08	2024-03-18	RAL_AA0141AA	Assembled	1239.5	5.2	110631	5219593	Ralstonia solanacearum;100.0%	130	365	RAL_AA0846AA_AS
RAL_AA0142AA	PD 7644	SRR28370921;ILLUMINA;Paired;;SRX23975992;SRA	Environment	Water/River	surface water	2009				Europe	Netherlands							NIVIP	Ralstonia solanacearum					PRJNA1089092	SRP496025	SAMN40518002	SRS20774335	2024-11-08	2024-03-18	RAL_AA0142AA	Assembled	538.2	5.2	123820	5105994	Ralstonia solanacearum;100.0%	113	445	RAL_AA0121AA_AS
RAL_AA0143AA	PD 7579	SRR28370922;ILLUMINA;Paired;;SRX23975991;SRA	Environment	Plant	Solanum tuberosum	2019				Europe	Netherlands							NIVIP	Ralstonia solanacearum					PRJNA1089092	SRP496025	SAMN40518019	SRS20774334	2024-11-08	2024-03-18	RAL_AA0143AA	Assembled	1126.1	5.2	101497	5254712	Ralstonia solanacearum;100.0%	137	789	RAL_AA0122AA_AS
RAL_AA0144AA	PD 8567	SRR28370923;ILLUMINA;Paired;;SRX23975990;SRA	Environment	Plant	Solanum tuberosum	2019				Europe	Netherlands							NIVIP	Ralstonia solanacearum					PRJNA1089092	SRP496025	SAMN40518018	SRS20774333	2024-11-08	2024-03-18	RAL_AA0144AA	Assembled	1040.4	5.2	110631	5254518	Ralstonia solanacearum;100.0%	135	382	RAL_AA0123AA_AS
RAL_AA0145AA	PD 7578	SRR28370924;ILLUMINA;Paired;;SRX23975989;SRA	Environment	Plant	Solanum tuberosum	2019				Europe	Netherlands							NIVIP	Ralstonia solanacearum					PRJNA1089092	SRP496025	SAMN40518017	SRS20774332	2024-11-08	2024-03-18	RAL_AA0145AA	Assembled	1145.4	5.2	110342	5254284	Ralstonia solanacearum;100.0%	135	328	RAL_AA0233AA_AS
RAL_AA0146AA	PD 7711	SRR28370925;ILLUMINA;Paired;;SRX23975988;SRA	Environment	Water/River	surface water	2019				Europe	Netherlands							NIVIP	Ralstonia solanacearum					PRJNA1089092	SRP496025	SAMN40518016	SRS20774331	2024-11-08	2024-03-18	RAL_AA0146AA	Assembled	1006.5	5.2	110631	5254790	Ralstonia solanacearum;100.0%	133	627	RAL_AA0847AA_AS
RAL_AA0147AA	PD 8571	SRR28370926;ILLUMINA;Paired;;SRX23975987;SRA	Environment	Water/River	surface water	2019				Europe	Netherlands							NIVIP	Ralstonia solanacearum					PRJNA1089092	SRP496025	SAMN40518015	SRS20774330	2024-11-08	2024-03-18	RAL_AA0147AA	Assembled	1122.1	5.2	110631	5244817	Ralstonia solanacearum;100.0%	135	411	RAL_AA0126AA_AS
RAL_AA0148AA	PD 8569	SRR28370927;ILLUMINA;Paired;;SRX23975986;SRA	Environment	Water/River	surface water	2019				Europe	Netherlands							NIVIP	Ralstonia solanacearum					PRJNA1089092	SRP496025	SAMN40518014	SRS20774329	2024-11-08	2024-03-18	RAL_AA0148AA	Assembled	1095.3	5.2	110630	5255405	Ralstonia solanacearum;100.0%	134	509	RAL_AA0127AA_AS
RAL_AA0149AA	PD 8568	SRR28370928;ILLUMINA;Paired;;SRX23975985;SRA	Environment	Water/River	surface water	2019				Europe	Netherlands							NIVIP	Ralstonia solanacearum					PRJNA1089092	SRP496025	SAMN40518013	SRS20774328	2024-11-08	2024-03-18	RAL_AA0149AA	Assembled	926	5.2	110631	5255717	Ralstonia solanacearum;100.0%	134	351	RAL_AA0330AA_AS
RAL_AA0150AA	PD 8570	SRR28370929;ILLUMINA;Paired;;SRX23975984;SRA	Environment	Water/River	surface water	2019				Europe	Netherlands							NIVIP	Ralstonia solanacearum					PRJNA1089092	SRP496025	SAMN40518012	SRS20774327	2024-11-08	2024-03-18	RAL_AA0150AA	Assembled	1281.5	5.2	110631	5252673	Ralstonia solanacearum;100.0%	132	547	RAL_AA0848AA_AS
RAL_AA0151AA	PD 7677	SRR28370930;ILLUMINA;Paired;;SRX23975983;SRA	Environment	Water/River	surface water	2019				Europe	Netherlands							NIVIP	Ralstonia solanacearum					PRJNA1089092	SRP496025	SAMN40518011	SRS20774326	2024-11-08	2024-03-18	RAL_AA0151AA	Assembled	1060.5	5.2	110631	5216254	Ralstonia solanacearum;100.0%	129	479	RAL_AA0849AA_AS
RAL_AA0152AA	PD 7576	SRR28370931;ILLUMINA;Paired;;SRX23975982;SRA	Environment	Plant	Solanum tuberosum	2019				Europe	Netherlands							NIVIP	Ralstonia solanacearum					PRJNA1089092	SRP496025	SAMN40518010	SRS20774324	2024-11-08	2024-03-18	RAL_AA0152AA	Assembled	1224.7	5.2	110631	5242689	Ralstonia solanacearum;100.0%	132	457	RAL_AA0333AA_AS
RAL_AA0153AA	PD 7643	SRR28370932;ILLUMINA;Paired;;SRX23975981;SRA	Environment	Water/River	surface water	2009				Europe	Netherlands							NIVIP	Ralstonia solanacearum					PRJNA1089092	SRP496025	SAMN40518001	SRS20774325	2024-11-08	2024-03-18	RAL_AA0153AA	Assembled	1345.4	5.2	110630	5153042	Ralstonia solanacearum;100.0%	125	348	RAL_AA0132AA_AS
RAL_AA0154AA	PD 7642	SRR28370933;ILLUMINA;Paired;;SRX23975980;SRA	Environment	Water/River	surface water	2009				Europe	Netherlands							NIVIP	Ralstonia solanacearum					PRJNA1089092	SRP496025	SAMN40518000	SRS20774323	2024-11-08	2024-03-18	RAL_AA0154AA	Assembled	526.4	5.2	110631	5249759	Ralstonia solanacearum;100.0%	132	259	RAL_AA0133AA_AS
RAL_AA0155AA	UW853_UCD541	SRR27866708;ILLUMINA;Paired;;SRX23528733;SRA	Environment	Plant	cropland biome; Solanum lycopersicum	2022	7			North America	United States	Alabama				32.31	-86.9	University of California, Davis	Ralstonia solanacearum					PRJNA1073220	SRP488035	SAMN39822551	SRS20378277	2024-11-08	2024-02-04	RAL_AA0155AA	Assembled	69.4	5.2	74220	5393539	Ralstonia solanacearum;97.9%	216	3155	RAL_AA0850AA_AS
RAL_AA0156AA	UCD576	SRR27866709;ILLUMINA;Paired;;SRX23528732;SRA	Environment	Plant	cropland biome; Solanum lycopersicum	2023	4			North America	United States	Alabama				32.31	-86.9	University of California, Davis	Ralstonia solanacearum					PRJNA1073220	SRP488035	SAMN39822550	SRS20378278	2024-11-08	2024-02-04	RAL_AA0156AA	Assembled	91.5	5.2	102865	5808740	Ralstonia solanacearum;98.98%	235	3614	RAL_AA0135AA_AS
RAL_AA0157AA	RALSA-MA	SRR24727157;ILLUMINA;Paired;;SRX20504994;SRA	Environment	Plant	plant-pathogen; tomato; plant-pathogen	2020	1	1		North America	Costa Rica					9.7489	-83.7534	Universidad de Costa Rica	Ralstonia solanacearum					PRJNA898399	SRP439393	SAMN35347198	SRS17811163	2024-11-08	2023-05-24	RAL_AA0157AA	Assembled	269.8	5.2	110632	5254125	Ralstonia solanacearum;100.0%	130	342	RAL_AA0851AA_AS
RAL_AA0158AA	AN-0720	SRR24190241;ILLUMINA;Paired;;SRX19987481;SRA	Environment	Plant	Solanum lycopersicum; stem	2020	7			North America	Mexico	México	Coatepec Harinas					Universidad Politecnica del Estado de Morelos	Ralstonia solanacearum					PRJNA956562	SRP433003	SAMN34223255	SRS17332657	2024-11-08	2023-08-28	RAL_AA0158AA	Assembled	212.8	5.2	76989	5525109	Ralstonia solanacearum;99.27%	179	1229	RAL_AA0137AA_AS
RAL_AA0159AA	MAFF 241648	DRR420896;OXFORD_NANOPORE;Single;;DRX406115;SRA,DRR420890;ILLUMINA;Paired;350;DRX406109;SRA																KOCHI	Ralstonia solanacearum					PRJDB10588	DRP009267	SAMD00250062	DRS265901	2024-11-08	2022-11-25	RAL_AA0159AA	Assembled	70.5	5.2	106081	5745003	Ralstonia solanacearum;100.0%	161	1222	RAL_AA0235AA_AS
RAL_AA0160AA	MAFF 241647	DRR420895;OXFORD_NANOPORE;Single;;DRX406114;SRA,DRR420889;ILLUMINA;Paired;350;DRX406108;SRA																KOCHI	Ralstonia solanacearum					PRJDB10588	DRP009267	SAMD00250061	DRS265900	2024-11-08	2022-11-25	RAL_AA0160AA	Assembled	78.3	5.2	81685	5692177	Ralstonia solanacearum;99.66%	309	2120	RAL_AA1131AA_AS
RAL_AA0161AA	MAFF 301560	DRR420894;OXFORD_NANOPORE;Single;;DRX406113;SRA,DRR420888;ILLUMINA;Paired;350;DRX406107;SRA																KOCHI	Ralstonia solanacearum					PRJDB10588	DRP009267	SAMD00250060	DRS265899	2024-11-08	2022-11-25	RAL_AA0161AA	Assembled	48.4	5.2	108106	5649158	Ralstonia solanacearum;100.0%	244	2308	RAL_AA0153AA_AS
RAL_AA0162AA	MAFF 211491	DRR420893;OXFORD_NANOPORE;Single;;DRX406112;SRA,DRR420887;ILLUMINA;Paired;350;DRX406106;SRA																KOCHI	Ralstonia solanacearum					PRJDB10588	DRP009267	SAMD00250059	DRS265898	2024-11-08	2022-11-25	RAL_AA0162AA	Assembled	55.4	5.2	107981	5590508	Ralstonia solanacearum;99.82%	173	872	RAL_AA0236AA_AS
RAL_AA0163AA	MAFF 211479	DRR420892;OXFORD_NANOPORE;Single;;DRX406111;SRA,DRR420886;ILLUMINA;Paired;350;DRX406105;SRA																KOCHI	Ralstonia solanacearum					PRJDB10588	DRP009267	SAMD00250058	DRS265897	2024-11-08	2022-11-25	RAL_AA0163AA	Assembled	43.1	5.2	114750	5752713	Ralstonia solanacearum;98.06%	211	1770	RAL_AA0337AA_AS
RAL_AA0164AA	MAFF 211471	DRR420885;ILLUMINA;Paired;350;DRX406104;SRA,DRR420891;OXFORD_NANOPORE;Single;;DRX406110;SRA																KOCHI	Ralstonia solanacearum					PRJDB10588	DRP009267	SAMD00250057	DRS265896	2024-11-08	2022-11-25	RAL_AA0164AA	Assembled	63.5	5.2	77783	5799752	Ralstonia solanacearum;100.0%	328	1910	RAL_AA0154AA_AS
RAL_AA0165AA	Race 3, Biovar 1	SRR21541277;ILLUMINA;Paired;;SRX17543664;SRA	Environment	Water/River	Water	1997				Europe	United Kingdom	England		Birmingham		52.4897433	-1.8540988	University of York	Ralstonia solanacearum					PRJNA823737	SRP367713	SAMN30822018	SRS15090893	2024-11-08	2022-09-23	RAL_AA0165AA	Assembled	94.2	5.2	101836	5257226	Ralstonia solanacearum;100.0%	143	698	RAL_AA0155AA_AS
RAL_AA0166AA	Race 3, Biovar 1	SRR21541278;ILLUMINA;Paired;;SRX17543663;SRA	Environment	Water/River	Water	1997				Europe	United Kingdom	England		Birmingham		52.4897433	-1.8540988	University of York	Ralstonia solanacearum					PRJNA823737	SRP367713	SAMN30822017	SRS15090892	2024-11-08	2022-09-23	RAL_AA0166AA	Assembled	95.6	5.2	101495	5255417	Ralstonia solanacearum;100.0%	141	988	RAL_AA0156AA_AS
RAL_AA0167AA	Race 3, Biovar 1	SRR21541279;ILLUMINA;Paired;;SRX17543662;SRA	Environment	Water/River	Water	1997				Europe	United Kingdom	England		Birmingham		52.4897433	-1.8540988	University of York	Ralstonia solanacearum					PRJNA823737	SRP367713	SAMN30822016	SRS15090891	2024-11-08	2022-09-23	RAL_AA0167AA	Assembled	100.4	5.2	110340	5255632	Ralstonia solanacearum;100.0%	137	636	RAL_AA0687AA_AS
RAL_AA0170AA	Race 3, Biovar 1	SRR21541282;ILLUMINA;Paired;;SRX17543659;SRA	Environment	Water/River	Water	1997				Europe	United Kingdom	England		Birmingham		52.4897433	-1.8540988	University of York	Ralstonia solanacearum					PRJNA823737	SRP367713	SAMN30822013	SRS15090888	2024-11-08	2022-09-23	RAL_AA0170AA	Assembled	59.4	5.2	93221	5262571	Ralstonia solanacearum;99.8%	142	1679	RAL_AA0160AA_AS
RAL_AA0171AA	Race 3, Biovar 1	SRR21541283;ILLUMINA;Paired;;SRX17543658;SRA	Environment	Water/River	Water	1997				Europe	United Kingdom	England		Birmingham		52.4897433	-1.8540988	University of York	Ralstonia solanacearum					PRJNA823737	SRP367713	SAMN30822012	SRS15090887	2024-11-08	2022-09-23	RAL_AA0171AA	Assembled	47.9	5.2	73079	5254915	Ralstonia solanacearum;100.0%	152	3141	RAL_AA0689AA_AS
RAL_AA0172AA	Race 3, Biovar 1	SRR21541284;ILLUMINA;Paired;;SRX17543657;SRA	Environment	Water/River	Water	1997				Europe	United Kingdom	England		Birmingham		52.4897433	-1.8540988	University of York	Ralstonia solanacearum					PRJNA823737	SRP367713	SAMN30822011	SRS15090886	2024-11-08	2022-09-23	RAL_AA0172AA	Assembled	66.5	5.2	101816	5193938	Ralstonia solanacearum;100.0%	128	1037	RAL_AA0690AA_AS
RAL_AA0173AA	Race 3, Biovar 1	SRR21541285;ILLUMINA;Paired;;SRX17543656;SRA	Environment	Water/River	Water	1997				Europe	United Kingdom	England		Birmingham		52.4897433	-1.8540988	University of York	Ralstonia solanacearum					PRJNA823737	SRP367713	SAMN30822010	SRS15090884	2024-11-08	2022-09-23	RAL_AA0173AA	Assembled	55.4	5.2	101497	5255631	Ralstonia solanacearum;100.0%	144	1432	RAL_AA0163AA_AS
RAL_AA0174AA	Race 3, Biovar 1	SRR21541286;ILLUMINA;Paired;;SRX17543655;SRA	Environment	Water/River	Water	1996				Europe	United Kingdom	England		Birmingham		52.4897433	-1.8540988	University of York	Ralstonia solanacearum					PRJNA823737	SRP367713	SAMN30822009	SRS15090885	2024-11-08	2022-09-23	RAL_AA0174AA	Assembled	78.5	5.2	100334	5124573	Ralstonia solanacearum;100.0%	136	1561	RAL_AA0164AA_AS
RAL_AA0176AA	Race 3, Biovar 1	SRR21541288;ILLUMINA;Paired;;SRX17543653;SRA	Environment	Plant	Potato	1996				Europe	United Kingdom	England		Birmingham		52.4897433	-1.8540988	University of York	Ralstonia solanacearum					PRJNA823737	SRP367713	SAMN30822008	SRS15090881	2024-11-08	2022-09-23	RAL_AA0176AA	Assembled	83	5.2	100334	5253569	Ralstonia solanacearum;100.0%	137	1334	RAL_AA0165AA_AS
RAL_AA0177AA	Race 3, Biovar 1	SRR21541289;ILLUMINA;Paired;;SRX17543652;SRA	Environment	Plant	Solanum dulcamara	1996				Europe	United Kingdom	England		Birmingham		52.4897433	-1.8540988	University of York	Ralstonia solanacearum					PRJNA823737	SRP367713	SAMN30822007	SRS15090882	2024-11-08	2022-09-23	RAL_AA0177AA	Assembled	78.1	5.2	101879	5254875	Ralstonia solanacearum;100.0%	136	891	RAL_AA0166AA_AS
RAL_AA0179AA	Race 3, Biovar 1	SRR21541291;ILLUMINA;Paired;;SRX17543650;SRA	Environment	Plant	Solanum dulcamara	1996				Europe	United Kingdom	England		Birmingham		52.4897433	-1.8540988	University of York	Ralstonia solanacearum					PRJNA823737	SRP367713	SAMN30822005	SRS15090879	2024-11-08	2022-09-23	RAL_AA0179AA	Assembled	90.7	5.2	101855	5254838	Ralstonia solanacearum;100.0%	135	530	RAL_AA0343AA_AS
RAL_AA0180AA	Race 3, Biovar 1	SRR21541292;ILLUMINA;Paired;;SRX17543649;SRA	Environment	Plant	Solanum dulcamara	1996				Europe	United Kingdom	England		Birmingham		52.4897433	-1.8540988	University of York	Ralstonia solanacearum					PRJNA823737	SRP367713	SAMN30822004	SRS15090878	2024-11-08	2022-09-23	RAL_AA0180AA	Assembled	87.3	5.2	101497	5255431	Ralstonia solanacearum;100.0%	142	970	RAL_AA0169AA_AS
RAL_AA0182AA	Race 3, Biovar 1	SRR21541294;ILLUMINA;Paired;;SRX17543647;SRA	Environment	Plant	Solanum dulcamara	1996				Europe	United Kingdom	England		Birmingham		52.4897433	-1.8540988	University of York	Ralstonia solanacearum					PRJNA823737	SRP367713	SAMN30822002	SRS15090876	2024-11-08	2022-09-23	RAL_AA0182AA	Assembled	96.9	5.2	101836	5266128	Ralstonia solanacearum;99.43%	138	1338	RAL_AA0171AA_AS
RAL_AA0183AA	Race 3, Biovar 1	SRR21541295;ILLUMINA;Paired;;SRX17543646;SRA	Environment	Water/River	Water	2008				Europe	United Kingdom	England		Birmingham		52.4897433	-1.8540988	University of York	Ralstonia solanacearum					PRJNA823737	SRP367713	SAMN30822089	SRS15090875	2024-11-08	2022-09-23	RAL_AA0183AA	Assembled	50.9	5.2	101492	5255772	Ralstonia solanacearum;100.0%	142	1565	RAL_AA0172AA_AS
RAL_AA0184AA	Race 3, Biovar 1	SRR21541296;ILLUMINA;Paired;;SRX17543645;SRA	Environment	Plant	Solanum dulcamara	2008				Europe	United Kingdom	England		Birmingham		52.4897433	-1.8540988	University of York	Ralstonia solanacearum					PRJNA823737	SRP367713	SAMN30822088	SRS15090874	2024-11-08	2022-09-23	RAL_AA0184AA	Assembled	59	5.2	93222	5255872	Ralstonia solanacearum;100.0%	149	1950	RAL_AA0691AA_AS
RAL_AA0185AA	Race 3, Biovar 1	SRR21541297;ILLUMINA;Paired;;SRX17543644;SRA	Environment	Plant	Solanum dulcamara	2008				Europe	United Kingdom	England		Birmingham		52.4897433	-1.8540988	University of York	Ralstonia solanacearum					PRJNA823737	SRP367713	SAMN30822087	SRS15090873	2024-11-08	2022-09-23	RAL_AA0185AA	Assembled	54.1	5.2	100334	5255099	Ralstonia solanacearum;100.0%	149	1977	RAL_AA0174AA_AS
RAL_AA0186AA	Race 3, Biovar 1	SRR21541298;ILLUMINA;Paired;;SRX17543643;SRA	Environment	Plant	Solanum dulcamara	2008				Europe	United Kingdom	England		Birmingham		52.4897433	-1.8540988	University of York	Ralstonia solanacearum					PRJNA823737	SRP367713	SAMN30822086	SRS15090872	2024-11-08	2022-09-23	RAL_AA0186AA	Assembled	54.3	5.2	100334	5255402	Ralstonia solanacearum;100.0%	142	1857	RAL_AA0345AA_AS
RAL_AA0187AA	Race 3, Biovar 1	SRR21541299;ILLUMINA;Paired;;SRX17543642;SRA	Environment	Water/River	Water	2008				Europe	United Kingdom	England		Birmingham		52.4897433	-1.8540988	University of York	Ralstonia solanacearum					PRJNA823737	SRP367713	SAMN30822085	SRS15090871	2024-11-08	2022-09-23	RAL_AA0187AA	Assembled	59.1	5.2	101494	5255515	Ralstonia solanacearum;100.0%	141	1096	RAL_AA0176AA_AS
RAL_AA0188AA	Race 3, Biovar 1	SRR21541300;ILLUMINA;Paired;;SRX17543641;SRA	Environment	Water/River	Water	2007				Europe	United Kingdom	England		Birmingham		52.4897433	-1.8540988	University of York	Ralstonia solanacearum					PRJNA823737	SRP367713	SAMN30822083	SRS15090870	2024-11-08	2022-09-23	RAL_AA0188AA	Assembled	52.6	5.2	110340	5245979	Ralstonia solanacearum;100.0%	138	2055	RAL_AA0177AA_AS
RAL_AA0189AA	R578	SRR21541301;OXFORD_NANOPORE;Single;;SRX17543640;SRA,SRR18649490;ILLUMINA;Paired;;SRX14752649;SRA	Environment	Plant	Eggplant	1987				South America	Peru							University of York	Ralstonia solanacearum					PRJNA823737	SRP367713	SAMN27356606	SRS12514049	2024-11-08	2022-09-23	RAL_AA0189AA	Assembled	61	5.2	229355	5608400	Ralstonia solanacearum;100.0%	58	2296	RAL_AA0346AA_AS
RAL_AA0190AA	Race 3, Biovar 1	SRR21541302;ILLUMINA;Paired;;SRX17543639;SRA	Environment	Water/River	Water	2007				Europe	United Kingdom	England		Birmingham		52.4897433	-1.8540988	University of York	Ralstonia solanacearum					PRJNA823737	SRP367713	SAMN30822082	SRS15090869	2024-11-08	2022-09-23	RAL_AA0190AA	Assembled	50.6	5.2	100334	5254777	Ralstonia solanacearum;100.0%	142	1673	RAL_AA0179AA_AS
RAL_AA0191AA	Race 3, Biovar 1	SRR21541303;ILLUMINA;Paired;;SRX17543638;SRA	Environment	Water/River	Water	2007				Europe	United Kingdom	England		Birmingham		52.4897433	-1.8540988	University of York	Ralstonia solanacearum					PRJNA823737	SRP367713	SAMN30822081	SRS15090868	2024-11-08	2022-09-23	RAL_AA0191AA	Assembled	45.5	5.2	100334	5254980	Ralstonia solanacearum;100.0%	140	2155	RAL_AA0347AA_AS
RAL_AA0192AA	Race 3, Biovar 1	SRR21541304;ILLUMINA;Paired;;SRX17543637;SRA	Environment	Water/River	Water	2007				Europe	United Kingdom	England		Birmingham		52.4897433	-1.8540988	University of York	Ralstonia solanacearum					PRJNA823737	SRP367713	SAMN30822080	SRS15090867	2024-11-08	2022-09-23	RAL_AA0192AA	Assembled	56.1	5.2	93222	5327231	Ralstonia solanacearum;98.45%	151	5970	RAL_AA0181AA_AS
RAL_AA0193AA	Race 3, Biovar 1	SRR21541305;ILLUMINA;Paired;;SRX17543636;SRA	Environment	Water/River	Water	2007				Europe	United Kingdom	England		Birmingham		52.4897433	-1.8540988	University of York	Ralstonia solanacearum					PRJNA823737	SRP367713	SAMN30822079	SRS15090866	2024-11-08	2022-09-23	RAL_AA0193AA	Assembled	48.1	5.2	101814	5253697	Ralstonia solanacearum;100.0%	136	1545	RAL_AA0692AA_AS
RAL_AA0194AA	Race 3, Biovar 1	SRR21541306;ILLUMINA;Paired;;SRX17543635;SRA	Environment	Water/River	Water	2007				Europe	United Kingdom	England		Birmingham		52.4897433	-1.8540988	University of York	Ralstonia solanacearum					PRJNA823737	SRP367713	SAMN30822078	SRS15090864	2024-11-08	2022-09-23	RAL_AA0194AA	Assembled	60	5.2	96972	5246472	Ralstonia solanacearum;100.0%	142	1920	RAL_AA0693AA_AS
RAL_AA0195AA	Race 3, Biovar 1	SRR21541307;ILLUMINA;Paired;;SRX17543634;SRA	Environment	Water/River	Water	2007				Europe	United Kingdom	England		Birmingham		52.4897433	-1.8540988	University of York	Ralstonia solanacearum					PRJNA823737	SRP367713	SAMN30822077	SRS15090865	2024-11-08	2022-09-23	RAL_AA0195AA	Assembled	46.1	5.2	100334	5247620	Ralstonia solanacearum;100.0%	138	2816	RAL_AA0184AA_AS
RAL_AA0196AA	Race 3, Biovar 1	SRR21541308;ILLUMINA;Paired;;SRX17543633;SRA	Environment	Water/River	Water	2007				Europe	United Kingdom	England		Birmingham		52.4897433	-1.8540988	University of York	Ralstonia solanacearum					PRJNA823737	SRP367713	SAMN30822076	SRS15090863	2024-11-08	2022-09-23	RAL_AA0196AA	Assembled	63.3	5.2	97307	5246576	Ralstonia solanacearum;100.0%	141	1431	RAL_AA0185AA_AS
RAL_AA0197AA	Race 3, Biovar 1	SRR21541309;ILLUMINA;Paired;;SRX17543632;SRA	Environment	Water/River	Water	2006				Europe	United Kingdom	England		Birmingham		52.4897433	-1.8540988	University of York	Ralstonia solanacearum					PRJNA823737	SRP367713	SAMN30822075	SRS15090862	2024-11-08	2022-09-23	RAL_AA0197AA	Assembled	62.8	5.2	101938	5256103	Ralstonia solanacearum;100.0%	136	1059	RAL_AA0694AA_AS
RAL_AA0198AA	Race 3, Biovar 1	SRR21541310;ILLUMINA;Paired;;SRX17543631;SRA	Environment	Water/River	Water	2006				Europe	United Kingdom	England		Birmingham		52.4897433	-1.8540988	University of York	Ralstonia solanacearum					PRJNA823737	SRP367713	SAMN30822074	SRS15090861	2024-11-08	2022-09-23	RAL_AA0198AA	Assembled	63.7	5.2	99672	5256613	Ralstonia solanacearum;100.0%	145	1756	RAL_AA0695AA_AS
RAL_AA0199AA	Race 3, Biovar 1	SRR21541311;ILLUMINA;Paired;;SRX17543630;SRA	Environment	Water/River	Water	2006				Europe	United Kingdom	England		Birmingham		52.4897433	-1.8540988	University of York	Ralstonia solanacearum					PRJNA823737	SRP367713	SAMN30822073	SRS15090860	2024-11-08	2022-09-23	RAL_AA0199AA	Assembled	48.6	5.2	101497	5254667	Ralstonia solanacearum;100.0%	136	2011	RAL_AA0188AA_AS
RAL_AA0200AA	YO143	SRR21541312;OXFORD_NANOPORE;Single;;SRX17543629;SRA,SRR18649500;ILLUMINA;Paired;;SRX14752639;SRA	Environment	Plant	Potato	1982				Europe	Netherlands	North Holland		Amsterdam		52.3676444	4.8944657	University of York	Ralstonia solanacearum					PRJNA823737	SRP367713	SAMN27356597	SRS12514037	2024-11-08	2022-09-23	RAL_AA0200AA	Assembled	50.1	5.2	101967	5252834	Ralstonia solanacearum;100.0%	132	1703	RAL_AA0696AA_AS
RAL_AA0201AA	Race 3, Biovar 1	SRR21541313;ILLUMINA;Paired;;SRX17543628;SRA	Environment	Water/River	Water	2006				Europe	United Kingdom	England		Birmingham		52.4897433	-1.8540988	University of York	Ralstonia solanacearum					PRJNA823737	SRP367713	SAMN30822072	SRS15090859	2024-11-08	2022-09-23	RAL_AA0201AA	Assembled	64.1	5.2	100334	5255815	Ralstonia solanacearum;100.0%	142	1636	RAL_AA0697AA_AS
RAL_AA0202AA	Race 3, Biovar 1	SRR21541314;ILLUMINA;Paired;;SRX17543627;SRA	Environment	Water/River	Water	2006				Europe	United Kingdom	England		Birmingham		52.4897433	-1.8540988	University of York	Ralstonia solanacearum					PRJNA823737	SRP367713	SAMN30822071	SRS15090858	2024-11-08	2022-09-23	RAL_AA0202AA	Assembled	54.8	5.2	110340	5254369	Ralstonia solanacearum;100.0%	133	1401	RAL_AA0190AA_AS
RAL_AA0203AA	Race 3, Biovar 1	SRR21541315;ILLUMINA;Paired;;SRX17543626;SRA	Environment	Water/River	Water	2006				Europe	United Kingdom	England		Birmingham		52.4897433	-1.8540988	University of York	Ralstonia solanacearum					PRJNA823737	SRP367713	SAMN30822070	SRS15090857	2024-11-08	2022-09-23	RAL_AA0203AA	Assembled	49.5	5.2	101497	5254171	Ralstonia solanacearum;100.0%	142	2641	RAL_AA0354AA_AS
RAL_AA0204AA	Race 3, Biovar 1	SRR21541316;ILLUMINA;Paired;;SRX17543625;SRA	Environment	Water/River	Water	2006				Europe	United Kingdom	England		Birmingham		52.4897433	-1.8540988	University of York	Ralstonia solanacearum					PRJNA823737	SRP367713	SAMN30822069	SRS15090856	2024-11-08	2022-09-23	RAL_AA0204AA	Assembled	58.6	5.2	93212	5254114	Ralstonia solanacearum;100.0%	146	2312	RAL_AA0698AA_AS
RAL_AA0205AA	Race 3, Biovar 1	SRR21541317;ILLUMINA;Paired;;SRX17543624;SRA	Environment	Water/River	Water	2006				Europe	United Kingdom	England		Birmingham		52.4897433	-1.8540988	University of York	Ralstonia solanacearum					PRJNA823737	SRP367713	SAMN30822068	SRS15090854	2024-11-08	2022-09-23	RAL_AA0205AA	Assembled	59	5.2	83702	5254552	Ralstonia solanacearum;100.0%	155	3070	RAL_AA0356AA_AS
RAL_AA0206AA	Race 3, Biovar 1	SRR21541318;ILLUMINA;Paired;;SRX17543623;SRA	Environment	Water/River	Water	2006				Europe	United Kingdom	England		Birmingham		52.4897433	-1.8540988	University of York	Ralstonia solanacearum					PRJNA823737	SRP367713	SAMN30822067	SRS15090855	2024-11-08	2022-09-23	RAL_AA0206AA	Assembled	62.1	5.2	101495	5255287	Ralstonia solanacearum;100.0%	139	1244	RAL_AA0194AA_AS
RAL_AA0207AA	Race 3, Biovar 1	SRR21541319;ILLUMINA;Paired;;SRX17543622;SRA	Environment	Plant	Solanum dulcamara	1996				Europe	United Kingdom	England		Birmingham		52.4897433	-1.8540988	University of York	Ralstonia solanacearum					PRJNA823737	SRP367713	SAMN30822001	SRS15090853	2024-11-08	2022-09-23	RAL_AA0207AA	Assembled	84.6	5.2	100334	5254403	Ralstonia solanacearum;100.0%	139	839	RAL_AA0195AA_AS
RAL_AA0208AA	Race 3, Biovar 1	SRR21541320;ILLUMINA;Paired;;SRX17543621;SRA	Environment	Water/River	Water	1995				Europe	United Kingdom	England		Birmingham		52.4897433	-1.8540988	University of York	Ralstonia solanacearum					PRJNA823737	SRP367713	SAMN30821999	SRS15090852	2024-11-08	2022-09-23	RAL_AA0208AA	Assembled	73.6	5.2	100334	5389121	Ralstonia solanacearum;96.79%	159	4810	RAL_AA0357AA_AS
RAL_AA0209AA	Race 3, Biovar 1	SRR21541321;ILLUMINA;Paired;;SRX17543620;SRA	Environment	Plant	Solanum dulcamara	1995				Europe	United Kingdom	England		Birmingham		52.4897433	-1.8540988	University of York	Ralstonia solanacearum					PRJNA823737	SRP367713	SAMN30821998	SRS15090851	2024-11-08	2022-09-23	RAL_AA0209AA	Assembled	59.9	5.2	101494	5254847	Ralstonia solanacearum;100.0%	139	1539	RAL_AA0699AA_AS
RAL_AA0210AA	YO097	SRR18649450;ILLUMINA;Paired;;SRX14752689;SRA,SRR21541322;OXFORD_NANOPORE;Single;;SRX17543619;SRA	Environment	Plant	Potato	1962				Asia	India	Ladakh	Leh	Leh		34.1707445	77.5775835	University of York	Ralstonia solanacearum					PRJNA823737	SRP367713	SAMN27356554	SRS12514086	2024-11-08	2022-09-23	RAL_AA0210AA	Assembled	75.5	5.2	110631	5272170	Ralstonia solanacearum;100.0%	138	996	RAL_AA0700AA_AS
RAL_AA0211AA	Race 3, Biovar 1	SRR21541323;ILLUMINA;Paired;;SRX17543618;SRA	Environment	Water/River	Water	1995				Europe	United Kingdom	England		Birmingham		52.4897433	-1.8540988	University of York	Ralstonia solanacearum					PRJNA823737	SRP367713	SAMN30821997	SRS15090850	2024-11-08	2022-09-23	RAL_AA0211AA	Assembled	86.8	5.2	101497	5255089	Ralstonia solanacearum;100.0%	139	781	RAL_AA0199AA_AS
RAL_AA0212AA	Race 3, Biovar 1	SRR21541324;ILLUMINA;Paired;;SRX17543617;SRA	Environment	Water/River	Water	1995				Europe	United Kingdom	England		Birmingham		52.4897433	-1.8540988	University of York	Ralstonia solanacearum					PRJNA823737	SRP367713	SAMN30821996	SRS15090849	2024-11-08	2022-09-23	RAL_AA0212AA	Assembled	90.4	5.2	101836	5255558	Ralstonia solanacearum;100.0%	139	1102	RAL_AA0360AA_AS
RAL_AA0213AA	Race 3, Biovar 1	SRR21541325;ILLUMINA;Paired;;SRX17543616;SRA	Environment	Water/River	Water	1995				Europe	United Kingdom	England		Birmingham		52.4897433	-1.8540988	University of York	Ralstonia solanacearum					PRJNA823737	SRP367713	SAMN30821995	SRS15090848	2024-11-08	2022-09-23	RAL_AA0213AA	Assembled	72.6	5.2	101497	5458275	Ralstonia solanacearum;96.98%	145	5351	RAL_AA0201AA_AS
RAL_AA0214AA	Race 3, Biovar 1	SRR21541326;ILLUMINA;Paired;;SRX17543615;SRA	Environment	Water/River	Water	1995				Europe	United Kingdom	England		Birmingham		52.4897433	-1.8540988	University of York	Ralstonia solanacearum					PRJNA823737	SRP367713	SAMN30821994	SRS15090847	2024-11-08	2022-09-23	RAL_AA0214AA	Assembled	88	5.2	110342	5253264	Ralstonia solanacearum;99.62%	135	393	RAL_AA0361AA_AS
RAL_AA0216AA	Race 3, Biovar 1	SRR21541328;ILLUMINA;Paired;;SRX17543613;SRA	Environment	Water/River	Water	1995				Europe	United Kingdom	England		Birmingham		52.4897433	-1.8540988	University of York	Ralstonia solanacearum					PRJNA823737	SRP367713	SAMN30821992	SRS15090845	2024-11-08	2022-09-23	RAL_AA0216AA	Assembled	90.7	5.2	101337	5255829	Ralstonia solanacearum;100.0%	141	1207	RAL_AA0362AA_AS
RAL_AA0217AA	Race 3, Biovar 1	SRR21541329;ILLUMINA;Paired;;SRX17543612;SRA	Environment	Water/River	Water	1995				Europe	United Kingdom	England		Birmingham		52.4897433	-1.8540988	University of York	Ralstonia solanacearum					PRJNA823737	SRP367713	SAMN30821991	SRS15090844	2024-11-08	2022-09-23	RAL_AA0217AA	Assembled	80.1	5.2	100334	5255288	Ralstonia solanacearum;100.0%	144	1055	RAL_AA0205AA_AS
RAL_AA0218AA	Race 3, Biovar 1	SRR21541330;ILLUMINA;Paired;;SRX17543611;SRA	Environment	Water/River	Water	1995				Europe	United Kingdom	England		Birmingham		52.4897433	-1.8540988	University of York	Ralstonia solanacearum					PRJNA823737	SRP367713	SAMN30821990	SRS15090843	2024-11-08	2022-09-23	RAL_AA0218AA	Assembled	84.3	5.2	101836	5255107	Ralstonia solanacearum;100.0%	141	844	RAL_AA0701AA_AS
RAL_AA0219AA	Race 3, Biovar 1	SRR21541331;ILLUMINA;Paired;;SRX17543610;SRA	Environment	Plant	Solanum dulcamara	1994				Europe	United Kingdom	England		Birmingham		52.4897433	-1.8540988	University of York	Ralstonia solanacearum					PRJNA823737	SRP367713	SAMN30821989	SRS15090842	2024-11-08	2022-09-23	RAL_AA0219AA	Assembled	90.8	5.2	110339	5255242	Ralstonia solanacearum;100.0%	135	582	RAL_AA0207AA_AS
RAL_AA0220AA	Race 3, Biovar 1	SRR21541332;ILLUMINA;Paired;;SRX17543609;SRA	Environment	Plant	Solanum dulcamara	1994				Europe	United Kingdom	England		Birmingham		52.4897433	-1.8540988	University of York	Ralstonia solanacearum					PRJNA823737	SRP367713	SAMN30821988	SRS15090841	2024-11-08	2022-09-23	RAL_AA0220AA	Assembled	97.5	5.2	101497	5255221	Ralstonia solanacearum;100.0%	136	631	RAL_AA0702AA_AS
RAL_AA0222AA	Race 3, Biovar 1	SRR21541334;ILLUMINA;Paired;;SRX17543607;SRA	Environment	Plant	Solanum dulcamara	1994				Europe	United Kingdom	England		Birmingham		52.4897433	-1.8540988	University of York	Ralstonia solanacearum					PRJNA823737	SRP367713	SAMN30821987	SRS15090839	2024-11-08	2022-09-23	RAL_AA0222AA	Assembled	72.6	5.2	101495	5254762	Ralstonia solanacearum;100.0%	141	1290	RAL_AA0209AA_AS
RAL_AA0223AA	Race 3, Biovar 1	SRR21541335;ILLUMINA;Paired;;SRX17543606;SRA	Environment	Plant	Solanum dulcamara	1994				Europe	United Kingdom	England		Birmingham		52.4897433	-1.8540988	University of York	Ralstonia solanacearum					PRJNA823737	SRP367713	SAMN30821986	SRS15090838	2024-11-08	2022-09-23	RAL_AA0223AA	Assembled	96.1	5.2	110340	5255233	Ralstonia solanacearum;100.0%	136	707	RAL_AA0210AA_AS
RAL_AA0224AA	Race 3, Biovar 1	SRR21541336;ILLUMINA;Paired;;SRX17543605;SRA	Environment	Plant	Solanum dulcamara	1994				Europe	United Kingdom	England		Birmingham		52.4897433	-1.8540988	University of York	Ralstonia solanacearum					PRJNA823737	SRP367713	SAMN30821985	SRS15090837	2024-11-08	2022-09-23	RAL_AA0224AA	Assembled	93.3	5.2	101836	5255913	Ralstonia solanacearum;100.0%	140	363	RAL_AA0703AA_AS
RAL_AA0225AA	Race 3, Biovar 1	SRR21541337;ILLUMINA;Paired;;SRX17543604;SRA	Environment	Plant	Solanum dulcamara	1994				Europe	United Kingdom	England		Birmingham		52.4897433	-1.8540988	University of York	Ralstonia solanacearum					PRJNA823737	SRP367713	SAMN30821984	SRS15090836	2024-11-08	2022-09-23	RAL_AA0225AA	Assembled	90	5.2	101494	5256337	Ralstonia solanacearum;100.0%	144	1097	RAL_AA0212AA_AS
RAL_AA0226AA	Race 3, Biovar 1	SRR21541338;ILLUMINA;Paired;;SRX17543603;SRA	Environment	Plant	Solanum dulcamara	1994				Europe	United Kingdom	England		Birmingham		52.4897433	-1.8540988	University of York	Ralstonia solanacearum					PRJNA823737	SRP367713	SAMN30821983	SRS15090835	2024-11-08	2022-09-23	RAL_AA0226AA	Assembled	74.6	5.2	101492	5256186	Ralstonia solanacearum;100.0%	143	1091	RAL_AA0213AA_AS
RAL_AA0227AA	Race 3, Biovar 1	SRR21541339;ILLUMINA;Paired;;SRX17543602;SRA	Environment	Plant	Solanum dulcamara	1994				Europe	United Kingdom	England		Birmingham		52.4897433	-1.8540988	University of York	Ralstonia solanacearum					PRJNA823737	SRP367713	SAMN30821982	SRS15090834	2024-11-08	2022-09-23	RAL_AA0227AA	Assembled	83.1	5.2	100334	5256974	Ralstonia solanacearum;100.0%	147	890	RAL_AA0704AA_AS
RAL_AA0228AA	Race 3, Biovar 1	SRR21541340;ILLUMINA;Paired;;SRX17543601;SRA	Environment	Plant	Solanum dulcamara	1994				Europe	United Kingdom	England		Birmingham		52.4897433	-1.8540988	University of York	Ralstonia solanacearum					PRJNA823737	SRP367713	SAMN30821981	SRS15090833	2024-11-08	2022-09-23	RAL_AA0228AA	Assembled	99.5	5.2	101494	5229686	Ralstonia solanacearum;100.0%	137	806	RAL_AA0705AA_AS
RAL_AA0229AA	Race 3, Biovar 1	SRR21541341;ILLUMINA;Paired;;SRX17543600;SRA	Environment	Plant	Solanum dulcamara	1994				Europe	United Kingdom	England		Birmingham		52.4897433	-1.8540988	University of York	Ralstonia solanacearum					PRJNA823737	SRP367713	SAMN30821980	SRS15090832	2024-11-08	2022-09-23	RAL_AA0229AA	Assembled	95.4	5.2	101492	5256433	Ralstonia solanacearum;100.0%	143	611	RAL_AA0706AA_AS
RAL_AA0230AA	Race 3, Biovar 1	SRR21541342;ILLUMINA;Paired;;SRX17543599;SRA	Environment	Plant	Solanum dulcamara	1994				Europe	United Kingdom	England		Birmingham		52.4897433	-1.8540988	University of York	Ralstonia solanacearum					PRJNA823737	SRP367713	SAMN30821979	SRS15090831	2024-11-08	2022-09-23	RAL_AA0230AA	Assembled	94.1	5.2	100334	5255552	Ralstonia solanacearum;100.0%	145	1093	RAL_AA0369AA_AS
RAL_AA0231AA	Race 3, Biovar 1	SRR21541343;ILLUMINA;Paired;;SRX17543598;SRA	Environment	Plant	Solanum dulcamara	1993				Europe	United Kingdom	England		Birmingham		52.4897433	-1.8540988	University of York	Ralstonia solanacearum					PRJNA823737	SRP367713	SAMN30821957	SRS15090830	2024-11-08	2022-09-23	RAL_AA0231AA	Assembled	83	5.2	101836	5256156	Ralstonia solanacearum;100.0%	141	982	RAL_AA0370AA_AS
RAL_AA0232AA	Race 3, Biovar 1	SRR21541344;ILLUMINA;Paired;;SRX17543597;SRA	Environment	Plant	Solanum dulcamara	1993				Europe	United Kingdom	England		Birmingham		52.4897433	-1.8540988	University of York	Ralstonia solanacearum					PRJNA823737	SRP367713	SAMN30821956	SRS15090829	2024-11-08	2022-09-23	RAL_AA0232AA	Assembled	84.7	5.2	100334	5229625	Ralstonia solanacearum;100.0%	144	1042	RAL_AA0219AA_AS
RAL_AA0233AA	Race 3, Biovar 1	SRR21541345;ILLUMINA;Paired;;SRX17543596;SRA	Environment	Plant	Solanum dulcamara	1993				Europe	United Kingdom	England		Birmingham		52.4897433	-1.8540988	University of York	Ralstonia solanacearum					PRJNA823737	SRP367713	SAMN30821955	SRS15090828	2024-11-08	2022-09-23	RAL_AA0233AA	Assembled	75.7	5.2	93221	5271350	Ralstonia solanacearum;99.61%	148	1780	RAL_AA0220AA_AS
RAL_AA0234AA	Race 3, Biovar 1	SRR21541346;ILLUMINA;Paired;;SRX17543595;SRA	Environment	Plant	Solanum dulcamara	1993				Europe	United Kingdom	England		Birmingham		52.4897433	-1.8540988	University of York	Ralstonia solanacearum					PRJNA823737	SRP367713	SAMN30821954	SRS15090826	2024-11-08	2022-09-23	RAL_AA0234AA	Assembled	92.5	5.2	101492	5256547	Ralstonia solanacearum;100.0%	142	1077	RAL_AA0371AA_AS
RAL_AA0235AA	Race 3, Biovar 1	SRR21541347;ILLUMINA;Paired;;SRX17543594;SRA	Environment	Plant	Solanum dulcamara	1993				Europe	United Kingdom	England		Birmingham		52.4897433	-1.8540988	University of York	Ralstonia solanacearum					PRJNA823737	SRP367713	SAMN30821953	SRS15090827	2024-11-08	2022-09-23	RAL_AA0235AA	Assembled	94.2	5.2	101492	5239346	Ralstonia solanacearum;100.0%	142	714	RAL_AA0372AA_AS
RAL_AA0236AA	Race 3, Biovar 1	SRR21541348;ILLUMINA;Paired;;SRX17543593;SRA	Environment	Plant	Solanum dulcamara	1993				Europe	United Kingdom	England		Birmingham		52.4897433	-1.8540988	University of York	Ralstonia solanacearum					PRJNA823737	SRP367713	SAMN30821952	SRS15090825	2024-11-08	2022-09-23	RAL_AA0236AA	Assembled	75.4	5.2	110339	5255051	Ralstonia solanacearum;100.0%	141	926	RAL_AA0223AA_AS
RAL_AA0237AA	Race 3, Biovar 1	SRR21541349;ILLUMINA;Paired;;SRX17543592;SRA	Environment	Plant	Solanum dulcamara	1993				Europe	United Kingdom	England		Birmingham		52.4897433	-1.8540988	University of York	Ralstonia solanacearum					PRJNA823737	SRP367713	SAMN30821951	SRS15090824	2024-11-08	2022-09-23	RAL_AA0237AA	Assembled	87.3	5.2	100333	5256285	Ralstonia solanacearum;100.0%	147	1163	RAL_AA0707AA_AS
RAL_AA0239AA	Race 3, Biovar 1	SRR21541351;ILLUMINA;Paired;;SRX17543590;SRA	Environment	Plant	Solanum dulcamara	1993				Europe	United Kingdom	England		Birmingham		52.4897433	-1.8540988	University of York	Ralstonia solanacearum					PRJNA823737	SRP367713	SAMN30821949	SRS15090822	2024-11-08	2022-09-23	RAL_AA0239AA	Assembled	82.7	5.2	100333	5256830	Ralstonia solanacearum;100.0%	144	1223	RAL_AA0226AA_AS
RAL_AA0240AA	Race 3, Biovar 1	SRR21541352;ILLUMINA;Paired;;SRX17543589;SRA	Environment	Plant	Solanum dulcamara	1993				Europe	United Kingdom	England		Birmingham		52.4897433	-1.8540988	University of York	Ralstonia solanacearum					PRJNA823737	SRP367713	SAMN30821948	SRS15090821	2024-11-08	2022-09-23	RAL_AA0240AA	Assembled	88.6	5.2	110342	5255892	Ralstonia solanacearum;100.0%	138	701	RAL_AA0374AA_AS
RAL_AA0241AA	YO034	SRR18649506;ILLUMINA;Paired;;SRX14752633;SRA,SRR21541353;OXFORD_NANOPORE;Single;;SRX17543588;SRA	Environment	Plant	Heliconia sp.	1958				North America	Costa Rica							University of York	Ralstonia solanacearum					PRJNA823737	SRP367713	SAMN27356503	SRS12514034	2024-11-08	2022-09-23	RAL_AA0241AA	Assembled	57.6	5.2	112137	5722896	Ralstonia solanacearum;99.82%	136	4747	RAL_AA0375AA_AS
RAL_AA0242AA	Race 3, Biovar 1	SRR21541354;ILLUMINA;Paired;;SRX17543587;SRA	Environment	Plant	Solanum dulcamara	1993				Europe	United Kingdom	England		Birmingham		52.4897433	-1.8540988	University of York	Ralstonia solanacearum					PRJNA823737	SRP367713	SAMN30821947	SRS15090820	2024-11-08	2022-09-23	RAL_AA0242AA	Assembled	84.4	5.2	101494	5245068	Ralstonia solanacearum;100.0%	144	1278	RAL_AA0237AA_AS
RAL_AA0243AA	Race 3, Biovar 1	SRR21541355;ILLUMINA;Paired;;SRX17543586;SRA	Environment	Plant	Solanum dulcamara	1993				Europe	United Kingdom	England		Birmingham		52.4897433	-1.8540988	University of York	Ralstonia solanacearum					PRJNA823737	SRP367713	SAMN30821946	SRS15090819	2024-11-08	2022-09-23	RAL_AA0243AA	Assembled	78.6	5.2	93218	5270642	Ralstonia solanacearum;99.43%	149	3208	RAL_AA0238AA_AS
RAL_AA0244AA	Race 3, Biovar 1	SRR21541356;ILLUMINA;Paired;;SRX17543585;SRA	Environment	Plant	Potato	1992				Europe	United Kingdom	England		Birmingham		52.4897433	-1.8540988	University of York	Ralstonia solanacearum					PRJNA823737	SRP367713	SAMN30821945	SRS15090818	2024-11-08	2022-09-23	RAL_AA0244AA	Assembled	68.8	5.2	101497	5246785	Ralstonia solanacearum;100.0%	140	1440	RAL_AA0376AA_AS
RAL_AA0245AA	Race 3, Biovar 1	SRR21541357;ILLUMINA;Paired;;SRX17543584;SRA	Environment	Plant	Potato	1992				Europe	United Kingdom	England		Birmingham		52.4897433	-1.8540988	University of York	Ralstonia solanacearum					PRJNA823737	SRP367713	SAMN30821944	SRS15090817	2024-11-08	2022-09-23	RAL_AA0245AA	Assembled	50.6	5.2	101847	5253944	Ralstonia solanacearum;100.0%	138	1932	RAL_AA0240AA_AS
RAL_AA0246AA	Race 3, Biovar 1	SRR21541358;ILLUMINA;Paired;;SRX17543583;SRA	Environment	Plant	Potato	1992				Europe	United Kingdom	England		Birmingham		52.4897433	-1.8540988	University of York	Ralstonia solanacearum					PRJNA823737	SRP367713	SAMN30821943	SRS15090816	2024-11-08	2022-09-23	RAL_AA0246AA	Assembled	63.5	5.2	101909	5256321	Ralstonia solanacearum;100.0%	139	1055	RAL_AA0241AA_AS
RAL_AA0247AA	Race 3, Biovar 1	SRR21541359;ILLUMINA;Paired;;SRX17543582;SRA	Environment	Plant	Potato	1992				Europe	United Kingdom	England		Birmingham		52.4897433	-1.8540988	University of York	Ralstonia solanacearum					PRJNA823737	SRP367713	SAMN30821942	SRS15090814	2024-11-08	2022-09-23	RAL_AA0247AA	Assembled	59.5	5.2	110342	5255937	Ralstonia solanacearum;100.0%	135	1326	RAL_AA0242AA_AS
RAL_AA0248AA	Race 3, Biovar 1	SRR21541360;ILLUMINA;Paired;;SRX17543581;SRA	Environment	Plant	Potato	1992				Europe	United Kingdom	England		Birmingham		52.4897433	-1.8540988	University of York	Ralstonia solanacearum					PRJNA823737	SRP367713	SAMN30821941	SRS15090815	2024-11-08	2022-09-23	RAL_AA0248AA	Assembled	60.9	5.2	84065	5291991	Ralstonia solanacearum;98.28%	162	11481	RAL_AA0243AA_AS
RAL_AA0249AA	Race 3, Biovar 1	SRR21541361;ILLUMINA;Paired;;SRX17543580;SRA	Environment	Plant	Potato	1992				Europe	United Kingdom	England		Birmingham		52.4897433	-1.8540988	University of York	Ralstonia solanacearum					PRJNA823737	SRP367713	SAMN30821940	SRS15090813	2024-11-08	2022-09-23	RAL_AA0249AA	Assembled	61.3	5.2	101497	5261001	Ralstonia solanacearum;99.62%	140	1859	RAL_AA0708AA_AS
RAL_AA0250AA	Race 3, Biovar 1	SRR21541362;ILLUMINA;Paired;;SRX17543579;SRA	Environment	Plant	Potato	1992				Europe	United Kingdom	England		Birmingham		52.4897433	-1.8540988	University of York	Ralstonia solanacearum					PRJNA823737	SRP367713	SAMN30821939	SRS15090811	2024-11-08	2022-09-23	RAL_AA0250AA	Assembled	52.9	5.2	93222	5347242	Ralstonia solanacearum;98.66%	150	8569	RAL_AA0709AA_AS
RAL_AA0252AA	YO017	SRR18649536;ILLUMINA;Paired;;SRX14752603;SRA,SRR21541364;OXFORD_NANOPORE;Single;;SRX17543577;SRA	Environment	Plant	Potato	1991				South America	Brazil	Santa Catarina		Joinville				University of York	Ralstonia solanacearum					PRJNA823737	SRP367713	SAMN27356486	SRS12514003	2024-11-08	2022-09-23	RAL_AA0252AA	Assembled	48.7	5.2	101314	5300718	Ralstonia solanacearum;100.0%	146	1851	RAL_AA0710AA_AS
RAL_AA0254AA	UW551	SRR18649526;ILLUMINA;Paired;;SRX14752613;SRA,SRR21541366;OXFORD_NANOPORE;Single;;SRX17543575;SRA	Environment	Plant	Pelargonium x hortorum	2003				North America	United States	Arkansas	Benton County	Siloam Springs		36.1976379	-94.5268499	University of York	Ralstonia solanacearum					PRJNA823737	SRP367713	SAMN27356657	SRS12514013	2024-11-08	2022-09-23	RAL_AA0254AA	Assembled	74.6	5.2	110339	5224758	Ralstonia solanacearum;100.0%	135	982	RAL_AA0711AA_AS
RAL_AA0255AA	Race 3, Biovar 1	SRR21541367;ILLUMINA;Paired;;SRX17543574;SRA	Environment	Plant	Solanum dulcamara	1994				Europe	United Kingdom	England		Birmingham		52.4897433	-1.8540988	University of York	Ralstonia solanacearum					PRJNA823737	SRP367713	SAMN30821978	SRS15090808	2024-11-08	2022-09-23	RAL_AA0255AA	Assembled	89.5	5.2	100334	5255456	Ralstonia solanacearum;100.0%	141	1036	RAL_AA0712AA_AS
RAL_AA0256AA	YO082	SRR21541368;OXFORD_NANOPORE;Single;;SRX17543573;SRA,SRR18649585;ILLUMINA;Paired;;SRX14752554;SRA	Environment	Plant	Nightshade	1978				Africa	Gambia	Kanifing Municipal Council		Serrekunda		13.4466623	-16.70859291952589	University of York	Ralstonia solanacearum					PRJNA823737	SRP367713	SAMN27356540	SRS12513955	2024-11-08	2022-09-23	RAL_AA0256AA	Assembled	71.4	5.2	112179	5423429	Ralstonia solanacearum;97.63%	200	4481	RAL_AA0382AA_AS
RAL_AA0257AA	Race 3, Biovar 1	SRR21541369;ILLUMINA;Paired;;SRX17543572;SRA	Environment	Plant	Solanum dulcamara	1994				Europe	United Kingdom	England		Birmingham		52.4897433	-1.8540988	University of York	Ralstonia solanacearum					PRJNA823737	SRP367713	SAMN30821977	SRS15090809	2024-11-08	2022-09-23	RAL_AA0257AA	Assembled	87	5.2	100334	5256368	Ralstonia solanacearum;100.0%	142	594	RAL_AA0713AA_AS
RAL_AA0258AA	Race 3, Biovar 1	SRR21541370;ILLUMINA;Paired;;SRX17543571;SRA	Environment	Plant	Solanum dulcamara	1994				Europe	United Kingdom	England		Birmingham		52.4897433	-1.8540988	University of York	Ralstonia solanacearum					PRJNA823737	SRP367713	SAMN30821976	SRS15090807	2024-11-08	2022-09-23	RAL_AA0258AA	Assembled	87.7	5.2	100334	5230225	Ralstonia solanacearum;100.0%	146	1033	RAL_AA0714AA_AS
RAL_AA0259AA	Race 3, Biovar 1	SRR21541371;ILLUMINA;Paired;;SRX17543570;SRA	Environment	Plant	Solanum dulcamara	1994				Europe	United Kingdom	England		Birmingham		52.4897433	-1.8540988	University of York	Ralstonia solanacearum					PRJNA823737	SRP367713	SAMN30821975	SRS15090805	2024-11-08	2022-09-23	RAL_AA0259AA	Assembled	71.3	5.2	110339	5255937	Ralstonia solanacearum;100.0%	136	828	RAL_AA0385AA_AS
RAL_AA0260AA	Race 3, Biovar 1	SRR21541372;ILLUMINA;Paired;;SRX17543569;SRA	Environment	Plant	Solanum dulcamara	1994				Europe	United Kingdom	England		Birmingham		52.4897433	-1.8540988	University of York	Ralstonia solanacearum					PRJNA823737	SRP367713	SAMN30821974	SRS15090806	2024-11-08	2022-09-23	RAL_AA0260AA	Assembled	88.6	5.2	100334	5230643	Ralstonia solanacearum;100.0%	146	1442	RAL_AA0386AA_AS
RAL_AA0261AA	Race 3, Biovar 1	SRR21541373;ILLUMINA;Paired;;SRX17543568;SRA	Environment	Plant	Solanum dulcamara	1994				Europe	United Kingdom	England		Birmingham		52.4897433	-1.8540988	University of York	Ralstonia solanacearum					PRJNA823737	SRP367713	SAMN30821973	SRS15090804	2024-11-08	2022-09-23	RAL_AA0261AA	Assembled	88	5.2	100334	5255491	Ralstonia solanacearum;100.0%	145	972	RAL_AA0387AA_AS
RAL_AA0262AA	Race 3, Biovar 1	SRR21541374;ILLUMINA;Paired;;SRX17543567;SRA	Environment	Plant	Solanum dulcamara	1994				Europe	United Kingdom	England		Birmingham		52.4897433	-1.8540988	University of York	Ralstonia solanacearum					PRJNA823737	SRP367713	SAMN30821972	SRS15090802	2024-11-08	2022-09-23	RAL_AA0262AA	Assembled	74.9	5.2	101494	5256502	Ralstonia solanacearum;100.0%	143	986	RAL_AA0388AA_AS
RAL_AA0263AA	Race 3, Biovar 1	SRR21541375;ILLUMINA;Paired;;SRX17543566;SRA	Environment	Plant	Solanum dulcamara	1994				Europe	United Kingdom	England		Birmingham		52.4897433	-1.8540988	University of York	Ralstonia solanacearum					PRJNA823737	SRP367713	SAMN30821971	SRS15090803	2024-11-08	2022-09-23	RAL_AA0263AA	Assembled	101	5.2	93221	5255706	Ralstonia solanacearum;100.0%	141	1146	RAL_AA0715AA_AS
RAL_AA0264AA	Race 3, Biovar 1	SRR21541376;ILLUMINA;Paired;;SRX17543565;SRA	Environment	Plant	Solanum dulcamara	1994				Europe	United Kingdom	England		Birmingham		52.4897433	-1.8540988	University of York	Ralstonia solanacearum					PRJNA823737	SRP367713	SAMN30821970	SRS15090801	2024-11-08	2022-09-23	RAL_AA0264AA	Assembled	97.4	5.2	101836	5237350	Ralstonia solanacearum;100.0%	135	765	RAL_AA0390AA_AS
RAL_AA0265AA	Race 3, Biovar 1	SRR21541377;ILLUMINA;Paired;;SRX17543564;SRA	Environment	Plant	Solanum dulcamara	1994				Europe	United Kingdom	England		Birmingham		52.4897433	-1.8540988	University of York	Ralstonia solanacearum					PRJNA823737	SRP367713	SAMN30821969	SRS15090799	2024-11-08	2022-09-23	RAL_AA0265AA	Assembled	91.2	5.2	101828	5246152	Ralstonia solanacearum;100.0%	138	808	RAL_AA0391AA_AS
RAL_AA0266AA	Race 3, Biovar 1	SRR21541378;ILLUMINA;Paired;;SRX17543563;SRA	Environment	Plant	Solanum dulcamara	1994				Europe	United Kingdom	England		Birmingham		52.4897433	-1.8540988	University of York	Ralstonia solanacearum					PRJNA823737	SRP367713	SAMN30821968	SRS15090800	2024-11-08	2022-09-23	RAL_AA0266AA	Assembled	80.5	5.2	101878	5255570	Ralstonia solanacearum;100.0%	134	985	RAL_AA0392AA_AS
RAL_AA0268AA	Race 3, Biovar 1	SRR21541380;ILLUMINA;Paired;;SRX17543561;SRA	Environment	Plant	Solanum dulcamara	1994				Europe	United Kingdom	England		Birmingham		52.4897433	-1.8540988	University of York	Ralstonia solanacearum					PRJNA823737	SRP367713	SAMN30821967	SRS15090797	2024-11-08	2022-09-23	RAL_AA0268AA	Assembled	88.5	5.2	110340	5255332	Ralstonia solanacearum;100.0%	137	603	RAL_AA0716AA_AS
RAL_AA0269AA	Race 3, Biovar 1	SRR21541381;ILLUMINA;Paired;;SRX17543560;SRA	Environment	Plant	Solanum dulcamara	1994				Europe	United Kingdom	England		Birmingham		52.4897433	-1.8540988	University of York	Ralstonia solanacearum					PRJNA823737	SRP367713	SAMN30821966	SRS15090796	2024-11-08	2022-09-23	RAL_AA0269AA	Assembled	74	5.2	101497	5304130	Ralstonia solanacearum;98.86%	143	2454	RAL_AA0717AA_AS
RAL_AA0270AA	Race 3, Biovar 1	SRR21541382;ILLUMINA;Paired;;SRX17543559;SRA	Environment	Plant	Solanum dulcamara	1994				Europe	United Kingdom	England		Birmingham		52.4897433	-1.8540988	University of York	Ralstonia solanacearum					PRJNA823737	SRP367713	SAMN30821965	SRS15090795	2024-11-08	2022-09-23	RAL_AA0270AA	Assembled	85.1	5.2	101497	5255216	Ralstonia solanacearum;100.0%	144	1145	RAL_AA0718AA_AS
RAL_AA0271AA	Race 3, Biovar 1	SRR21541383;ILLUMINA;Paired;;SRX17543558;SRA	Environment	Plant	Solanum dulcamara	1994				Europe	United Kingdom	England		Birmingham		52.4897433	-1.8540988	University of York	Ralstonia solanacearum					PRJNA823737	SRP367713	SAMN30821964	SRS15090794	2024-11-08	2022-09-23	RAL_AA0271AA	Assembled	105.2	5.2	110339	5255018	Ralstonia solanacearum;100.0%	137	650	RAL_AA0396AA_AS
RAL_AA0272AA	Race 3, Biovar 1	SRR21541384;ILLUMINA;Paired;;SRX17543557;SRA	Environment	Plant	Solanum dulcamara	1994				Europe	United Kingdom	England		Birmingham		52.4897433	-1.8540988	University of York	Ralstonia solanacearum					PRJNA823737	SRP367713	SAMN30821963	SRS15090793	2024-11-08	2022-09-23	RAL_AA0272AA	Assembled	105.7	5.2	100334	5255727	Ralstonia solanacearum;100.0%	141	450	RAL_AA0719AA_AS
RAL_AA0273AA	Race 3, Biovar 1	SRR21541385;ILLUMINA;Paired;;SRX17543556;SRA	Environment	Plant	Solanum dulcamara	1994				Europe	United Kingdom	England		Birmingham		52.4897433	-1.8540988	University of York	Ralstonia solanacearum					PRJNA823737	SRP367713	SAMN30821962	SRS15090792	2024-11-08	2022-09-23	RAL_AA0273AA	Assembled	86.4	5.2	101836	5254919	Ralstonia solanacearum;100.0%	135	698	RAL_AA0398AA_AS
RAL_AA0274AA	Race 3, Biovar 1	SRR21541386;ILLUMINA;Paired;;SRX17543555;SRA	Environment	Plant	Solanum dulcamara	1994				Europe	United Kingdom	England		Birmingham		52.4897433	-1.8540988	University of York	Ralstonia solanacearum					PRJNA823737	SRP367713	SAMN30821961	SRS15090791	2024-11-08	2022-09-23	RAL_AA0274AA	Assembled	75	5.2	110340	5255412	Ralstonia solanacearum;100.0%	136	618	RAL_AA0720AA_AS
RAL_AA0275AA	Race 3, Biovar 1	SRR21541387;ILLUMINA;Paired;;SRX17543554;SRA	Environment	Plant	Solanum dulcamara	1993				Europe	United Kingdom	England		Birmingham		52.4897433	-1.8540988	University of York	Ralstonia solanacearum					PRJNA823737	SRP367713	SAMN30821960	SRS15090790	2024-11-08	2022-09-23	RAL_AA0275AA	Assembled	63.5	5.2	100334	5255651	Ralstonia solanacearum;100.0%	150	2178	RAL_AA0721AA_AS
RAL_AA0276AA	Race 3, Biovar 1	SRR21541388;ILLUMINA;Paired;;SRX17543553;SRA	Environment	Plant	Solanum dulcamara	1993				Europe	United Kingdom	England		Birmingham		52.4897433	-1.8540988	University of York	Ralstonia solanacearum					PRJNA823737	SRP367713	SAMN30821959	SRS15090789	2024-11-08	2022-09-23	RAL_AA0276AA	Assembled	41	5.2	101496	5255060	Ralstonia solanacearum;100.0%	141	3206	RAL_AA0401AA_AS
RAL_AA0277AA	Race 3, Biovar 1	SRR21541389;ILLUMINA;Paired;;SRX17543552;SRA	Environment	Plant	Solanum dulcamara	1993				Europe	United Kingdom	England		Birmingham		52.4897433	-1.8540988	University of York	Ralstonia solanacearum					PRJNA823737	SRP367713	SAMN30821958	SRS15090788	2024-11-08	2022-09-23	RAL_AA0277AA	Assembled	58.7	5.2	101496	5216634	Ralstonia solanacearum;100.0%	135	1541	RAL_AA0722AA_AS
RAL_AA0279AA	Race 3, Biovar 1	SRR21541391;ILLUMINA;Paired;;SRX17543550;SRA	Environment	Water/River	Water	2006				Europe	United Kingdom	England		Birmingham		52.4897433	-1.8540988	University of York	Ralstonia solanacearum					PRJNA823737	SRP367713	SAMN30822066	SRS15090786	2024-11-08	2022-09-23	RAL_AA0279AA	Assembled	53.9	5.2	101495	5253934	Ralstonia solanacearum;100.0%	134	1626	RAL_AA0723AA_AS
RAL_AA0280AA	Race 3, Biovar 1	SRR21541392;ILLUMINA;Paired;;SRX17543549;SRA	Environment	Water/River	Water	2006				Europe	United Kingdom	England		Birmingham		52.4897433	-1.8540988	University of York	Ralstonia solanacearum					PRJNA823737	SRP367713	SAMN30822063	SRS15090785	2024-11-08	2022-09-23	RAL_AA0280AA	Assembled	48.9	5.2	101497	5255430	Ralstonia solanacearum;100.0%	146	2084	RAL_AA0724AA_AS
RAL_AA0281AA	Race 3, Biovar 1	SRR21541393;ILLUMINA;Paired;;SRX17543548;SRA	Environment	Water/River	Water	2006				Europe	United Kingdom	England		Birmingham		52.4897433	-1.8540988	University of York	Ralstonia solanacearum					PRJNA823737	SRP367713	SAMN30822062	SRS15090784	2024-11-08	2022-09-23	RAL_AA0281AA	Assembled	59.9	5.2	101495	5254228	Ralstonia solanacearum;100.0%	135	1899	RAL_AA0405AA_AS
RAL_AA0282AA	Race 3, Biovar 1	SRR21541394;ILLUMINA;Paired;;SRX17543547;SRA	Environment	Water/River	Water	2006				Europe	United Kingdom	England		Birmingham		52.4897433	-1.8540988	University of York	Ralstonia solanacearum					PRJNA823737	SRP367713	SAMN30822061	SRS15090783	2024-11-08	2022-09-23	RAL_AA0282AA	Assembled	52.5	5.2	93221	5253841	Ralstonia solanacearum;100.0%	146	2818	RAL_AA0406AA_AS
RAL_AA0283AA	YO135	SRR18649557;ILLUMINA;Paired;;SRX14752582;SRA,SRR21541395;OXFORD_NANOPORE;Single;;SRX17543546;SRA	Environment	Plant	Pine tree	1949				Africa	Mauritius					-19.7133169	63.5016713	University of York	Ralstonia solanacearum					PRJNA823737	SRP367713	SAMN27356589	SRS12513984	2024-11-08	2022-09-23	RAL_AA0283AA	Assembled	57.9	5.2	82993	5677975	Ralstonia solanacearum;99.82%	187	3651	RAL_AA0407AA_AS
RAL_AA0284AA	Race 3, Biovar 1	SRR21541396;ILLUMINA;Paired;;SRX17543545;SRA	Environment	Water/River	Water	2006				Europe	United Kingdom	England		Birmingham		52.4897433	-1.8540988	University of York	Ralstonia solanacearum					PRJNA823737	SRP367713	SAMN30822060	SRS15090782	2024-11-08	2022-09-23	RAL_AA0284AA	Assembled	51.1	5.2	72836	5254723	Ralstonia solanacearum;100.0%	155	3731	RAL_AA0725AA_AS
RAL_AA0285AA	Race 3, Biovar 1	SRR21541397;ILLUMINA;Paired;;SRX17543544;SRA	Environment	Water/River	Water	2006				Europe	United Kingdom	England		Birmingham		52.4897433	-1.8540988	University of York	Ralstonia solanacearum					PRJNA823737	SRP367713	SAMN30822059	SRS15090781	2024-11-08	2022-09-23	RAL_AA0285AA	Assembled	49.8	5.2	100334	5254023	Ralstonia solanacearum;100.0%	143	2229	RAL_AA0726AA_AS
RAL_AA0286AA	Race 3, Biovar 1	SRR21541398;ILLUMINA;Paired;;SRX17543543;SRA	Environment	Water/River	Water	2006				Europe	United Kingdom	England		Birmingham		52.4897433	-1.8540988	University of York	Ralstonia solanacearum					PRJNA823737	SRP367713	SAMN30822058	SRS15090780	2024-11-08	2022-09-23	RAL_AA0286AA	Assembled	60.1	5.2	100333	5253787	Ralstonia solanacearum;100.0%	140	1360	RAL_AA0410AA_AS
RAL_AA0287AA	Race 3, Biovar 1	SRR21541399;ILLUMINA;Paired;;SRX17543542;SRA	Environment	Water/River	Water	2006				Europe	United Kingdom	England		Birmingham		52.4897433	-1.8540988	University of York	Ralstonia solanacearum					PRJNA823737	SRP367713	SAMN30822057	SRS15090779	2024-11-08	2022-09-23	RAL_AA0287AA	Assembled	61.9	5.2	96972	5253976	Ralstonia solanacearum;100.0%	138	2291	RAL_AA0727AA_AS
RAL_AA0288AA	Race 3, Biovar 1	SRR21541400;ILLUMINA;Paired;;SRX17543541;SRA	Environment	Water/River	Water	2006				Europe	United Kingdom	England		Birmingham		52.4897433	-1.8540988	University of York	Ralstonia solanacearum					PRJNA823737	SRP367713	SAMN30822056	SRS15090778	2024-11-08	2022-09-23	RAL_AA0288AA	Assembled	61.9	5.2	101495	5254344	Ralstonia solanacearum;100.0%	139	1738	RAL_AA0728AA_AS
RAL_AA0289AA	Race 3, Biovar 1	SRR21541401;ILLUMINA;Paired;;SRX17543540;SRA	Environment	Water/River	Water	2006				Europe	United Kingdom	England		Birmingham		52.4897433	-1.8540988	University of York	Ralstonia solanacearum					PRJNA823737	SRP367713	SAMN30822055	SRS15090777	2024-11-08	2022-09-23	RAL_AA0289AA	Assembled	45.2	5.2	101497	5254723	Ralstonia solanacearum;100.0%	145	2284	RAL_AA0729AA_AS
RAL_AA0290AA	Race 3, Biovar 1	SRR21541402;ILLUMINA;Paired;;SRX17543539;SRA	Environment	Water/River	Water	2006				Europe	United Kingdom	England		Birmingham		52.4897433	-1.8540988	University of York	Ralstonia solanacearum					PRJNA823737	SRP367713	SAMN30822054	SRS15090776	2024-11-08	2022-09-23	RAL_AA0290AA	Assembled	49	5.2	84067	5254625	Ralstonia solanacearum;100.0%	149	3089	RAL_AA0414AA_AS
RAL_AA0291AA	Race 3, Biovar 1	SRR21541403;ILLUMINA;Paired;;SRX17543538;SRA	Environment	Water/River	Water	2006				Europe	United Kingdom	England		Birmingham		52.4897433	-1.8540988	University of York	Ralstonia solanacearum					PRJNA823737	SRP367713	SAMN30822052	SRS15090774	2024-11-08	2022-09-23	RAL_AA0291AA	Assembled	86.8	5.2	87210	5254680	Ralstonia solanacearum;100.0%	143	997	RAL_AA0730AA_AS
RAL_AA0292AA	Race 3, Biovar 1	SRR21541404;ILLUMINA;Paired;;SRX17543537;SRA	Environment	Water/River	Water	2006				Europe	United Kingdom	England		Birmingham		52.4897433	-1.8540988	University of York	Ralstonia solanacearum					PRJNA823737	SRP367713	SAMN30822051	SRS15090775	2024-11-08	2022-09-23	RAL_AA0292AA	Assembled	78.6	5.2	101495	5254729	Ralstonia solanacearum;100.0%	139	1161	RAL_AA0416AA_AS
RAL_AA0293AA	Race 3, Biovar 1	SRR21541405;ILLUMINA;Paired;;SRX17543536;SRA	Environment	Water/River	Water	2006				Europe	United Kingdom	England		Birmingham		52.4897433	-1.8540988	University of York	Ralstonia solanacearum					PRJNA823737	SRP367713	SAMN30822050	SRS15090773	2024-11-08	2022-09-23	RAL_AA0293AA	Assembled	79.5	5.2	101819	5255516	Ralstonia solanacearum;100.0%	140	895	RAL_AA0731AA_AS
RAL_AA0294AA	YO133	SRR18649559;ILLUMINA;Paired;;SRX14752580;SRA,SRR21541406;OXFORD_NANOPORE;Single;;SRX17543535;SRA	Environment	Plant	Tomato	1978				Asia	Malaysia			Kuala Lumpur		3.05592175	101.69985504838799	University of York	Ralstonia solanacearum					PRJNA823737	SRP367713	SAMN27356587	SRS12513980	2024-11-08	2022-09-23	RAL_AA0294AA	Assembled	66.6	5.2	124697	5626620	Ralstonia solanacearum;99.09%	140	2470	RAL_AA0732AA_AS
RAL_AA0295AA	Race 3, Biovar 1	SRR21541407;ILLUMINA;Paired;;SRX17543534;SRA	Environment	Water/River	Water	2006				Europe	United Kingdom	England		Birmingham		52.4897433	-1.8540988	University of York	Ralstonia solanacearum					PRJNA823737	SRP367713	SAMN30822049	SRS15090771	2024-11-08	2022-09-23	RAL_AA0295AA	Assembled	95	5.2	101497	5255378	Ralstonia solanacearum;100.0%	137	667	RAL_AA0419AA_AS
RAL_AA0296AA	Race 3, Biovar 1	SRR21541408;ILLUMINA;Paired;;SRX17543533;SRA	Environment	Water/River	Water	2006				Europe	United Kingdom	England		Birmingham		52.4897433	-1.8540988	University of York	Ralstonia solanacearum					PRJNA823737	SRP367713	SAMN30822048	SRS15090772	2024-11-08	2022-09-23	RAL_AA0296AA	Assembled	92	5.2	110339	5255742	Ralstonia solanacearum;100.0%	138	660	RAL_AA0420AA_AS
RAL_AA0297AA	Race 3, Biovar 1	SRR21541409;ILLUMINA;Paired;;SRX17543532;SRA	Environment	Water/River	Water	2006				Europe	United Kingdom	England		Birmingham		52.4897433	-1.8540988	University of York	Ralstonia solanacearum					PRJNA823737	SRP367713	SAMN30822047	SRS15090770	2024-11-08	2022-09-23	RAL_AA0297AA	Assembled	82.7	5.2	101836	5256281	Ralstonia solanacearum;100.0%	139	803	RAL_AA0733AA_AS
RAL_AA0298AA	Race 3, Biovar 1	SRR21541410;ILLUMINA;Paired;;SRX17543531;SRA	Environment	Water/River	Water	2006				Europe	United Kingdom	England		Birmingham		52.4897433	-1.8540988	University of York	Ralstonia solanacearum					PRJNA823737	SRP367713	SAMN30822046	SRS15090769	2024-11-08	2022-09-23	RAL_AA0298AA	Assembled	94.5	5.2	100334	5254680	Ralstonia solanacearum;100.0%	141	1124	RAL_AA0734AA_AS
RAL_AA0299AA	Race 3, Biovar 1	SRR21541411;ILLUMINA;Paired;;SRX17543530;SRA	Environment	Water/River	Water	2006				Europe	United Kingdom	England		Birmingham		52.4897433	-1.8540988	University of York	Ralstonia solanacearum					PRJNA823737	SRP367713	SAMN30822044	SRS15090768	2024-11-08	2022-09-23	RAL_AA0299AA	Assembled	99.6	5.2	101828	5255099	Ralstonia solanacearum;100.0%	138	840	RAL_AA0423AA_AS
RAL_AA0300AA	Race 3, Biovar 1	SRR21541412;ILLUMINA;Paired;;SRX17543529;SRA	Environment	Water/River	Water	2006				Europe	United Kingdom	England		Birmingham		52.4897433	-1.8540988	University of York	Ralstonia solanacearum					PRJNA823737	SRP367713	SAMN30822043	SRS15090767	2024-11-08	2022-09-23	RAL_AA0300AA	Assembled	77.1	5.2	100334	5245627	Ralstonia solanacearum;100.0%	136	728	RAL_AA0424AA_AS
RAL_AA0301AA	Race 3, Biovar 1	SRR21541413;ILLUMINA;Paired;;SRX17543528;SRA	Environment	Plant	Potato	2005				Europe	United Kingdom	England		Birmingham		52.4897433	-1.8540988	University of York	Ralstonia solanacearum					PRJNA823737	SRP367713	SAMN30822042	SRS15090766	2024-11-08	2022-09-23	RAL_AA0301AA	Assembled	88.6	5.2	101495	5246656	Ralstonia solanacearum;100.0%	133	924	RAL_AA0425AA_AS
RAL_AA0303AA	YO376	SRR18649458;ILLUMINA;Paired;;SRX14752681;SRA,SRR21541415;OXFORD_NANOPORE;Single;;SRX17543526;SRA	Environment	Plant	Tomato	1959				North America	United States	Arkansas	Benton County	Siloam Springs		36.1976379	-94.5268499	University of York	Ralstonia solanacearum					PRJNA823737	SRP367713	SAMN27356654	SRS12514078	2024-11-08	2022-09-23	RAL_AA0303AA	Assembled	50.2	5.2	79383	5814251	Ralstonia solanacearum;99.83%	233	5931	RAL_AA0736AA_AS
RAL_AA0305AA	K60, R842	SRR21541417;OXFORD_NANOPORE;Single;;SRX17543524;SRA,SRR18649461;ILLUMINA;Paired;;SRX14752678;SRA	Environment	Plant	Tomato	1953				North America	United States	Arkansas	Benton County	Siloam Springs		36.1976379	-94.5268499	University of York	Ralstonia solanacearum					PRJNA823737	SRP367713	SAMN27356651	SRS12514075	2024-11-08	2022-09-23	RAL_AA0305AA	Assembled	54.3	5.2	77270	5391317	Ralstonia solanacearum;98.02%	240	2745	RAL_AA0428AA_AS
RAL_AA0306AA	Race 3, Biovar 1	SRR21541418;ILLUMINA;Paired;;SRX17543523;SRA	Environment	Water/River	Water					Europe	United Kingdom	England		Birmingham		52.4897433	-1.8540988	University of York	Ralstonia solanacearum					PRJNA823737	SRP367713	SAMN30822108	SRS15090763	2024-11-08	2022-09-23	RAL_AA0306AA	Assembled	61.6	5.2	110342	5254696	Ralstonia solanacearum;100.0%	136	1066	RAL_AA0737AA_AS
RAL_AA0307AA	Race 3, Biovar 1	SRR21541419;ILLUMINA;Paired;;SRX17543522;SRA	Environment	Water/River	Water					Europe	United Kingdom	England		Birmingham		52.4897433	-1.8540988	University of York	Ralstonia solanacearum					PRJNA823737	SRP367713	SAMN30822107	SRS15090762	2024-11-08	2022-09-23	RAL_AA0307AA	Assembled	68.5	5.2	100334	5255482	Ralstonia solanacearum;100.0%	143	1547	RAL_AA0430AA_AS
RAL_AA0308AA	Race 3, Biovar 1	SRR21541420;ILLUMINA;Paired;;SRX17543521;SRA	Environment	Water/River	Water	2018				Europe	United Kingdom	England		Birmingham		52.4897433	-1.8540988	University of York	Ralstonia solanacearum					PRJNA823737	SRP367713	SAMN30822106	SRS15090761	2024-11-08	2022-09-23	RAL_AA0308AA	Assembled	75.5	5.2	101495	5249194	Ralstonia solanacearum;100.0%	140	1187	RAL_AA0738AA_AS
RAL_AA0309AA	Race 3, Biovar 1	SRR21541421;ILLUMINA;Paired;;SRX17543520;SRA	Environment	Water/River	Water	2018				Europe	United Kingdom	England		Birmingham		52.4897433	-1.8540988	University of York	Ralstonia solanacearum					PRJNA823737	SRP367713	SAMN30822105	SRS15090759	2024-11-08	2022-09-23	RAL_AA0309AA	Assembled	74.2	5.2	101878	5242001	Ralstonia solanacearum;100.0%	141	1059	RAL_AA0739AA_AS
RAL_AA0310AA	Race 3, Biovar 1	SRR21541422;ILLUMINA;Paired;;SRX17543519;SRA	Environment	Water/River	Water	2018				Europe	United Kingdom	England		Birmingham		52.4897433	-1.8540988	University of York	Ralstonia solanacearum					PRJNA823737	SRP367713	SAMN30822104	SRS15090760	2024-11-08	2022-09-23	RAL_AA0310AA	Assembled	72.3	5.2	101497	5260287	Ralstonia solanacearum;99.81%	136	785	RAL_AA0740AA_AS
RAL_AA0311AA	YO185	SRR18649480;ILLUMINA;Paired;;SRX14752659;SRA,SRR21541423;OXFORD_NANOPORE;Single;;SRX17543518;SRA	Environment	Plant	Solanum dulcamara	1975				Europe	Sweden							University of York	Ralstonia solanacearum					PRJNA823737	SRP367713	SAMN27356637	SRS12514059	2024-11-08	2022-09-23	RAL_AA0311AA	Assembled	63.7	5.2	110339	5107606	Ralstonia solanacearum;100.0%	128	786	RAL_AA0741AA_AS
RAL_AA0312AA	Race 3, Biovar 1	SRR21541424;ILLUMINA;Paired;;SRX17543517;SRA	Environment	Water/River	Water	2018				Europe	United Kingdom	England		Birmingham		52.4897433	-1.8540988	University of York	Ralstonia solanacearum					PRJNA823737	SRP367713	SAMN30822103	SRS15090758	2024-11-08	2022-09-23	RAL_AA0312AA	Assembled	68.8	5.2	101822	5248746	Ralstonia solanacearum;100.0%	136	773	RAL_AA0742AA_AS
RAL_AA0313AA	Race 3, Biovar 1	SRR21541425;ILLUMINA;Paired;;SRX17543516;SRA	Environment	Water/River	Water	2018				Europe	United Kingdom	England		Birmingham		52.4897433	-1.8540988	University of York	Ralstonia solanacearum					PRJNA823737	SRP367713	SAMN30822102	SRS15090757	2024-11-08	2022-09-23	RAL_AA0313AA	Assembled	82.1	5.2	101497	5255844	Ralstonia solanacearum;100.0%	140	923	RAL_AA0436AA_AS
RAL_AA0314AA	Race 3, Biovar 1	SRR21541426;ILLUMINA;Paired;;SRX17543515;SRA	Environment	Water/River	Water	2018				Europe	United Kingdom	England		Birmingham		52.4897433	-1.8540988	University of York	Ralstonia solanacearum					PRJNA823737	SRP367713	SAMN30822101	SRS15090756	2024-11-08	2022-09-23	RAL_AA0314AA	Assembled	77.1	5.2	100334	5249045	Ralstonia solanacearum;100.0%	144	1237	RAL_AA0743AA_AS
RAL_AA0315AA	Race 3, Biovar 1	SRR21541427;ILLUMINA;Paired;;SRX17543514;SRA	Environment	Water/River	Water	2017				Europe	United Kingdom	England		Birmingham		52.4897433	-1.8540988	University of York	Ralstonia solanacearum					PRJNA823737	SRP367713	SAMN30822100	SRS15090755	2024-11-08	2022-09-23	RAL_AA0315AA	Assembled	68.2	5.2	101497	5248487	Ralstonia solanacearum;100.0%	140	1308	RAL_AA0438AA_AS
RAL_AA0316AA	Race 3, Biovar 1	SRR21541428;ILLUMINA;Paired;;SRX17543513;SRA	Environment	Water/River	Water	2017				Europe	United Kingdom	England		Birmingham		52.4897433	-1.8540988	University of York	Ralstonia solanacearum					PRJNA823737	SRP367713	SAMN30822099	SRS15090754	2024-11-08	2022-09-23	RAL_AA0316AA	Assembled	58.7	5.2	101916	5255659	Ralstonia solanacearum;100.0%	140	1697	RAL_AA0744AA_AS
RAL_AA0317AA	Race 3, Biovar 1	SRR21541429;ILLUMINA;Paired;;SRX17543512;SRA	Environment	Water/River	Water	2017				Europe	United Kingdom	England		Birmingham		52.4897433	-1.8540988	University of York	Ralstonia solanacearum					PRJNA823737	SRP367713	SAMN30822098	SRS15090753	2024-11-08	2022-09-23	RAL_AA0317AA	Assembled	72.7	5.2	101497	5248660	Ralstonia solanacearum;100.0%	143	1437	RAL_AA0440AA_AS
RAL_AA0318AA	Race 3, Biovar 1	SRR21541430;ILLUMINA;Paired;;SRX17543511;SRA	Environment	Water/River	Water	2017				Europe	United Kingdom	England		Birmingham		52.4897433	-1.8540988	University of York	Ralstonia solanacearum					PRJNA823737	SRP367713	SAMN30822097	SRS15090752	2024-11-08	2022-09-23	RAL_AA0318AA	Assembled	86.9	5.2	100334	5255656	Ralstonia solanacearum;100.0%	144	960	RAL_AA0745AA_AS
RAL_AA0319AA	Race 3, Biovar 1	SRR21541431;ILLUMINA;Paired;;SRX17543510;SRA	Environment	Water/River	Water	2016				Europe	United Kingdom	England		Birmingham		52.4897433	-1.8540988	University of York	Ralstonia solanacearum					PRJNA823737	SRP367713	SAMN30822096	SRS15090750	2024-11-08	2022-09-23	RAL_AA0319AA	Assembled	79.5	5.2	100334	5200778	Ralstonia solanacearum;100.0%	141	1011	RAL_AA0442AA_AS
RAL_AA0320AA	Race 3, Biovar 1	SRR21541432;ILLUMINA;Paired;;SRX17543509;SRA	Environment	Water/River	Water	2015				Europe	United Kingdom	England		Birmingham		52.4897433	-1.8540988	University of York	Ralstonia solanacearum					PRJNA823737	SRP367713	SAMN30822095	SRS15090751	2024-11-08	2022-09-23	RAL_AA0320AA	Assembled	54.5	5.2	93221	5333014	Ralstonia solanacearum;98.47%	151	5099	RAL_AA0746AA_AS
RAL_AA0321AA	Race 3, Biovar 1	SRR21541433;ILLUMINA;Paired;;SRX17543508;SRA	Environment	Water/River	Water	2015				Europe	United Kingdom	England		Birmingham		52.4897433	-1.8540988	University of York	Ralstonia solanacearum					PRJNA823737	SRP367713	SAMN30822094	SRS15090749	2024-11-08	2022-09-23	RAL_AA0321AA	Assembled	59.5	5.2	101495	5250669	Ralstonia solanacearum;100.0%	141	1829	RAL_AA0444AA_AS
RAL_AA0323AA	Race 3, Biovar 1	SRR21541435;ILLUMINA;Paired;;SRX17543506;SRA	Environment	Water/River	Water	2014				Europe	United Kingdom	England		Birmingham		52.4897433	-1.8540988	University of York	Ralstonia solanacearum					PRJNA823737	SRP367713	SAMN30822093	SRS15090747	2024-11-08	2022-09-23	RAL_AA0323AA	Assembled	50.9	5.2	93221	5264603	Ralstonia solanacearum;99.43%	150	2671	RAL_AA0747AA_AS
RAL_AA0324AA	Race 3, Biovar 1	SRR21541436;ILLUMINA;Paired;;SRX17543505;SRA	Environment	Water/River	Water	2013				Europe	United Kingdom	England		Birmingham		52.4897433	-1.8540988	University of York	Ralstonia solanacearum					PRJNA823737	SRP367713	SAMN30822092	SRS15090746	2024-11-08	2022-09-23	RAL_AA0324AA	Assembled	62	5.2	100333	5254900	Ralstonia solanacearum;100.0%	139	1862	RAL_AA0446AA_AS
RAL_AA0325AA	Race 3, Biovar 1	SRR21541437;ILLUMINA;Paired;;SRX17543504;SRA	Environment	Water/River	Water	2013				Europe	United Kingdom	England		Birmingham		52.4897433	-1.8540988	University of York	Ralstonia solanacearum					PRJNA823737	SRP367713	SAMN30822091	SRS15090745	2024-11-08	2022-09-23	RAL_AA0325AA	Assembled	46.5	5.2	87254	5254952	Ralstonia solanacearum;100.0%	143	2095	RAL_AA0748AA_AS
RAL_AA0326AA	Race 3, Biovar 1	SRR21541438;ILLUMINA;Paired;;SRX17543503;SRA	Environment	Plant	Potato	2009				Europe	United Kingdom	England		Birmingham		52.4897433	-1.8540988	University of York	Ralstonia solanacearum					PRJNA823737	SRP367713	SAMN30822090	SRS15090744	2024-11-08	2022-09-23	RAL_AA0326AA	Assembled	59.5	5.2	100334	5254450	Ralstonia solanacearum;100.0%	142	1755	RAL_AA0749AA_AS
RAL_AA0328AA	Race 3, Biovar 1	SRR21541440;ILLUMINA;Paired;;SRX17543501;SRA	Environment	Water/River	Water	2005				Europe	United Kingdom	England		Birmingham		52.4897433	-1.8540988	University of York	Ralstonia solanacearum					PRJNA823737	SRP367713	SAMN30822039	SRS15090742	2024-11-08	2022-09-23	RAL_AA0328AA	Assembled	93.4	5.2	100334	5285047	Ralstonia solanacearum;99.42%	146	2585	RAL_AA0751AA_AS
RAL_AA0330AA	Race 3, Biovar 1	SRR21541442;ILLUMINA;Paired;;SRX17543499;SRA	Environment	Water/River	Water	2005				Europe	United Kingdom	England		Birmingham		52.4897433	-1.8540988	University of York	Ralstonia solanacearum					PRJNA823737	SRP367713	SAMN30822038	SRS15090740	2024-11-08	2022-09-23	RAL_AA0330AA	Assembled	77.6	5.2	100334	5707251	Ralstonia solanacearum;92.14%	161	7482	RAL_AA0451AA_AS
RAL_AA0331AA	Race 3, Biovar 1	SRR21541443;ILLUMINA;Paired;;SRX17543498;SRA	Environment	Water/River	Water	2005				Europe	United Kingdom	England		Birmingham		52.4897433	-1.8540988	University of York	Ralstonia solanacearum					PRJNA823737	SRP367713	SAMN30822037	SRS15090739	2024-11-08	2022-09-23	RAL_AA0331AA	Assembled	91.9	5.2	110342	5244816	Ralstonia solanacearum;100.0%	135	699	RAL_AA0452AA_AS
RAL_AA0332AA	Race 3, Biovar 1	SRR21541444;ILLUMINA;Paired;;SRX17543497;SRA	Environment	Water/River	Water	2005				Europe	United Kingdom	England		Birmingham		52.4897433	-1.8540988	University of York	Ralstonia solanacearum					PRJNA823737	SRP367713	SAMN30822036	SRS15090738	2024-11-08	2022-09-23	RAL_AA0332AA	Assembled	90.4	5.2	101836	5253940	Ralstonia solanacearum;100.0%	135	739	RAL_AA0453AA_AS
RAL_AA0333AA	Race 3, Biovar 1	SRR21541445;ILLUMINA;Paired;;SRX17543496;SRA	Environment	Water/River	Water	2005				Europe	United Kingdom	England		Birmingham		52.4897433	-1.8540988	University of York	Ralstonia solanacearum					PRJNA823737	SRP367713	SAMN30822035	SRS15090737	2024-11-08	2022-09-23	RAL_AA0333AA	Assembled	72.7	5.2	100334	5254707	Ralstonia solanacearum;100.0%	143	1500	RAL_AA0454AA_AS
RAL_AA0334AA	Race 3, Biovar 1	SRR21541446;ILLUMINA;Paired;;SRX17543495;SRA	Environment	Water/River	Water	2005				Europe	United Kingdom	England		Birmingham		52.4897433	-1.8540988	University of York	Ralstonia solanacearum					PRJNA823737	SRP367713	SAMN30822034	SRS15090736	2024-11-08	2022-09-23	RAL_AA0334AA	Assembled	80.4	5.2	101497	5255860	Ralstonia solanacearum;100.0%	144	1175	RAL_AA0752AA_AS
RAL_AA0336AA	Race 3, Biovar 1	SRR21541448;ILLUMINA;Paired;;SRX17543493;SRA	Environment	Water/River	Water	2005				Europe	United Kingdom	England		Birmingham		52.4897433	-1.8540988	University of York	Ralstonia solanacearum					PRJNA823737	SRP367713	SAMN30822032	SRS15090734	2024-11-08	2022-09-23	RAL_AA0336AA	Assembled	76.7	5.2	83703	5405834	Ralstonia solanacearum;96.58%	168	6412	RAL_AA0753AA_AS
RAL_AA0337AA	Race 3, Biovar 1	SRR21541449;ILLUMINA;Paired;;SRX17543492;SRA	Environment	Water/River	Water	2005				Europe	United Kingdom	England		Birmingham		52.4897433	-1.8540988	University of York	Ralstonia solanacearum					PRJNA823737	SRP367713	SAMN30822031	SRS15090733	2024-11-08	2022-09-23	RAL_AA0337AA	Assembled	59.2	5.2	86579	5358170	Ralstonia solanacearum;98.09%	164	4908	RAL_AA0754AA_AS
RAL_AA0338AA	Race 3, Biovar 1	SRR21541450;ILLUMINA;Paired;;SRX17543491;SRA	Environment	Water/River	Water	2005				Europe	United Kingdom	England		Birmingham		52.4897433	-1.8540988	University of York	Ralstonia solanacearum					PRJNA823737	SRP367713	SAMN30822030	SRS15090732	2024-11-08	2022-09-23	RAL_AA0338AA	Assembled	54.4	5.2	100334	5313947	Ralstonia solanacearum;98.83%	154	5233	RAL_AA0755AA_AS
RAL_AA0339AA	Race 3, Biovar 1	SRR21541451;ILLUMINA;Paired;;SRX17543490;SRA	Environment	Water/River	Water	2000				Europe	United Kingdom	England		Birmingham		52.4897433	-1.8540988	University of York	Ralstonia solanacearum					PRJNA823737	SRP367713	SAMN30822029	SRS15090731	2024-11-08	2022-09-23	RAL_AA0339AA	Assembled	50.4	5.2	100334	5254775	Ralstonia solanacearum;100.0%	144	1998	RAL_AA0460AA_AS
RAL_AA0340AA	T334	SRR18649446;ILLUMINA;Paired;;SRX14752693;SRA,SRR21541452;OXFORD_NANOPORE;Single;;SRX17543489;SRA	Environment	Plant	Banana	1987				Asia	Indonesia	West Java		Garut		-7.2160705499999995	107.90866399789346	University of York	Ralstonia solanacearum				Ralstonia syszygii?	PRJNA823737	SRP367713	SAMN27356558	SRS12514091	2024-11-08	2022-09-23	RAL_AA0340AA	Assembled	58.6	5.2	66099	4968714	blood disease bacterium A2-HR MARDI;95.59%	161	2815	RAL_AA0461AA_AS
RAL_AA0341AA	Race 3, Biovar 1	SRR21541453;ILLUMINA;Paired;;SRX17543488;SRA	Environment	Water/River	Water	2000				Europe	United Kingdom	England		Birmingham		52.4897433	-1.8540988	University of York	Ralstonia solanacearum					PRJNA823737	SRP367713	SAMN30822028	SRS15090730	2024-11-08	2022-09-23	RAL_AA0341AA	Assembled	60.2	5.2	101494	5233289	Ralstonia solanacearum;99.61%	140	1369	RAL_AA0756AA_AS
RAL_AA0343AA	Race 3, Biovar 1	SRR21541455;ILLUMINA;Paired;;SRX17543486;SRA	Environment	Water/River	Water	1999				Europe	United Kingdom	England		Birmingham		52.4897433	-1.8540988	University of York	Ralstonia solanacearum					PRJNA823737	SRP367713	SAMN30822026	SRS15090728	2024-11-08	2022-09-23	RAL_AA0343AA	Assembled	55.7	5.2	100334	5256210	Ralstonia solanacearum;100.0%	146	1613	RAL_AA0757AA_AS
RAL_AA0344AA	Race 3, Biovar 1	SRR21541456;ILLUMINA;Paired;;SRX17543485;SRA	Environment	Water/River	Water	1999				Europe	United Kingdom	England		Birmingham		52.4897433	-1.8540988	University of York	Ralstonia solanacearum					PRJNA823737	SRP367713	SAMN30822025	SRS15090727	2024-11-08	2022-09-23	RAL_AA0344AA	Assembled	58.9	5.2	93218	5255500	Ralstonia solanacearum;100.0%	145	1976	RAL_AA0465AA_AS
RAL_AA0345AA	Race 3, Biovar 1	SRR21541457;ILLUMINA;Paired;;SRX17543484;SRA	Environment	Water/River	Water	1998				Europe	United Kingdom	England		Birmingham		52.4897433	-1.8540988	University of York	Ralstonia solanacearum					PRJNA823737	SRP367713	SAMN30822024	SRS15090726	2024-11-08	2022-09-23	RAL_AA0345AA	Assembled	54.9	5.2	93212	5255144	Ralstonia solanacearum;100.0%	147	2413	RAL_AA0466AA_AS
RAL_AA0346AA	Race 3, Biovar 1	SRR21541458;ILLUMINA;Paired;;SRX17543483;SRA	Environment	Water/River	Water	1998				Europe	United Kingdom	England		Birmingham		52.4897433	-1.8540988	University of York	Ralstonia solanacearum					PRJNA823737	SRP367713	SAMN30822023	SRS15090725	2024-11-08	2022-09-23	RAL_AA0346AA	Assembled	89.6	5.2	100334	5254468	Ralstonia solanacearum;100.0%	142	1284	RAL_AA0467AA_AS
RAL_AA0347AA	Race 3, Biovar 1	SRR21541459;ILLUMINA;Paired;;SRX17543482;SRA	Environment	Water/River	Water	1998				Europe	United Kingdom	England		Birmingham		52.4897433	-1.8540988	University of York	Ralstonia solanacearum					PRJNA823737	SRP367713	SAMN30822022	SRS15090724	2024-11-08	2022-09-23	RAL_AA0347AA	Assembled	62.4	5.2	101883	5255767	Ralstonia solanacearum;100.0%	143	1416	RAL_AA0468AA_AS
RAL_AA0348AA	Race 3, Biovar 1	SRR21541460;ILLUMINA;Paired;;SRX17543481;SRA	Environment	Water/River	Water	1997				Europe	United Kingdom	England		Birmingham		52.4897433	-1.8540988	University of York	Ralstonia solanacearum					PRJNA823737	SRP367713	SAMN30822021	SRS15090723	2024-11-08	2022-09-23	RAL_AA0348AA	Assembled	92.1	5.2	101836	5256238	Ralstonia solanacearum;100.0%	140	656	RAL_AA0469AA_AS
RAL_AA0349AA	Race 3, Biovar 1	SRR21541461;ILLUMINA;Paired;;SRX17543480;SRA	Environment	Plant	Tomato	1997				Europe	United Kingdom	England		Birmingham		52.4897433	-1.8540988	University of York	Ralstonia solanacearum					PRJNA823737	SRP367713	SAMN30822020	SRS15090722	2024-11-08	2022-09-23	RAL_AA0349AA	Assembled	108.6	5.2	110339	5683116	Ralstonia solanacearum;92.77%	146	2140	RAL_AA0758AA_AS
RAL_AA0350AA	Race 3, Biovar 1	SRR21541462;ILLUMINA;Paired;;SRX17543479;SRA	Environment	Plant	Tomato	1997				Europe	United Kingdom	England		Birmingham		52.4897433	-1.8540988	University of York	Ralstonia solanacearum					PRJNA823737	SRP367713	SAMN30822019	SRS15090721	2024-11-08	2022-09-23	RAL_AA0350AA	Assembled	88.9	5.2	100334	5257481	Ralstonia solanacearum;100.0%	147	1408	RAL_AA0759AA_AS
RAL_AA0351AA	S718	SRR18649447;ILLUMINA;Paired;;SRX14752692;SRA,SRR21541463;OXFORD_NANOPORE;Single;;SRX17543478;SRA	Environment	Plant	Potato	1985				Asia	Indonesia	West Java		Garut		-7.2160705499999995	107.90866399789346	University of York	Ralstonia solanacearum					PRJNA823737	SRP367713	SAMN27356557	SRS12514088	2024-11-08	2022-09-23	RAL_AA0351AA	Assembled	62.4	5.2	41474	5425253	Ralstonia solanacearum;99.64%	389	3802	RAL_AA0760AA_AS
RAL_AA0352AA	YO006	SRR21541464;OXFORD_NANOPORE;Single;;SRX17543477;SRA,SRR18649416;ILLUMINA;Paired;;SRX14752723;SRA	Environment	Plant	Ginger					Oceania	Australia	New South Wales		Wollongong City Council		-34.41617445	150.8980672734334	University of York	Ralstonia solanacearum					PRJNA823737	SRP367713	SAMN27356475	SRS12514120	2024-11-08	2022-09-23	RAL_AA0352AA	Assembled	58	5.2	78396	5435876	Ralstonia solanacearum;100.0%	249	5457	RAL_AA0761AA_AS
RAL_AA0353AA	YO003	SRR21541465;OXFORD_NANOPORE;Single;;SRX17543476;SRA,SRR18649521;ILLUMINA;Paired;;SRX14752618;SRA	Environment	Plant	Townsville stylo	1969				Oceania	Australia	New South Wales		Wollongong City Council		-34.41617445	150.8980672734334	University of York	Ralstonia solanacearum					PRJNA823737	SRP367713	SAMN27356472	SRS12514018	2024-11-08	2022-09-23	RAL_AA0353AA	Assembled	69.2	5.2	94637	5628915	Ralstonia solanacearum;99.46%	157	3297	RAL_AA0762AA_AS
RAL_AA0354AA	WR-1	SRR20115431;PACBIO_SMRT;Single;;SRX16150587;SRA,SRR20115430;ILLUMINA;Paired;;SRX16150588;SRA	Environment	Plant	Tomato bacterial wilt	2019				Asia	South Korea			Wanju-gun				RDA	Ralstonia solanacearum					PRJNA857834	SRP385976	SAMN29673693	SRS13812560	2024-11-08	2022-09-01	RAL_AA0354AA	Assembled	1178.8	5.2	122774	5715782	Ralstonia solanacearum;100.0%	175	2343	RAL_AA0852AA_AS
RAL_AA0355AA	Wj644	SRR20115435;PACBIO_SMRT;Single;;SRX16150583;SRA,SRR20115434;PACBIO_SMRT;Single;;SRX16150584;SRA,SRR20115433;PACBIO_SMRT;Single;;SRX16150585;SRA,SRR20115432;ILLUMINA;Paired;;SRX16150586;SRA	Environment	Plant	Tomato bacterial wilt	2015				Asia	South Korea			Wanju-gun				RDA	Ralstonia solanacearum					PRJNA857834	SRP385976	SAMN29673692	SRS13812559	2024-11-08	2022-09-01	RAL_AA0355AA	Assembled	488.5	5.2	80386	5895283	Ralstonia solanacearum;100.0%	219	2297	RAL_AA0957AA_AS
RAL_AA0356AA	Bs715	SRR20115438;PACBIO_SMRT;Single;;SRX16150580;SRA,SRR20115439;PACBIO_SMRT;Single;;SRX16150579;SRA,SRR20115436;ILLUMINA;Paired;;SRX16150582;SRA,SRR20115437;PACBIO_SMRT;Single;;SRX16150581;SRA	Environment	Plant	Tomato bacterial wilt	1998				Asia	South Korea			Suwon-si				RDA	Ralstonia solanacearum					PRJNA857834	SRP385976	SAMN29673691	SRS13812558	2024-11-08	2022-09-01	RAL_AA0356AA	Assembled	499.6	5.2	93423	5926327	Ralstonia solanacearum;99.32%	185	2079	RAL_AA0477AA_AS
RAL_AA0357AA	QL-Rs1115	SRR19901749;ILLUMINA;Paired;;SRX15944576;SRA,SRR19901747;ILLUMINA;Paired;;SRX15944578;SRA,SRR19901748;ILLUMINA;Paired;;SRX15944577;SRA	Environment	Soil/Dust	rhizosphere soil	2010				Asia	China	Jiangsu				32.03	118.57	University of York	Ralstonia solanacearum					PRJNA854178	SRP384240	SAMN29421919	SRS13631553	2024-11-08	2023-02-10	RAL_AA0357AA	Assembled	5841	5.2	55864	5666245	Ralstonia solanacearum;98.74%	253	22451	RAL_AA0250AA_AS
RAL_AA0358AA	UW140	SRR19621833;ILLUMINA;Paired;;SRX15672461;SRA	Environment	Plant	Cultivated plantation; Musa x paradisiaca	1963				North America	Costa Rica					9.43	-84.16	UC Davis	Ralstonia solanacearum					PRJNA834840	SRP373483	SAMN28078159	SRS13370650	2024-11-08	2022-06-10	RAL_AA0358AA	Assembled	189.2	5.2	50617	5700432	Ralstonia solanacearum;96.45%	221	13297	RAL_AA0853AA_AS
RAL_AA0359AA	UW136	SRR19621834;ILLUMINA;Paired;;SRX15672460;SRA	Environment	Plant	tropical rainforest (educated guess); Heliconia sp.	1961				North America	Costa Rica					8.96	-83.46	UC Davis	Ralstonia solanacearum					PRJNA834840	SRP373483	SAMN28078158	SRS13370649	2024-11-08	2022-06-10	RAL_AA0359AA	Assembled	185.6	5.2	62032	5477164	Ralstonia solanacearum;99.81%	189	9959	RAL_AA0479AA_AS
RAL_AA0360AA	UW98	SRR19621835;ILLUMINA;Paired;;SRX15672459;SRA	Environment	Plant	Cultivated plantation; Musa acuminata	1960				North America	Costa Rica					9.7	-83.7	UC Davis	Ralstonia solanacearum					PRJNA834840	SRP373483	SAMN28078157	SRS13370648	2024-11-08	2022-06-10	RAL_AA0360AA	Assembled	174.4	5.2	59864	5678322	Ralstonia solanacearum;96.77%	180	11730	RAL_AA0254AA_AS
RAL_AA0361AA	UW75	SRR19621836;ILLUMINA;Paired;;SRX15672458;SRA	Environment	Plant	Cultivated plantation; Musa acuminata	1955				North America	Costa Rica					8.9	-82.92	UC Davis	Ralstonia solanacearum					PRJNA834840	SRP373483	SAMN28078156	SRS13370647	2024-11-08	2022-06-10	RAL_AA0361AA	Assembled	208	5.2	67709	5494344	Ralstonia solanacearum;99.81%	180	10562	RAL_AA0255AA_AS
RAL_AA0362AA	UW41	SRR19621837;ILLUMINA;Paired;;SRX15672457;SRA	Environment	Plant	Cultivated plantation; Musa acuminata	1960				South America	Venezuela					6.4	-66.6	UC Davis	Ralstonia solanacearum					PRJNA834840	SRP373483	SAMN28078155	SRS13370646	2024-11-08	2022-06-10	RAL_AA0362AA	Assembled	183.7	5.2	39815	5334014	Ralstonia solanacearum;97.7%	317	12732	RAL_AA0256AA_AS
RAL_AA0364AA	P673	SRR18825670;ILLUMINA;Paired;;SRX14924036;SRA	Environment	Plant	Pothos	2003				North America	United States	Florida						University of California, Davis	Ralstonia solanacearum					PRJNA826884	SRP371202	SAMN27631881	SRS12676112	2024-11-08	2022-06-02	RAL_AA0364AA	Assembled	219.9	5.2	108078	5537323	Ralstonia solanacearum;99.82%	113	2652	RAL_AA0257AA_AS
RAL_AA0365AA	RUN0002	SRR18825671;ILLUMINA;Paired;;SRX14924035;SRA	Environment	Plant	Anthurium	2000				Europe	France	Martinique						University of California, Davis	Ralstonia solanacearum					PRJNA826884	SRP371202	SAMN27631880	SRS12676111	2024-11-08	2022-06-02	RAL_AA0365AA	Assembled	251.3	5.2	157132	5565870	Ralstonia solanacearum;99.08%	103	5374	RAL_AA0258AA_AS
RAL_AA0366AA	RUN0003	SRR18825672;ILLUMINA;Paired;;SRX14924034;SRA	Environment	Plant	Anthurium	1999				Europe	France	Martinique						University of California, Davis	Ralstonia solanacearum					PRJNA826884	SRP371202	SAMN27631879	SRS12676110	2024-11-08	2022-06-02	RAL_AA0366AA	Assembled	173.7	5.2	157803	5566099	Ralstonia solanacearum;99.08%	100	6351	RAL_AA0854AA_AS
RAL_AA0367AA	P840	SRR18825673;ILLUMINA;Paired;;SRX14924033;SRA	Environment	Plant	Pothos	2017				North America	United States	Florida						University of California, Davis	Ralstonia solanacearum					PRJNA826884	SRP371202	SAMN27631878	SRS12676109	2024-11-08	2022-06-02	RAL_AA0367AA	Assembled	218.1	5.2	113028	5535050	Ralstonia solanacearum;99.82%	111	4591	RAL_AA0481AA_AS
RAL_AA0368AA	P780	SRR18825674;ILLUMINA;Paired;;SRX14924032;SRA	Environment	Plant	Pothos	2012				North America	United States	Florida						University of California, Davis	Ralstonia solanacearum					PRJNA826884	SRP371202	SAMN27631877	SRS12676108	2024-11-08	2022-06-02	RAL_AA0368AA	Assembled	208	5.2	109361	5535055	Ralstonia solanacearum;99.82%	111	4498	RAL_AA0261AA_AS
RAL_AA0369AA	P575	SRR18825675;ILLUMINA;Paired;;SRX14924031;SRA	Environment	Plant	Pothos	1999				North America	United States	Florida						University of California, Davis	Ralstonia solanacearum					PRJNA826884	SRP371202	SAMN27631876	SRS12676107	2024-11-08	2022-06-02	RAL_AA0369AA	Assembled	182.9	5.2	103351	5569230	Ralstonia solanacearum;99.82%	127	4983	RAL_AA0482AA_AS
RAL_AA0370AA	P565	SRR18825676;ILLUMINA;Paired;;SRX14924030;SRA	Environment	Plant	Pothos	1998				North America	United States	Florida						University of California, Davis	Ralstonia solanacearum					PRJNA826884	SRP371202	SAMN27631875	SRS12676106	2024-11-08	2022-06-02	RAL_AA0370AA	Assembled	223.9	5.2	111449	5539808	Ralstonia solanacearum;99.82%	117	4301	RAL_AA0483AA_AS
RAL_AA0371AA	P557	SRR18825677;ILLUMINA;Paired;;SRX14924029;SRA	Environment	Plant	Anthurium	1997				North America	United States	Florida						University of California, Davis	Ralstonia solanacearum					PRJNA826884	SRP371202	SAMN27631874	SRS12676105	2024-11-08	2022-06-02	RAL_AA0371AA	Assembled	169.9	5.2	87731	5560134	Ralstonia solanacearum;100.0%	177	11831	RAL_AA0264AA_AS
RAL_AA0372AA	UW170	SRR18825678;ILLUMINA;Paired;;SRX14924028;SRA	Environment	Plant	Heliconia	1961				South America	Colombia							University of California, Davis	Ralstonia solanacearum					PRJNA826884	SRP371202	SAMN27631883	SRS12676104	2024-11-08	2022-06-02	RAL_AA0372AA	Assembled	200.8	5.2	198590	5422397	Ralstonia solanacearum;99.62%	53	3913	RAL_AA0265AA_AS
RAL_AA0373AA	UW128	SRR18825679;ILLUMINA;Paired;;SRX14924027;SRA	Environment	Plant	Plantain	1962				South America	Peru							University of California, Davis	Ralstonia solanacearum					PRJNA826884	SRP371202	SAMN27631882	SRS12676103	2024-11-08	2022-06-02	RAL_AA0373AA	Assembled	211.2	5.2	139842	5504600	Ralstonia solanacearum;100.0%	99	3332	RAL_AA0266AA_AS
RAL_AA0374AA	P545	SRR18825680;ILLUMINA;Paired;;SRX14924026;SRA	Environment	Plant	Pothos	1997				North America	United States	Florida						University of California, Davis	Ralstonia solanacearum					PRJNA826884	SRP371202	SAMN27589867	SRS12676102	2024-11-08	2022-06-02	RAL_AA0374AA	Assembled	154.3	5.2	81729	5486175	Ralstonia solanacearum;100.0%	148	12085	RAL_AA0267AA_AS
RAL_AA0375AA	P488	SRR18825681;ILLUMINA;Paired;;SRX14924025;SRA	Environment	Plant	Pothos	1996				North America	United States	Florida						University of California, Davis	Ralstonia solanacearum					PRJNA826884	SRP371202	SAMN27589866	SRS12676101	2024-11-08	2022-06-02	RAL_AA0375AA	Assembled	227.3	5.2	41181	5533557	Ralstonia solanacearum;99.82%	278	17299	RAL_AA0484AA_AS
RAL_AA0376AA	A6191	SRR18649410;ILLUMINA;Paired;;SRX14752729;SRA	Environment	Plant	Potato	1997				Africa	Egypt							University of York	Ralstonia solanacearum					PRJNA823737	SRP367713	SAMN27356525	SRS12514125	2024-11-08	2022-09-23	RAL_AA0376AA	Assembled	52.3	5.2	100334	5254281	Ralstonia solanacearum;100.0%	143	1276	RAL_AA0269AA_AS
RAL_AA0377AA	A6188	SRR18649411;ILLUMINA;Paired;;SRX14752728;SRA	Environment	Plant	Potato	1996				Africa	Egypt							University of York	Ralstonia solanacearum					PRJNA823737	SRP367713	SAMN27356524	SRS12514126	2024-11-08	2022-09-23	RAL_AA0377AA	Assembled	72.6	5.2	101497	5255743	Ralstonia solanacearum;100.0%	140	1023	RAL_AA0485AA_AS
RAL_AA0378AA	A6184	SRR18649412;ILLUMINA;Paired;;SRX14752727;SRA	Environment	Plant	Potato	1995				Africa	Egypt							University of York	Ralstonia solanacearum					PRJNA823737	SRP367713	SAMN27356523	SRS12514124	2024-11-08	2022-09-23	RAL_AA0378AA	Assembled	68.5	5.2	110339	5254370	Ralstonia solanacearum;100.0%	137	1013	RAL_AA0486AA_AS
RAL_AA0379AA	B98	SRR18649413;ILLUMINA;Paired;;SRX14752726;SRA	Environment	Plant	Potato	1995				Africa	Egypt							University of York	Ralstonia solanacearum					PRJNA823737	SRP367713	SAMN27356522	SRS12514121	2024-11-08	2022-09-23	RAL_AA0379AA	Assembled	68.5	5.2	101497	5255057	Ralstonia solanacearum;100.0%	138	987	RAL_AA0763AA_AS
RAL_AA0380AA	A6180	SRR18649414;ILLUMINA;Paired;;SRX14752725;SRA	Environment	Plant	Potato	1994				Africa	Egypt							University of York	Ralstonia solanacearum					PRJNA823737	SRP367713	SAMN27356521	SRS12514123	2024-11-08	2022-09-23	RAL_AA0380AA	Assembled	63.4	5.2	101836	5255473	Ralstonia solanacearum;100.0%	139	958	RAL_AA0587AA_AS
RAL_AA0381AA	A5008	SRR18649415;ILLUMINA;Paired;;SRX14752724;SRA	Environment	Plant	Potato	1991				Africa	Egypt							University of York	Ralstonia solanacearum					PRJNA823737	SRP367713	SAMN27356520	SRS12514122	2024-11-08	2022-09-23	RAL_AA0381AA	Assembled	62.7	5.2	101497	5253876	Ralstonia solanacearum;100.0%	135	1191	RAL_AA0588AA_AS
RAL_AA0382AA	A4973/3	SRR18649417;ILLUMINA;Paired;;SRX14752722;SRA	Environment	Plant	Potato	1991				Africa	Egypt							University of York	Ralstonia solanacearum					PRJNA823737	SRP367713	SAMN27356519	SRS12514119	2024-11-08	2022-09-23	RAL_AA0382AA	Assembled	71.2	5.2	101819	5265208	Ralstonia solanacearum;100.0%	143	1269	RAL_AA0589AA_AS
RAL_AA0383AA	A4933	SRR18649418;ILLUMINA;Paired;;SRX14752721;SRA	Environment	Plant	Potato	1991				Africa	Egypt							University of York	Ralstonia solanacearum					PRJNA823737	SRP367713	SAMN27356518	SRS12514116	2024-11-08	2022-09-23	RAL_AA0383AA	Assembled	62.6	5.2	101814	5255387	Ralstonia solanacearum;100.0%	142	1032	RAL_AA0276AA_AS
RAL_AA0384AA	YO048	SRR18649419;ILLUMINA;Paired;;SRX14752720;SRA	Environment	Plant	Potato	1966				Africa	Egypt							University of York	Ralstonia solanacearum					PRJNA823737	SRP367713	SAMN27356517	SRS12514118	2024-11-08	2022-09-23	RAL_AA0384AA	Assembled	45.8	5.2	101496	5459274	Ralstonia solanacearum;95.0%	156	12500	RAL_AA0590AA_AS
RAL_AA0385AA	YO047	SRR18649420;ILLUMINA;Paired;;SRX14752719;SRA	Environment	Plant	Potato	1961				Africa	Egypt							University of York	Ralstonia solanacearum					PRJNA823737	SRP367713	SAMN27356516	SRS12514117	2024-11-08	2022-09-23	RAL_AA0385AA	Assembled	70.1	5.2	110339	5255524	Ralstonia solanacearum;100.0%	138	1176	RAL_AA0278AA_AS
RAL_AA0386AA	YO046	SRR18649421;ILLUMINA;Paired;;SRX14752718;SRA	Environment	Plant	Potato	1961				Africa	Egypt							University of York	Ralstonia solanacearum					PRJNA823737	SRP367713	SAMN27356515	SRS12514115	2024-11-08	2022-09-23	RAL_AA0386AA	Assembled	47.9	5.2	101836	5255462	Ralstonia solanacearum;100.0%	137	1636	RAL_AA0591AA_AS
RAL_AA0387AA	YO045	SRR18649422;ILLUMINA;Paired;;SRX14752717;SRA	Environment	Plant	Potato	1963				Europe	Cyprus							University of York	Ralstonia solanacearum					PRJNA823737	SRP367713	SAMN27356514	SRS12514112	2024-11-08	2022-09-23	RAL_AA0387AA	Assembled	84.8	5.2	93221	5255567	Ralstonia solanacearum;100.0%	146	1046	RAL_AA0592AA_AS
RAL_AA0388AA	YO044	SRR18649423;ILLUMINA;Paired;;SRX14752716;SRA	Environment	Plant	Potato	1959				Europe	Cyprus							University of York	Ralstonia solanacearum					PRJNA823737	SRP367713	SAMN27356513	SRS12514114	2024-11-08	2022-09-23	RAL_AA0388AA	Assembled	49.4	5.2	110339	5176195	Ralstonia solanacearum;100.0%	132	1758	RAL_AA0281AA_AS
RAL_AA0389AA	R285	SRR18649424;ILLUMINA;Paired;;SRX14752715;SRA	Environment	Plant	Potato					North America	Costa Rica							University of York	Ralstonia solanacearum					PRJNA823737	SRP367713	SAMN27356512	SRS12514113	2024-11-08	2022-09-23	RAL_AA0389AA	Assembled	58.9	5.2	144320	5627588	Ralstonia solanacearum;98.37%	108	1358	RAL_AA0593AA_AS
RAL_AA0390AA	YO042	SRR18649425;ILLUMINA;Paired;;SRX14752714;SRA	Environment	Plant	Pepper					North America	Costa Rica							University of York	Ralstonia solanacearum					PRJNA823737	SRP367713	SAMN27356511	SRS12514111	2024-11-08	2022-09-23	RAL_AA0390AA	Assembled	65	5.2	109694	5681450	Ralstonia solanacearum;99.82%	127	3322	RAL_AA0594AA_AS
RAL_AA0391AA	R286, UW275	SRR18649426;ILLUMINA;Paired;;SRX14752713;SRA	Environment	Plant	M. perfoliatum					North America	Costa Rica							University of York	Ralstonia solanacearum					PRJNA823737	SRP367713	SAMN27356510	SRS12514109	2024-11-08	2022-09-23	RAL_AA0391AA	Assembled	62.1	5.2	194816	5601972	Ralstonia solanacearum;99.28%	116	2263	RAL_AA0595AA_AS
RAL_AA0392AA	YO005	SRR18649427;ILLUMINA;Paired;;SRX14752712;SRA	Environment	Plant	Tobacco					Oceania	Australia	New South Wales		Wollongong City Council		-34.41617445	150.8980672734334	University of York	Ralstonia solanacearum					PRJNA823737	SRP367713	SAMN27356474	SRS12514108	2024-11-08	2022-09-23	RAL_AA0392AA	Assembled	62	5.2	130886	5721516	Ralstonia solanacearum;98.76%	145	2897	RAL_AA0596AA_AS
RAL_AA0393AA	YO040	SRR18649428;ILLUMINA;Paired;;SRX14752711;SRA	Environment	Plant	Ginger					North America	Costa Rica							University of York	Ralstonia solanacearum					PRJNA823737	SRP367713	SAMN27356509	SRS12514110	2024-11-08	2022-09-23	RAL_AA0393AA	Assembled	46.3	5.2	66634	5873566	Ralstonia solanacearum;99.51%	280	6624	RAL_AA0286AA_AS
RAL_AA0394AA	R285, UW256	SRR18649429;ILLUMINA;Paired;;SRX14752710;SRA	Environment	Plant	Potato	1972				North America	Costa Rica							University of York	Ralstonia solanacearum					PRJNA823737	SRP367713	SAMN27356508	SRS12514107	2024-11-08	2022-09-23	RAL_AA0394AA	Assembled	61.4	5.2	144320	5626199	Ralstonia solanacearum;98.37%	113	1646	RAL_AA0287AA_AS
RAL_AA0395AA	YO038	SRR18649430;ILLUMINA;Paired;;SRX14752709;SRA	Environment	Plant	False daisy	1959				North America	Costa Rica							University of York	Ralstonia solanacearum					PRJNA823737	SRP367713	SAMN27356507	SRS12514105	2024-11-08	2022-09-23	RAL_AA0395AA	Assembled	69.5	5.2	136953	5722964	Ralstonia solanacearum;99.82%	116	2762	RAL_AA0597AA_AS
RAL_AA0396AA	YO037	SRR18649431;ILLUMINA;Paired;;SRX14752708;SRA	Environment	Plant	Nightshade	1959				North America	Costa Rica							University of York	Ralstonia solanacearum					PRJNA823737	SRP367713	SAMN27356506	SRS12514106	2024-11-08	2022-09-23	RAL_AA0396AA	Assembled	68.5	5.2	125163	5722705	Ralstonia solanacearum;99.82%	128	3425	RAL_AA0598AA_AS
RAL_AA0397AA	YO036	SRR18649432;ILLUMINA;Paired;;SRX14752707;SRA	Environment	Plant	Banana	1959				North America	Costa Rica							University of York	Ralstonia solanacearum					PRJNA823737	SRP367713	SAMN27356505	SRS12514104	2024-11-08	2022-09-23	RAL_AA0397AA	Assembled	70.3	5.2	125779	5698655	Ralstonia solanacearum;96.7%	107	963	RAL_AA0599AA_AS
RAL_AA0399AA	YO113	SRR18649434;ILLUMINA;Paired;;SRX14752705;SRA	Environment	Water/River	Water	2007				Europe	Ireland		County Cork	Cork		51.8505204	-8.4855929	University of York	Ralstonia solanacearum					PRJNA823737	SRP367713	SAMN27356569	SRS12514102	2024-11-08	2022-09-23	RAL_AA0399AA	Assembled	60.2	5.2	93221	5256494	Ralstonia solanacearum;100.0%	148	1702	RAL_AA0292AA_AS
RAL_AA0400AA	YO112	SRR18649435;ILLUMINA;Paired;;SRX14752704;SRA	Environment	Water/River	Water	2007				Europe	Ireland		County Cork	Cork		51.8505204	-8.4855929	University of York	Ralstonia solanacearum					PRJNA823737	SRP367713	SAMN27356568	SRS12514101	2024-11-08	2022-09-23	RAL_AA0400AA	Assembled	50.8	5.2	101836	5254771	Ralstonia solanacearum;100.0%	137	2138	RAL_AA0601AA_AS
RAL_AA0401AA	T305	SRR18649436;ILLUMINA;Paired;;SRX14752703;SRA	Environment	Plant	Clove	1987				Asia	Indonesia	West Java		Garut		-7.2160705499999995	107.90866399789346	University of York	Ralstonia solanacearum					PRJNA823737	SRP367713	SAMN27356567	SRS12514100	2024-11-08	2022-09-23	RAL_AA0401AA	Assembled	57.7	5.2	150013	5625949	Ralstonia solanacearum;98.37%	110	1695	RAL_AA0294AA_AS
RAL_AA0402AA	T326	SRR18649437;ILLUMINA;Paired;;SRX14752702;SRA	Environment	Plant	Syzygium sp.	1987				Asia	Indonesia	West Java		Garut		-7.2160705499999995	107.90866399789346	University of York	Ralstonia solanacearum					PRJNA823737	SRP367713	SAMN27356566	SRS12514097	2024-11-08	2022-09-23	RAL_AA0402AA	Assembled	72.7	5.2	21898	4075245	Ralstonia solanacearum;97.1%	334	1830	RAL_AA0295AA_AS
RAL_AA0403AA	T329	SRR18649438;ILLUMINA;Paired;;SRX14752701;SRA	Environment	Plant	Clove	1987				Asia	Indonesia	West Java		Garut		-7.2160705499999995	107.90866399789346	University of York	Ralstonia solanacearum					PRJNA823737	SRP367713	SAMN27356565	SRS12514098	2024-11-08	2022-09-23	RAL_AA0403AA	Assembled	92.9	5.2	22465	4032996	Ralstonia solanacearum;96.74%	371	1495	RAL_AA0296AA_AS
RAL_AA0404AA	T328	SRR18649439;ILLUMINA;Paired;;SRX14752700;SRA	Environment	Plant	Clove	1987				Asia	Indonesia	West Java		Garut		-7.2160705499999995	107.90866399789346	University of York	Ralstonia solanacearum					PRJNA823737	SRP367713	SAMN27356564	SRS12514099	2024-11-08	2022-09-23	RAL_AA0404AA	Assembled	86.8	5.2	22377	4057217	Ralstonia solanacearum;95.47%	372	2049	RAL_AA0297AA_AS
RAL_AA0405AA	T440	SRR18649440;ILLUMINA;Paired;;SRX14752699;SRA	Environment	Plant	Banana	1987				Asia	Indonesia	West Java		Garut		-7.2160705499999995	107.90866399789346	University of York	Ralstonia solanacearum				Ralstonia syszygii?	PRJNA823737	SRP367713	SAMN27356563	SRS12514095	2024-11-08	2022-09-23	RAL_AA0405AA	Assembled	64.3	5.2	54686	4720817	blood disease bacterium A2-HR MARDI;92.51%	176	1528	RAL_AA0602AA_AS
RAL_AA0406AA	T394	SRR18649441;ILLUMINA;Paired;;SRX14752698;SRA	Environment	Plant	Banana	1987				Asia	Indonesia	West Java		Garut		-7.2160705499999995	107.90866399789346	University of York	Ralstonia solanacearum				Ralstonia syszygii?	PRJNA823737	SRP367713	SAMN27356562	SRS12514093	2024-11-08	2022-09-23	RAL_AA0406AA	Assembled	65.4	5.2	66099	4985771	blood disease bacterium A2-HR MARDI;96.22%	159	944	RAL_AA0299AA_AS
RAL_AA0407AA	T391	SRR18649442;ILLUMINA;Paired;;SRX14752697;SRA	Environment	Plant	Banana	1987				Asia	Indonesia	West Java		Garut		-7.2160705499999995	107.90866399789346	University of York	Ralstonia solanacearum				Ralstonia syszygii?	PRJNA823737	SRP367713	SAMN27356561	SRS12514096	2024-11-08	2022-09-23	RAL_AA0407AA	Assembled	62.2	5.2	66101	4919228	blood disease bacterium A2-HR MARDI;95.5%	164	2939	RAL_AA0603AA_AS
RAL_AA0408AA	T389	SRR18649443;ILLUMINA;Paired;;SRX14752696;SRA	Environment	Plant	Banana	1987				Asia	Indonesia	West Java		Garut		-7.2160705499999995	107.90866399789346	University of York	Ralstonia solanacearum				Ralstonia syszygii?	PRJNA823737	SRP367713	SAMN27356560	SRS12514094	2024-11-08	2022-09-23	RAL_AA0408AA	Assembled	70.4	5.2	65565	4832941	blood disease bacterium A2-HR MARDI;96.3%	164	758	RAL_AA0301AA_AS
RAL_AA0409AA	YO010	SRR18649444;ILLUMINA;Paired;;SRX14752695;SRA	Environment	Plant	Potato	2012				Asia	Bangladesh	Chattogram Division						University of York	Ralstonia solanacearum					PRJNA823737	SRP367713	SAMN27356479	SRS12514092	2024-11-08	2022-09-23	RAL_AA0409AA	Assembled	60.2	5.2	101497	5264542	Ralstonia solanacearum;100.0%	147	1584	RAL_AA0604AA_AS
RAL_AA0410AA	T379	SRR18649445;ILLUMINA;Paired;;SRX14752694;SRA	Environment	Plant	Banana	1987				Asia	Indonesia	West Java		Garut		-7.2160705499999995	107.90866399789346	University of York	Ralstonia solanacearum				Ralstonia syszygii?	PRJNA823737	SRP367713	SAMN27356559	SRS12514090	2024-11-08	2022-09-23	RAL_AA0410AA	Assembled	59.7	5.2	66587	5051888	blood disease bacterium A2-HR MARDI;94.0%	165	1357	RAL_AA0303AA_AS
RAL_AA0411AA	T327	SRR18649448;ILLUMINA;Paired;;SRX14752691;SRA	Environment	Plant	Clove	1985				Asia	Indonesia	West Java		Garut		-7.2160705499999995	107.90866399789346	University of York	Ralstonia solanacearum					PRJNA823737	SRP367713	SAMN27356556	SRS12514089	2024-11-08	2022-09-23	RAL_AA0411AA	Assembled	86.8	5.2	22934	4140191	Ralstonia solanacearum;95.03%	353	1864	RAL_AA0605AA_AS
RAL_AA0413AA	YO096	SRR18649451;ILLUMINA;Paired;;SRX14752688;SRA	Environment	Plant	Potato	1962				Asia	India	Ladakh	Leh	Leh		34.1707445	77.5775835	University of York	Ralstonia solanacearum					PRJNA823737	SRP367713	SAMN27356553	SRS12514085	2024-11-08	2022-09-23	RAL_AA0413AA	Assembled	62.3	5.2	110631	5271608	Ralstonia solanacearum;100.0%	133	1170	RAL_AA0306AA_AS
RAL_AA0414AA	YO095	SRR18649452;ILLUMINA;Paired;;SRX14752687;SRA	Environment	Plant	Potato	2012				Europe	Hungary							University of York	Ralstonia solanacearum					PRJNA823737	SRP367713	SAMN27356552	SRS12514084	2024-11-08	2022-09-23	RAL_AA0414AA	Assembled	60.9	5.2	101831	5255018	Ralstonia solanacearum;100.0%	139	1247	RAL_AA0307AA_AS
RAL_AA0415AA	YO094	SRR18649453;ILLUMINA;Paired;;SRX14752686;SRA	Environment	Plant	Potato	2012				Europe	Hungary							University of York	Ralstonia solanacearum					PRJNA823737	SRP367713	SAMN27356551	SRS12514083	2024-11-08	2022-09-23	RAL_AA0415AA	Assembled	51.7	5.2	102442	5254175	Ralstonia solanacearum;100.0%	134	1446	RAL_AA0606AA_AS
RAL_AA0416AA	YO093	SRR18649454;ILLUMINA;Paired;;SRX14752685;SRA	Environment	Plant	Potato	2012				Europe	Hungary							University of York	Ralstonia solanacearum					PRJNA823737	SRP367713	SAMN27356550	SRS12514081	2024-11-08	2022-09-23	RAL_AA0416AA	Assembled	60.8	5.2	102441	5254089	Ralstonia solanacearum;100.0%	136	1345	RAL_AA0607AA_AS
RAL_AA0417AA	YO009	SRR18649455;ILLUMINA;Paired;;SRX14752684;SRA	Environment	Plant	Potato	2012				Asia	Bangladesh	Chattogram Division						University of York	Ralstonia solanacearum					PRJNA823737	SRP367713	SAMN27356478	SRS12514080	2024-11-08	2022-09-23	RAL_AA0417AA	Assembled	64.6	5.2	141321	5694491	Ralstonia solanacearum;100.0%	143	3634	RAL_AA0608AA_AS
RAL_AA0418AA	YO092	SRR18649456;ILLUMINA;Paired;;SRX14752683;SRA	Environment	Plant	Potato	2012				Europe	Hungary							University of York	Ralstonia solanacearum					PRJNA823737	SRP367713	SAMN27356549	SRS12514082	2024-11-08	2022-09-23	RAL_AA0418AA	Assembled	56	5.2	100334	5255106	Ralstonia solanacearum;100.0%	152	2997	RAL_AA0609AA_AS
RAL_AA0419AA	YO091	SRR18649457;ILLUMINA;Paired;;SRX14752682;SRA	Environment	Plant	Potato	2012				Europe	Hungary							University of York	Ralstonia solanacearum					PRJNA823737	SRP367713	SAMN27356548	SRS12514079	2024-11-08	2022-09-23	RAL_AA0419AA	Assembled	59.1	5.2	100334	5255137	Ralstonia solanacearum;100.0%	141	1544	RAL_AA0312AA_AS
RAL_AA0420AA	R300, UW27	SRR18649459;ILLUMINA;Paired;;SRX14752680;SRA	Environment	Plant	Tobacco	1955				North America	United States	Arkansas	Benton County	Siloam Springs		36.1976379	-94.5268499	University of York	Ralstonia solanacearum					PRJNA823737	SRP367713	SAMN27356653	SRS12514077	2024-11-08	2022-09-23	RAL_AA0420AA	Assembled	58.1	5.2	75530	5745280	Ralstonia solanacearum;100.0%	207	4821	RAL_AA0610AA_AS
RAL_AA0421AA	YO374	SRR18649460;ILLUMINA;Paired;;SRX14752679;SRA	Environment	Plant	Tobacco	1954				North America	United States	Arkansas	Benton County	Siloam Springs		36.1976379	-94.5268499	University of York	Ralstonia solanacearum					PRJNA823737	SRP367713	SAMN27356652	SRS12514076	2024-11-08	2022-09-23	RAL_AA0421AA	Assembled	78.1	5.2	83394	5523345	Ralstonia solanacearum;98.8%	266	2391	RAL_AA0314AA_AS
RAL_AA0422AA	Race 3, Biovar 1	SRR18649462;ILLUMINA;Paired;;SRX14752677;SRA	Environment	Water/River	Water	2016				Europe	United Kingdom	England		Birmingham		52.4897433	-1.8540988	University of York	Ralstonia solanacearum					PRJNA823737	SRP367713	SAMN27356650	SRS12514074	2024-11-08	2022-09-23	RAL_AA0422AA	Assembled	63.6	5.2	101841	5257094	Ralstonia solanacearum;100.0%	147	1512	RAL_AA0611AA_AS
RAL_AA0423AA	Race 3, Biovar 1	SRR18649463;ILLUMINA;Paired;;SRX14752676;SRA	Environment	Water/River	Water	2016				Europe	United Kingdom	England		Birmingham		52.4897433	-1.8540988	University of York	Ralstonia solanacearum					PRJNA823737	SRP367713	SAMN27356649	SRS12514072	2024-11-08	2022-09-23	RAL_AA0423AA	Assembled	80.3	5.2	101955	5249903	Ralstonia solanacearum;100.0%	142	991	RAL_AA0316AA_AS
RAL_AA0424AA	Race 3, Biovar 1	SRR18649464;ILLUMINA;Paired;;SRX14752675;SRA	Environment	Water/River	Water	2016				Europe	United Kingdom	England		Birmingham		52.4897433	-1.8540988	University of York	Ralstonia solanacearum					PRJNA823737	SRP367713	SAMN27356648	SRS12514073	2024-11-08	2022-09-23	RAL_AA0424AA	Assembled	73.6	5.2	101497	5248128	Ralstonia solanacearum;100.0%	138	1003	RAL_AA0317AA_AS
RAL_AA0425AA	Race 3, Biovar 1	SRR18649467;OXFORD_NANOPORE;Single;;SRX14752672;SRA,SRR18649465;ILLUMINA;Paired;;SRX14752674;SRA	Environment	Water/River	Water	2014				Europe	United Kingdom	England		Birmingham		52.4897433	-1.8540988	University of York	Ralstonia solanacearum					PRJNA823737	SRP367713	SAMN27356647	SRS12514070	2024-11-08	2022-09-23	RAL_AA0425AA	Assembled	65	5.2	100334	5255594	Ralstonia solanacearum;100.0%	141	1414	RAL_AA0318AA_AS
RAL_AA0426AA	YO019	SRR18649466;ILLUMINA;Paired;;SRX14752673;SRA	Food	Plant	Chili	1991				South America	Brazil	Santa Catarina		Joinville				University of York	Ralstonia solanacearum					PRJNA823737	SRP367713	SAMN27356488	SRS12514071	2024-11-08	2022-09-23	RAL_AA0426AA	Assembled	86.5	5.2	101496	5300278	Ralstonia solanacearum;100.0%	144	1149	RAL_AA0612AA_AS
RAL_AA0428AA	Race 3, Biovar 1	SRR18649470;ILLUMINA;Paired;;SRX14752669;SRA,SRR18649471;OXFORD_NANOPORE;Single;;SRX14752668;SRA	Environment	Plant	Potato	1992				Europe	United Kingdom	England		Birmingham		52.4897433	-1.8540988	University of York	Ralstonia solanacearum					PRJNA823737	SRP367713	SAMN27356645	SRS12514068	2024-11-08	2022-09-23	RAL_AA0428AA	Assembled	68.4	5.2	100333	5255277	Ralstonia solanacearum;100.0%	139	928	RAL_AA0614AA_AS
RAL_AA0429AA	YO194	SRR18649472;ILLUMINA;Paired;;SRX14752667;SRA	Environment	Plant	Peanut	1969				Africa	Uganda	Sironko	Bugisa sub-region					University of York	Ralstonia solanacearum					PRJNA823737	SRP367713	SAMN27356644	SRS12514067	2024-11-08	2022-09-23	RAL_AA0429AA	Assembled	73	5.2	83250	5686281	Ralstonia solanacearum;99.82%	180	2564	RAL_AA0615AA_AS
RAL_AA0430AA	YO192	SRR18649473;ILLUMINA;Paired;;SRX14752666;SRA	Environment	Plant	Tomato	1968												University of York	Ralstonia solanacearum					PRJNA823737	SRP367713	SAMN27356643	SRS12514066	2024-11-08	2022-09-23	RAL_AA0430AA	Assembled	87.2	5.2	94147	5437004	Ralstonia solanacearum;98.0%	217	1805	RAL_AA0616AA_AS
RAL_AA0432AA	YO190	SRR18649475;ILLUMINA;Paired;;SRX14752664;SRA	Environment	Plant	Tomato	1957												University of York	Ralstonia solanacearum					PRJNA823737	SRP367713	SAMN27356641	SRS12514064	2024-11-08	2022-09-23	RAL_AA0432AA	Assembled	64.3	5.2	85702	5372885	Ralstonia solanacearum;98.1%	220	2166	RAL_AA0618AA_AS
RAL_AA0433AA	YO189	SRR18649476;ILLUMINA;Paired;;SRX14752663;SRA	Environment	Plant	Banana	1957												University of York	Ralstonia solanacearum					PRJNA823737	SRP367713	SAMN27356640	SRS12514063	2024-11-08	2022-09-23	RAL_AA0433AA	Assembled	67.5	5.2	85814	5428157	Ralstonia solanacearum;97.25%	217	1645	RAL_AA0619AA_AS
RAL_AA0434AA	YO018	SRR18649477;ILLUMINA;Paired;;SRX14752662;SRA	Food	Plant	Chili	1991				South America	Brazil	Santa Catarina		Joinville				University of York	Ralstonia solanacearum					PRJNA823737	SRP367713	SAMN27356487	SRS12514062	2024-11-08	2022-09-23	RAL_AA0434AA	Assembled	56	5.2	88471	5708478	Ralstonia solanacearum;98.44%	172	3877	RAL_AA0620AA_AS
RAL_AA0435AA	R299, UW30	SRR18649478;ILLUMINA;Paired;;SRX14752661;SRA	Environment	Plant	Tomato	1957												University of York	Ralstonia solanacearum					PRJNA823737	SRP367713	SAMN27356639	SRS12514061	2024-11-08	2022-09-23	RAL_AA0435AA	Assembled	66.3	5.2	71793	5320567	Ralstonia solanacearum;97.89%	230	2827	RAL_AA0621AA_AS
RAL_AA0436AA	YO187	SRR18649479;ILLUMINA;Paired;;SRX14752660;SRA	Environment	Plant	Ginger					Asia	Thailand							University of York	Ralstonia solanacearum					PRJNA823737	SRP367713	SAMN27356638	SRS12514060	2024-11-08	2022-09-23	RAL_AA0436AA	Assembled	51.1	5.2	103683	5600566	Ralstonia solanacearum;99.82%	136	5499	RAL_AA0622AA_AS
RAL_AA0437AA	YO184	SRR18649481;ILLUMINA;Paired;;SRX14752658;SRA	Environment	Plant	Solanum dulcamara	1974				Europe	Sweden							University of York	Ralstonia solanacearum					PRJNA823737	SRP367713	SAMN27356636	SRS12514056	2024-11-08	2022-09-23	RAL_AA0437AA	Assembled	55.8	5.2	100334	5107393	Ralstonia solanacearum;100.0%	140	2250	RAL_AA0623AA_AS
RAL_AA0438AA	YO159	SRR18649482;ILLUMINA;Paired;;SRX14752657;SRA	Environment	Plant	Banana	1992				Asia	Philippines	Negros Occidental						University of York	Ralstonia solanacearum					PRJNA823737	SRP367713	SAMN27356613	SRS12514055	2024-11-08	2022-09-23	RAL_AA0438AA	Assembled	54.9	5.2	99576	5521087	Ralstonia solanacearum;98.3%	115	2407	RAL_AA0624AA_AS
RAL_AA0439AA	YO158	SRR18649483;ILLUMINA;Paired;;SRX14752656;SRA	Environment	Plant	Potato					South America	Peru							University of York	Ralstonia solanacearum					PRJNA823737	SRP367713	SAMN27356612	SRS12514054	2024-11-08	2022-09-23	RAL_AA0439AA	Assembled	51.8	5.2	197471	5833032	Ralstonia solanacearum;99.66%	97	3524	RAL_AA0625AA_AS
RAL_AA0440AA	YO157	SRR18649484;ILLUMINA;Paired;;SRX14752655;SRA	Environment	Plant	Banana					South America	Peru							University of York	Ralstonia solanacearum					PRJNA823737	SRP367713	SAMN27356611	SRS12514053	2024-11-08	2022-09-23	RAL_AA0440AA	Assembled	51.9	5.2	166099	5501481	Ralstonia solanacearum;100.0%	91	1020	RAL_AA0626AA_AS
RAL_AA0441AA	YO156	SRR18649485;ILLUMINA;Paired;;SRX14752654;SRA	Environment	Plant	Tomato					South America	Peru							University of York	Ralstonia solanacearum					PRJNA823737	SRP367713	SAMN27356610	SRS12514052	2024-11-08	2022-09-23	RAL_AA0441AA	Assembled	88.4	5.2	95620	5784358	Ralstonia solanacearum;97.38%	185	2654	RAL_AA0627AA_AS
RAL_AA0442AA	YO015	SRR18649486;ILLUMINA;Paired;;SRX14752653;SRA	Environment	Plant	Banana	1979				South America	Brazil	Santa Catarina		Joinville				University of York	Ralstonia solanacearum					PRJNA823737	SRP367713	SAMN27356484	SRS12514058	2024-11-08	2022-09-23	RAL_AA0442AA	Assembled	70	5.2	45836	5798668	Ralstonia solanacearum;96.44%	399	3435	RAL_AA0628AA_AS
RAL_AA0443AA	CIP301, R311	SRR18649487;ILLUMINA;Paired;;SRX14752652;SRA	Environment	Plant	Potato					South America	Peru							University of York	Ralstonia solanacearum					PRJNA823737	SRP367713	SAMN27356609	SRS12514057	2024-11-08	2022-09-23	RAL_AA0443AA	Assembled	61.6	5.2	129371	5723672	Ralstonia solanacearum;99.81%	136	4245	RAL_AA0629AA_AS
RAL_AA0444AA	R355	SRR18649488;ILLUMINA;Paired;;SRX14752651;SRA	Environment	Plant	Tomato					South America	Peru							University of York	Ralstonia solanacearum					PRJNA823737	SRP367713	SAMN27356608	SRS12514051	2024-11-08	2022-09-23	RAL_AA0444AA	Assembled	48.5	5.2	74160	5898989	Ralstonia solanacearum;97.62%	254	5370	RAL_AA0630AA_AS
RAL_AA0445AA	YO153	SRR18649489;ILLUMINA;Paired;;SRX14752650;SRA	Environment	Plant	Potato	1989				South America	Peru							University of York	Ralstonia solanacearum					PRJNA823737	SRP367713	SAMN27356607	SRS12514050	2024-11-08	2022-09-23	RAL_AA0445AA	Assembled	54.7	5.2	304269	5511229	Ralstonia solanacearum;100.0%	46	646	RAL_AA0631AA_AS
RAL_AA0446AA	YO151	SRR18649491;ILLUMINA;Paired;;SRX14752648;SRA	Environment	Plant	Potato	1975				Oceania	Papua New Guinea							University of York	Ralstonia solanacearum					PRJNA823737	SRP367713	SAMN27356605	SRS12514048	2024-11-08	2022-09-23	RAL_AA0446AA	Assembled	79.2	5.2	142009	5822961	Ralstonia solanacearum;98.45%	161	3348	RAL_AA0632AA_AS
RAL_AA0447AA	YO150	SRR18649492;ILLUMINA;Paired;;SRX14752647;SRA	Environment	Plant	Tomato	1961				Oceania	Papua New Guinea							University of York	Ralstonia solanacearum					PRJNA823737	SRP367713	SAMN27356604	SRS12514047	2024-11-08	2022-09-23	RAL_AA0447AA	Assembled	51.6	5.2	149459	5757263	Ralstonia solanacearum;99.47%	155	5882	RAL_AA0633AA_AS
RAL_AA0448AA	YO149	SRR18649493;ILLUMINA;Paired;;SRX14752646;SRA	Environment	Plant	Tomato	1961				Oceania	Papua New Guinea							University of York	Ralstonia solanacearum					PRJNA823737	SRP367713	SAMN27356603	SRS12514045	2024-11-08	2022-09-23	RAL_AA0448AA	Assembled	52.2	5.2	110029	5822139	Ralstonia solanacearum;98.25%	176	5545	RAL_AA0634AA_AS
RAL_AA0449AA	YO148	SRR18649494;ILLUMINA;Paired;;SRX14752645;SRA	Environment	Plant	Potato	2011				Asia	Pakistan	Punjab	Bahawalpur District	Bahawalpur		29.40803	71.6739935	University of York	Ralstonia solanacearum					PRJNA823737	SRP367713	SAMN27356602	SRS12514046	2024-11-08	2022-09-23	RAL_AA0449AA	Assembled	48.2	5.2	101836	5397617	Ralstonia solanacearum;98.47%	146	1752	RAL_AA0635AA_AS
RAL_AA0450AA	YO147	SRR18649495;ILLUMINA;Paired;;SRX14752644;SRA	Environment	Plant	Potato	2011				Asia	Pakistan	Punjab	Bahawalpur District	Bahawalpur		29.40803	71.6739935	University of York	Ralstonia solanacearum					PRJNA823737	SRP367713	SAMN27356601	SRS12514043	2024-11-08	2022-09-23	RAL_AA0450AA	Assembled	58.8	5.2	110339	5235102	Ralstonia solanacearum;100.0%	136	1412	RAL_AA0636AA_AS
RAL_AA0451AA	YO146	SRR18649496;ILLUMINA;Paired;;SRX14752643;SRA	Environment	Plant	Potato	1968				Africa	Nigeria							University of York	Ralstonia solanacearum					PRJNA823737	SRP367713	SAMN27356600	SRS12514041	2024-11-08	2022-09-23	RAL_AA0451AA	Assembled	75.3	5.2	110340	5256054	Ralstonia solanacearum;100.0%	134	1130	RAL_AA0637AA_AS
RAL_AA0452AA	R296, UW90	SRR18649497;ILLUMINA;Paired;;SRX14752642;SRA	Environment	Plant	Tobacco	1968				South America	Brazil	Santa Catarina		Joinville				University of York	Ralstonia solanacearum					PRJNA823737	SRP367713	SAMN27356483	SRS12514044	2024-11-08	2022-09-23	RAL_AA0452AA	Assembled	63.4	5.2	143000	5418301	Ralstonia solanacearum;98.85%	117	2115	RAL_AA0638AA_AS
RAL_AA0453AA	YO145	SRR18649498;ILLUMINA;Paired;;SRX14752641;SRA	Environment	Plant	Potato	1965				Africa	Nigeria	Federal Capital Territory	Municipal Area Council	Abuja		9.045903200000001	7.4615997128595035	University of York	Ralstonia solanacearum					PRJNA823737	SRP367713	SAMN27356599	SRS12514042	2024-11-08	2022-09-23	RAL_AA0453AA	Assembled	61.2	5.2	152328	5509011	Ralstonia solanacearum;98.87%	93	3065	RAL_AA0639AA_AS
RAL_AA0455AA	R287, UW278	SRR18649501;ILLUMINA;Paired;;SRX14752638;SRA	Environment	Plant	Tomato					North America	Mexico	Quintana Roo		Playa del Carmen		20.6326944	-87.0684747	University of York	Ralstonia solanacearum					PRJNA823737	SRP367713	SAMN27356596	SRS12514040	2024-11-08	2022-09-23	RAL_AA0455AA	Assembled	75.5	5.2	150664	5626513	Ralstonia solanacearum;98.37%	107	1052	RAL_AA0641AA_AS
RAL_AA0456AA	YO141	SRR18649502;ILLUMINA;Paired;;SRX14752637;SRA	Environment	Plant	Common bean	1963				Africa	Mauritius					-19.7133169	63.5016713	University of York	Ralstonia solanacearum					PRJNA823737	SRP367713	SAMN27356595	SRS12514039	2024-11-08	2022-09-23	RAL_AA0456AA	Assembled	67.8	5.2	75145	5716070	Ralstonia solanacearum;99.32%	268	3846	RAL_AA0642AA_AS
RAL_AA0457AA	YO140	SRR18649503;ILLUMINA;Paired;;SRX14752636;SRA	Environment	Plant	Strelitzia reginae	1963				Africa	Mauritius					-19.7133169	63.5016713	University of York	Ralstonia solanacearum					PRJNA823737	SRP367713	SAMN27356594	SRS12514036	2024-11-08	2022-09-23	RAL_AA0457AA	Assembled	61.5	5.2	78295	5718390	Ralstonia solanacearum;99.32%	256	3390	RAL_AA0643AA_AS
RAL_AA0458AA	YO139	SRR18649504;ILLUMINA;Paired;;SRX14752635;SRA	Environment	Plant	Potato	1960				Africa	Mauritius					-19.7133169	63.5016713	University of York	Ralstonia solanacearum					PRJNA823737	SRP367713	SAMN27356593	SRS12514035	2024-11-08	2022-09-23	RAL_AA0458AA	Assembled	57	5.2	90532	5426187	Ralstonia solanacearum;99.27%	237	3474	RAL_AA0644AA_AS
RAL_AA0459AA	YO138	SRR18649505;ILLUMINA;Paired;;SRX14752634;SRA	Environment	Plant	Dahlia sp.	1956				Africa	Mauritius					-19.7133169	63.5016713	University of York	Ralstonia solanacearum					PRJNA823737	SRP367713	SAMN27356592	SRS12514033	2024-11-08	2022-09-23	RAL_AA0459AA	Assembled	72.4	5.2	75145	5718078	Ralstonia solanacearum;99.32%	258	3267	RAL_AA0645AA_AS
RAL_AA0460AA	R281, UW154	SRR18649507;ILLUMINA;Paired;;SRX14752632;SRA	Environment	Plant	Tobacco	1966				South America	Colombia							University of York	Ralstonia solanacearum					PRJNA823737	SRP367713	SAMN27356502	SRS12514032	2024-11-08	2022-09-23	RAL_AA0460AA	Assembled	59.5	5.2	167002	5475904	Ralstonia solanacearum;99.24%	82	1147	RAL_AA0646AA_AS
RAL_AA0461AA	YO032	SRR18649508;ILLUMINA;Paired;;SRX14752631;SRA	Environment	Plant	Heliconia caribaea	1960				South America	Colombia							University of York	Ralstonia solanacearum					PRJNA823737	SRP367713	SAMN27356501	SRS12514031	2024-11-08	2022-09-23	RAL_AA0461AA	Assembled	63.6	5.2	215448	5422622	Ralstonia solanacearum;100.0%	45	512	RAL_AA0647AA_AS
RAL_AA0462AA	YO031	SRR18649509;ILLUMINA;Paired;;SRX14752630;SRA	Environment	Plant	Potato	1950				South America	Colombia							University of York	Ralstonia solanacearum					PRJNA823737	SRP367713	SAMN27356500	SRS12514030	2024-11-08	2022-09-23	RAL_AA0462AA	Assembled	52.5	5.2	104845	5305327	Ralstonia solanacearum;99.62%	140	2743	RAL_AA0648AA_AS
RAL_AA0463AA	YO004	SRR18649510;ILLUMINA;Paired;;SRX14752629;SRA	Environment	Plant	Potato	1997				Oceania	Australia	New South Wales		Wollongong City Council		-34.41617445	150.8980672734334	University of York	Ralstonia solanacearum					PRJNA823737	SRP367713	SAMN27356473	SRS12514028	2024-11-08	2022-09-23	RAL_AA0463AA	Assembled	73.5	5.2	110342	5237859	Ralstonia solanacearum;100.0%	138	735	RAL_AA0649AA_AS
RAL_AA0464AA	YO030	SRR18649511;ILLUMINA;Paired;;SRX14752628;SRA	Environment	Plant	Peanut					South America	Peru	La Libertad		Trujillo		-8.1050594	-79.0106017	University of York	Ralstonia solanacearum					PRJNA823737	SRP367713	SAMN27356499	SRS12514027	2024-11-08	2022-09-23	RAL_AA0464AA	Assembled	64.1	5.2	80697	5500766	Ralstonia solanacearum;99.62%	192	3162	RAL_AA0650AA_AS
RAL_AA0465AA	YO029	SRR18649512;ILLUMINA;Paired;;SRX14752627;SRA	Environment	Plant	Ginger					South America	Peru	La Libertad		Trujillo		-8.1050594	-79.0106017	University of York	Ralstonia solanacearum					PRJNA823737	SRP367713	SAMN27356498	SRS12514026	2024-11-08	2022-09-23	RAL_AA0465AA	Assembled	53.3	5.2	77980	5862643	Ralstonia solanacearum;100.0%	276	4309	RAL_AA0651AA_AS
RAL_AA0466AA	YO028	SRR18649513;ILLUMINA;Paired;;SRX14752626;SRA	Environment	Plant	Ginger					South America	Peru	La Libertad		Trujillo		-8.1050594	-79.0106017	University of York	Ralstonia solanacearum					PRJNA823737	SRP367713	SAMN27356497	SRS12514029	2024-11-08	2022-09-23	RAL_AA0466AA	Assembled	65	5.2	78495	5800450	Ralstonia solanacearum;99.84%	296	5347	RAL_AA0652AA_AS
RAL_AA0467AA	YO027	SRR18649514;ILLUMINA;Paired;;SRX14752625;SRA	Environment	Plant	Olive					South America	Peru	La Libertad		Trujillo		-8.1050594	-79.0106017	University of York	Ralstonia solanacearum					PRJNA823737	SRP367713	SAMN27356496	SRS12514025	2024-11-08	2022-09-23	RAL_AA0467AA	Assembled	48.8	5.2	86051	5820585	Ralstonia solanacearum;99.48%	228	5609	RAL_AA0653AA_AS
RAL_AA0469AA	YO025	SRR18649516;ILLUMINA;Paired;;SRX14752623;SRA	Environment	Plant	Mulberry					South America	Peru	La Libertad		Trujillo		-8.1050594	-79.0106017	University of York	Ralstonia solanacearum					PRJNA823737	SRP367713	SAMN27356494	SRS12514022	2024-11-08	2022-09-23	RAL_AA0469AA	Assembled	49.5	5.2	34634	5462783	Ralstonia solanacearum;98.94%	420	9798	RAL_AA0655AA_AS
RAL_AA0470AA	YO024	SRR18649517;ILLUMINA;Paired;;SRX14752622;SRA	Environment	Plant	Mulberry					South America	Peru	La Libertad		Trujillo		-8.1050594	-79.0106017	University of York	Ralstonia solanacearum					PRJNA823737	SRP367713	SAMN27356493	SRS12514023	2024-11-08	2022-09-23	RAL_AA0470AA	Assembled	50.3	5.2	77270	5597547	Ralstonia solanacearum;99.62%	193	4569	RAL_AA0656AA_AS
RAL_AA0471AA	YO023	SRR18649518;ILLUMINA;Paired;;SRX14752621;SRA	Environment	Plant	Olive					South America	Peru	La Libertad		Trujillo		-8.1050594	-79.0106017	University of York	Ralstonia solanacearum					PRJNA823737	SRP367713	SAMN27356492	SRS12514021	2024-11-08	2022-09-23	RAL_AA0471AA	Assembled	53.8	5.2	70249	5686092	Ralstonia solanacearum;99.83%	232	5941	RAL_AA0657AA_AS
RAL_AA0472AA	YO022	SRR18649519;ILLUMINA;Paired;;SRX14752620;SRA	Environment	Plant	Potato					South America	Chile	Arica and Parinacota Region	Provincia de Arica	Arica				University of York	Ralstonia solanacearum					PRJNA823737	SRP367713	SAMN27356491	SRS12514020	2024-11-08	2022-09-23	RAL_AA0472AA	Assembled	74.9	5.2	112105	5326815	Ralstonia solanacearum;99.81%	136	1699	RAL_AA0658AA_AS
RAL_AA0473AA	YO021	SRR18649520;ILLUMINA;Paired;;SRX14752619;SRA	Environment	Plant	Potato	1993				South America	Brazil	Santa Catarina		Joinville				University of York	Ralstonia solanacearum					PRJNA823737	SRP367713	SAMN27356490	SRS12514019	2024-11-08	2022-09-23	RAL_AA0473AA	Assembled	55.4	5.2	89360	5710092	Ralstonia solanacearum;98.88%	177	4056	RAL_AA0659AA_AS
RAL_AA0474AA	YO384	SRR18649522;ILLUMINA;Paired;;SRX14752617;SRA	Environment	Plant	Comfrey	1956				Africa	Zimbabwe							University of York	Ralstonia solanacearum					PRJNA823737	SRP367713	SAMN27356661	SRS12514017	2024-11-08	2022-09-23	RAL_AA0474AA	Assembled	76.7	5.2	92781	5492403	Ralstonia solanacearum;97.28%	252	3722	RAL_AA0660AA_AS
RAL_AA0475AA	YO383	SRR18649523;ILLUMINA;Paired;;SRX14752616;SRA	Environment	Plant	Potato	1954				Africa	Zimbabwe							University of York	Ralstonia solanacearum					PRJNA823737	SRP367713	SAMN27356660	SRS12514016	2024-11-08	2022-09-23	RAL_AA0475AA	Assembled	85.3	5.2	80065	5645913	Ralstonia solanacearum;95.43%	207	2043	RAL_AA0661AA_AS
RAL_AA0476AA	YO382	SRR18649524;ILLUMINA;Paired;;SRX14752615;SRA	Environment	Plant	Solanum panduriforme	1950				Africa	Zimbabwe							University of York	Ralstonia solanacearum					PRJNA823737	SRP367713	SAMN27356659	SRS12514015	2024-11-08	2022-09-23	RAL_AA0476AA	Assembled	62.9	5.2	71391	5354277	Ralstonia solanacearum;97.99%	238	3179	RAL_AA0662AA_AS
RAL_AA0477AA	YO381	SRR18649525;ILLUMINA;Paired;;SRX14752614;SRA	Environment	Plant	Banana					South America	Venezuela	Aragua State	Municipio Zamora	Villa de Cura		10.037322	-67.4837291	University of York	Ralstonia solanacearum					PRJNA823737	SRP367713	SAMN27356658	SRS12514014	2024-11-08	2022-09-23	RAL_AA0477AA	Assembled	72.9	5.2	74511	5528062	Ralstonia solanacearum;97.63%	205	1087	RAL_AA0663AA_AS
RAL_AA0478AA	YO020	SRR18649527;ILLUMINA;Paired;;SRX14752612;SRA	Environment	Plant	Tomato	1991				South America	Brazil	Santa Catarina		Joinville				University of York	Ralstonia solanacearum					PRJNA823737	SRP367713	SAMN27356489	SRS12514012	2024-11-08	2022-09-23	RAL_AA0478AA	Assembled	62.1	5.2	89696	5689563	Ralstonia solanacearum;98.63%	187	3047	RAL_AA0664AA_AS
RAL_AA0479AA	YO379	SRR18649528;ILLUMINA;Paired;;SRX14752611;SRA	Environment	Plant	Strelitzia reginae	1961				North America	United States	Arkansas	Benton County	Siloam Springs		36.1976379	-94.5268499	University of York	Ralstonia solanacearum					PRJNA823737	SRP367713	SAMN27356656	SRS12514011	2024-11-08	2022-09-23	RAL_AA0479AA	Assembled	71.7	5.2	77026	5667989	Ralstonia solanacearum;99.64%	229	3192	RAL_AA0665AA_AS
RAL_AA0480AA	YO378	SRR18649529;ILLUMINA;Paired;;SRX14752610;SRA	Environment	Plant	Ginger	1961				North America	United States	Arkansas	Benton County	Siloam Springs		36.1976379	-94.5268499	University of York	Ralstonia solanacearum					PRJNA823737	SRP367713	SAMN27356655	SRS12514010	2024-11-08	2022-09-23	RAL_AA0480AA	Assembled	68.5	5.2	78773	5813647	Ralstonia solanacearum;100.0%	236	4263	RAL_AA0666AA_AS
RAL_AA0481AA	EURS 50	SRR18649530;ILLUMINA;Paired;;SRX14752609;SRA	Environment	Plant	Potato	1972				Europe	Sweden							University of York	Ralstonia solanacearum					PRJNA823737	SRP367713	SAMN27356635	SRS12514007	2024-11-08	2022-09-23	RAL_AA0481AA	Assembled	92.9	5.2	101497	5247027	Ralstonia solanacearum;100.0%	139	706	RAL_AA0667AA_AS
RAL_AA0482AA	YO182	SRR18649531;ILLUMINA;Paired;;SRX14752608;SRA	Environment	Plant	Tumeric	1980				Asia	Sri Lanka							University of York	Ralstonia solanacearum					PRJNA823737	SRP367713	SAMN27356634	SRS12514009	2024-11-08	2022-09-23	RAL_AA0482AA	Assembled	76.3	5.2	77118	5834067	Ralstonia solanacearum;98.3%	244	4901	RAL_AA0668AA_AS
RAL_AA0483AA	YO181	SRR18649532;ILLUMINA;Paired;;SRX14752607;SRA	Environment	Plant	Potato	1962				Asia	Sri Lanka							University of York	Ralstonia solanacearum					PRJNA823737	SRP367713	SAMN27356633	SRS12514008	2024-11-08	2022-09-23	RAL_AA0483AA	Assembled	74.6	5.2	101864	5283319	Ralstonia solanacearum;99.42%	138	1975	RAL_AA0669AA_AS
RAL_AA0484AA	SMT 69	SRR18649533;ILLUMINA;Paired;;SRX14752606;SRA	Environment	Plant	Potato	1996				Europe	Spain	Balearic Islands	Serra de Tramuntana			39.5079538	2.5315622	University of York	Ralstonia solanacearum					PRJNA823737	SRP367713	SAMN27356632	SRS12514006	2024-11-08	2022-09-23	RAL_AA0484AA	Assembled	62.6	5.2	100334	5247242	Ralstonia solanacearum;100.0%	147	1597	RAL_AA0670AA_AS
RAL_AA0485AA	YO178	SRR18649534;ILLUMINA;Paired;;SRX14752605;SRA	Environment	Plant	Tomato	1965				Africa	Seychelles							University of York	Ralstonia solanacearum					PRJNA823737	SRP367713	SAMN27356631	SRS12514005	2024-11-08	2022-09-23	RAL_AA0485AA	Assembled	58.8	5.2	82992	5726835	Ralstonia solanacearum;99.66%	208	3435	RAL_AA0671AA_AS
RAL_AA0487AA	YO176	SRR18649537;ILLUMINA;Paired;;SRX14752602;SRA				2013				Europe	Serbia							University of York	Ralstonia solanacearum					PRJNA823737	SRP367713	SAMN27356629	SRS12514002	2024-11-08	2022-09-23	RAL_AA0487AA	Assembled	70.9	5.2	102441	5254859	Ralstonia solanacearum;100.0%	137	817	RAL_AA0673AA_AS
RAL_AA0488AA	YO175	SRR18649538;ILLUMINA;Paired;;SRX14752601;SRA				2013				Europe	Serbia							University of York	Ralstonia solanacearum					PRJNA823737	SRP367713	SAMN27356628	SRS12514001	2024-11-08	2022-09-23	RAL_AA0488AA	Assembled	74.2	5.2	101497	5247177	Ralstonia solanacearum;100.0%	138	997	RAL_AA0674AA_AS
RAL_AA0489AA	YO174	SRR18649539;ILLUMINA;Paired;;SRX14752600;SRA				2013				Europe	Serbia							University of York	Ralstonia solanacearum					PRJNA823737	SRP367713	SAMN27356627	SRS12513999	2024-11-08	2022-09-23	RAL_AA0489AA	Assembled	72.2	5.2	101495	5254958	Ralstonia solanacearum;100.0%	144	1265	RAL_AA0675AA_AS
RAL_AA0490AA	YO173	SRR18649540;ILLUMINA;Paired;;SRX14752599;SRA	Environment	Plant	Potato	2012				Europe	Serbia							University of York	Ralstonia solanacearum					PRJNA823737	SRP367713	SAMN27356626	SRS12514000	2024-11-08	2022-09-23	RAL_AA0490AA	Assembled	81.3	5.2	110339	5255728	Ralstonia solanacearum;100.0%	141	851	RAL_AA0676AA_AS
RAL_AA0491AA	YO171	SRR18649541;ILLUMINA;Paired;;SRX14752598;SRA	Environment	Plant	Potato	2012				Europe	Serbia							University of York	Ralstonia solanacearum					PRJNA823737	SRP367713	SAMN27356625	SRS12513997	2024-11-08	2022-09-23	RAL_AA0491AA	Assembled	83.9	5.2	110342	5255455	Ralstonia solanacearum;100.0%	139	820	RAL_AA0677AA_AS
RAL_AA0492AA	YO170	SRR18649542;ILLUMINA;Paired;;SRX14752597;SRA	Environment	Plant	Potato	2012				Europe	Serbia							University of York	Ralstonia solanacearum					PRJNA823737	SRP367713	SAMN27356624	SRS12513996	2024-11-08	2022-09-23	RAL_AA0492AA	Assembled	69.3	5.2	101495	5253964	Ralstonia solanacearum;100.0%	138	1132	RAL_AA0678AA_AS
RAL_AA0493AA	YO169	SRR18649543;ILLUMINA;Paired;;SRX14752596;SRA	Environment	Plant	Tomato	1958				North America	United States	Puerto Rico						University of York	Ralstonia solanacearum					PRJNA823737	SRP367713	SAMN27356623	SRS12513998	2024-11-08	2022-09-23	RAL_AA0493AA	Assembled	76.6	5.2	92414	5399133	Ralstonia solanacearum;97.61%	218	1549	RAL_AA0679AA_AS
RAL_AA0494AA	YO168	SRR18649544;ILLUMINA;Paired;;SRX14752595;SRA	Environment	Plant	Tomato	1958				North America	United States	Puerto Rico						University of York	Ralstonia solanacearum					PRJNA823737	SRP367713	SAMN27356622	SRS12513995	2024-11-08	2022-09-23	RAL_AA0494AA	Assembled	54.3	5.2	85708	5395406	Ralstonia solanacearum;97.25%	216	4092	RAL_AA0680AA_AS
RAL_AA0496AA	EURS 79	SRR18649546;ILLUMINA;Paired;;SRX14752593;SRA	Environment	Plant	Potato	1995				Europe	Portugal							University of York	Ralstonia solanacearum					PRJNA823737	SRP367713	SAMN27356620	SRS12513993	2024-11-08	2022-09-23	RAL_AA0496AA	Assembled	62.9	5.2	101497	5253144	Ralstonia solanacearum;100.0%	134	1465	RAL_AA0682AA_AS
RAL_AA0497AA	YO016	SRR18649547;ILLUMINA;Paired;;SRX14752592;SRA	Environment	Plant	Banana	1979				South America	Brazil	Santa Catarina		Joinville				University of York	Ralstonia solanacearum					PRJNA823737	SRP367713	SAMN27356485	SRS12513991	2024-11-08	2022-09-23	RAL_AA0497AA	Assembled	56	5.2	42876	5796137	Ralstonia solanacearum;97.0%	424	4671	RAL_AA0683AA_AS
RAL_AA0498AA	YO165	SRR18649548;ILLUMINA;Paired;;SRX14752591;SRA	Environment	Plant	Tomato	1960				Europe	Portugal							University of York	Ralstonia solanacearum					PRJNA823737	SRP367713	SAMN27356619	SRS12513990	2024-11-08	2022-09-23	RAL_AA0498AA	Assembled	72.2	5.2	110339	5188870	Ralstonia solanacearum;100.0%	137	1335	RAL_AA0684AA_AS
RAL_AA0499AA	YO164	SRR18649549;ILLUMINA;Paired;;SRX14752590;SRA	Environment	Plant	Rose	2016				Europe	Poland	Greater Poland Voivodeship						University of York	Ralstonia solanacearum					PRJNA823737	SRP367713	SAMN27356618	SRS12513992	2024-11-08	2022-09-23	RAL_AA0499AA	Assembled	63.4	5.2	79879	5698768	Ralstonia solanacearum;100.0%	197	2935	RAL_AA0685AA_AS
RAL_AA0500AA	YO163	SRR18649550;ILLUMINA;Paired;;SRX14752589;SRA	Environment	Plant	Rose	2016				Europe	Poland	Greater Poland Voivodeship						University of York	Ralstonia solanacearum					PRJNA823737	SRP367713	SAMN27356617	SRS12513989	2024-11-08	2022-09-23	RAL_AA0500AA	Assembled	48.8	5.2	79561	5700674	Ralstonia solanacearum;100.0%	196	3857	RAL_AA0686AA_AS
RAL_AA0501AA	YO162	SRR18649551;ILLUMINA;Paired;;SRX14752588;SRA				2014				Europe	Poland	Greater Poland Voivodeship						University of York	Ralstonia solanacearum					PRJNA823737	SRP367713	SAMN27356616	SRS12513988	2024-11-08	2022-09-23	RAL_AA0501AA	Assembled	59.1	5.2	101496	5246069	Ralstonia solanacearum;100.0%	136	1248	RAL_AA0764AA_AS
RAL_AA0503AA	YO160	SRR18649553;ILLUMINA;Paired;;SRX14752586;SRA	Environment	Plant	Banana					Asia	Philippines	Negros Occidental						University of York	Ralstonia solanacearum					PRJNA823737	SRP367713	SAMN27356614	SRS12513987	2024-11-08	2022-09-23	RAL_AA0503AA	Assembled	46.5	5.2	94910	5846838	Ralstonia solanacearum;92.5%	126	26111	RAL_AA0766AA_AS
RAL_AA0504AA	YO137	SRR18649554;ILLUMINA;Paired;;SRX14752585;SRA	Food	Plant	Cabbage	1956				Africa	Mauritius					-19.7133169	63.5016713	University of York	Ralstonia solanacearum					PRJNA823737	SRP367713	SAMN27356591	SRS12513983	2024-11-08	2022-09-23	RAL_AA0504AA	Assembled	64.4	5.2	78442	5716224	Ralstonia solanacearum;99.32%	249	2820	RAL_AA0767AA_AS
RAL_AA0505AA	YO136	SRR18649555;ILLUMINA;Paired;;SRX14752584;SRA	Environment	Plant	Broad bean	1956				Africa	Mauritius					-19.7133169	63.5016713	University of York	Ralstonia solanacearum					PRJNA823737	SRP367713	SAMN27356590	SRS12513982	2024-11-08	2022-09-23	RAL_AA0505AA	Assembled	65.3	5.2	73636	5716358	Ralstonia solanacearum;99.32%	273	3455	RAL_AA0768AA_AS
RAL_AA0506AA	YO013	SRR18649556;ILLUMINA;Paired;;SRX14752583;SRA	Environment	Plant	Potato	1958				South America	Brazil	Santa Catarina		Joinville				University of York	Ralstonia solanacearum					PRJNA823737	SRP367713	SAMN27356482	SRS12513985	2024-11-08	2022-09-23	RAL_AA0506AA	Assembled	67	5.2	100334	5300557	Ralstonia solanacearum;100.0%	145	1043	RAL_AA0769AA_AS
RAL_AA0507AA	YO134	SRR18649558;ILLUMINA;Paired;;SRX14752581;SRA	Environment	Plant	Eggplant	1965				Europe	France	Martinique						University of York	Ralstonia solanacearum					PRJNA823737	SRP367713	SAMN27356588	SRS12513981	2024-11-08	2022-09-23	RAL_AA0507AA	Assembled	68.4	5.2	194442	5660123	Ralstonia solanacearum;99.48%	141	3683	RAL_AA0770AA_AS
RAL_AA0508AA	YO132	SRR18649560;ILLUMINA;Paired;;SRX14752579;SRA	Environment	Plant	Potato	1964				Asia	Malaysia			Kuala Lumpur		3.05592175	101.69985504838799	University of York	Ralstonia solanacearum					PRJNA823737	SRP367713	SAMN27356586	SRS12513979	2024-11-08	2022-09-23	RAL_AA0508AA	Assembled	76.7	5.2	101982	5220571	Ralstonia solanacearum;100.0%	140	746	RAL_AA0771AA_AS
RAL_AA0509AA	YO131	SRR18649561;ILLUMINA;Paired;;SRX14752578;SRA	Environment	Plant	Ginger	1961				Asia	Malaysia			Kuala Lumpur		3.05592175	101.69985504838799	University of York	Ralstonia solanacearum					PRJNA823737	SRP367713	SAMN27356585	SRS12513978	2024-11-08	2022-09-23	RAL_AA0509AA	Assembled	65.8	5.2	80200	5973786	Ralstonia solanacearum;99.68%	245	4230	RAL_AA0772AA_AS
RAL_AA0510AA	YO130	SRR18649562;ILLUMINA;Paired;;SRX14752577;SRA	Environment	Plant	Teak	1960				Asia	Malaysia			Kuala Lumpur		3.05592175	101.69985504838799	University of York	Ralstonia solanacearum					PRJNA823737	SRP367713	SAMN27356584	SRS12513976	2024-11-08	2022-09-23	RAL_AA0510AA	Assembled	70.6	5.2	156464	5520513	Ralstonia solanacearum;99.64%	102	2818	RAL_AA0773AA_AS
RAL_AA0511AA	YO129	SRR18649563;ILLUMINA;Paired;;SRX14752576;SRA	Environment	Plant	Potato	1963				Europe	Portugal			Funchal		32.6452059	-16.9357358	University of York	Ralstonia solanacearum					PRJNA823737	SRP367713	SAMN27356583	SRS12513977	2024-11-08	2022-09-23	RAL_AA0511AA	Assembled	50.1	5.2	87244	5256898	Ralstonia solanacearum;100.0%	149	2507	RAL_AA0774AA_AS
RAL_AA0512AA	YO128	SRR18649564;ILLUMINA;Paired;;SRX14752575;SRA	Environment	Soil/Dust	Soil	2001				Africa	Kenya							University of York	Ralstonia solanacearum					PRJNA823737	SRP367713	SAMN27356582	SRS12513975	2024-11-08	2022-09-23	RAL_AA0512AA	Assembled	55.5	5.2	145977	5225935	Ralstonia solanacearum;98.84%	90	2614	RAL_AA0775AA_AS
RAL_AA0513AA	YO127	SRR18649565;ILLUMINA;Paired;;SRX14752574;SRA	Environment	Water/River	Water	2001				Africa	Kenya							University of York	Ralstonia solanacearum					PRJNA823737	SRP367713	SAMN27356581	SRS12513974	2024-11-08	2022-09-23	RAL_AA0513AA	Assembled	53.5	5.2	101497	5256128	Ralstonia solanacearum;100.0%	142	1984	RAL_AA0776AA_AS
RAL_AA0514AA	YO126	SRR18649566;ILLUMINA;Paired;;SRX14752573;SRA	Environment	Plant	Pelargonium x hortorum	2001				Africa	Kenya							University of York	Ralstonia solanacearum					PRJNA823737	SRP367713	SAMN27356580	SRS12513973	2024-11-08	2022-09-23	RAL_AA0514AA	Assembled	61	5.2	99898	5387958	Ralstonia solanacearum;98.09%	149	1327	RAL_AA0777AA_AS
RAL_AA0515AA	EURS 58	SRR18649567;ILLUMINA;Paired;;SRX14752572;SRA	Environment	Plant	Potato	1993				Europe	Belgium	Hainaut	Mons	Mons		50.4525367	3.9808605	University of York	Ralstonia solanacearum					PRJNA823737	SRP367713	SAMN27356481	SRS12513972	2024-11-08	2022-09-23	RAL_AA0515AA	Assembled	55.8	5.2	93221	5217907	Ralstonia solanacearum;100.0%	149	3823	RAL_AA0778AA_AS
RAL_AA0516AA	YO125	SRR18649568;ILLUMINA;Paired;;SRX14752571;SRA	Environment	Plant	Pelargonium x hortorum	2001				Africa	Kenya							University of York	Ralstonia solanacearum					PRJNA823737	SRP367713	SAMN27356579	SRS12513971	2024-11-08	2022-09-23	RAL_AA0516AA	Assembled	50.8	5.2	93221	5254498	Ralstonia solanacearum;100.0%	150	2425	RAL_AA0779AA_AS
RAL_AA0517AA	YO124	SRR18649569;ILLUMINA;Paired;;SRX14752570;SRA	Environment	Water/River	Water	2001				Africa	Kenya							University of York	Ralstonia solanacearum					PRJNA823737	SRP367713	SAMN27356578	SRS12513970	2024-11-08	2022-09-23	RAL_AA0517AA	Assembled	57	5.2	78442	5719054	Ralstonia solanacearum;99.15%	263	5735	RAL_AA0780AA_AS
RAL_AA0518AA	YO123	SRR18649570;ILLUMINA;Paired;;SRX14752569;SRA	Environment	Plant	Tomato	1961				Africa	Kenya							University of York	Ralstonia solanacearum					PRJNA823737	SRP367713	SAMN27356577	SRS12513969	2024-11-08	2022-09-23	RAL_AA0518AA	Assembled	63.5	5.2	101497	5295676	Ralstonia solanacearum;99.81%	137	1399	RAL_AA0781AA_AS
RAL_AA0519AA	YO122	SRR18649571;ILLUMINA;Paired;;SRX14752568;SRA	Environment	Plant	Eggplant	1961				Africa	Kenya							University of York	Ralstonia solanacearum					PRJNA823737	SRP367713	SAMN27356576	SRS12513968	2024-11-08	2022-09-23	RAL_AA0519AA	Assembled	69.7	5.2	90536	5685136	Ralstonia solanacearum;99.82%	182	2647	RAL_AA0782AA_AS
RAL_AA0520AA	YO121	SRR18649572;ILLUMINA;Paired;;SRX14752567;SRA	Environment	Plant	Potato	1961				Africa	Kenya							University of York	Ralstonia solanacearum					PRJNA823737	SRP367713	SAMN27356575	SRS12513967	2024-11-08	2022-09-23	RAL_AA0520AA	Assembled	53	5.2	101497	5242505	Ralstonia solanacearum;100.0%	139	1526	RAL_AA0783AA_AS
RAL_AA0521AA	YO120	SRR18649573;ILLUMINA;Paired;;SRX14752566;SRA	Environment	Plant	Potato	1945				Africa	Kenya							University of York	Ralstonia solanacearum					PRJNA823737	SRP367713	SAMN27356574	SRS12513966	2024-11-08	2022-09-23	RAL_AA0521AA	Assembled	61.3	5.2	93221	5254969	Ralstonia solanacearum;100.0%	151	2237	RAL_AA0784AA_AS
RAL_AA0522AA	YO117	SRR18649574;ILLUMINA;Paired;;SRX14752565;SRA	Environment	Plant	Tomato	2007				Europe	Ireland		County Cork	Cork		51.8505204	-8.4855929	University of York	Ralstonia solanacearum					PRJNA823737	SRP367713	SAMN27356573	SRS12513965	2024-11-08	2022-09-23	RAL_AA0522AA	Assembled	54.3	5.2	101847	5254284	Ralstonia solanacearum;100.0%	137	1621	RAL_AA0785AA_AS
RAL_AA0523AA	YO116	SRR18649575;ILLUMINA;Paired;;SRX14752564;SRA	Environment	Plant	Tomato	2007				Europe	Ireland		County Cork	Cork		51.8505204	-8.4855929	University of York	Ralstonia solanacearum					PRJNA823737	SRP367713	SAMN27356572	SRS12513964	2024-11-08	2022-09-23	RAL_AA0523AA	Assembled	50.7	5.2	87364	5256259	Ralstonia solanacearum;100.0%	150	2385	RAL_AA0786AA_AS
RAL_AA0524AA	YO115	SRR18649576;ILLUMINA;Paired;;SRX14752563;SRA				2007				Europe	Ireland		County Cork	Cork		51.8505204	-8.4855929	University of York	Ralstonia solanacearum					PRJNA823737	SRP367713	SAMN27356571	SRS12513962	2024-11-08	2022-09-23	RAL_AA0524AA	Assembled	52.3	5.2	93222	5255056	Ralstonia solanacearum;100.0%	145	2212	RAL_AA0787AA_AS
RAL_AA0525AA	YO114	SRR18649577;ILLUMINA;Paired;;SRX14752562;SRA	Environment	Plant	Potato	2007				Europe	Ireland		County Cork	Cork		51.8505204	-8.4855929	University of York	Ralstonia solanacearum					PRJNA823737	SRP367713	SAMN27356570	SRS12513963	2024-11-08	2022-09-23	RAL_AA0525AA	Assembled	65.8	5.2	101495	5255069	Ralstonia solanacearum;100.0%	137	1501	RAL_AA0788AA_AS
RAL_AA0526AA	YO090	SRR18649578;ILLUMINA;Paired;;SRX14752561;SRA	Environment	Plant	Potato	2012				Europe	Hungary							University of York	Ralstonia solanacearum					PRJNA823737	SRP367713	SAMN27356547	SRS12513961	2024-11-08	2022-09-23	RAL_AA0526AA	Assembled	49.3	5.2	101495	5255464	Ralstonia solanacearum;100.0%	145	2277	RAL_AA0789AA_AS
RAL_AA0527AA	YO089	SRR18649579;ILLUMINA;Paired;;SRX14752560;SRA	Environment	Plant	Banana	1959				North America	Honduras							University of York	Ralstonia solanacearum					PRJNA823737	SRP367713	SAMN27356546	SRS12513960	2024-11-08	2022-09-23	RAL_AA0527AA	Assembled	82.3	5.2	122661	5491395	Ralstonia solanacearum;99.81%	116	1961	RAL_AA0790AA_AS
RAL_AA0528AA	YO088	SRR18649580;ILLUMINA;Paired;;SRX14752559;SRA	Environment	Plant	Banana	1979				South America	Suriname							University of York	Ralstonia solanacearum					PRJNA823737	SRP367713	SAMN27356545	SRS12513959	2024-11-08	2022-09-23	RAL_AA0528AA	Assembled	47	5.2	76677	5575678	Ralstonia solanacearum;95.56%	189	6310	RAL_AA0791AA_AS
RAL_AA0529AA	YO087	SRR18649581;ILLUMINA;Paired;;SRX14752558;SRA	Environment	Plant	Potato	1967				Europe	Greece	Region of Crete	Chania Regional Unit			35.4674757	24.1529682	University of York	Ralstonia solanacearum					PRJNA823737	SRP367713	SAMN27356544	SRS12513958	2024-11-08	2022-09-23	RAL_AA0529AA	Assembled	61.7	5.2	101814	5255446	Ralstonia solanacearum;100.0%	138	821	RAL_AA0792AA_AS
RAL_AA0530AA	YO086	SRR18649582;ILLUMINA;Paired;;SRX14752557;SRA	Environment	Plant	Potato	1965				Europe	Greece	Region of Crete	Chania Regional Unit			35.4674757	24.1529682	University of York	Ralstonia solanacearum					PRJNA823737	SRP367713	SAMN27356543	SRS12513956	2024-11-08	2022-09-23	RAL_AA0530AA	Assembled	70.7	5.2	101864	5238359	Ralstonia solanacearum;100.0%	137	929	RAL_AA0793AA_AS
RAL_AA0532AA	YO084	SRR18649584;ILLUMINA;Paired;;SRX14752555;SRA	Environment	Plant	Tomato	2011				North America	United States	Georgia	Liberty County	Hinesville		31.84577955	-81.60227690992775	University of York	Ralstonia solanacearum					PRJNA823737	SRP367713	SAMN27356541	SRS12513954	2024-11-08	2022-09-23	RAL_AA0532AA	Assembled	54.2	5.2	93150	5778077	Ralstonia solanacearum;99.31%	193	5139	RAL_AA0795AA_AS
RAL_AA0533AA	YO008	SRR18649586;ILLUMINA;Paired;;SRX14752553;SRA	Environment	Plant	Potato	2012				Asia	Bangladesh	Chattogram Division						University of York	Ralstonia solanacearum					PRJNA823737	SRP367713	SAMN27356477	SRS12513953	2024-11-08	2022-09-23	RAL_AA0533AA	Assembled	57.4	5.2	93221	5256424	Ralstonia solanacearum;100.0%	142	1306	RAL_AA0796AA_AS
RAL_AA0534AA	YO080	SRR18649587;ILLUMINA;Paired;;SRX14752552;SRA	Environment	Plant	Tomato	1968				South America	Suriname							University of York	Ralstonia solanacearum					PRJNA823737	SRP367713	SAMN27356539	SRS12513952	2024-11-08	2022-09-23	RAL_AA0534AA	Assembled	70.6	5.2	95629	5735890	Ralstonia solanacearum;97.81%	187	3533	RAL_AA0797AA_AS
RAL_AA0535AA	YO079	SRR18649588;ILLUMINA;Paired;;SRX14752551;SRA	Environment	Plant	Tomato	2011				Europe	France	Ile-de-France	Paris	Paris				University of York	Ralstonia solanacearum					PRJNA823737	SRP367713	SAMN27356538	SRS12513951	2024-11-08	2022-09-23	RAL_AA0535AA	Assembled	52.8	5.2	83569	5700159	Ralstonia solanacearum;100.0%	205	4217	RAL_AA0798AA_AS
RAL_AA0536AA	YO077	SRR18649589;ILLUMINA;Paired;;SRX14752550;SRA	Environment	Plant	Tomato	1966				North America	Martinique	Martinique	Martinique	Arrondissement de Fort-de-France				University of York	Ralstonia solanacearum					PRJNA823737	SRP367713	SAMN27356537	SRS12513950	2024-11-08	2022-09-23	RAL_AA0536AA	Assembled	66.1	5.2	222171	5508619	Ralstonia solanacearum;99.05%	68	1371	RAL_AA0799AA_AS
RAL_AA0537AA	YO076	SRR18649590;ILLUMINA;Paired;;SRX14752549;SRA	Environment	Plant	Pelargonium capitatum	1961				Europe	France	Provence-Alpes-Côte d'Azur	Maritime Alps	Nice		43.713966	7.264596350609757	University of York	Ralstonia solanacearum					PRJNA823737	SRP367713	SAMN27356536	SRS12513949	2024-11-08	2022-09-23	RAL_AA0537AA	Assembled	69.8	5.2	67861	5464357	Ralstonia solanacearum;97.57%	310	5027	RAL_AA0800AA_AS
RAL_AA0538AA	YO075	SRR18649591;ILLUMINA;Paired;;SRX14752548;SRA	Environment	Plant	Potato	1964				Oceania	Fiji							University of York	Ralstonia solanacearum					PRJNA823737	SRP367713	SAMN27356535	SRS12513948	2024-11-08	2022-09-23	RAL_AA0538AA	Assembled	63	5.2	142014	5749009	Ralstonia solanacearum;98.8%	136	2397	RAL_AA0801AA_AS
RAL_AA0539AA	YO074	SRR18649592;ILLUMINA;Paired;;SRX14752547;SRA	Environment	Plant	Potato	1963				Oceania	Fiji							University of York	Ralstonia solanacearum					PRJNA823737	SRP367713	SAMN27356534	SRS12513945	2024-11-08	2022-09-23	RAL_AA0539AA	Assembled	72.6	5.2	86230	5699518	Ralstonia solanacearum;99.46%	172	2564	RAL_AA0802AA_AS
RAL_AA0540AA	YO073	SRR18649593;ILLUMINA;Paired;;SRX14752546;SRA				2002				Africa	Egypt							University of York	Ralstonia solanacearum					PRJNA823737	SRP367713	SAMN27356533	SRS12513944	2024-11-08	2022-09-23	RAL_AA0540AA	Assembled	57	5.2	96963	5254698	Ralstonia solanacearum;100.0%	145	1555	RAL_AA0803AA_AS
RAL_AA0541AA	YO072	SRR18649594;ILLUMINA;Paired;;SRX14752545;SRA				2002				Africa	Egypt							University of York	Ralstonia solanacearum					PRJNA823737	SRP367713	SAMN27356532	SRS12513946	2024-11-08	2022-09-23	RAL_AA0541AA	Assembled	58.1	5.2	96972	5256500	Ralstonia solanacearum;100.0%	148	1772	RAL_AA0804AA_AS
RAL_AA0542AA	YO071	SRR18649595;ILLUMINA;Paired;;SRX14752544;SRA	Environment	Soil/Dust	Soil	2002				Africa	Egypt							University of York	Ralstonia solanacearum					PRJNA823737	SRP367713	SAMN27356531	SRS12513943	2024-11-08	2022-09-23	RAL_AA0542AA	Assembled	60.4	5.2	100334	5264149	Ralstonia solanacearum;100.0%	147	1780	RAL_AA0805AA_AS
RAL_AA0543AA	YO070	SRR18649596;ILLUMINA;Paired;;SRX14752543;SRA	Environment	Plant	Potato	2002				Africa	Egypt							University of York	Ralstonia solanacearum					PRJNA823737	SRP367713	SAMN27356530	SRS12513942	2024-11-08	2022-09-23	RAL_AA0543AA	Assembled	62.9	5.2	101495	5186653	Ralstonia solanacearum;100.0%	140	1814	RAL_AA0806AA_AS
RAL_AA0544AA	R280	SRR18649597;ILLUMINA;Paired;;SRX14752542;SRA	Environment	Plant	Potato					Oceania	Australia	New South Wales		Wollongong City Council		-34.41617445	150.8980672734334	University of York	Ralstonia solanacearum					PRJNA823737	SRP367713	SAMN27356476	SRS12513941	2024-11-08	2022-09-23	RAL_AA0544AA	Assembled	47.4	5.2	138441	5713090	Ralstonia solanacearum;98.76%	140	3343	RAL_AA0807AA_AS
RAL_AA0545AA	YO069	SRR18649598;ILLUMINA;Paired;;SRX14752541;SRA	Environment	Water/River	Water	2002				Africa	Egypt							University of York	Ralstonia solanacearum					PRJNA823737	SRP367713	SAMN27356529	SRS12513939	2024-11-08	2022-09-23	RAL_AA0545AA	Assembled	65.2	5.2	100334	5256333	Ralstonia solanacearum;100.0%	142	1679	RAL_AA0808AA_AS
RAL_AA0546AA	YO068	SRR18649599;ILLUMINA;Paired;;SRX14752540;SRA	Environment	Water/River	Water	2002				Africa	Egypt							University of York	Ralstonia solanacearum					PRJNA823737	SRP367713	SAMN27356528	SRS12513940	2024-11-08	2022-09-23	RAL_AA0546AA	Assembled	65.5	5.2	101924	5254846	Ralstonia solanacearum;100.0%	139	1083	RAL_AA0809AA_AS
RAL_AA0547AA	YO065	SRR18649600;ILLUMINA;Paired;;SRX14752539;SRA	Environment	Plant	Potato	1998				Africa	Egypt							University of York	Ralstonia solanacearum					PRJNA823737	SRP367713	SAMN27356527	SRS12513938	2024-11-08	2022-09-23	RAL_AA0547AA	Assembled	55.2	5.2	101497	5241407	Ralstonia solanacearum;100.0%	138	1450	RAL_AA0810AA_AS
RAL_AA0548AA	A6235	SRR18649601;ILLUMINA;Paired;;SRX14752538;SRA	Environment	Plant	Potato	1998				Africa	Egypt							University of York	Ralstonia solanacearum					PRJNA823737	SRP367713	SAMN27356526	SRS12513947	2024-11-08	2022-09-23	RAL_AA0548AA	Assembled	76.6	5.2	101325	5252989	Ralstonia solanacearum;100.0%	141	1142	RAL_AA0811AA_AS
RAL_AA0549AA	YO011	SRR18649602;ILLUMINA;Paired;;SRX14752537;SRA	Environment	Plant	Potato	2014				Asia	Bangladesh	Chattogram Division						University of York	Ralstonia solanacearum					PRJNA823737	SRP367713	SAMN27356480	SRS12513935	2024-11-08	2022-09-23	RAL_AA0549AA	Assembled	47	5.2	103367	5253521	Ralstonia solanacearum;100.0%	142	3414	RAL_AA0855AA_AS
RAL_AA0550AA	YO002	SRR18649603;ILLUMINA;Paired;;SRX14752536;SRA	Environment	Plant	Potato	1963				Oceania	Australia	New South Wales		Wollongong City Council		-34.41617445	150.8980672734334	University of York	Ralstonia solanacearum					PRJNA823737	SRP367713	SAMN27356471	SRS12513936	2024-11-08	2022-09-23	RAL_AA0550AA	Assembled	58.8	5.2	93221	5254935	Ralstonia solanacearum;100.0%	142	1517	RAL_AA0813AA_AS
RAL_AA0551AA	YO001	SRR18649604;ILLUMINA;Paired;;SRX14752535;SRA	Environment	Plant	Potato	1961				Africa	Uganda	Wakiso		Kampala		0.377824	32.5573265	University of York	Ralstonia solanacearum					PRJNA823737	SRP367713	SAMN27356470	SRS12513937	2024-11-08	2022-09-23	RAL_AA0551AA	Assembled	45.1	5.2	93325	5346490	Ralstonia solanacearum;98.66%	177	4959	RAL_AA0814AA_AS
RAL_AA0686AA	B73_UW840	SRR16602879;ILLUMINA;Paired;;SRX12803970;SRA	Environment	Plant	tomato	2019				South America	Brazil							Virginia Tech	Ralstonia solanacearum					PRJNA775652	SRP343516	SAMN22612387	SRS10749530	2024-11-08	2021-10-27	RAL_AA0686AA	Assembled	359.5	5.2	171647	5673305	Ralstonia solanacearum;98.01%	150	1232	RAL_AA0857AA_AS
RAL_AA0687AA	Rs124_UW586	SRR16602784;ILLUMINA;Paired;;SRX12804065;SRA	Environment	Plant	Hydrangea	2004				North America	United States							Virginia Tech	Ralstonia solanacearum					PRJNA775652	SRP343516	SAMN22612345	SRS10749625	2024-11-08	2021-10-27	RAL_AA0687AA	Assembled	35.5	5.2	102825	5729346	Ralstonia solanacearum;98.63%	226	5711	RAL_AA0858AA_AS
RAL_AA0688AA	Rs123_UW585	SRR16602785;ILLUMINA;Paired;;SRX12804064;SRA	Environment	Plant	pepper	2004				North America	United States							Virginia Tech	Ralstonia solanacearum					PRJNA775652	SRP343516	SAMN22612344	SRS10749624	2024-11-08	2021-10-27	RAL_AA0688AA	Assembled	50.2	5.2	77884	5825163	Ralstonia solanacearum;99.49%	297	4982	RAL_AA0859AA_AS
RAL_AA0689AA	UW573	SRR16602786;ILLUMINA;Paired;;SRX12804063;SRA	Environment	Plant	potato	2000				North America	Guatemala							Virginia Tech	Ralstonia solanacearum					PRJNA775652	SRP343516	SAMN22612343	SRS10749623	2024-11-08	2021-10-27	RAL_AA0689AA	Assembled	68.6	5.2	104173	5174359	Ralstonia solanacearum;100.0%	143	799	RAL_AA0860AA_AS
RAL_AA0690AA	UW560	SRR16602787;ILLUMINA;Paired;;SRX12804062;SRA	Environment	Plant	potato	2000				North America	Guatemala							Virginia Tech	Ralstonia solanacearum					PRJNA775652	SRP343516	SAMN22612342	SRS10749622	2024-11-08	2021-10-27	RAL_AA0690AA	Assembled	59.8	5.2	101420	5134244	Ralstonia solanacearum;100.0%	151	1043	RAL_AA0861AA_AS
RAL_AA0691AA	UW557	SRR16602788;ILLUMINA;Paired;;SRX12804061;SRA	Environment	Plant	potato	2000				North America	Guatemala							Virginia Tech	Ralstonia solanacearum					PRJNA775652	SRP343516	SAMN22612341	SRS10749621	2024-11-08	2021-10-27	RAL_AA0691AA	Assembled	45.2	5.2	100000	5230276	Ralstonia solanacearum;100.0%	140	1605	RAL_AA0862AA_AS
RAL_AA0692AA	UW552	SRR16602789;ILLUMINA;Paired;;SRX12804060;SRA	Environment	Plant	geranium	2004				North America	Guatemala							Virginia Tech	Ralstonia solanacearum					PRJNA775652	SRP343516	SAMN22612340	SRS10749620	2024-11-08	2021-10-27	RAL_AA0692AA	Assembled	71.5	5.2	93145	5127404	Ralstonia solanacearum;100.0%	143	975	RAL_AA0863AA_AS
RAL_AA0693AA	IPO1609_UW550	SRR16602790;ILLUMINA;Paired;;SRX12804059;SRA	Environment	Plant	potato	2003				Europe	Netherlands							Virginia Tech	Ralstonia solanacearum					PRJNA775652	SRP343516	SAMN22612339	SRS10749619	2024-11-08	2021-10-27	RAL_AA0693AA	Assembled	62.1	5.2	100014	5166163	Ralstonia solanacearum;100.0%	151	925	RAL_AA0864AA_AS
RAL_AA0694AA	LNPV14-25_UW523	SRR16602791;ILLUMINA;Paired;;SRX12804058;SRA	Environment	Plant	tomato	1995				Europe	France							Virginia Tech	Ralstonia solanacearum					PRJNA775652	SRP343516	SAMN22612338	SRS10749618	2024-11-08	2021-10-27	RAL_AA0694AA	Assembled	70.9	5.2	101424	5240810	Ralstonia solanacearum;100.0%	152	697	RAL_AA0865AA_AS
RAL_AA0695AA	CIP265_UW504	SRR16602793;ILLUMINA;Paired;;SRX12804056;SRA	Environment	Plant	potato	1985				Asia	Indonesia							Virginia Tech	Ralstonia solanacearum					PRJNA775652	SRP343516	SAMN22612336	SRS10749616	2024-11-08	2021-10-27	RAL_AA0695AA	Assembled	63.6	5.2	92807	5193036	Ralstonia solanacearum;100.0%	147	897	RAL_AA0866AA_AS
RAL_AA0696AA	UW187	SRR16602794;ILLUMINA;Paired;;SRX12804055;SRA	Environment	Plant	tomato	1963				North America	United States							Virginia Tech	Ralstonia solanacearum					PRJNA775652	SRP343516	SAMN22612255	SRS10749615	2024-11-08	2021-10-27	RAL_AA0696AA	Assembled	44.9	5.2	86938	5426466	Ralstonia solanacearum;97.07%	192	3182	RAL_AA0867AA_AS
RAL_AA0699AA	CIP309_UW494	SRR16602798;ILLUMINA;Paired;;SRX12804051;SRA	Environment	Plant	potato					South America	Colombia							Virginia Tech	Ralstonia solanacearum					PRJNA775652	SRP343516	SAMN22612332	SRS10749611	2024-11-08	2021-10-27	RAL_AA0699AA	Assembled	55.6	5.2	106558	5720483	Ralstonia solanacearum;99.82%	174	2393	RAL_AA0868AA_AS
RAL_AA0700AA	CIP302_UW492	SRR16602799;ILLUMINA;Paired;;SRX12804050;SRA	Environment	Plant	potato	1988				South America	Peru							Virginia Tech	Ralstonia solanacearum					PRJNA775652	SRP343516	SAMN22612331	SRS10749610	2024-11-08	2021-10-27	RAL_AA0700AA	Assembled	74	5.2	101586	5720894	Ralstonia solanacearum;99.64%	176	1886	RAL_AA0869AA_AS
RAL_AA0701AA	NCPPB282_UW491	SRR16602800;ILLUMINA;Paired;;SRX12804049;SRA	Environment	Plant	potato	1950				South America	Colombia							Virginia Tech	Ralstonia solanacearum					PRJNA775652	SRP343516	SAMN22612330	SRS10749609	2024-11-08	2021-10-27	RAL_AA0701AA	Assembled	55.7	5.2	203879	5597299	Ralstonia solanacearum;99.82%	80	929	RAL_AA0870AA_AS
RAL_AA0702AA	CIP238_UW490	SRR16602801;ILLUMINA;Paired;;SRX12804048;SRA	Environment	Plant	potato	1983				South America	Chile							Virginia Tech	Ralstonia solanacearum					PRJNA775652	SRP343516	SAMN22612329	SRS10749608	2024-11-08	2021-10-27	RAL_AA0702AA	Assembled	80.6	5.2	91099	5313881	Ralstonia solanacearum;99.81%	164	1039	RAL_AA0871AA_AS
RAL_AA0703AA	CIP282_UW489	SRR16602802;ILLUMINA;Paired;;SRX12804047;SRA	Environment	Plant	potato	1983				South America	Chile							Virginia Tech	Ralstonia solanacearum					PRJNA775652	SRP343516	SAMN22612328	SRS10749607	2024-11-08	2021-10-27	RAL_AA0703AA	Assembled	41	5.2	103087	5240776	Ralstonia solanacearum;99.81%	134	2708	RAL_AA0872AA_AS
RAL_AA0704AA	CIP214_UW488	SRR16602803;ILLUMINA;Paired;;SRX12804046;SRA	Environment	Plant	S. americanum	1978				South America	Brazil							Virginia Tech	Ralstonia solanacearum					PRJNA775652	SRP343516	SAMN22612327	SRS10749606	2024-11-08	2021-10-27	RAL_AA0704AA	Assembled	54.7	5.2	297662	5432447	Ralstonia solanacearum;99.23%	72	1410	RAL_AA0873AA_AS
RAL_AA0705AA	CIP207_UW487	SRR16602804;ILLUMINA;Paired;;SRX12804045;SRA	Environment	Plant	potato	1982				South America	Peru							Virginia Tech	Ralstonia solanacearum					PRJNA775652	SRP343516	SAMN22612326	SRS10749605	2024-11-08	2021-10-27	RAL_AA0705AA	Assembled	63.2	5.2	81252	5274301	Ralstonia solanacearum;100.0%	149	1431	RAL_AA0874AA_AS
RAL_AA0706AA	UW175	SRR16602805;ILLUMINA;Paired;;SRX12804044;SRA	Environment	Plant	Chato Plantain	1961				South America	Colombia							Virginia Tech	Ralstonia solanacearum					PRJNA775652	SRP343516	SAMN22612254	SRS10749604	2024-11-08	2021-10-27	RAL_AA0706AA	Assembled	46	5.2	125238	5361995	Ralstonia solanacearum;100.0%	101	2084	RAL_AA0875AA_AS
RAL_AA0707AA	CIP177_UW485	SRR16602806;ILLUMINA;Paired;;SRX12804043;SRA	Environment	Plant	potato	1979				South America	Peru							Virginia Tech	Ralstonia solanacearum					PRJNA775652	SRP343516	SAMN22612325	SRS10749603	2024-11-08	2021-10-27	RAL_AA0707AA	Assembled	52.8	5.2	311331	5553412	Ralstonia solanacearum;100.0%	52	1109	RAL_AA0876AA_AS
RAL_AA0708AA	CIP167_UW484	SRR16602807;ILLUMINA;Paired;;SRX12804042;SRA	Environment	Plant	potato	1980				South America	Peru							Virginia Tech	Ralstonia solanacearum					PRJNA775652	SRP343516	SAMN22612324	SRS10749602	2024-11-08	2021-10-27	RAL_AA0708AA	Assembled	46.7	5.2	170714	5814400	Ralstonia solanacearum;99.65%	93	2372	RAL_AA0877AA_AS
RAL_AA0710AA	CIP9_UW476	SRR16602809;ILLUMINA;Paired;;SRX12804040;SRA	Environment	Plant	plantain	1967				North America	Costa Rica							Virginia Tech	Ralstonia solanacearum					PRJNA775652	SRP343516	SAMN22612322	SRS10749601	2024-11-08	2021-10-27	RAL_AA0710AA	Assembled	38.6	5.2	125688	5678139	Ralstonia solanacearum;96.69%	95	1503	RAL_AA0878AA_AS
RAL_AA0711AA	CIP300_UW473	SRR16602810;ILLUMINA;Paired;;SRX12804039;SRA	Environment	Plant	potato	1988				South America	Peru							Virginia Tech	Ralstonia solanacearum					PRJNA775652	SRP343516	SAMN22612321	SRS10749599	2024-11-08	2021-10-27	RAL_AA0711AA	Assembled	47.3	5.2	81238	5180107	Ralstonia solanacearum;100.0%	165	1594	RAL_AA0879AA_AS
RAL_AA0712AA	CIP240_UW470	SRR16602812;ILLUMINA;Paired;;SRX12804037;SRA	Environment	Plant	potato	1983				South America	Brazil							Virginia Tech	Ralstonia solanacearum					PRJNA775652	SRP343516	SAMN22612319	SRS10749597	2024-11-08	2021-10-27	RAL_AA0712AA	Assembled	58.5	5.2	106558	5718930	Ralstonia solanacearum;99.82%	172	2544	RAL_AA0880AA_AS
RAL_AA0713AA	CIP239_UW469	SRR16602813;ILLUMINA;Paired;;SRX12804036;SRA	Environment	Plant	potato	1983				South America	Brazil							Virginia Tech	Ralstonia solanacearum					PRJNA775652	SRP343516	SAMN22612318	SRS10749595	2024-11-08	2021-10-27	RAL_AA0713AA	Assembled	150.6	5.2	85659	5639927	Ralstonia solanacearum;98.02%	202	1495	RAL_AA0881AA_AS
RAL_AA0723AA	CIP77_UW452	SRR16602823;ILLUMINA;Paired;;SRX12804026;SRA	Environment	Plant	potato	1976				South America	Peru							Virginia Tech	Ralstonia solanacearum					PRJNA775652	SRP343516	SAMN22612309	SRS10749586	2024-11-08	2021-10-27	RAL_AA0723AA	Assembled	62.1	5.2	180833	5566062	Ralstonia solanacearum;99.29%	147	3421	RAL_AA0882AA_AS
RAL_AA0724AA	CIP61_UW451	SRR16602824;ILLUMINA;Paired;;SRX12804025;SRA	Environment	Plant	potato	1976				South America	Peru							Virginia Tech	Ralstonia solanacearum					PRJNA775652	SRP343516	SAMN22612308	SRS10749585	2024-11-08	2021-10-27	RAL_AA0724AA	Assembled	70.2	5.2	304193	5503456	Ralstonia solanacearum;100.0%	53	970	RAL_AA0883AA_AS
RAL_AA0725AA	CIP259_UW449	SRR16602825;ILLUMINA;Paired;;SRX12804024;SRA	Environment	Plant	potato													Virginia Tech	Ralstonia solanacearum					PRJNA775652	SRP343516	SAMN22612307	SRS10749584	2024-11-08	2021-10-27	RAL_AA0725AA	Assembled	42.6	5.2	93136	5231637	Ralstonia solanacearum;100.0%	147	1716	RAL_AA0884AA_AS
RAL_AA0726AA	CIP258_UW448	SRR16602826;ILLUMINA;Paired;;SRX12804023;SRA	Environment	Plant	potato					Africa	Burundi							Virginia Tech	Ralstonia solanacearum					PRJNA775652	SRP343516	SAMN22612306	SRS10749583	2024-11-08	2021-10-27	RAL_AA0726AA	Assembled	53.6	5.2	99342	5239718	Ralstonia solanacearum;100.0%	155	1517	RAL_AA0885AA_AS
RAL_AA0728AA	O1059_UW442	SRR16602828;ILLUMINA;Paired;;SRX12804021;SRA	Environment	Plant	potato					Oceania	Australia							Virginia Tech	Ralstonia solanacearum					PRJNA775652	SRP343516	SAMN22612305	SRS10749582	2024-11-08	2021-10-27	RAL_AA0728AA	Assembled	58.4	5.2	100258	5200698	Ralstonia solanacearum;100.0%	146	1103	RAL_AA0886AA_AS
RAL_AA0729AA	01020AS_UW437	SRR16602829;ILLUMINA;Paired;;SRX12804020;SRA	Environment	Plant	tomato					Oceania	Australia							Virginia Tech	Ralstonia solanacearum					PRJNA775652	SRP343516	SAMN22612304	SRS10749580	2024-11-08	2021-10-27	RAL_AA0729AA	Assembled	58.4	5.2	100258	5017831	Ralstonia solanacearum;100.0%	127	539	RAL_AA0887AA_AS
RAL_AA0730AA	O249_UW425	SRR16602830;ILLUMINA;Paired;;SRX12804019;SRA	Environment	Plant	potato					Oceania	Australia							Virginia Tech	Ralstonia solanacearum					PRJNA775652	SRP343516	SAMN22612303	SRS10749579	2024-11-08	2021-10-27	RAL_AA0730AA	Assembled	83.3	5.2	104551	5203009	Ralstonia solanacearum;100.0%	152	670	RAL_AA0888AA_AS
RAL_AA0731AA	O223A_UW420	SRR16602831;ILLUMINA;Paired;;SRX12804018;SRA	Environment	Plant	potato					Oceania	Australia							Virginia Tech	Ralstonia solanacearum					PRJNA775652	SRP343516	SAMN22612302	SRS10749578	2024-11-08	2021-10-27	RAL_AA0731AA	Assembled	45.6	5.2	93220	5057869	Ralstonia solanacearum;100.0%	147	1471	RAL_AA0889AA_AS
RAL_AA0732AA	O15A_UW408	SRR16602832;ILLUMINA;Paired;;SRX12804017;SRA	Environment	Plant	potato	1965				Oceania	Australia							Virginia Tech	Ralstonia solanacearum					PRJNA775652	SRP343516	SAMN22612301	SRS10749576	2024-11-08	2021-10-27	RAL_AA0732AA	Assembled	72.8	5.2	105381	5241944	Ralstonia solanacearum;100.0%	150	639	RAL_AA0890AA_AS
RAL_AA0733AA	UW393	SRR16602834;ILLUMINA;Paired;;SRX12804015;SRA	Environment	Plant	potato	1986				Africa	South Africa							Virginia Tech	Ralstonia solanacearum					PRJNA775652	SRP343516	SAMN22612299	SRS10749575	2024-11-08	2021-10-27	RAL_AA0733AA	Assembled	58.7	5.2	87573	5780534	Ralstonia solanacearum;98.28%	214	2478	RAL_AA0891AA_AS
RAL_AA0739AA	25-2SP_UW350	SRR16602841;ILLUMINA;Paired;;SRX12804008;SRA	Environment	Plant	potato	1981				South America	Brazil							Virginia Tech	Ralstonia solanacearum					PRJNA775652	SRP343516	SAMN22612293	SRS10749568	2024-11-08	2021-10-27	RAL_AA0739AA	Assembled	47	5.2	142838	5671799	Ralstonia solanacearum;98.36%	144	2430	RAL_AA0892AA_AS
RAL_AA0748AA	UW330	SRR16602850;ILLUMINA;Paired;;SRX12803999;SRA	Environment	Plant	plantain (Musa sp.)	1980				South America	Guyana							Virginia Tech	Ralstonia solanacearum					PRJNA775652	SRP343516	SAMN22612285	SRS10749559	2024-11-08	2021-10-27	RAL_AA0748AA	Assembled	51.9	5.2	98236	4977443	Ralstonia solanacearum;96.98%	163	1086	RAL_AA0893AA_AS
RAL_AA0750AA	UW298	SRR16602852;ILLUMINA;Paired;;SRX12803997;SRA	Environment	Plant	potato	1978				Asia	Philippines							Virginia Tech	Ralstonia solanacearum					PRJNA775652	SRP343516	SAMN22612283	SRS10749557	2024-11-08	2021-10-27	RAL_AA0750AA	Assembled	38.8	5.2	78019	5681156	Ralstonia solanacearum;100.0%	197	5051	RAL_AA0894AA_AS
RAL_AA0751AA	UW296	SRR16602853;ILLUMINA;Paired;;SRX12803996;SRA	Environment	Plant	potato	1977				Asia	Sri Lanka							Virginia Tech	Ralstonia solanacearum					PRJNA775652	SRP343516	SAMN22612282	SRS10749556	2024-11-08	2021-10-27	RAL_AA0751AA	Assembled	48.4	5.2	105984	5700259	Ralstonia solanacearum;100.0%	168	3989	RAL_AA0895AA_AS
RAL_AA0753AA	UW276	SRR16602855;ILLUMINA;Paired;;SRX12803994;SRA	Environment	Plant	potato	1977				North America	Mexico							Virginia Tech	Ralstonia solanacearum					PRJNA775652	SRP343516	SAMN22612280	SRS10749554	2024-11-08	2021-10-27	RAL_AA0753AA	Assembled	49	5.2	106939	5234232	Ralstonia solanacearum;99.81%	128	1513	RAL_AA0896AA_AS
RAL_AA0754AA	CIP90_UW274	SRR16602856;ILLUMINA;Paired;;SRX12803993;SRA	Environment	Plant	potato					North America	Costa Rica							Virginia Tech	Ralstonia solanacearum					PRJNA775652	SRP343516	SAMN22612279	SRS10749553	2024-11-08	2021-10-27	RAL_AA0754AA	Assembled	43.6	5.2	100258	5232305	Ralstonia solanacearum;100.0%	143	1775	RAL_AA0897AA_AS
RAL_AA0756AA	UW272	SRR16602858;ILLUMINA;Paired;;SRX12803991;SRA	Environment	Plant	potato	1973				North America	Costa Rica							Virginia Tech	Ralstonia solanacearum					PRJNA775652	SRP343516	SAMN22612277	SRS10749551	2024-11-08	2021-10-27	RAL_AA0756AA	Assembled	47.1	5.2	169265	5724829	Ralstonia solanacearum;98.55%	145	3109	RAL_AA0898AA_AS
RAL_AA0758AA	UW153	SRR16602860;ILLUMINA;Paired;;SRX12803989;SRA	Environment	Plant	potato	1962				Oceania	Australia							Virginia Tech	Ralstonia solanacearum					PRJNA775652	SRP343516	SAMN22612249	SRS10749549	2024-11-08	2021-10-27	RAL_AA0758AA	Assembled	44.6	5.2	78960	5333059	Ralstonia solanacearum;97.87%	181	2332	RAL_AA0899AA_AS
RAL_AA0760AA	UW261	SRR16602862;ILLUMINA;Paired;;SRX12803987;SRA	Environment	Plant	potato	1974				South America	Peru							Virginia Tech	Ralstonia solanacearum					PRJNA775652	SRP343516	SAMN22612274	SRS10749547	2024-11-08	2021-10-27	RAL_AA0760AA	Assembled	52	5.2	180096	5447919	Ralstonia solanacearum;99.81%	76	1598	RAL_AA0900AA_AS
RAL_AA0763AA	UW257	SRR16602865;ILLUMINA;Paired;;SRX12803984;SRA	Environment	Plant	potato					North America	Costa Rica							Virginia Tech	Ralstonia solanacearum					PRJNA775652	SRP343516	SAMN22612271	SRS10749544	2024-11-08	2021-10-27	RAL_AA0763AA	Assembled	56.9	5.2	99330	5223393	Ralstonia solanacearum;100.0%	150	1091	RAL_AA0958AA_AS
RAL_AA0764AA	UW256	SRR16602866;ILLUMINA;Paired;;SRX12803983;SRA	Environment	Plant	potato					North America	Costa Rica							Virginia Tech	Ralstonia solanacearum					PRJNA775652	SRP343516	SAMN22612270	SRS10749543	2024-11-08	2021-10-27	RAL_AA0764AA	Assembled	49.1	5.2	128913	5616924	Ralstonia solanacearum;98.37%	127	2159	RAL_AA0902AA_AS
RAL_AA0766AA	UW24	SRR16602868;ILLUMINA;Paired;;SRX12803981;SRA	Environment	Plant	potato	1951				Asia	Israel							Virginia Tech	Ralstonia solanacearum					PRJNA775652	SRP343516	SAMN22612268	SRS10749541	2024-11-08	2021-10-27	RAL_AA0766AA	Assembled	60.5	5.2	73036	5166746	Ralstonia solanacearum;100.0%	161	1844	RAL_AA0903AA_AS
RAL_AA0767AA	UW23	SRR16602869;ILLUMINA;Paired;;SRX12803980;SRA	Environment	Plant	potato	1951				Asia	Israel							Virginia Tech	Ralstonia solanacearum					PRJNA775652	SRP343516	SAMN22612267	SRS10749540	2024-11-08	2021-10-27	RAL_AA0767AA	Assembled	56	5.2	81117	5255071	Ralstonia solanacearum;100.0%	174	2077	RAL_AA1029AA_AS
RAL_AA0769AA	UW145	SRR16602871;ILLUMINA;Paired;;SRX12803978;SRA	Environment	Plant	potato	1961				Oceania	Australia							Virginia Tech	Ralstonia solanacearum					PRJNA775652	SRP343516	SAMN22612248	SRS10749538	2024-11-08	2021-10-27	RAL_AA0769AA	Assembled	47.1	5.2	144514	5433337	Ralstonia solanacearum;100.0%	92	1786	RAL_AA0905AA_AS
RAL_AA0770AA	UW225	SRR16602872;ILLUMINA;Paired;;SRX12803977;SRA																Virginia Tech	Ralstonia solanacearum					PRJNA775652	SRP343516	SAMN22612265	SRS10749536	2024-11-08	2021-10-27	RAL_AA0770AA	Assembled	66.4	5.2	101421	5042890	Ralstonia solanacearum;100.0%	142	970	RAL_AA0906AA_AS
RAL_AA0771AA	UW224	SRR16602873;ILLUMINA;Paired;;SRX12803976;SRA	Environment	Plant	potato	1966				Africa	Kenya							Virginia Tech	Ralstonia solanacearum					PRJNA775652	SRP343516	SAMN22612264	SRS10749537	2024-11-08	2021-10-27	RAL_AA0771AA	Assembled	53.6	5.2	93146	5038352	Ralstonia solanacearum;100.0%	152	1284	RAL_AA0907AA_AS
RAL_AA0772AA	UW220e	SRR16602875;ILLUMINA;Paired;;SRX12803974;SRA	Environment	Plant	potato	1967				Asia	India							Virginia Tech	Ralstonia solanacearum					PRJNA775652	SRP343516	SAMN22612262	SRS10749534	2024-11-08	2021-10-27	RAL_AA0772AA	Assembled	62.2	5.2	101420	5212715	Ralstonia solanacearum;100.0%	149	825	RAL_AA0908AA_AS
RAL_AA0773AA	UW220c	SRR16602876;ILLUMINA;Paired;;SRX12803973;SRA	Environment	Plant	potato					Asia	India							Virginia Tech	Ralstonia solanacearum					PRJNA775652	SRP343516	SAMN22612261	SRS10749532	2024-11-08	2021-10-27	RAL_AA0773AA	Assembled	43.8	5.2	93092	5206832	Ralstonia solanacearum;100.0%	140	1729	RAL_AA0909AA_AS
RAL_AA0775AA	UW87	SRR16602878;ILLUMINA;Paired;;SRX12803971;SRA	Environment	Plant	tomato	1963				North America	Canada							Virginia Tech	Ralstonia solanacearum					PRJNA775652	SRP343516	SAMN22612388	SRS10749531	2024-11-08	2021-10-27	RAL_AA0775AA	Assembled	53.3	5.2	73969	5427768	Ralstonia solanacearum;98.73%	279	2933	RAL_AA0910AA_AS
RAL_AA0776AA	B70_UW839	SRR16602880;ILLUMINA;Paired;;SRX12803969;SRA	Environment	Plant	tomato	2019				South America	Brazil							Virginia Tech	Ralstonia solanacearum					PRJNA775652	SRP343516	SAMN22612386	SRS10749529	2024-11-08	2021-10-27	RAL_AA0776AA	Assembled	92.2	5.2	142831	5670876	Ralstonia solanacearum;98.0%	143	1310	RAL_AA0911AA_AS
RAL_AA0777AA	UW220b	SRR16602881;ILLUMINA;Paired;;SRX12803968;SRA	Environment	Plant	potato	1967				Asia	India							Virginia Tech	Ralstonia solanacearum					PRJNA775652	SRP343516	SAMN22612260	SRS10749528	2024-11-08	2021-10-27	RAL_AA0777AA	Assembled	59	5.2	101421	5240358	Ralstonia solanacearum;100.0%	148	1302	RAL_AA0912AA_AS
RAL_AA0778AA	B68_UW837	SRR16602882;ILLUMINA;Paired;;SRX12803967;SRA	Environment	Plant	tomato	2019				South America	Brazil							Virginia Tech	Ralstonia solanacearum					PRJNA775652	SRP343516	SAMN22612385	SRS10749526	2024-11-08	2021-10-27	RAL_AA0778AA	Assembled	69.4	5.2	124454	5671294	Ralstonia solanacearum;98.36%	163	2135	RAL_AA0913AA_AS
RAL_AA0782AA	B12_UW797	SRR16602888;ILLUMINA;Paired;;SRX12803961;SRA	Environment	Plant	Solanum macrocarpon	2018				Africa	Benin							Virginia Tech	Ralstonia solanacearum					PRJNA775652	SRP343516	SAMN22612379	SRS10749520	2024-11-08	2021-10-27	RAL_AA0782AA	Assembled	55.3	5.2	83195	5928261	Ralstonia solanacearum;96.74%	226	3695	RAL_AA0914AA_AS
RAL_AA0783AA	B9_UW794	SRR16602889;ILLUMINA;Paired;;SRX12803960;SRA	Environment	Plant	Solanum macrocarpon	2018				Africa	Benin							Virginia Tech	Ralstonia solanacearum					PRJNA775652	SRP343516	SAMN22612378	SRS10749521	2024-11-08	2021-10-27	RAL_AA0783AA	Assembled	52.7	5.2	66768	5788484	Ralstonia solanacearum;99.09%	260	4467	RAL_AA0915AA_AS
RAL_AA0785AA	UW220a	SRR16602892;ILLUMINA;Paired;;SRX12803957;SRA	Environment	Plant	potato					Asia	India							Virginia Tech	Ralstonia solanacearum					PRJNA775652	SRP343516	SAMN22612259	SRS10749518	2024-11-08	2021-10-27	RAL_AA0785AA	Assembled	52.7	5.2	93010	5213684	Ralstonia solanacearum;100.0%	157	1387	RAL_AA0916AA_AS
RAL_AA0786AA	Rs545_UW752	SRR16602893;ILLUMINA;Paired;;SRX12803956;SRA	Environment	Plant	tomato	2019				South America	Brazil							Virginia Tech	Ralstonia solanacearum					PRJNA775652	SRP343516	SAMN22612375	SRS10749516	2024-11-08	2021-10-27	RAL_AA0786AA	Assembled	54.1	5.2	137675	5811005	Ralstonia solanacearum;98.14%	229	3390	RAL_AA0917AA_AS
RAL_AA0787AA	Rs540_UW751	SRR16602894;ILLUMINA;Paired;;SRX12803955;SRA	Environment	Plant	tomato	2019				South America	Brazil							Virginia Tech	Ralstonia solanacearum					PRJNA775652	SRP343516	SAMN22612374	SRS10749515	2024-11-08	2021-10-27	RAL_AA0787AA	Assembled	58	5.2	101284	5512889	Ralstonia solanacearum;99.28%	193	2301	RAL_AA0918AA_AS
RAL_AA0788AA	UQRS637_UW745	SRR16602895;ILLUMINA;Paired;;SRX12803954;SRA	Environment	Plant	Banana													Virginia Tech	Ralstonia solanacearum					PRJNA775652	SRP343516	SAMN22612373	SRS10749514	2024-11-08	2021-10-27	RAL_AA0788AA	Assembled	55.2	5.2	88769	5661614	Ralstonia solanacearum;98.82%	190	2885	RAL_AA1030AA_AS
RAL_AA0789AA	UW74	SRR16602896;ILLUMINA;Paired;;SRX12803953;SRA	Environment	Plant	potato					Asia	Sri Lanka							Virginia Tech	Ralstonia solanacearum					PRJNA775652	SRP343516	SAMN22612372	SRS10749513	2024-11-08	2021-10-27	RAL_AA0789AA	Assembled	43.1	5.2	67116	5761966	Ralstonia solanacearum;100.0%	207	5674	RAL_AA0920AA_AS
RAL_AA0790AA	UQRS280_UW738	SRR16602897;ILLUMINA;Paired;;SRX12803952;SRA	Environment	Plant	tomato					Asia	Indonesia							Virginia Tech	Ralstonia solanacearum					PRJNA775652	SRP343516	SAMN22612371	SRS10749512	2024-11-08	2021-10-27	RAL_AA0790AA	Assembled	49.8	5.2	177048	5776343	Ralstonia solanacearum;99.82%	77	2575	RAL_AA0921AA_AS
RAL_AA0791AA	CFBP6727_UW736	SRR16602898;ILLUMINA;Paired;;SRX12803951;SRA	Environment	Plant	potato					Asia	Indonesia							Virginia Tech	Ralstonia solanacearum					PRJNA775652	SRP343516	SAMN22612370	SRS10749511	2024-11-08	2021-10-27	RAL_AA0791AA	Assembled	79.5	5.2	159878	5614096	Ralstonia solanacearum;99.82%	95	719	RAL_AA0922AA_AS
RAL_AA0795AA	AW1_UW701	SRR16602902;ILLUMINA;Paired;;SRX12803947;SRA	Environment	Plant	tomato	1960				North America	United States							Virginia Tech	Ralstonia solanacearum					PRJNA775652	SRP343516	SAMN22612366	SRS10749507	2024-11-08	2021-10-27	RAL_AA0795AA	Assembled	55.7	5.2	63950	5279897	Ralstonia solanacearum;97.9%	234	2011	RAL_AA0923AA_AS
RAL_AA0796AA	UW210	SRR16602903;ILLUMINA;Paired;;SRX12803946;SRA	Environment	Plant	tobacco	1965				North America	United States							Virginia Tech	Ralstonia solanacearum					PRJNA775652	SRP343516	SAMN22612258	SRS10749506	2024-11-08	2021-10-27	RAL_AA0796AA	Assembled	57.1	5.2	70970	5484674	Ralstonia solanacearum;98.91%	266	2773	RAL_AA0924AA_AS
RAL_AA0799AA	T1-UY_UW688	SRR16602906;ILLUMINA;Paired;;SRX12803943;SRA	Environment	Plant	tomato	2004				South America	Uruguay							Virginia Tech	Ralstonia solanacearum					PRJNA775652	SRP343516	SAMN22612363	SRS10749503	2024-11-08	2021-10-27	RAL_AA0799AA	Assembled	53.1	5.2	137692	5668883	Ralstonia solanacearum;98.01%	142	2254	RAL_AA0925AA_AS
RAL_AA0800AA	CFBP7029_UW665	SRR16602908;ILLUMINA;Paired;;SRX12803941;SRA	Environment	Plant	tomato	2005				Africa	Cameroon							Virginia Tech	Ralstonia solanacearum					PRJNA775652	SRP343516	SAMN22612361	SRS10749499	2024-11-08	2021-10-27	RAL_AA0800AA	Assembled	58	5.2	101424	5115544	Ralstonia solanacearum;100.0%	147	1286	RAL_AA0926AA_AS
RAL_AA0802AA	MAFF301558_UW652	SRR16602911;ILLUMINA;Paired;;SRX12803938;SRA	Environment	Plant	Potato (2T)					Asia	Japan							Virginia Tech	Ralstonia solanacearum					PRJNA775652	SRP343516	SAMN22612358	SRS10749496	2024-11-08	2021-10-27	RAL_AA0802AA	Assembled	49.2	5.2	257775	5492395	Ralstonia solanacearum;100.0%	54	1131	RAL_AA1031AA_AS
RAL_AA0803AA	MAFF301552_UW651	SRR16602912;ILLUMINA;Paired;;SRX12803937;SRA	Environment	Plant	tomato					Asia	Japan							Virginia Tech	Ralstonia solanacearum					PRJNA775652	SRP343516	SAMN22612357	SRS10749495	2024-11-08	2021-10-27	RAL_AA0803AA	Assembled	59.6	5.2	281979	5332810	Ralstonia solanacearum;100.0%	65	934	RAL_AA0928AA_AS
RAL_AA0804AA	RUN58_UW646	SRR16602913;ILLUMINA;Paired;;SRX12803936;SRA	Environment	Plant	potato					Europe	France	Réunion						Virginia Tech	Ralstonia solanacearum					PRJNA775652	SRP343516	SAMN22612356	SRS10749494	2024-11-08	2021-10-27	RAL_AA0804AA	Assembled	70.4	5.2	227874	5346023	Ralstonia solanacearum;98.86%	78	1210	RAL_AA0929AA_AS
RAL_AA0805AA	CIP301_UW641	SRR16602916;ILLUMINA;Paired;;SRX12803933;SRA	Environment	Plant	potato	1988				South America	Peru							Virginia Tech	Ralstonia solanacearum					PRJNA775652	SRP343516	SAMN22612354	SRS10749491	2024-11-08	2021-10-27	RAL_AA0805AA	Assembled	46.3	5.2	169510	5277299	Ralstonia solanacearum;99.62%	90	1605	RAL_AA0930AA_AS
RAL_AA0806AA	CIP239_RUN043_UW639	SRR16602917;ILLUMINA;Paired;;SRX12803932;SRA	Environment	Plant	potato	1983				South America	Brazil							Virginia Tech	Ralstonia solanacearum					PRJNA775652	SRP343516	SAMN22612353	SRS10749489	2024-11-08	2021-10-27	RAL_AA0806AA	Assembled	44.2	5.2	80222	5635880	Ralstonia solanacearum;97.84%	217	4320	RAL_AA0931AA_AS
RAL_AA0807AA	ACH732_UW629	SRR16602918;ILLUMINA;Paired;;SRX12803931;SRA	Environment	Plant	tomato	1978				Oceania	Australia							Virginia Tech	Ralstonia solanacearum					PRJNA775652	SRP343516	SAMN22612352	SRS10749490	2024-11-08	2021-10-27	RAL_AA0807AA	Assembled	51.6	5.2	101292	5997873	Ralstonia solanacearum;97.27%	265	3484	RAL_AA0932AA_AS
RAL_AA0808AA	UW613	SRR16602919;ILLUMINA;Paired;;SRX12803930;SRA	Environment	Plant	tomato	2001				North America	Guatemala							Virginia Tech	Ralstonia solanacearum					PRJNA775652	SRP343516	SAMN22612351	SRS10749488	2024-11-08	2021-10-27	RAL_AA0808AA	Assembled	45.1	5.2	99505	5600797	Ralstonia solanacearum;99.82%	161	4087	RAL_AA0933AA_AS
RAL_AA0809AA	UW611	SRR16602920;ILLUMINA;Paired;;SRX12803929;SRA	Environment	Plant	tomato	2001				North America	Guatemala							Virginia Tech	Ralstonia solanacearum					PRJNA775652	SRP343516	SAMN22612350	SRS10749487	2024-11-08	2021-10-27	RAL_AA0809AA	Assembled	65.2	5.2	101420	5248585	Ralstonia solanacearum;100.0%	147	676	RAL_AA0934AA_AS
RAL_AA0810AA	UW604	SRR16602921;ILLUMINA;Paired;;SRX12803928;SRA	Environment	Plant	tomato	2001				North America	Guatemala							Virginia Tech	Ralstonia solanacearum					PRJNA775652	SRP343516	SAMN22612349	SRS10749486	2024-11-08	2021-10-27	RAL_AA0810AA	Assembled	58.4	5.2	107450	5783910	Ralstonia solanacearum;99.83%	183	3155	RAL_AA0935AA_AS
RAL_AA0811AA	UW600	SRR16602922;ILLUMINA;Paired;;SRX12803927;SRA	Environment	Plant	potato	2001				North America	Guatemala							Virginia Tech	Ralstonia solanacearum					PRJNA775652	SRP343516	SAMN22612348	SRS10749485	2024-11-08	2021-10-27	RAL_AA0811AA	Assembled	60.2	5.2	101429	5240094	Ralstonia solanacearum;100.0%	156	948	RAL_AA0936AA_AS
RAL_AA0812AA	UW599	SRR16602923;ILLUMINA;Paired;;SRX12803926;SRA	Environment	Plant	potato	2001				North America	Guatemala							Virginia Tech	Ralstonia solanacearum					PRJNA775652	SRP343516	SAMN22612347	SRS10749484	2024-11-08	2021-10-27	RAL_AA0812AA	Assembled	53.7	5.2	100258	5016809	Ralstonia solanacearum;100.0%	140	1191	RAL_AA1032AA_AS
RAL_AA0813AA	UW592	SRR16602924;ILLUMINA;Paired;;SRX12803925;SRA	Environment	Plant	Banana	2001				North America	Guatemala							Virginia Tech	Ralstonia solanacearum					PRJNA775652	SRP343516	SAMN22612346	SRS10749483	2024-11-08	2021-10-27	RAL_AA0813AA	Assembled	49.4	5.2	65987	5106733	Ralstonia solanacearum;98.2%	198	1157	RAL_AA1033AA_AS
RAL_AA0816AA	UW120	SRR16602927;ILLUMINA;Paired;;SRX12803922;SRA	Environment	Plant	potato	1961				North America	Costa Rica							Virginia Tech	Ralstonia solanacearum					PRJNA775652	SRP343516	SAMN22612246	SRS10749480	2024-11-08	2021-10-27	RAL_AA0816AA	Assembled	54.3	5.2	96850	5227788	Ralstonia solanacearum;100.0%	148	1840	RAL_AA1034AA_AS
RAL_AA0817AA	C65-4	SRR16572856;ILLUMINA;Paired;;SRX12774859;SRA	Environment	Plant	Tobacco	2019	3	22		Asia	China	Chongqing						Southwest University	Ralstonia solanacearum					PRJNA774485	SRP343117	SAMN22566574	SRS10720455	2024-11-08	2022-05-09	RAL_AA0817AA	Assembled	530	5.2	123269	5758530	Ralstonia solanacearum;100.0%	156	1492	RAL_AA1035AA_AS
RAL_AA0818AA	C65-3	SRR16572857;ILLUMINA;Paired;;SRX12774858;SRA	Environment	Plant	Tobacco	2019	3	22		Asia	China	Chongqing						Southwest University	Ralstonia solanacearum					PRJNA774485	SRP343117	SAMN22566573	SRS10720454	2024-11-08	2022-05-09	RAL_AA0818AA	Assembled	415.8	5.2	123269	5753061	Ralstonia solanacearum;100.0%	147	1551	RAL_AA0941AA_AS
RAL_AA0819AA	C65-2	SRR16572858;ILLUMINA;Paired;;SRX12774857;SRA	Environment	Plant	Tobacco	2019	3	22		Asia	China	Chongqing						Southwest University	Ralstonia solanacearum					PRJNA774485	SRP343117	SAMN22566572	SRS10720453	2024-11-08	2022-05-09	RAL_AA0819AA	Assembled	456.5	5.2	131590	5758594	Ralstonia solanacearum;100.0%	156	1578	RAL_AA0942AA_AS
RAL_AA0820AA	C65-1	SRR16572859;ILLUMINA;Paired;;SRX12774856;SRA	Environment	Plant	Tobacco	2019	3	22		Asia	China	Chongqing						Southwest University	Ralstonia solanacearum					PRJNA774485	SRP343117	SAMN22566571	SRS10720452	2024-11-08	2022-05-09	RAL_AA0820AA	Assembled	382.2	5.2	125087	5758931	Ralstonia solanacearum;100.0%	164	2258	RAL_AA0943AA_AS
RAL_AA0821AA	C49-5	SRR16572860;ILLUMINA;Paired;;SRX12774855;SRA	Environment	Plant	Tobacco	2019	3	22		Asia	China	Chongqing						Southwest University	Ralstonia solanacearum					PRJNA774485	SRP343117	SAMN22566580	SRS10720451	2024-11-08	2022-05-09	RAL_AA0821AA	Assembled	338.9	5.2	125824	5760678	Ralstonia solanacearum;100.0%	156	2017	RAL_AA0944AA_AS
RAL_AA0822AA	C49-4	SRR16572861;ILLUMINA;Paired;;SRX12774854;SRA	Environment	Plant	Tobacco	2019	3	22		Asia	China	Chongqing						Southwest University	Ralstonia solanacearum					PRJNA774485	SRP343117	SAMN22566579	SRS10720450	2024-11-08	2022-05-09	RAL_AA0822AA	Assembled	415.8	5.2	125826	5760078	Ralstonia solanacearum;100.0%	161	2167	RAL_AA0945AA_AS
RAL_AA0823AA	C49-3	SRR16572862;ILLUMINA;Paired;;SRX12774853;SRA	Environment	Plant	Tobacco	2019	3	22		Asia	China	Chongqing						Southwest University	Ralstonia solanacearum					PRJNA774485	SRP343117	SAMN22566578	SRS10720449	2024-11-08	2022-05-09	RAL_AA0823AA	Assembled	398.8	5.2	124733	5758565	Ralstonia solanacearum;100.0%	162	2197	RAL_AA0946AA_AS
RAL_AA0824AA	C49-2	SRR16572863;ILLUMINA;Paired;;SRX12774852;SRA	Environment	Plant	Tobacco	2019	3	22		Asia	China	Chongqing						Southwest University	Ralstonia solanacearum					PRJNA774485	SRP343117	SAMN22566577	SRS10720448	2024-11-08	2022-05-09	RAL_AA0824AA	Assembled	427	5.2	125824	5758324	Ralstonia solanacearum;100.0%	160	2306	RAL_AA0947AA_AS
RAL_AA0825AA	C49-1	SRR16572864;ILLUMINA;Paired;;SRX12774851;SRA	Environment	Plant	Tobacco	2019	3	22		Asia	China	Chongqing						Southwest University	Ralstonia solanacearum					PRJNA774485	SRP343117	SAMN22566576	SRS10720447	2024-11-08	2022-05-09	RAL_AA0825AA	Assembled	390.7	5.2	124733	5758646	Ralstonia solanacearum;100.0%	164	1983	RAL_AA0948AA_AS
RAL_AA0826AA	C65-5	SRR16572865;ILLUMINA;Paired;;SRX12774850;SRA	Environment	Plant	Tobacco	2019	3	22		Asia	China	Chongqing						Southwest University	Ralstonia solanacearum					PRJNA774485	SRP343117	SAMN22566575	SRS10720446	2024-11-08	2022-05-09	RAL_AA0826AA	Assembled	405.2	5.2	125824	5757955	Ralstonia solanacearum;100.0%	153	1924	RAL_AA0949AA_AS
RAL_AA0827AA	SAMEA6864038	ERR5159274;ILLUMINA;Paired;250;ERX4964245;SRA	Environment	Water/River	River Loddon													The University of York, United Kingdom	Ralstonia solanacearum					PRJEB42551	ERP126429	SAMEA6864038	ERS4591614	2024-11-08	2021-05-21	RAL_AA0827AA	Assembled	128.7	5.2	81743	5253156	Ralstonia solanacearum;100.0%	156	2428	RAL_AA0815AA_AS
RAL_AA0828AA	SAMEA6864039	ERR5159275;ILLUMINA;Paired;250;ERX4964246;SRA	Environment	Water/River	River Loddon													The University of York, United Kingdom	Ralstonia solanacearum					PRJEB42551	ERP126429	SAMEA6864039	ERS4591615	2024-11-08	2021-05-20	RAL_AA0828AA	Assembled	22.1	5.2	56481	5472742	Ralstonia solanacearum;100.0%	239	263462	RAL_AA0816AA_AS
RAL_AA0829AA	SAMEA6864037	ERR5159273;ILLUMINA;Paired;250;ERX4964244;SRA	Environment	Water/River	River Loddon													The University of York, United Kingdom	Ralstonia solanacearum					PRJEB42551	ERP126429	SAMEA6864037	ERS4591613	2024-11-08	2021-05-20	RAL_AA0829AA	Assembled	79.5	5.2	90371	5218948	Ralstonia solanacearum;100.0%	155	3384	RAL_AA0817AA_AS
RAL_AA0830AA	SAMEA6864036	ERR5159272;ILLUMINA;Paired;250;ERX4964243;SRA	Environment	Water/River	River Loddon													The University of York, United Kingdom	Ralstonia solanacearum					PRJEB42551	ERP126429	SAMEA6864036	ERS4591612	2024-11-08	2021-05-20	RAL_AA0830AA	Assembled	57.8	5.2	70946	5208114	Ralstonia solanacearum;100.0%	168	6466	RAL_AA0818AA_AS
RAL_AA0831AA	SAMEA6864035	ERR5159271;ILLUMINA;Paired;250;ERX4964242;SRA	Environment	Water/River	River Loddon													The University of York, United Kingdom	Ralstonia solanacearum					PRJEB42551	ERP126429	SAMEA6864035	ERS4591611	2024-11-08	2021-05-20	RAL_AA0831AA	Assembled	50.7	5.2	77828	5254185	Ralstonia solanacearum;100.0%	159	6387	RAL_AA0819AA_AS
RAL_AA0832AA	SAMEA6864034	ERR5159270;ILLUMINA;Paired;250;ERX4964241;SRA	Environment	Water/River	River Loddon													The University of York, United Kingdom	Ralstonia solanacearum					PRJEB42551	ERP126429	SAMEA6864034	ERS4591610	2024-11-08	2021-05-20	RAL_AA0832AA	Assembled	52.9	5.2	62234	5209568	Ralstonia solanacearum;100.0%	178	7447	RAL_AA0820AA_AS
RAL_AA0833AA	SAMEA6864033	ERR5159269;ILLUMINA;Paired;250;ERX4964240;SRA	Environment	Water/River	River Loddon													The University of York, United Kingdom	Ralstonia solanacearum					PRJEB42551	ERP126429	SAMEA6864033	ERS4591609	2024-11-08	2021-05-20	RAL_AA0833AA	Assembled	75.1	5.2	84407	5208454	Ralstonia solanacearum;100.0%	159	3393	RAL_AA0950AA_AS
RAL_AA0834AA	SAMEA6864032	ERR5159268;ILLUMINA;Paired;250;ERX4964239;SRA	Environment	Water/River	River Loddon													The University of York, United Kingdom	Ralstonia solanacearum					PRJEB42551	ERP126429	SAMEA6864032	ERS4591608	2024-11-08	2021-05-20	RAL_AA0834AA	Assembled	38.7	5.2	59831	5295083	Ralstonia solanacearum;100.0%	209	98568	RAL_AA0822AA_AS
RAL_AA0835AA	SAMEA6864031	ERR5159267;ILLUMINA;Paired;250;ERX4964238;SRA	Environment	Water/River	River Loddon													The University of York, United Kingdom	Ralstonia solanacearum					PRJEB42551	ERP126429	SAMEA6864031	ERS4591607	2024-11-08	2021-05-20	RAL_AA0835AA	Assembled	53.1	5.2	58989	5208682	Ralstonia solanacearum;100.0%	174	7062	RAL_AA0823AA_AS
RAL_AA0836AA	SAMEA6864030	ERR5159266;ILLUMINA;Paired;250;ERX4964237;SRA	Environment	Water/River	River Loddon													The University of York, United Kingdom	Ralstonia solanacearum					PRJEB42551	ERP126429	SAMEA6864030	ERS4591606	2024-11-08	2021-05-20	RAL_AA0836AA	Assembled	37.8	5.2	67180	5247976	Ralstonia solanacearum;100.0%	182	16741	RAL_AA0824AA_AS
RAL_AA0837AA	SAMEA6864029	ERR5159265;ILLUMINA;Paired;250;ERX4964236;SRA	Environment	Water/River	River Loddon													The University of York, United Kingdom	Ralstonia solanacearum					PRJEB42551	ERP126429	SAMEA6864029	ERS4591605	2024-11-08	2021-05-20	RAL_AA0837AA	Assembled	74	5.2	62232	5254364	Ralstonia solanacearum;100.0%	174	5013	RAL_AA1771AA_AS
RAL_AA0838AA	SAMEA6864028	ERR5159264;ILLUMINA;Paired;250;ERX4964235;SRA	Environment	Water/River	River Loddon													The University of York, United Kingdom	Ralstonia solanacearum					PRJEB42551	ERP126429	SAMEA6864028	ERS4591604	2024-11-08	2021-05-20	RAL_AA0838AA	Assembled	42.7	5.2	59835	5252674	Ralstonia solanacearum;100.0%	179	9568	RAL_AA0826AA_AS
RAL_AA0839AA	SAMEA6864027	ERR5159263;ILLUMINA;Paired;250;ERX4964234;SRA	Environment	Water/River	River Loddon													The University of York, United Kingdom	Ralstonia solanacearum					PRJEB42551	ERP126429	SAMEA6864027	ERS4591603	2024-11-08	2021-05-20	RAL_AA0839AA	Assembled	50.7	5.2	58541	5350502	Ralstonia solanacearum;100.0%	206	106344	RAL_AA0827AA_AS
RAL_AA0840AA	SAMEA6864026	ERR5159262;ILLUMINA;Paired;250;ERX4964233;SRA	Environment	Water/River	River Loddon													The University of York, United Kingdom	Ralstonia solanacearum					PRJEB42551	ERP126429	SAMEA6864026	ERS4591602	2024-11-08	2021-05-20	RAL_AA0840AA	Assembled	59.5	5.2	77852	5217162	Ralstonia solanacearum;100.0%	165	5448	RAL_AA0828AA_AS
RAL_AA0841AA	SAMEA6864025	ERR5159261;ILLUMINA;Paired;250;ERX4964232;SRA	Environment	Water/River	River Loddon													The University of York, United Kingdom	Ralstonia solanacearum					PRJEB42551	ERP126429	SAMEA6864025	ERS4591601	2024-11-08	2021-05-20	RAL_AA0841AA	Assembled	66.3	5.2	84070	5210621	Ralstonia solanacearum;100.0%	160	4449	RAL_AA0829AA_AS
RAL_AA0842AA	SAMEA6864024	ERR5159260;ILLUMINA;Paired;250;ERX4964231;SRA	Environment	Water/River	River Loddon													The University of York, United Kingdom	Ralstonia solanacearum					PRJEB42551	ERP126429	SAMEA6864024	ERS4591600	2024-11-08	2021-05-20	RAL_AA0842AA	Assembled	51.4	5.2	69227	5209655	Ralstonia solanacearum;100.0%	165	7261	RAL_AA0830AA_AS
RAL_AA0843AA	SAMEA6864023	ERR5159259;ILLUMINA;Paired;250;ERX4964230;SRA	Environment	Water/River	River Loddon													The University of York, United Kingdom	Ralstonia solanacearum					PRJEB42551	ERP126429	SAMEA6864023	ERS4591599	2024-11-08	2021-05-20	RAL_AA0843AA	Assembled	267.9	5.2	93079	5251593	Ralstonia solanacearum;100.0%	155	1810	RAL_AA0831AA_AS
RAL_AA0844AA	SAMEA6864022	ERR5159258;ILLUMINA;Paired;250;ERX4964229;SRA	Environment	Water/River	River Loddon													The University of York, United Kingdom	Ralstonia solanacearum					PRJEB42551	ERP126429	SAMEA6864022	ERS4591598	2024-11-08	2021-05-20	RAL_AA0844AA	Assembled	66.5	5.2	59831	5327530	Ralstonia solanacearum;100.0%	206	77788	RAL_AA0832AA_AS
RAL_AA0845AA	SAMEA6864021	ERR5159257;ILLUMINA;Paired;250;ERX4964228;SRA	Environment	Water/River	River Loddon													The University of York, United Kingdom	Ralstonia solanacearum					PRJEB42551	ERP126429	SAMEA6864021	ERS4591597	2024-11-08	2021-05-20	RAL_AA0845AA	Assembled	42.8	5.2	58906	5254984	Ralstonia solanacearum;100.0%	177	8994	RAL_AA0952AA_AS
RAL_AA0846AA	SAMEA6864020	ERR5159256;ILLUMINA;Paired;250;ERX4964227;SRA	Environment	Water/River	River Loddon													The University of York, United Kingdom	Ralstonia solanacearum					PRJEB42551	ERP126429	SAMEA6864020	ERS4591596	2024-11-08	2021-05-20	RAL_AA0846AA	Assembled	88.5	5.2	90361	5252182	Ralstonia solanacearum;100.0%	161	2719	RAL_AA0834AA_AS
RAL_AA0847AA	SAMEA6864019	ERR5159255;ILLUMINA;Paired;250;ERX4964226;SRA	Environment	Water/River	River Loddon													The University of York, United Kingdom	Ralstonia solanacearum					PRJEB42551	ERP126429	SAMEA6864019	ERS4591595	2024-11-08	2021-05-20	RAL_AA0847AA	Assembled	60	5.2	62621	5252539	Ralstonia solanacearum;100.0%	178	6012	RAL_AA0953AA_AS
RAL_AA0848AA	SAMEA6864018	ERR5159254;ILLUMINA;Paired;250;ERX4964225;SRA	Environment	Water/River	River Loddon													The University of York, United Kingdom	Ralstonia solanacearum					PRJEB42551	ERP126429	SAMEA6864018	ERS4591594	2024-11-08	2021-05-20	RAL_AA0848AA	Assembled	78.6	5.2	89348	5255871	Ralstonia solanacearum;100.0%	151	3761	RAL_AA0836AA_AS
RAL_AA0849AA	SAMEA6864017	ERR5159253;ILLUMINA;Paired;250;ERX4964224;SRA	Environment	Water/River	River Loddon													The University of York, United Kingdom	Ralstonia solanacearum					PRJEB42551	ERP126429	SAMEA6864017	ERS4591593	2024-11-08	2021-05-20	RAL_AA0849AA	Assembled	79.1	5.2	83823	5254390	Ralstonia solanacearum;100.0%	156	3126	RAL_AA0837AA_AS
RAL_AA0850AA	SAMEA6864016	ERR5159252;ILLUMINA;Paired;250;ERX4964223;SRA	Environment	Water/River	River Loddon													The University of York, United Kingdom	Ralstonia solanacearum					PRJEB42551	ERP126429	SAMEA6864016	ERS4591592	2024-11-08	2021-05-20	RAL_AA0850AA	Assembled	371.3	5.2	58495	5251745	Ralstonia solanacearum;100.0%	180	3478	RAL_AA0838AA_AS
RAL_AA0851AA	SAMEA6864015	ERR5159251;ILLUMINA;Paired;250;ERX4964222;SRA	Environment	Water/River	River Loddon													The University of York, United Kingdom	Ralstonia solanacearum					PRJEB42551	ERP126429	SAMEA6864015	ERS4591591	2024-11-08	2021-05-20	RAL_AA0851AA	Assembled	56.4	5.2	93221	5253399	Ralstonia solanacearum;100.0%	162	4510	RAL_AA0839AA_AS
RAL_AA0855AA	MAFF 311693	DRR255683;ILLUMINA;Paired;350;DRX245401;SRA,DRR255680;PACBIO_SMRT;Single;;DRX245398;SRA	Environment	Plant	Curcuma aromatica													KYUSHU	Ralstonia solanacearum					PRJDB9507	DRP006727	SAMD00256263	DRS163607	2024-11-08	2020-12-02	RAL_AA0855AA	Assembled	259.8	5.2	99928	5705362	Ralstonia solanacearum;98.91%	172	830	RAL_AA0960AA_AS
RAL_AA0856AA	MAFF 211479	DRR255682;ILLUMINA;Paired;350;DRX245400;SRA,DRR255679;PACBIO_SMRT;Single;;DRX245397;SRA	Environment	Plant	Zingiber officinale													KYUSHU	Ralstonia solanacearum					PRJDB9507	DRP006727	SAMD00256262	DRS163606	2024-11-08	2020-12-02	RAL_AA0856AA	Assembled	243.4	5.2	141443	5785360	Ralstonia solanacearum;98.44%	158	1477	RAL_AA0961AA_AS
RAL_AA0859AA	PD 445	SRR12634645;ILLUMINA;Paired;;SRX9116960;SRA	Environment	Plant	Solanum tuberosum	1989				Africa	Egypt							Wageningen Plant Research	Ralstonia solanacearum					PRJNA663270	SRP282310	SAMN16125515	SRS7359496	2024-11-08	2020-12-03	RAL_AA0859AA	Assembled	568.3	5.2	100306	5257809	Ralstonia solanacearum;100.0%	146	1383	RAL_AA0962AA_AS
RAL_AA0860AA	IPO 0738	SRR12634646;ILLUMINA;Paired;;SRX9116959;SRA	Environment	Plant	Solanum tuberosum	1983												Wageningen Plant Research	Ralstonia solanacearum					PRJNA663270	SRP282310	SAMN16125514	SRS7359495	2024-11-08	2020-12-03	RAL_AA0860AA	Assembled	434.3	5.2	93190	5256061	Ralstonia solanacearum;100.0%	145	1582	RAL_AA0963AA_AS
RAL_AA0861AA	PD:2763	SRR12634647;ILLUMINA;Paired;;SRX9116958;SRA	Environment	Plant	Solanum tuberosum	1995				Europe	Netherlands							Wageningen Plant Research	Ralstonia solanacearum					PRJNA663270	SRP282310	SAMN16125441	SRS7359494	2024-11-08	2020-12-03	RAL_AA0861AA	Assembled	175.9	5.2	101468	5175004	Ralstonia solanacearum;100.0%	141	898	RAL_AA0964AA_AS
RAL_AA0862AA	IPO 0715	SRR12634648;ILLUMINA;Paired;;SRX9116957;SRA	Environment	Plant	Solanum tuberosum	1983				Asia	Bangladesh							Wageningen Plant Research	Ralstonia solanacearum					PRJNA663270	SRP282310	SAMN16125513	SRS7359493	2024-11-08	2020-12-03	RAL_AA0862AA	Assembled	162	5.2	83732	5250838	Ralstonia solanacearum;100.0%	153	2010	RAL_AA0965AA_AS
RAL_AA0863AA	PD 141	SRR12634649;ILLUMINA;Paired;;SRX9116956;SRA	Environment	Plant	Solanum lycopersicum	1981												Wageningen Plant Research	Ralstonia solanacearum					PRJNA663270	SRP282310	SAMN16125512	SRS7359492	2024-11-08	2020-12-03	RAL_AA0863AA	Assembled	164.7	5.2	83331	5253273	Ralstonia solanacearum;100.0%	176	3878	RAL_AA0966AA_AS
RAL_AA0864AA	PD 2762	SRR12634650;ILLUMINA;Paired;;SRX9116955;SRA	Environment	Plant	Solanum tuberosum													Wageningen Plant Research	Ralstonia solanacearum					PRJNA663270	SRP282310	SAMN16125511	SRS7359491	2024-11-08	2020-12-03	RAL_AA0864AA	Assembled	316.6	5.2	101468	5214428	Ralstonia solanacearum;100.0%	136	1195	RAL_AA0967AA_AS
RAL_AA0865AA	PD 1447	SRR12634651;ILLUMINA;Paired;;SRX9116954;SRA	Environment	Plant	Musa sp.													Wageningen Plant Research	Ralstonia solanacearum					PRJNA663270	SRP282310	SAMN16125510	SRS7359490	2024-11-08	2020-12-03	RAL_AA0865AA	Assembled	114.2	5.2	95647	5675237	Ralstonia solanacearum;96.6%	120	2217	RAL_AA0968AA_AS
RAL_AA0866AA	PD 1446	SRR12634652;ILLUMINA;Paired;;SRX9116953;SRA	Environment	Plant	Helconica sp.													Wageningen Plant Research	Ralstonia solanacearum					PRJNA663270	SRP282310	SAMN16125509	SRS7359489	2024-11-08	2020-12-03	RAL_AA0866AA	Assembled	282.9	5.2	86135	5470081	Ralstonia solanacearum;99.81%	131	2142	RAL_AA0969AA_AS
RAL_AA0867AA	PD 1414	SRR12634653;ILLUMINA;Paired;;SRX9116952;SRA	Environment	Plant	Solanum tuberosum													Wageningen Plant Research	Ralstonia solanacearum					PRJNA663270	SRP282310	SAMN16125508	SRS7359488	2024-11-08	2020-12-03	RAL_AA0867AA	Assembled	337.3	5.2	171702	5679734	Ralstonia solanacearum;98.0%	125	1543	RAL_AA0970AA_AS
RAL_AA0868AA	PD 511	SRR12634654;ILLUMINA;Paired;;SRX9116951;SRA	Environment	Plant	Solanum lycopersicum													Wageningen Plant Research	Ralstonia solanacearum					PRJNA663270	SRP282310	SAMN16125507	SRS7359487	2024-11-08	2020-12-03	RAL_AA0868AA	Assembled	224.5	5.2	86707	5380978	Ralstonia solanacearum;97.82%	233	1420	RAL_AA0971AA_AS
RAL_AA0869AA	PD 134	SRR12634655;ILLUMINA;Paired;;SRX9116950;SRA	Environment	Plant	Solanum tuberosum													Wageningen Plant Research	Ralstonia solanacearum					PRJNA663270	SRP282310	SAMN16125506	SRS7359486	2024-11-08	2020-12-03	RAL_AA0869AA	Assembled	195.1	5.2	101467	5239599	Ralstonia solanacearum;100.0%	146	1548	RAL_AA0972AA_AS
RAL_AA0870AA	NAK 7	SRR12634659;ILLUMINA;Paired;;SRX9116946;SRA	Environment	Plant	Solanum tuberosum													Wageningen Plant Research	Ralstonia solanacearum					PRJNA663270	SRP282310	SAMN16125503	SRS7359482	2024-11-08	2020-12-03	RAL_AA0870AA	Assembled	298.4	5.2	92855	5250922	Ralstonia solanacearum;100.0%	148	1884	RAL_AA0973AA_AS
RAL_AA0871AA	NAK 216	SRR12634660;ILLUMINA;Paired;;SRX9116945;SRA	Environment	Water/River	surface water													Wageningen Plant Research	Ralstonia solanacearum					PRJNA663270	SRP282310	SAMN16125502	SRS7359481	2024-11-08	2020-12-03	RAL_AA0871AA	Assembled	219.8	5.2	110603	5252723	Ralstonia solanacearum;100.0%	138	266	RAL_AA0974AA_AS
RAL_AA0872AA	NAK 215	SRR12634661;ILLUMINA;Paired;;SRX9116944;SRA	Environment	Water/River	surface water													Wageningen Plant Research	Ralstonia solanacearum					PRJNA663270	SRP282310	SAMN16125501	SRS7359480	2024-11-08	2020-12-03	RAL_AA0872AA	Assembled	339.7	5.2	110603	5251765	Ralstonia solanacearum;100.0%	137	331	RAL_AA0975AA_AS
RAL_AA0873AA	NAK 214	SRR12634662;ILLUMINA;Paired;;SRX9116943;SRA	Environment	Water/River	surface water													Wageningen Plant Research	Ralstonia solanacearum					PRJNA663270	SRP282310	SAMN16125500	SRS7359479	2024-11-08	2020-12-03	RAL_AA0873AA	Assembled	270.3	5.2	110603	5253349	Ralstonia solanacearum;100.0%	136	428	RAL_AA0976AA_AS
RAL_AA0874AA	NAK 213	SRR12634663;ILLUMINA;Paired;;SRX9116942;SRA	Environment	Water/River	surface water													Wageningen Plant Research	Ralstonia solanacearum					PRJNA663270	SRP282310	SAMN16125499	SRS7359478	2024-11-08	2020-12-03	RAL_AA0874AA	Assembled	174.9	5.2	110311	5253305	Ralstonia solanacearum;100.0%	142	807	RAL_AA0977AA_AS
RAL_AA0875AA	NAK 210	SRR12634664;ILLUMINA;Paired;;SRX9116941;SRA	Environment	Water/River	surface water													Wageningen Plant Research	Ralstonia solanacearum					PRJNA663270	SRP282310	SAMN16125498	SRS7359477	2024-11-08	2020-12-03	RAL_AA0875AA	Assembled	259.2	5.2	110603	5259671	Ralstonia solanacearum;100.0%	135	634	RAL_AA0978AA_AS
RAL_AA0876AA	NAK 204	SRR12634665;ILLUMINA;Paired;;SRX9116940;SRA	Environment	Water/River	surface water													Wageningen Plant Research	Ralstonia solanacearum					PRJNA663270	SRP282310	SAMN16125497	SRS7359476	2024-11-08	2020-12-03	RAL_AA0876AA	Assembled	249.5	5.2	110604	5252323	Ralstonia solanacearum;100.0%	137	592	RAL_AA0979AA_AS
RAL_AA0877AA	NAK 202	SRR12634666;ILLUMINA;Paired;;SRX9116939;SRA	Environment	Water/River	surface water													Wageningen Plant Research	Ralstonia solanacearum					PRJNA663270	SRP282310	SAMN16125496	SRS7359475	2024-11-08	2020-12-03	RAL_AA0877AA	Assembled	226.5	5.2	110603	5252618	Ralstonia solanacearum;100.0%	135	537	RAL_AA0980AA_AS
RAL_AA0878AA	NAK 201	SRR12634667;ILLUMINA;Paired;;SRX9116938;SRA	Environment	Water/River	surface water													Wageningen Plant Research	Ralstonia solanacearum					PRJNA663270	SRP282310	SAMN16125495	SRS7359474	2024-11-08	2020-12-03	RAL_AA0878AA	Assembled	264.5	5.2	110312	5252291	Ralstonia solanacearum;100.0%	141	393	RAL_AA0981AA_AS
RAL_AA0879AA	NAK 199	SRR12634668;ILLUMINA;Paired;;SRX9116937;SRA	Environment	Water/River	surface water													Wageningen Plant Research	Ralstonia solanacearum					PRJNA663270	SRP282310	SAMN16125494	SRS7359473	2024-11-08	2020-12-03	RAL_AA0879AA	Assembled	228.4	5.2	110603	5252341	Ralstonia solanacearum;100.0%	135	581	RAL_AA0982AA_AS
RAL_AA0880AA	NAK 198	SRR12634670;ILLUMINA;Paired;;SRX9116935;SRA	Environment	Water/River	surface water													Wageningen Plant Research	Ralstonia solanacearum					PRJNA663270	SRP282310	SAMN16125493	SRS7359471	2024-11-08	2020-12-03	RAL_AA0880AA	Assembled	235.7	5.2	110604	5252383	Ralstonia solanacearum;100.0%	134	628	RAL_AA0983AA_AS
RAL_AA0881AA	NAK 180	SRR12634671;ILLUMINA;Paired;;SRX9116934;SRA	Environment	Water/River	surface water													Wageningen Plant Research	Ralstonia solanacearum					PRJNA663270	SRP282310	SAMN16125492	SRS7359470	2024-11-08	2020-12-03	RAL_AA0881AA	Assembled	238.9	5.2	101469	5260791	Ralstonia solanacearum;100.0%	139	751	RAL_AA0984AA_AS
RAL_AA0882AA	NAK 170	SRR12634672;ILLUMINA;Paired;;SRX9116933;SRA	Environment	Water/River	surface water													Wageningen Plant Research	Ralstonia solanacearum					PRJNA663270	SRP282310	SAMN16125491	SRS7359469	2024-11-08	2020-12-03	RAL_AA0882AA	Assembled	179.4	5.2	110312	5259774	Ralstonia solanacearum;100.0%	139	797	RAL_AA0985AA_AS
RAL_AA0883AA	NAK 166	SRR12634673;ILLUMINA;Paired;;SRX9116932;SRA	Environment	Water/River	surface water													Wageningen Plant Research	Ralstonia solanacearum					PRJNA663270	SRP282310	SAMN16125490	SRS7359468	2024-11-08	2020-12-03	RAL_AA0883AA	Assembled	228	5.2	110604	5251565	Ralstonia solanacearum;100.0%	135	638	RAL_AA0986AA_AS
RAL_AA0884AA	NAK 165	SRR12634674;ILLUMINA;Paired;;SRX9116931;SRA	Environment	Water/River	surface water													Wageningen Plant Research	Ralstonia solanacearum					PRJNA663270	SRP282310	SAMN16125489	SRS7359467	2024-11-08	2020-12-03	RAL_AA0884AA	Assembled	212.8	5.2	110603	5260807	Ralstonia solanacearum;100.0%	136	556	RAL_AA0987AA_AS
RAL_AA0885AA	NAK 164	SRR12634675;ILLUMINA;Paired;;SRX9116930;SRA	Environment	Water/River	surface water													Wageningen Plant Research	Ralstonia solanacearum					PRJNA663270	SRP282310	SAMN16125488	SRS7359466	2024-11-08	2020-12-03	RAL_AA0885AA	Assembled	296.9	5.2	102018	5260365	Ralstonia solanacearum;100.0%	138	693	RAL_AA0988AA_AS
RAL_AA0886AA	NAK 163	SRR12634676;ILLUMINA;Paired;;SRX9116929;SRA	Environment	Water/River	surface water													Wageningen Plant Research	Ralstonia solanacearum					PRJNA663270	SRP282310	SAMN16125487	SRS7359465	2024-11-08	2020-12-03	RAL_AA0886AA	Assembled	248.6	5.2	110312	5260581	Ralstonia solanacearum;100.0%	141	647	RAL_AA0989AA_AS
RAL_AA0887AA	NAK 162	SRR12634677;ILLUMINA;Paired;;SRX9116928;SRA	Environment	Water/River	surface water													Wageningen Plant Research	Ralstonia solanacearum					PRJNA663270	SRP282310	SAMN16125486	SRS7359464	2024-11-08	2020-12-03	RAL_AA0887AA	Assembled	154.6	5.2	101469	5262183	Ralstonia solanacearum;100.0%	144	2055	RAL_AA0990AA_AS
RAL_AA0888AA	NAK 161	SRR12634678;ILLUMINA;Paired;;SRX9116927;SRA	Environment	Water/River	surface water													Wageningen Plant Research	Ralstonia solanacearum					PRJNA663270	SRP282310	SAMN16125485	SRS7359463	2024-11-08	2020-12-03	RAL_AA0888AA	Assembled	321.9	5.2	100306	5260867	Ralstonia solanacearum;100.0%	144	3131	RAL_AA0991AA_AS
RAL_AA0889AA	NAK 159	SRR12634679;ILLUMINA;Paired;;SRX9116926;SRA	Environment	Water/River	surface water													Wageningen Plant Research	Ralstonia solanacearum					PRJNA663270	SRP282310	SAMN16125484	SRS7359462	2024-11-08	2020-12-03	RAL_AA0889AA	Assembled	257.7	5.2	110311	5259842	Ralstonia solanacearum;100.0%	139	1155	RAL_AA0992AA_AS
RAL_AA0890AA	PD 4321	SRR12634688;ILLUMINA;Paired;;SRX9116924;SRA	Environment	Plant	Portulaca oleracea	1999				Europe	Portugal							Wageningen Plant Research	Ralstonia solanacearum					PRJNA663270	SRP282310	SAMN16125483	SRS7359460	2024-11-08	2020-12-03	RAL_AA0890AA	Assembled	135.5	5.2	39945	5199720	Ralstonia solanacearum;100.0%	254	10779	RAL_AA0993AA_AS
RAL_AA0891AA	PD 4124	SRR12634682;ILLUMINA;Paired;;SRX9116922;SRA	Environment	Plant	Pelargonium x hortorum dacapo	2001				Africa	Kenya							Wageningen Plant Research	Ralstonia solanacearum					PRJNA663270	SRP282310	SAMN16125481	SRS7359458	2024-11-08	2020-12-03	RAL_AA0891AA	Assembled	851.8	5.2	38643	5231338	Ralstonia solanacearum;100.0%	252	12091	RAL_AA0994AA_AS
RAL_AA0892AA	PD 4027	SRR12634691;ILLUMINA;Paired;;SRX9116921;SRA	Environment	Plant	Pelargonium zonale caro	2001				Europe	Netherlands							Wageningen Plant Research	Ralstonia solanacearum					PRJNA663270	SRP282310	SAMN16125480	SRS7359457	2024-11-08	2020-12-03	RAL_AA0892AA	Assembled	143	5.2	28333	5233675	Ralstonia solanacearum;100.0%	337	20805	RAL_AA0995AA_AS
RAL_AA0893AA	PD 3668	SRR12634683;ILLUMINA;Paired;;SRX9116920;SRA	Environment	Plant	Solanum nigrum	1999				Europe	Netherlands							Wageningen Plant Research	Ralstonia solanacearum					PRJNA663270	SRP282310	SAMN16125479	SRS7359456	2024-11-08	2020-12-03	RAL_AA0893AA	Assembled	188.2	5.2	23915	5220625	Ralstonia solanacearum;100.0%	425	30695	RAL_AA0996AA_AS
RAL_AA0894AA	PD 3270	SRR12634685;ILLUMINA;Paired;;SRX9116917;SRA	Environment	Plant	Solanum tuberosum	1998				North America	Costa Rica							Wageningen Plant Research	Ralstonia solanacearum					PRJNA663270	SRP282310	SAMN16125476	SRS7359453	2024-11-08	2020-12-03	RAL_AA0894AA	Assembled	179	5.2	89210	5621721	Ralstonia solanacearum;98.36%	158	4481	RAL_AA0997AA_AS
RAL_AA0895AA	PD 3269	SRR12634686;ILLUMINA;Paired;;SRX9116916;SRA	Environment	Plant	Solanum tuberosum	1997				Europe	Slovenia							Wageningen Plant Research	Ralstonia solanacearum					PRJNA663270	SRP282310	SAMN16125475	SRS7359452	2024-11-08	2020-12-03	RAL_AA0895AA	Assembled	189.8	5.2	73531	5241115	Ralstonia solanacearum;100.0%	165	2624	RAL_AA0998AA_AS
RAL_AA0896AA	PD 3223	SRR12634687;ILLUMINA;Paired;;SRX9116915;SRA	Environment	Plant	Solanum lycopersicum	1998				Europe	Greece							Wageningen Plant Research	Ralstonia solanacearum					PRJNA663270	SRP282310	SAMN16125474	SRS7359451	2024-11-08	2020-12-03	RAL_AA0896AA	Assembled	142.6	5.2	83331	5251671	Ralstonia solanacearum;100.0%	160	1865	RAL_AA0999AA_AS
RAL_AA0897AA	PD:3222	SRR12634690;ILLUMINA;Paired;;SRX9116913;SRA	Environment	Plant	Anthurium andraeanum	1998				South America	Ecuador							Wageningen Plant Research	Ralstonia solanacearum					PRJNA663270	SRP282310	SAMN16125473	SRS7359449	2024-11-08	2020-12-03	RAL_AA0897AA	Assembled	128.6	5.2	88697	5614960	Ralstonia solanacearum;99.64%	211	2840	RAL_AA1000AA_AS
RAL_AA0898AA	PD:3203	SRR12634693;ILLUMINA;Paired;;SRX9116911;SRA	Environment	Plant	Solanum lycopersicum	1996				Europe	Netherlands							Wageningen Plant Research	Ralstonia solanacearum					PRJNA663270	SRP282310	SAMN16125471	SRS7359447	2024-11-08	2020-12-03	RAL_AA0898AA	Assembled	154.3	5.2	52092	5202197	Ralstonia solanacearum;100.0%	221	7718	RAL_AA1001AA_AS
RAL_AA0899AA	PD:3121	SRR12634701;ILLUMINA;Paired;;SRX9116909;SRA	Environment	Water/River	water	1997				Europe	Netherlands							Wageningen Plant Research	Ralstonia solanacearum					PRJNA663270	SRP282310	SAMN16125469	SRS7359445	2024-11-08	2020-12-03	RAL_AA0899AA	Assembled	197.9	5.2	22124	5209212	Ralstonia solanacearum;100.0%	449	35745	RAL_AA1002AA_AS
RAL_AA0900AA	PD:3115	SRR12634696;ILLUMINA;Paired;;SRX9116908;SRA	Environment	Soil/Dust	soil	1997				Europe	Netherlands							Wageningen Plant Research	Ralstonia solanacearum					PRJNA663270	SRP282310	SAMN16125468	SRS7359444	2024-11-08	2020-12-03	RAL_AA0900AA	Assembled	154.1	5.2	25428	5203915	Ralstonia solanacearum;100.0%	388	28022	RAL_AA1003AA_AS
RAL_AA0901AA	PD:3049	SRR12634697;ILLUMINA;Paired;;SRX9116907;SRA	Environment	Water/River	water	1998				Africa	Egypt							Wageningen Plant Research	Ralstonia solanacearum					PRJNA663270	SRP282310	SAMN16125467	SRS7359443	2024-11-08	2020-12-03	RAL_AA0901AA	Assembled	167.4	5.2	27310	5227666	Ralstonia solanacearum;100.0%	344	24133	RAL_AA1004AA_AS
RAL_AA0902AA	PD:2625	SRR12634708;ILLUMINA;Paired;;SRX9116906;SRA	Environment	Plant	Solanum tuberosum	1994				Asia	Turkey							Wageningen Plant Research	Ralstonia solanacearum					PRJNA663270	SRP282310	SAMN16125466	SRS7359442	2024-11-08	2020-12-03	RAL_AA0902AA	Assembled	137.1	5.2	20411	5207325	Ralstonia solanacearum;100.0%	448	33633	RAL_AA1005AA_AS
RAL_AA0903AA	IPO:3731	SRR12634698;ILLUMINA;Paired;;SRX9116905;SRA	Environment	Plant	Pelargonium	2015				Africa	Kenya							Wageningen Plant Research	Ralstonia solanacearum					PRJNA663270	SRP282310	SAMN16125464	SRS7359441	2024-11-08	2020-12-03	RAL_AA0903AA	Assembled	158	5.2	67840	5256142	Ralstonia solanacearum;100.0%	173	3934	RAL_AA1006AA_AS
RAL_AA0904AA	PD:441	SRR12634699;ILLUMINA;Paired;;SRX9116904;SRA	Environment	Plant	Solanum tuberosum	1976				Europe	Sweden							Wageningen Plant Research	Ralstonia solanacearum					PRJNA663270	SRP282310	SAMN16125463	SRS7359440	2024-11-08	2020-12-03	RAL_AA0904AA	Assembled	448.5	5.2	67194	5129231	Ralstonia solanacearum;100.0%	188	5561	RAL_AA1007AA_AS
RAL_AA0905AA	IPO:1828	SRR12634702;ILLUMINA;Paired;;SRX9116902;SRA	Environment	Plant	Solanum tuberosum													Wageningen Plant Research	Ralstonia solanacearum					PRJNA663270	SRP282310	SAMN16125462	SRS7359438	2024-11-08	2020-12-03	RAL_AA0905AA	Assembled	507.1	5.2	100306	5256534	Ralstonia solanacearum;100.0%	144	1408	RAL_AA1008AA_AS
RAL_AA0906AA	IPO:1809	SRR12634711;ILLUMINA;Paired;;SRX9116901;SRA	Environment	Soil/Dust	soil	1997				Europe	Netherlands	Overijssel						Wageningen Plant Research	Ralstonia solanacearum					PRJNA663270	SRP282310	SAMN16125461	SRS7359437	2024-11-08	2020-12-03	RAL_AA0906AA	Assembled	451.2	5.2	110603	5257230	Ralstonia solanacearum;100.0%	137	1069	RAL_AA1009AA_AS
RAL_AA0907AA	IPO:1808	SRR12634703;ILLUMINA;Paired;;SRX9116900;SRA	Environment	Plant	Solanum tuberosum	1997				Europe	Netherlands							Wageningen Plant Research	Ralstonia solanacearum					PRJNA663270	SRP282310	SAMN16125460	SRS7359436	2024-11-08	2020-12-03	RAL_AA0907AA	Assembled	393.9	5.2	100306	5257891	Ralstonia solanacearum;100.0%	144	1202	RAL_AA1010AA_AS
RAL_AA0908AA	IPO:1806	SRR12634704;ILLUMINA;Paired;;SRX9116899;SRA	Environment	Plant	Solanum nigrum	1997				Europe	Netherlands							Wageningen Plant Research	Ralstonia solanacearum					PRJNA663270	SRP282310	SAMN16125459	SRS7359435	2024-11-08	2020-12-03	RAL_AA0908AA	Assembled	442	5.2	110604	5258699	Ralstonia solanacearum;100.0%	140	867	RAL_AA1011AA_AS
RAL_AA0909AA	IPO:1805	SRR12634714;ILLUMINA;Paired;;SRX9116898;SRA	Environment	Plant	Solanum nigrum	1997				Europe	Netherlands							Wageningen Plant Research	Ralstonia solanacearum					PRJNA663270	SRP282310	SAMN16125458	SRS7359434	2024-11-08	2020-12-03	RAL_AA0909AA	Assembled	468.7	5.2	110602	5252825	Ralstonia solanacearum;100.0%	135	519	RAL_AA1012AA_AS
RAL_AA0910AA	IPO:1804	SRR12634705;ILLUMINA;Paired;;SRX9116897;SRA	Environment	Soil/Dust	soil	1997				Europe	Netherlands							Wageningen Plant Research	Ralstonia solanacearum					PRJNA663270	SRP282310	SAMN16125457	SRS7359433	2024-11-08	2020-12-03	RAL_AA0910AA	Assembled	445.7	5.2	101469	5258337	Ralstonia solanacearum;100.0%	146	1057	RAL_AA1013AA_AS
RAL_AA0911AA	IPO:1752	SRR12634706;ILLUMINA;Paired;;SRX9116896;SRA	Environment	Plant	Solanum virginianum													Wageningen Plant Research	Ralstonia solanacearum					PRJNA663270	SRP282310	SAMN16125456	SRS7359432	2024-11-08	2020-12-03	RAL_AA0911AA	Assembled	158.2	5.2	93193	5250324	Ralstonia solanacearum;100.0%	141	1358	RAL_AA1014AA_AS
RAL_AA0912AA	CFBP:3581	SRR12634707;ILLUMINA;Paired;;SRX9116895;SRA	Environment	Plant	Solanum lycopersicum					Europe	France							Wageningen Plant Research	Ralstonia solanacearum					PRJNA663270	SRP282310	SAMN16125455	SRS7359431	2024-11-08	2020-12-03	RAL_AA0912AA	Assembled	162.3	5.2	50609	5200410	Ralstonia solanacearum;100.0%	213	6142	RAL_AA1015AA_AS
RAL_AA0913AA	IPO:1750	SRR12634709;ILLUMINA;Paired;;SRX9116894;SRA	Environment	Plant	Solanum lycopersicum					Europe	France							Wageningen Plant Research	Ralstonia solanacearum					PRJNA663270	SRP282310	SAMN16125454	SRS7359430	2024-11-08	2020-12-03	RAL_AA0913AA	Assembled	175.4	5.2	51248	5248128	Ralstonia solanacearum;100.0%	221	7192	RAL_AA1016AA_AS
RAL_AA0914AA	PD:2942	SRR12634710;ILLUMINA;Paired;;SRX9116893;SRA	Environment	Plant	Solanum tuberosum	1996				Europe	Netherlands							Wageningen Plant Research	Ralstonia solanacearum					PRJNA663270	SRP282310	SAMN16125453	SRS7359429	2024-11-08	2020-12-03	RAL_AA0914AA	Assembled	463.6	5.2	100306	5256229	Ralstonia solanacearum;100.0%	141	1072	RAL_AA1017AA_AS
RAL_AA0915AA	PD:2941	SRR12634713;ILLUMINA;Paired;;SRX9116891;SRA	Environment	Plant	Solanum tuberosum	1996				Europe	Netherlands							Wageningen Plant Research	Ralstonia solanacearum					PRJNA663270	SRP282310	SAMN16125452	SRS7359427	2024-11-08	2020-12-03	RAL_AA0915AA	Assembled	498.3	5.2	62655	5252614	Ralstonia solanacearum;100.0%	189	5326	RAL_AA1018AA_AS
RAL_AA0916AA	PD:2940	SRR12634715;ILLUMINA;Paired;;SRX9116890;SRA	Environment	Plant	Solanum tuberosum	1996				Europe	Netherlands							Wageningen Plant Research	Ralstonia solanacearum					PRJNA663270	SRP282310	SAMN16125451	SRS7359426	2024-11-08	2020-12-03	RAL_AA0916AA	Assembled	506.1	5.2	87177	5255771	Ralstonia solanacearum;100.0%	149	1738	RAL_AA1019AA_AS
RAL_AA0917AA	PD:1445	SRR12634716;ILLUMINA;Paired;;SRX9116888;SRA	Environment	Plant	Musa sp.	1959				North America	Panama							Wageningen Plant Research	Ralstonia solanacearum					PRJNA663270	SRP282310	SAMN16125449	SRS7359424	2024-11-08	2020-12-03	RAL_AA0917AA	Assembled	542.1	5.2	79327	5456951	Ralstonia solanacearum;96.3%	136	2245	RAL_AA1020AA_AS
RAL_AA0918AA	PD:1408	SRR12634717;ILLUMINA;Paired;;SRX9116887;SRA	Environment	Plant	Solanum tuberosum	1989				South America	Chile							Wageningen Plant Research	Ralstonia solanacearum					PRJNA663270	SRP282310	SAMN16125448	SRS7359423	2024-11-08	2020-12-03	RAL_AA0918AA	Assembled	141.2	5.2	64703	5261380	Ralstonia solanacearum;100.0%	181	3838	RAL_AA1021AA_AS
RAL_AA0919AA	PD:1260	SRR12634721;ILLUMINA;Paired;;SRX9116886;SRA	Environment	Plant	Solanum tuberosum	1988				Europe	France							Wageningen Plant Research	Ralstonia solanacearum					PRJNA663270	SRP282310	SAMN16125447	SRS7359422	2024-11-08	2020-12-03	RAL_AA0919AA	Assembled	161.8	5.2	58467	5248077	Ralstonia solanacearum;100.0%	204	6169	RAL_AA1022AA_AS
RAL_AA0920AA	PD:1254	SRR12634718;ILLUMINA;Paired;;SRX9116885;SRA	Environment	Plant	Solanum tuberosum	1988				Asia	India							Wageningen Plant Research	Ralstonia solanacearum					PRJNA663270	SRP282310	SAMN16125446	SRS7359421	2024-11-08	2020-12-03	RAL_AA0920AA	Assembled	149.9	5.2	101467	5250262	Ralstonia solanacearum;100.0%	146	1185	RAL_AA1023AA_AS
RAL_AA0927AA	P824	SRR8295614;ILLUMINA;Paired;;SRX5110120;SRA,SRR8295615;PACBIO_SMRT;Single;;SRX5110119;SRA	Environment	Plant	Vaccinium corymbosum	2017				North America	United States	Florida						University of Florida	Ralstonia solanacearum					PRJNA422804	SRP172971	SAMN08196801	SRS4119317	2024-11-08	2018-12-10	RAL_AA0927AA	Assembled	1800.7	5.2	97012	5829660	Ralstonia solanacearum;99.49%	277	2016	RAL_AA1068AA_AS
RAL_AA0928AA	P822	SRR8294950;ILLUMINA;Paired;;SRX5109538;SRA	Environment	Plant	Blueberry	2017				North America	United States	Florida						University of Florida	Ralstonia solanacearum					PRJNA432008	SRP172962	SAMN08407853	SRS4118776	2024-11-08	2018-12-10	RAL_AA0928AA	Assembled	1746.2	5.2	106246	5439624	Ralstonia solanacearum;96.72%	218	1019	RAL_AA1027AA_AS
RAL_AA0929AA	P816	SRR8292481;ILLUMINA;Paired;;SRX5107069;SRA	Environment	Soil/Dust	high bush blueberry; field	2016				North America	United States	Florida						University of Florida	Ralstonia solanacearum					PRJNA359352	SRP172896	SAMN06189571	SRS4116606	2024-11-08	2018-12-08	RAL_AA0929AA	Assembled	521.3	5.2	139000	5678976	Ralstonia solanacearum;98.8%	198	1096	RAL_AA1028AA_AS
RAL_AA0960AA	P597	SRR5595754;ILLUMINA;Paired;;SRX2850877;SRA	Environment	Plant	Tomato; plant	1999				North America	United States	New Jersey	Cape May County	Middle Township		39.033876	-74.858813	University of Florida MREC	Ralstonia solanacearum					PRJNA243370	SRP107953	SAMN02716068	SRS2223107	2024-11-08	2017-05-24	RAL_AA0960AA	Assembled	227.6	5.2	30663	5796358	Ralstonia solanacearum;98.72%	575	121268	RAL_AA1036AA_AS
RAL_AA0962AA	CIP120	SRR5593152;ILLUMINA;Paired;;SRX2849981;SRA	Environment	Plant	potato	2004	10	23		South America	Peru							University of Florida MREC	Ralstonia solanacearum					PRJNA269725	SRP051447	SAMN03256333	SRS2222624	2024-11-08	2017-05-24	RAL_AA0962AA	Assembled	166.6	5.2	72321	5740983	Ralstonia solanacearum;98.28%	351	83995	RAL_AA1038AA_AS
RAL_AA0963AA	CFBP6783	SRR5593153;ILLUMINA;Paired;;SRX2849980;SRA	Environment	Plant	Heliconia	2002				Europe	France	Martinique						University of Florida MREC	Ralstonia solanacearum					PRJNA269725	SRP051447	SAMN03256353	SRS2222623	2024-11-08	2017-05-24	RAL_AA0963AA	Assembled	195	5.2	77654	5639350	Ralstonia solanacearum;99.09%	251	88461	RAL_AA1039AA_AS
RAL_AA0965AA	GRs-Mep2	SRR5053390;ILLUMINA;Paired;;SRX2373051;SRA	Environment	Plant	Ginger; Pseudostem	2013	7	27		Asia	India	Kerala						INDIAN INSTITUTE OF SPICES RESEARCH, KOZHIKODE, KERALA, INDIA	Ralstonia solanacearum					PRJNA353629	SRP093871	SAMN06034710	SRS1817634	2024-11-08	2017-11-24	RAL_AA0965AA	Assembled	861.8	5.2	58139	5822231	Ralstonia solanacearum;98.8%	288	1554	RAL_AA1041AA_AS
RAL_AA0966AA	GRs-Sik	SRR5053389;ILLUMINA;Paired;;SRX2373041;SRA	Environment	Plant	Ginger; Rhizome	2009	11	4		Asia	India	Sikkim						INDIAN INSTITUTE OF SPICES RESEARCH, KOZHIKODE, KERALA, INDIA	Ralstonia solanacearum					PRJNA350503	SRP093869	SAMN05942177	SRS1817631	2024-11-08	2017-10-26	RAL_AA0966AA	Assembled	910.7	5.2	57042	5814801	Ralstonia solanacearum;99.14%	281	2664	RAL_AA1042AA_AS
RAL_AA0970AA	RD15	SRR4381869;ILLUMINA;Paired;;SRX2229800;SRA	Environment	Plant	potato					Asia	Taiwan							University of Exeter	Ralstonia solanacearum					PRJNA347357	SRP091006	SAMN05879720	SRS1733694	2024-11-08	2016-10-12	RAL_AA0970AA	Assembled	510.8	5.2	99926	5537687	Ralstonia solanacearum;99.64%	178	1266	RAL_AA1046AA_AS
RAL_AA0971AA	PSS4	SRR4381868;ILLUMINA;Paired;;SRX2229799;SRA	Environment	Plant	potato					Asia	Taiwan							University of Exeter	Ralstonia solanacearum					PRJNA347357	SRP091006	SAMN05879719	SRS1733692	2024-11-08	2016-10-12	RAL_AA0971AA	Assembled	330.3	5.2	104654	5646576	Ralstonia solanacearum;97.7%	227	1269	RAL_AA1047AA_AS
RAL_AA0972AA	PSS216	SRR4381867;ILLUMINA;Paired;;SRX2229798;SRA	Environment	Plant	potato					Asia	Taiwan							University of Exeter	Ralstonia solanacearum					PRJNA347357	SRP091006	SAMN05879718	SRS1733693	2024-11-08	2016-10-12	RAL_AA0972AA	Assembled	313	5.2	82656	5977620	Ralstonia solanacearum;99.2%	366	2870	RAL_AA1048AA_AS
RAL_AA0973AA	PSS190	SRR4381866;ILLUMINA;Paired;;SRX2229797;SRA	Environment	Plant	potato					Asia	Taiwan							University of Exeter	Ralstonia solanacearum					PRJNA347357	SRP091006	SAMN05879717	SRS1733691	2024-11-08	2016-10-12	RAL_AA0973AA	Assembled	529	5.2	64710	5513833	Ralstonia solanacearum;99.46%	252	1256	RAL_AA1049AA_AS
RAL_AA0974AA	PSS1308	SRR4381865;ILLUMINA;Paired;;SRX2229796;SRA	Environment	Plant	potato					Asia	Taiwan							University of Exeter	Ralstonia solanacearum					PRJNA347357	SRP091006	SAMN05879716	SRS1733690	2024-11-08	2016-10-12	RAL_AA0974AA	Assembled	654.6	5.2	113807	5752670	Ralstonia solanacearum;99.83%	237	1614	RAL_AA1050AA_AS
RAL_AA0976AA	UW551	SRR3279412;ILLUMINA;Paired;587;SRX1653418;SRA	Environment	Plant	stem; symptomatic geranium 'Americana Dark Red' plant; Pelargonium	2003				Africa	Kenya							cBio Inc	Ralstonia solanacearum					PRJNA257008	SRP052870	SAMN04216073	SRS1354522	2024-11-08	2016-03-23	RAL_AA0976AA	Assembled	576.1	5.2	110339	5256428	Ralstonia solanacearum;100.0%	133	1310	RAL_AA1051AA_AS
RAL_AA0977AA	UW491	SRR3279411;ILLUMINA;Paired;646;SRX1653417;SRA	Environment	Plant	symptomatic potato plant; Solanum tuberosum (potato)	1950				South America	Colombia							cBio Inc	Ralstonia solanacearum					PRJNA257008	SRP052870	SAMN04216072	SRS1354521	2024-11-08	2016-03-23	RAL_AA0977AA	Assembled	661.7	5.2	140183	5238432	Ralstonia solanacearum;99.6%	120	742	RAL_AA1052AA_AS
RAL_AA0978AA	UW24	SRR3279407;ILLUMINA;Paired;661;SRX1653416;SRA	Environment	Plant	symptomatic potato plant; Solanum tuberosum (potato)	1951				Asia	Israel							cBio Inc	Ralstonia solanacearum					PRJNA257008	SRP052870	SAMN04216071	SRS1354520	2024-11-08	2016-03-23	RAL_AA0978AA	Assembled	497.1	5.2	131368	5181314	Ralstonia solanacearum;100.0%	123	1173	RAL_AA1053AA_AS
RAL_AA0979AA	UW365	SRR3279405;ILLUMINA;Paired;625;SRX1653415;SRA	Environment	Plant	tuber; symptomatic potato plant; Solanum tuberosum (potato)	1980				Asia	China							cBio Inc	Ralstonia solanacearum					PRJNA257008	SRP052870	SAMN04216070	SRS1354519	2024-11-08	2016-03-23	RAL_AA0979AA	Assembled	606.6	5.2	108663	5259882	Ralstonia solanacearum;100.0%	120	977	RAL_AA0005AA_AS
RAL_AA0981AA	UTT-25	SRR1554982;ILLUMINA;Paired;300;SRX683745;SRA,SRR1554981;ILLUMINA;Paired;300;SRX683646;SRA	Environment	Soil/Dust	Bacteria wilted tomato plant form foot hills of Haldwani, Nainital; Foot hills of Haldwani, Nainital; Soil; tomato; wilted tomato plant	2010	8	9								29.22	79.52	Indian Agricultural Research Institute, New Delhi	Ralstonia solanacearum					PRJNA258488	SRP045623	SAMN02999387	SRS686830	2024-11-08	2014-12-31	RAL_AA0981AA	Assembled	89.1	5.2	62127	5736933	Ralstonia solanacearum;99.66%	276	11245	RAL_AA1054AA_AS
RAL_AA0982AA	PD 4190	SRR32478030;ILLUMINA;Paired;;SRX27792028;SRA	Environment	Plant	IAO:0000412; Momordica charantia	2001				Asia	Philippines							NIVIP	Ralstonia pseudosolanacearum					PRJNA1227534	SRP566108	SAMN46988001	SRS24169250	2025-03-11	2025-02-25	RAL_AA0982AA	Assembled	327.6	5.2	57992	5610368	Ralstonia solanacearum;100.0%	273	1124	RAL_AA1079AA_AS
RAL_AA0983AA	PD 4138	SRR32478031;ILLUMINA;Paired;;SRX27792027;SRA	Environment	Plant	IAO:0000412; Curcuma longa	2001												NIVIP	Ralstonia pseudosolanacearum					PRJNA1227534	SRP566108	SAMN46988000	SRS24169249	2025-03-11	2025-02-25	RAL_AA0983AA	Assembled	351.4	5.2	132907	5784978	Ralstonia solanacearum;98.1%	148	2729	RAL_AA1080AA_AS
RAL_AA0984AA	PD 3822	SRR32478032;ILLUMINA;Paired;;SRX27792026;SRA	Environment	Plant	IAO:0000412; Curcuma alismatifolia	2000				Africa	South Africa							NIVIP	Ralstonia pseudosolanacearum					PRJNA1227534	SRP566108	SAMN46987999	SRS24169248	2025-03-11	2025-02-25	RAL_AA0984AA	Assembled	267.7	5.2	121336	5786160	Ralstonia solanacearum;98.24%	169	1740	RAL_AA1081AA_AS
RAL_AA0985AA	PD 3597	SRR32478033;ILLUMINA;Paired;;SRX27792025;SRA	Environment	Plant	IAO:0000412; Solanum lycopersicum	1999				Africa	Kenya							NIVIP	Ralstonia pseudosolanacearum					PRJNA1227534	SRP566108	SAMN46987998	SRS24169246	2025-03-11	2025-02-25	RAL_AA0985AA	Assembled	290.5	5.2	84608	5720637	Ralstonia solanacearum;99.32%	255	1838	RAL_AA1082AA_AS
RAL_AA0986AA	PD 3196	SRR32478034;ILLUMINA;Paired;;SRX27792024;SRA	Environment	Plant	IAO:0000412; Curcuma longa	1997												NIVIP	Ralstonia pseudosolanacearum					PRJNA1227534	SRP566108	SAMN46987997	SRS24169247	2025-03-11	2025-02-25	RAL_AA0986AA	Assembled	726.9	5.2	144242	5793263	Ralstonia solanacearum;98.11%	141	889	RAL_AA1083AA_AS
RAL_AA0987AA	NIB Z 3683	SRR32478035;ILLUMINA;Paired;;SRX27792023;SRA	Environment	Plant	ENVO:00005780; Zingiber officinale	2023				South America	Peru							NIVIP	Ralstonia pseudosolanacearum					PRJNA1227534	SRP566108	SAMN46987995	SRS24169243	2025-03-11	2025-02-25	RAL_AA0987AA	Assembled	208.4	5.2	96558	5656757	Ralstonia solanacearum;99.46%	149	1202	RAL_AA1084AA_AS
RAL_AA0988AA	Rpseud-SP3	SRR32478036;ILLUMINA;Paired;;SRX27792022;SRA	Environment	Plant	ENVO:03600087; Rosa sp.	2021				Europe	Greece							NIVIP	Ralstonia pseudosolanacearum					PRJNA1227534	SRP566108	SAMN46988020	SRS24169244	2025-03-11	2025-02-25	RAL_AA0988AA	Assembled	173.1	5.2	97964	5702157	Ralstonia solanacearum;100.0%	189	2406	RAL_AA1085AA_AS
RAL_AA0989AA	Rpseud-SA1	SRR32478037;ILLUMINA;Paired;;SRX27792021;SRA	Environment	Plant	ENVO:03600087; Rosa sp.	2021				Europe	Greece							NIVIP	Ralstonia pseudosolanacearum					PRJNA1227534	SRP566108	SAMN46988019	SRS24169245	2025-03-11	2025-02-25	RAL_AA0989AA	Assembled	170.3	5.2	90607	5700368	Ralstonia solanacearum;100.0%	192	1873	RAL_AA1086AA_AS
RAL_AA0990AA	AGQB#125	SRR32478038;ILLUMINA;Paired;;SRX27792020;SRA	Environment	Plant	ENVO:00005780; Zingiber officinale	2024				Asia	China							NIVIP	Ralstonia pseudosolanacearum					PRJNA1227534	SRP566108	SAMN46987984	SRS24169242	2025-03-11	2025-02-25	RAL_AA0990AA	Assembled	193.6	5.2	80387	6013765	Ralstonia solanacearum;98.38%	222	2377	RAL_AA1087AA_AS
RAL_AA0991AA	AGQB#119	SRR32478039;ILLUMINA;Paired;;SRX27792019;SRA	Environment	Plant	ENVO:00005780; Curcuma longa	2023				Asia	Vietnam							NIVIP	Ralstonia pseudosolanacearum					PRJNA1227534	SRP566108	SAMN46987983	SRS24169241	2025-03-11	2025-02-25	RAL_AA0991AA	Assembled	247.9	5.2	105191	5889523	Ralstonia solanacearum;99.47%	201	2016	RAL_AA1088AA_AS
RAL_AA0992AA	AGQB#103	SRR32478040;ILLUMINA;Paired;;SRX27792018;SRA	Environment	Plant	ENVO:00005780; Zingiber officinale	2023				Asia	China							NIVIP	Ralstonia pseudosolanacearum					PRJNA1227534	SRP566108	SAMN46987982	SRS24169239	2025-03-11	2025-02-25	RAL_AA0992AA	Assembled	181.3	5.2	120271	5655594	Ralstonia solanacearum;99.46%	146	1662	RAL_AA1089AA_AS
RAL_AA0993AA	AGQB#99	SRR32478041;ILLUMINA;Paired;;SRX27792017;SRA	Environment	Plant	ENVO:00005780; Curcuma longa	2023				Asia	Thailand							NIVIP	Ralstonia pseudosolanacearum					PRJNA1227534	SRP566108	SAMN46987991	SRS24169240	2025-03-11	2025-02-25	RAL_AA0993AA	Assembled	228.5	5.2	156004	5605870	Ralstonia solanacearum;98.17%	113	790	RAL_AA1090AA_AS
RAL_AA0994AA	AGQB#82	SRR32478042;ILLUMINA;Paired;;SRX27792016;SRA	Environment	Plant	ENVO:00005780; Curcuma longa	2022				Asia	Bangladesh							NIVIP	Ralstonia pseudosolanacearum					PRJNA1227534	SRP566108	SAMN46987990	SRS24169238	2025-03-11	2025-02-25	RAL_AA0994AA	Assembled	193.2	5.2	141412	5713030	Ralstonia solanacearum;99.46%	116	987	RAL_AA1091AA_AS
RAL_AA0995AA	1454-11/2017	SRR32478043;ILLUMINA;Paired;;SRX27792015;SRA	Environment	Plant	ENVO:00000114; Solanum tuberosum	2017				Europe	Hungary	Somogy County						NIVIP	Ralstonia pseudosolanacearum					PRJNA1227534	SRP566108	SAMN46987977	SRS24169237	2025-03-11	2025-02-25	RAL_AA0995AA	Assembled	275.1	5.2	90607	5703022	Ralstonia solanacearum;100.0%	195	1793	RAL_AA1092AA_AS
RAL_AA0996AA	1453-11/2017	SRR32478044;ILLUMINA;Paired;;SRX27792014;SRA	Environment	Plant	ENVO:00000114; Solanum tuberosum	2017				Europe	Hungary	Somogy County						NIVIP	Ralstonia pseudosolanacearum					PRJNA1227534	SRP566108	SAMN46987976	SRS24169236	2025-03-11	2025-02-25	RAL_AA0996AA	Assembled	263	5.2	97964	5700754	Ralstonia solanacearum;100.0%	194	2276	RAL_AA1093AA_AS
RAL_AA0997AA	PD 2272	SRR32478045;ILLUMINA;Paired;;SRX27792013;SRA	Environment	Plant	IAO:0000412; Curcuma longa	1993												NIVIP	Ralstonia pseudosolanacearum					PRJNA1227534	SRP566108	SAMN46987996	SRS24169235	2025-03-11	2025-02-25	RAL_AA0997AA	Assembled	227.7	5.2	135431	5784588	Ralstonia solanacearum;98.27%	153	1527	RAL_AA1094AA_AS
RAL_AA0998AA	1452-11/2017	SRR32478046;ILLUMINA;Paired;;SRX27792012;SRA	Environment	Plant	ENVO:00000114; Solanum tuberosum	2017				Europe	Hungary	Somogy County						NIVIP	Ralstonia pseudosolanacearum					PRJNA1227534	SRP566108	SAMN46987975	SRS24169234	2025-03-11	2025-02-25	RAL_AA0998AA	Assembled	195.9	5.2	83870	5700762	Ralstonia solanacearum;100.0%	191	2057	RAL_AA1095AA_AS
RAL_AA0999AA	1451-11/2017	SRR32478047;ILLUMINA;Paired;;SRX27792011;SRA	Environment	Plant	ENVO:00000114; Solanum tuberosum	2017				Europe	Hungary	Somogy County						NIVIP	Ralstonia pseudosolanacearum					PRJNA1227534	SRP566108	SAMN46987974	SRS24169233	2025-03-11	2025-02-25	RAL_AA0999AA	Assembled	222.5	5.2	89168	5701066	Ralstonia solanacearum;100.0%	190	1620	RAL_AA1096AA_AS
RAL_AA1000AA	1449-11/2017	SRR32478048;ILLUMINA;Paired;;SRX27792010;SRA	Environment	Plant	ENVO:00000114; Solanum tuberosum	2017				Europe	Hungary	Somogy County						NIVIP	Ralstonia pseudosolanacearum					PRJNA1227534	SRP566108	SAMN46987973	SRS24169232	2025-03-11	2025-02-25	RAL_AA1000AA	Assembled	203.2	5.2	83870	5704231	Ralstonia solanacearum;100.0%	194	1827	RAL_AA1097AA_AS
RAL_AA1001AA	PD 8575	SRR32478049;ILLUMINA;Paired;;SRX27792009;SRA	Environment	Plant	IAO:0000412; Curcuma sp.	2014												NIVIP	Ralstonia pseudosolanacearum					PRJNA1227534	SRP566108	SAMN46988016	SRS24169231	2025-03-11	2025-02-25	RAL_AA1001AA	Assembled	249.3	5.2	144242	5590878	Ralstonia solanacearum;98.22%	143	1910	RAL_AA1098AA_AS
RAL_AA1002AA	UW640	SRR32478050;ILLUMINA;Paired;;SRX27792008;SRA	Environment	Plant	Zingiber officinale					Oceania	Australia							NIVIP	Ralstonia pseudosolanacearum					PRJNA1227534	SRP566108	SAMN46988022	SRS24169229	2025-03-11	2025-02-25	RAL_AA1002AA	Assembled	291	5.2	79082	5746715	Ralstonia solanacearum;100.0%	211	2261	RAL_AA1099AA_AS
RAL_AA1003AA	RC5-2 CH	SRR32478051;ILLUMINA;Paired;;SRX27792007;SRA	Environment	Plant	ENVO:00005780; Zingiber officinale	2023				South America	Peru							NIVIP	Ralstonia pseudosolanacearum					PRJNA1227534	SRP566108	SAMN46988018	SRS24169230	2025-03-11	2025-02-25	RAL_AA1003AA	Assembled	261.6	5.2	107697	5655956	Ralstonia solanacearum;99.46%	143	1933	RAL_AA1100AA_AS
RAL_AA1004AA	PD 8473	SRR32478052;ILLUMINA;Paired;;SRX27792006;SRA	Food	Unspecified Meat	ENVO:00002042	2023				Europe	Netherlands	Friesland	Leeuwarden Municipality	Leeuwarden				NIVIP	Ralstonia pseudosolanacearum					PRJNA1227534	SRP566108	SAMN46988015	SRS24169228	2025-03-11	2025-02-25	RAL_AA1004AA	Assembled	112.7	5.2	90829	5700168	Ralstonia solanacearum;100.0%	193	2051	RAL_AA1101AA_AS
RAL_AA1005AA	573-11/2022	SRR32478053;ILLUMINA;Paired;;SRX27792005;SRA	Food	Unspecified Meat	ENVO:00002042	2022				Europe	Hungary	Zala County						NIVIP	Ralstonia pseudosolanacearum					PRJNA1227534	SRP566108	SAMN46987981	SRS24169227	2025-03-11	2025-02-25	RAL_AA1005AA	Assembled	94.8	5.2	89013	5703975	Ralstonia solanacearum;100.0%	204	3313	RAL_AA1102AA_AS
RAL_AA1006AA	518-11/2022	SRR32478054;ILLUMINA;Paired;;SRX27792004;SRA	Food	Unspecified Meat	ENVO:00002042	2022				Europe	Hungary	Jász-Nagykun-Szolnok		Szolnok				NIVIP	Ralstonia pseudosolanacearum					PRJNA1227534	SRP566108	SAMN46987980	SRS24169226	2025-03-11	2025-02-25	RAL_AA1006AA	Assembled	212.5	5.2	86369	5700811	Ralstonia solanacearum;100.0%	197	2135	RAL_AA1103AA_AS
RAL_AA1007AA	508-11/2022	SRR32478055;ILLUMINA;Paired;;SRX27792003;SRA	Food	Unspecified Meat	ENVO:00002042	2022				Europe	Hungary	Hajdú-Bihar		Debrecen				NIVIP	Ralstonia pseudosolanacearum					PRJNA1227534	SRP566108	SAMN46987979	SRS24169225	2025-03-11	2025-02-25	RAL_AA1007AA	Assembled	88.1	5.2	87961	5700434	Ralstonia solanacearum;100.0%	198	2623	RAL_AA1104AA_AS
RAL_AA1008AA	PD 8621	SRR32478056;ILLUMINA;Paired;;SRX27792002;SRA	Environment	Plant	IAO:0000412; Zingiber officinale	2024				South America	Peru							NIVIP	Ralstonia pseudosolanacearum					PRJNA1227534	SRP566108	SAMN46988017	SRS24169223	2025-03-11	2025-02-25	RAL_AA1008AA	Assembled	358.7	5.2	120271	5692120	Ralstonia solanacearum;99.46%	148	1154	RAL_AA1105AA_AS
RAL_AA1009AA	AGQB#54	SRR32478057;ILLUMINA;Paired;;SRX27792001;SRA	Environment	Plant	IAO:0000412; Zingiber officinale	2022				Asia	Thailand							NIVIP	Ralstonia pseudosolanacearum					PRJNA1227534	SRP566108	SAMN46987989	SRS24169224	2025-03-11	2025-02-25	RAL_AA1009AA	Assembled	351.4	5.2	168371	5790310	Ralstonia solanacearum;97.91%	111	1241	RAL_AA1106AA_AS
RAL_AA1010AA	AGQB#49	SRR32478058;ILLUMINA;Paired;;SRX27792000;SRA	Environment	Plant	IAO:0000412; Zingiber officinale	2022				South America	Peru							NIVIP	Ralstonia pseudosolanacearum					PRJNA1227534	SRP566108	SAMN46987988	SRS24169221	2025-03-11	2025-02-25	RAL_AA1010AA	Assembled	379.7	5.2	101282	5655849	Ralstonia solanacearum;99.46%	147	1102	RAL_AA1107AA_AS
RAL_AA1011AA	AGQB#48	SRR32478059;ILLUMINA;Paired;;SRX27791999;SRA	Environment	Plant	IAO:0000412; Curcuma longa	2022				Asia	India							NIVIP	Ralstonia pseudosolanacearum					PRJNA1227534	SRP566108	SAMN46987987	SRS24169222	2025-03-11	2025-02-25	RAL_AA1011AA	Assembled	356.7	5.2	77520	5597524	Ralstonia solanacearum;99.28%	185	583	RAL_AA1108AA_AS
RAL_AA1012AA	AGQB#45	SRR32478060;ILLUMINA;Paired;;SRX27791998;SRA	Environment	Plant	IAO:0000412; Curcuma longa	2021				North America	Costa Rica							NIVIP	Ralstonia pseudosolanacearum					PRJNA1227534	SRP566108	SAMN46987986	SRS24169219	2025-03-11	2025-02-25	RAL_AA1012AA	Assembled	383.9	5.2	110142	5769662	Ralstonia solanacearum;99.65%	212	1800	RAL_AA1109AA_AS
RAL_AA1013AA	AGQB#27	SRR32478061;ILLUMINA;Paired;;SRX27791997;SRA	Environment	Plant	IAO:0000412; Zingiber officinale	2021				South America	Peru							NIVIP	Ralstonia pseudosolanacearum					PRJNA1227534	SRP566108	SAMN46987985	SRS24169220	2025-03-11	2025-02-25	RAL_AA1013AA	Assembled	465.7	5.2	118597	5655805	Ralstonia solanacearum;99.46%	141	936	RAL_AA1110AA_AS
RAL_AA1014AA	CREA-DC 2105 (I2120)	SRR32478062;ILLUMINA;Paired;;SRX27791996;SRA	Environment	Plant	ENVO:00000114; Solanum lycopersicum	2021				Europe	Italy	Emilia-Romagna	Province of Parma	Parma				NIVIP	Ralstonia pseudosolanacearum					PRJNA1227534	SRP566108	SAMN46987994	SRS24169218	2025-03-11	2025-02-25	RAL_AA1014AA	Assembled	502.1	5.2	100980	5788074	Ralstonia solanacearum;99.83%	210	1952	RAL_AA1111AA_AS
RAL_AA1015AA	CREA-DC 2104 (I2116)	SRR32478063;ILLUMINA;Paired;;SRX27791995;SRA	Environment	Plant	ENVO:00000114; Solanum lycopersicum	2021				Europe	Italy	Emilia-Romagna	Province of Parma	Parma				NIVIP	Ralstonia pseudosolanacearum					PRJNA1227534	SRP566108	SAMN46987993	SRS24169217	2025-03-11	2025-02-25	RAL_AA1015AA	Assembled	358.3	5.2	100980	5790755	Ralstonia solanacearum;99.83%	212	1700	RAL_AA1112AA_AS
RAL_AA1016AA	PD 8184	SRR32478064;ILLUMINA;Paired;;SRX27791994;SRA	Environment	Plant	ENVO:03501239; Solanum dulcamara	2021				Europe	Netherlands	Overijssel						NIVIP	Ralstonia pseudosolanacearum					PRJNA1227534	SRP566108	SAMN46988014	SRS24169216	2025-03-11	2025-02-25	RAL_AA1016AA	Assembled	372.6	5.2	97964	5704878	Ralstonia solanacearum;100.0%	189	1192	RAL_AA1113AA_AS
RAL_AA1017AA	PD 8157	SRR32478065;ILLUMINA;Paired;;SRX27791993;SRA	Environment	Plant	ENVO:03501239; Solanum dulcamara	2021				Europe	Netherlands	North Brabant	Gemeente Hilvarenbeek			51.43333	5.11667	NIVIP	Ralstonia pseudosolanacearum					PRJNA1227534	SRP566108	SAMN46988013	SRS24169215	2025-03-11	2025-02-25	RAL_AA1017AA	Assembled	354.6	5.2	97964	5703488	Ralstonia solanacearum;100.0%	188	1053	RAL_AA1114AA_AS
RAL_AA1018AA	PD 8131	SRR32478066;ILLUMINA;Paired;;SRX27791992;SRA	Food	Unspecified Meat	ENVO:00002042	2021				Europe	Netherlands	North Brabant	Gemeente Hilvarenbeek			51.43333	5.11667	NIVIP	Ralstonia pseudosolanacearum					PRJNA1227534	SRP566108	SAMN46988012	SRS24169214	2025-03-11	2025-02-25	RAL_AA1018AA	Assembled	380.8	5.2	97964	5704160	Ralstonia solanacearum;100.0%	187	1237	RAL_AA1115AA_AS
RAL_AA1019AA	1455-11/2017	SRR32478067;ILLUMINA;Paired;;SRX27791991;SRA	Environment	Plant	ENVO:00000114; Solanum tuberosum	2017				Europe	Hungary	Somogy County						NIVIP	Ralstonia pseudosolanacearum					PRJNA1227534	SRP566108	SAMN46987978	SRS24169212	2025-03-11	2025-02-25	RAL_AA1019AA	Assembled	352.5	5.2	90432	5704602	Ralstonia solanacearum;100.0%	196	1869	RAL_AA1116AA_AS
RAL_AA1020AA	PD 8114	SRR32478069;ILLUMINA;Paired;;SRX27791990;SRA	Food	Unspecified Meat	ENVO:00002042	2021				Europe	Netherlands	Overijssel						NIVIP	Ralstonia pseudosolanacearum					PRJNA1227534	SRP566108	SAMN46988011	SRS24169213	2025-03-11	2025-02-25	RAL_AA1020AA	Assembled	417.5	5.2	97964	5703567	Ralstonia solanacearum;100.0%	186	1404	RAL_AA1117AA_AS
RAL_AA1021AA	PD 7902	SRR32478068;ILLUMINA;Paired;;SRX27791989;SRA	Food	Unspecified Meat	ENVO:00002042	2020				Europe	Netherlands	North Brabant	Gemeente Hilvarenbeek			51.43333	5.11667	NIVIP	Ralstonia pseudosolanacearum					PRJNA1227534	SRP566108	SAMN46988010	SRS24169209	2025-03-11	2025-02-25	RAL_AA1021AA	Assembled	553.1	5.2	97964	5704444	Ralstonia solanacearum;100.0%	189	1400	RAL_AA1118AA_AS
RAL_AA1022AA	PD 7901	SRR32478070;ILLUMINA;Paired;;SRX27791988;SRA	Food	Unspecified Meat	ENVO:00002042	2020				Europe	Netherlands	Overijssel						NIVIP	Ralstonia pseudosolanacearum					PRJNA1227534	SRP566108	SAMN46988009	SRS24169211	2025-03-11	2025-02-25	RAL_AA1022AA	Assembled	409.4	5.2	90829	5701712	Ralstonia solanacearum;100.0%	191	1042	RAL_AA1119AA_AS
RAL_AA1023AA	PD 7424	SRR32478071;ILLUMINA;Paired;;SRX27791987;SRA	Environment	Plant	IAO:0000412; Rosa sp.	2018				Europe	Russia					60	100	NIVIP	Ralstonia pseudosolanacearum					PRJNA1227534	SRP566108	SAMN46988008	SRS24169208	2025-03-11	2025-02-25	RAL_AA1023AA	Assembled	725.9	5.2	86366	5700849	Ralstonia solanacearum;100.0%	194	1616	RAL_AA1120AA_AS
RAL_AA1024AA	PD 7413	SRR32478072;ILLUMINA;Paired;;SRX27791986;SRA	Environment	Plant	IAO:0000412; Rosa sp.	2018				Europe	Russia					60	100	NIVIP	Ralstonia pseudosolanacearum					PRJNA1227534	SRP566108	SAMN46988007	SRS24169210	2025-03-11	2025-02-25	RAL_AA1024AA	Assembled	511.9	5.2	78361	5700653	Ralstonia solanacearum;100.0%	203	3084	RAL_AA1121AA_AS
RAL_AA1026AA	PD 7098	SRR32478074;ILLUMINA;Paired;;SRX27791984;SRA	Environment	Plant	IAO:0000412; Curcuma sp.	2015												NIVIP	Ralstonia pseudosolanacearum					PRJNA1227534	SRP566108	SAMN46988005	SRS24169206	2025-03-11	2025-02-25	RAL_AA1026AA	Assembled	351.4	5.2	144246	5607103	Ralstonia solanacearum;98.18%	125	753	RAL_AA1122AA_AS
RAL_AA1027AA	PD 5777	SRR32478075;ILLUMINA;Paired;;SRX27791983;SRA	Environment	Plant	IAO:0000412; Curcuma sp.	2009				Asia	Thailand							NIVIP	Ralstonia pseudosolanacearum					PRJNA1227534	SRP566108	SAMN46988004	SRS24169205	2025-03-11	2025-02-25	RAL_AA1027AA	Assembled	285.4	5.2	156004	5607495	Ralstonia solanacearum;98.18%	125	897	RAL_AA1123AA_AS
RAL_AA1028AA	PD 5537	SRR32478076;ILLUMINA;Paired;;SRX27791982;SRA	Environment	Plant	IAO:0000412; Curcuma sp.	2008				Asia	Israel							NIVIP	Ralstonia pseudosolanacearum					PRJNA1227534	SRP566108	SAMN46988003	SRS24169203	2025-03-11	2025-02-25	RAL_AA1028AA	Assembled	217.5	5.2	156004	5606108	Ralstonia solanacearum;98.16%	116	866	RAL_AA1124AA_AS
RAL_AA1029AA	PD 5415	SRR32478077;ILLUMINA;Paired;;SRX27791981;SRA	Environment	Plant	IAO:0000412; Anthurium andraeanum	2006				Africa	Ghana							NIVIP	Ralstonia pseudosolanacearum					PRJNA1227534	SRP566108	SAMN46988002	SRS24169204	2025-03-11	2025-02-25	RAL_AA1029AA	Assembled	279.2	5.2	78442	5791655	Ralstonia solanacearum;99.32%	285	2885	RAL_AA1125AA_AS
RAL_AA1030AA	CLFF/3806/22	SRR32478078;ILLUMINA;Paired;;SRX27791980;SRA	Environment	Plant	ENVO:03600087; Rosa sp.	2022				Europe	Poland							NIVIP	Ralstonia pseudosolanacearum					PRJNA1227534	SRP566108	SAMN46987992	SRS24169200	2025-03-11	2025-02-25	RAL_AA1030AA	Assembled	385.8	5.2	97961	5715960	Ralstonia solanacearum;99.29%	187	3310	RAL_AA1126AA_AS
RAL_AA1031AA	toru/5623/16	SRR32478079;ILLUMINA;Paired;;SRX27791979;SRA	Environment	Plant	ENVO:03600087; Rosa sp.	2016				Europe	Poland							NIVIP	Ralstonia pseudosolanacearum					PRJNA1227534	SRP566108	SAMN46988021	SRS24169202	2025-03-11	2025-02-25	RAL_AA1031AA	Assembled	529.7	5.2	77062	5702282	Ralstonia solanacearum;100.0%	207	3377	RAL_AA1127AA_AS
RAL_AA1058AA	NCSU_RsMR-FL01	SRR33130308;PACBIO_SMRT;Single;;SRX28393075;SRA,SRR33129610;ILLUMINA;Paired;;SRX28392377;SRA	Environment	Plant	tomato; Stem; Agricultural field	2023				North America	United States	North Carolina						North Carolina State University	Ralstonia solanacearum					PRJNA1243438	SRP578494	SAMN47621267	SRS24716248	2025-05-08	2025-04-14	RAL_AA1058AA	Assembled	81.1	5.2	61030	5344625	Ralstonia solanacearum;97.7%	253	5537	RAL_AA1135AA_AS
RAL_AA1060AA	NCSU_Rs32	SRR33129612;ILLUMINA;Paired;;SRX28392375;SRA,SRR33130310;PACBIO_SMRT;Single;;SRX28393073;SRA	Environment	Plant	tomato; Stem; Agricultural field	2012				North America	United States	North Carolina						North Carolina State University	Ralstonia solanacearum					PRJNA1243438	SRP578494	SAMN47621265	SRS24716246	2025-05-08	2025-04-14	RAL_AA1060AA	Assembled	76.9	5.2	61380	5363890	Ralstonia solanacearum;98.47%	266	5405	RAL_AA1136AA_AS
RAL_AA1062AA	MAFF 106244	DRR657717;OXFORD_NANOPORE;Single;;DRX637998;SRA,DRR657716;ILLUMINA;Single;;DRX637997;SRA	Environment	Plant	Solanum melongena	1981				Asia	Japan							National Agriculture and Food Research Organization	Ralstonia pseudosolanacearum					PRJDB20372	DRP013383	SAMD00889216	DRS478972	2025-07-16	2025-06-02	RAL_AA1062AA	Assembled	34.8	5.2	74530	5748008	Ralstonia solanacearum;99.82%	197	5884	RAL_AA1142AA_AS
RAL_AA1064AA	MAFF 311772	DRR667609;ILLUMINA;Paired;;DRX647711;SRA,DRR667610;OXFORD_NANOPORE;Single;;DRX647712;SRA	Environment	Plant	Solanum lycopersicum	2017				Asia	Japan							National Agriculture and Food Research Organization	Ralstonia pseudosolanacearum					PRJDB20372	DRP013383	SAMD01229263	DRS486909	2025-07-16	2025-06-02	RAL_AA1064AA	Assembled	28.6	5.2	98781	5713026	Ralstonia solanacearum;99.49%	183	10920	RAL_AA1922AA_AS
RAL_AA1065AA	MAFF 311771	DRR667608;OXFORD_NANOPORE;Single;;DRX647710;SRA,DRR667607;ILLUMINA;Paired;;DRX647709;SRA	Environment	Plant	Solanum lycopersicum	2017				Asia	Japan	Kumamoto Prefecture						National Agriculture and Food Research Organization	Ralstonia pseudosolanacearum					PRJDB20372	DRP013383	SAMD01229262	DRS486908	2025-07-16	2025-06-02	RAL_AA1065AA	Assembled	27.5	5.2	131181	5706979	Ralstonia solanacearum;100.0%	138	9453	RAL_AA1807AA_AS
RAL_AA1066AA	MAFF 211269	DRR667605;ILLUMINA;Paired;;DRX647707;SRA,DRR667606;OXFORD_NANOPORE;Single;;DRX647708;SRA	Environment	Plant	Solanum melongena	1985				Asia	Japan							National Agriculture and Food Research Organization	Ralstonia pseudosolanacearum					PRJDB20372	DRP013383	SAMD01229261	DRS486907	2025-07-16	2025-06-02	RAL_AA1066AA	Assembled	53.4	5.2	78607	5741931	Ralstonia solanacearum;99.82%	175	2869	RAL_AA1923AA_AS
RAL_AA1067AA	MAFF 106269	DRR667604;OXFORD_NANOPORE;Single;;DRX647706;SRA,DRR667603;ILLUMINA;Paired;;DRX647705;SRA	Environment	Plant	Solanum lycopersicum	1984				Asia	Japan	Shiga Prefecture						National Agriculture and Food Research Organization	Ralstonia pseudosolanacearum					PRJDB20372	DRP013383	SAMD01229260	DRS486906	2025-07-16	2025-06-02	RAL_AA1067AA	Assembled	46	5.2	75530	5775387	Ralstonia solanacearum;99.14%	241	4738	RAL_AA1924AA_AS
RAL_AA1069AA	MAFF 106267	DRR667600;OXFORD_NANOPORE;Single;;DRX647702;SRA,DRR667599;ILLUMINA;Paired;;DRX647701;SRA	Environment	Plant	Solanum melongena	1983				Asia	Japan	Fukuoka Prefecture						National Agriculture and Food Research Organization	Ralstonia pseudosolanacearum					PRJDB20372	DRP013383	SAMD01229258	DRS486904	2025-07-16	2025-06-02	RAL_AA1069AA	Assembled	50.5	5.2	110941	5681249	Ralstonia solanacearum;100.0%	179	4433	RAL_AA1926AA_AS
RAL_AA1070AA	MAFF 106266	DRR667597;ILLUMINA;Paired;;DRX647699;SRA,DRR667598;OXFORD_NANOPORE;Single;;DRX647700;SRA	Environment	Plant	Solanum lycopersicum	1982				Asia	Japan	Shizuoka Prefecture						National Agriculture and Food Research Organization	Ralstonia pseudosolanacearum					PRJDB20372	DRP013383	SAMD01229257	DRS486903	2025-07-16	2025-06-02	RAL_AA1070AA	Assembled	49.1	5.2	78610	5781676	Ralstonia solanacearum;98.97%	207	4953	RAL_AA1927AA_AS
RAL_AA1071AA	MAFF 106265	DRR667595;ILLUMINA;Paired;;DRX647697;SRA,DRR667596;OXFORD_NANOPORE;Single;;DRX647698;SRA	Environment	Plant	Solanum lycopersicum	1982				Asia	Japan							National Agriculture and Food Research Organization	Ralstonia pseudosolanacearum					PRJDB20372	DRP013383	SAMD01229256	DRS486902	2025-07-16	2025-06-02	RAL_AA1071AA	Assembled	50.6	5.2	82592	5704612	Ralstonia solanacearum;100.0%	209	4621	RAL_AA1928AA_AS
RAL_AA1073AA	MAFF 211267	DRR667592;OXFORD_NANOPORE;Single;;DRX647694;SRA,DRR667591;ILLUMINA;Paired;;DRX647693;SRA	Environment	Plant	Solanum lycopersicum	1982				Asia	Japan	Shimane Prefecture						National Agriculture and Food Research Organization	Ralstonia pseudosolanacearum					PRJDB20372	DRP013383	SAMD01229254	DRS486900	2025-07-16	2025-06-02	RAL_AA1073AA	Assembled	42.9	5.2	80379	5745676	Ralstonia solanacearum;99.65%	202	5309	RAL_AA1808AA_AS
RAL_AA1075AA	MAFF 211268	DRR667588;OXFORD_NANOPORE;Single;;DRX647690;SRA,DRR667587;ILLUMINA;Paired;;DRX647689;SRA	Environment	Plant	Solanum melongena	1982				Asia	Japan	Kochi Prefecture						National Agriculture and Food Research Organization	Ralstonia pseudosolanacearum					PRJDB20372	DRP013383	SAMD01229252	DRS486898	2025-07-16	2025-06-02	RAL_AA1075AA	Assembled	45.7	5.2	77570	5941371	Ralstonia solanacearum;100.0%	230	4933	RAL_AA1143AA_AS
RAL_AA1076AA	MAFF 106218	DRR667553;ILLUMINA;Paired;;DRX647655;SRA,DRR667554;OXFORD_NANOPORE;Single;;DRX647656;SRA	Environment	Plant	Solanum melongena	2020				Asia	Japan	Mie Prefecture						National Agriculture and Food Research Organization	Ralstonia pseudosolanacearum					PRJDB20372	DRP013383	SAMD01229235	DRS486881	2025-07-16	2025-06-02	RAL_AA1076AA	Assembled	39.8	5.2	141318	5793603	Ralstonia solanacearum;100.0%	137	4741	RAL_AA1144AA_AS
RAL_AA1077AA	MAFF 106217	DRR667552;OXFORD_NANOPORE;Single;;DRX647654;SRA,DRR667551;ILLUMINA;Paired;;DRX647653;SRA	Environment	Plant	Solanum melongena	1987				Asia	Japan							National Agriculture and Food Research Organization	Ralstonia pseudosolanacearum					PRJDB20372	DRP013383	SAMD01229234	DRS486880	2025-07-16	2025-06-02	RAL_AA1077AA	Assembled	45.9	5.2	106381	5563738	Ralstonia solanacearum;99.82%	140	4348	RAL_AA1145AA_AS
RAL_AA1079AA	MAFF 106215	DRR667547;ILLUMINA;Paired;;DRX647649;SRA,DRR667548;OXFORD_NANOPORE;Single;;DRX647650;SRA	Environment	Plant	Solanum lycopersicum	1985				Asia	Japan							National Agriculture and Food Research Organization	Ralstonia pseudosolanacearum					PRJDB20372	DRP013383	SAMD01229232	DRS486878	2025-07-16	2025-06-02	RAL_AA1079AA	Assembled	43.6	5.2	78610	5812852	Ralstonia solanacearum;99.83%	212	4697	RAL_AA1146AA_AS
RAL_AA1080AA	MAFF 106214	DRR667546;OXFORD_NANOPORE;Single;;DRX647648;SRA,DRR667545;ILLUMINA;Paired;;DRX647647;SRA	Environment	Plant	Solanum lycopersicum	1985				Asia	Japan	Tottori Prefecture						National Agriculture and Food Research Organization	Ralstonia pseudosolanacearum					PRJDB20372	DRP013383	SAMD01229231	DRS486877	2025-07-16	2025-06-02	RAL_AA1080AA	Assembled	50.1	5.2	80186	5797882	Ralstonia solanacearum;99.83%	211	4490	RAL_AA1932AA_AS
RAL_AA1081AA	MAFF 106213	DRR667544;OXFORD_NANOPORE;Single;;DRX647646;SRA,DRR667543;ILLUMINA;Paired;;DRX647645;SRA	Environment	Plant	Solanum melongena	1985				Asia	Japan	Hyogo Prefecture						National Agriculture and Food Research Organization	Ralstonia pseudosolanacearum					PRJDB20372	DRP013383	SAMD01229230	DRS486876	2025-07-16	2025-06-02	RAL_AA1081AA	Assembled	55.1	5.2	77832	5754619	Ralstonia solanacearum;98.93%	188	3198	RAL_AA1147AA_AS
RAL_AA1082AA	MAFF 106212	DRR667542;OXFORD_NANOPORE;Single;;DRX647644;SRA,DRR667541;ILLUMINA;Paired;;DRX647643;SRA	Environment	Plant	Solanum lycopersicum	1984				Asia	Japan							National Agriculture and Food Research Organization	Ralstonia pseudosolanacearum					PRJDB20372	DRP013383	SAMD01229229	DRS486875	2025-07-16	2025-06-02	RAL_AA1082AA	Assembled	47.2	5.2	77782	5647497	Ralstonia solanacearum;100.0%	186	4081	RAL_AA1933AA_AS
RAL_AA1083AA	MAFF 106211	DRR667539;ILLUMINA;Paired;;DRX647641;SRA,DRR667540;OXFORD_NANOPORE;Single;;DRX647642;SRA	Environment	Plant	Solanum melongena	1984				Asia	Japan							National Agriculture and Food Research Organization	Ralstonia pseudosolanacearum					PRJDB20372	DRP013383	SAMD01229228	DRS486874	2025-07-16	2025-06-02	RAL_AA1083AA	Assembled	46.6	5.2	133661	5715688	Ralstonia solanacearum;100.0%	122	2682	RAL_AA1809AA_AS
RAL_AA1085AA	MAFF 106209	DRR667535;ILLUMINA;Paired;;DRX647637;SRA,DRR667536;OXFORD_NANOPORE;Single;;DRX647638;SRA	Environment	Plant	Solanum lycopersicum	1984				Asia	Japan							National Agriculture and Food Research Organization	Ralstonia pseudosolanacearum					PRJDB20372	DRP013383	SAMD01229226	DRS486872	2025-07-16	2025-06-02	RAL_AA1085AA	Assembled	37.5	5.2	78610	5803168	Ralstonia solanacearum;100.0%	186	6395	RAL_AA1148AA_AS
RAL_AA1086AA	MAFF 106208	DRR667534;OXFORD_NANOPORE;Single;;DRX647636;SRA,DRR667533;ILLUMINA;Paired;;DRX647635;SRA	Environment	Plant	Solanum melongena	1984				Asia	Japan							National Agriculture and Food Research Organization	Ralstonia pseudosolanacearum					PRJDB20372	DRP013383	SAMD01229225	DRS486871	2025-07-16	2025-06-02	RAL_AA1086AA	Assembled	52.7	5.2	94678	5650342	Ralstonia solanacearum;100.0%	178	3321	RAL_AA1810AA_AS
RAL_AA1087AA	MAFF 106207	DRR667531;ILLUMINA;Paired;;DRX647633;SRA,DRR667532;OXFORD_NANOPORE;Single;;DRX647634;SRA	Environment	Plant	Solanum lycopersicum	1984				Asia	Japan							National Agriculture and Food Research Organization	Ralstonia pseudosolanacearum					PRJDB20372	DRP013383	SAMD01229224	DRS486870	2025-07-16	2025-06-02	RAL_AA1087AA	Assembled	32.3	5.2	137789	5688309	Ralstonia solanacearum;100.0%	126	6468	RAL_AA1811AA_AS
RAL_AA1088AA	MAFF 106206	DRR667530;OXFORD_NANOPORE;Single;;DRX647632;SRA,DRR667529;ILLUMINA;Paired;;DRX647631;SRA	Environment	Plant	Solanum melongena	1984				Asia	Japan	Fukuoka Prefecture						National Agriculture and Food Research Organization	Ralstonia pseudosolanacearum					PRJDB20372	DRP013383	SAMD01229223	DRS486869	2025-07-16	2025-06-02	RAL_AA1088AA	Assembled	39.8	5.2	82740	5738954	Ralstonia solanacearum;99.82%	161	4229	RAL_AA1149AA_AS
RAL_AA1089AA	MAFF 106258	DRR667527;ILLUMINA;Paired;;DRX647629;SRA,DRR667528;OXFORD_NANOPORE;Single;;DRX647630;SRA	Environment	Plant	Solanum melongena	1983				Asia	Japan	Kochi Prefecture						National Agriculture and Food Research Organization	Ralstonia pseudosolanacearum					PRJDB20372	DRP013383	SAMD01229222	DRS486868	2025-07-16	2025-06-02	RAL_AA1089AA	Assembled	41.3	5.2	133992	5687818	Ralstonia solanacearum;100.0%	133	4942	RAL_AA1150AA_AS
RAL_AA1090AA	MAFF 106205	DRR667526;OXFORD_NANOPORE;Single;;DRX647628;SRA,DRR667525;ILLUMINA;Paired;;DRX647627;SRA	Environment	Plant	Solanum melongena	1983				Asia	Japan	Kochi Prefecture						National Agriculture and Food Research Organization	Ralstonia pseudosolanacearum					PRJDB20372	DRP013383	SAMD01229221	DRS486867	2025-07-16	2025-06-02	RAL_AA1090AA	Assembled	37.8	5.2	133479	5751780	Ralstonia solanacearum;100.0%	122	5184	RAL_AA1151AA_AS
RAL_AA1091AA	MAFF 106204	DRR667523;ILLUMINA;Paired;;DRX647625;SRA,DRR667524;OXFORD_NANOPORE;Single;;DRX647626;SRA	Environment	Plant	Solanum melongena	1983				Asia	Japan	Kochi Prefecture						National Agriculture and Food Research Organization	Ralstonia pseudosolanacearum					PRJDB20372	DRP013383	SAMD01229220	DRS486866	2025-07-16	2025-06-02	RAL_AA1091AA	Assembled	45	5.2	121970	5754894	Ralstonia solanacearum;100.0%	132	3604	RAL_AA1152AA_AS
RAL_AA1092AA	MAFF 106255	DRR667490;OXFORD_NANOPORE;Single;;DRX647592;SRA,DRR667489;ILLUMINA;Paired;;DRX647591;SRA	Environment	Plant	Solanum lycopersicum	1982				Asia	Japan	Kumamoto Prefecture						National Agriculture and Food Research Organization	Ralstonia pseudosolanacearum					PRJDB20372	DRP013383	SAMD01229203	DRS486849	2025-07-16	2025-06-02	RAL_AA1092AA	Assembled	51.2	5.2	119419	5681482	Ralstonia solanacearum;100.0%	154	4005	RAL_AA1153AA_AS
RAL_AA1093AA	MAFF 311888	DRR667488;OXFORD_NANOPORE;Single;;DRX647590;SRA,DRR667487;ILLUMINA;Paired;;DRX647589;SRA	Environment	Plant	Solanum lycopersicum	1982				Asia	Japan							National Agriculture and Food Research Organization	Ralstonia pseudosolanacearum					PRJDB20372	DRP013383	SAMD01229202	DRS486848	2025-07-16	2025-06-02	RAL_AA1093AA	Assembled	49.3	5.2	83467	5642390	Ralstonia solanacearum;100.0%	177	3486	RAL_AA1935AA_AS
RAL_AA1094AA	MAFF 311887	DRR667486;OXFORD_NANOPORE;Single;;DRX647588;SRA,DRR667485;ILLUMINA;Paired;;DRX647587;SRA	Environment	Plant	Capsicum annuum	1982				Asia	Japan	Oita Prefecture						National Agriculture and Food Research Organization	Ralstonia pseudosolanacearum					PRJDB20372	DRP013383	SAMD01229201	DRS486847	2025-07-16	2025-06-02	RAL_AA1094AA	Assembled	46	5.2	110929	5664474	Ralstonia solanacearum;100.0%	165	4194	RAL_AA1154AA_AS
RAL_AA1095AA	MAFF 311886	DRR667483;ILLUMINA;Paired;;DRX647585;SRA,DRR667484;OXFORD_NANOPORE;Single;;DRX647586;SRA	Environment	Plant	Solanum lycopersicum	1982				Asia	Japan	Oita Prefecture						National Agriculture and Food Research Organization	Ralstonia pseudosolanacearum					PRJDB20372	DRP013383	SAMD01229200	DRS486846	2025-07-16	2025-06-02	RAL_AA1095AA	Assembled	42.1	5.2	123667	5656612	Ralstonia solanacearum;100.0%	167	5480	RAL_AA1155AA_AS
RAL_AA1096AA	MAFF 311885	DRR667482;OXFORD_NANOPORE;Single;;DRX647584;SRA,DRR667481;ILLUMINA;Paired;;DRX647583;SRA	Environment	Plant	Solanum lycopersicum	1982				Asia	Japan	Oita Prefecture						National Agriculture and Food Research Organization	Ralstonia pseudosolanacearum					PRJDB20372	DRP013383	SAMD01229199	DRS486845	2025-07-16	2025-06-02	RAL_AA1096AA	Assembled	46.8	5.2	79709	5853175	Ralstonia solanacearum;100.0%	230	5158	RAL_AA1156AA_AS
RAL_AA1097AA	MAFF 311884	DRR667480;OXFORD_NANOPORE;Single;;DRX647582;SRA,DRR667479;ILLUMINA;Paired;;DRX647581;SRA	Environment	Plant	Solanum melongena	1982				Asia	Japan	Yamanashi Prefecture						National Agriculture and Food Research Organization	Ralstonia pseudosolanacearum					PRJDB20372	DRP013383	SAMD01229198	DRS486844	2025-07-16	2025-06-02	RAL_AA1097AA	Assembled	39.9	5.2	80334	5779172	Ralstonia solanacearum;98.97%	201	6199	RAL_AA1812AA_AS
RAL_AA1098AA	MAFF 311883	DRR667477;ILLUMINA;Paired;;DRX647579;SRA,DRR667478;OXFORD_NANOPORE;Single;;DRX647580;SRA	Environment	Plant	Solanum lycopersicum	1982				Asia	Japan	Kanagawa Prefecture						National Agriculture and Food Research Organization	Ralstonia pseudosolanacearum					PRJDB20372	DRP013383	SAMD01229197	DRS486843	2025-07-16	2025-06-02	RAL_AA1098AA	Assembled	44.8	5.2	78610	5737866	Ralstonia solanacearum;100.0%	190	4428	RAL_AA1936AA_AS
RAL_AA1100AA	MAFF 311881	DRR667473;ILLUMINA;Paired;;DRX647575;SRA,DRR667474;OXFORD_NANOPORE;Single;;DRX647576;SRA	Environment	Plant	Solanum lycopersicum	1982				Asia	Japan	Yamaguchi Prefecture						National Agriculture and Food Research Organization	Ralstonia pseudosolanacearum					PRJDB20372	DRP013383	SAMD01229195	DRS486841	2025-07-16	2025-06-02	RAL_AA1100AA	Assembled	19.3	5.2	82080	5676525	Ralstonia solanacearum;99.64%	172	24018	RAL_AA1157AA_AS
RAL_AA1101AA	MAFF 311880	DRR667471;ILLUMINA;Paired;;DRX647573;SRA,DRR667472;OXFORD_NANOPORE;Single;;DRX647574;SRA	Environment	Plant	Solanum lycopersicum	1982				Asia	Japan	Yamaguchi Prefecture						National Agriculture and Food Research Organization	Ralstonia pseudosolanacearum					PRJDB20372	DRP013383	SAMD01229194	DRS486840	2025-07-16	2025-06-02	RAL_AA1101AA	Assembled	38	5.2	78135	5756233	Ralstonia solanacearum;100.0%	213	6550	RAL_AA1938AA_AS
RAL_AA1102AA	MAFF 311879	DRR667469;ILLUMINA;Paired;;DRX647571;SRA,DRR667470;OXFORD_NANOPORE;Single;;DRX647572;SRA	Environment	Plant	Solanum lycopersicum	1982				Asia	Japan							National Agriculture and Food Research Organization	Ralstonia pseudosolanacearum					PRJDB20372	DRP013383	SAMD01229193	DRS486839	2025-07-16	2025-06-02	RAL_AA1102AA	Assembled	39.5	5.2	80165	5844940	Ralstonia solanacearum;99.33%	221	6268	RAL_AA1158AA_AS
RAL_AA1103AA	MAFF 311878	DRR667468;OXFORD_NANOPORE;Single;;DRX647570;SRA,DRR667467;ILLUMINA;Paired;;DRX647569;SRA	Environment	Plant	Solanum melongena	1982				Asia	Japan							National Agriculture and Food Research Organization	Ralstonia pseudosolanacearum					PRJDB20372	DRP013383	SAMD01229192	DRS486838	2025-07-16	2025-06-02	RAL_AA1103AA	Assembled	51.2	5.2	82961	5704631	Ralstonia solanacearum;100.0%	192	3792	RAL_AA1814AA_AS
RAL_AA1104AA	MAFF 311877	DRR667466;OXFORD_NANOPORE;Single;;DRX647568;SRA,DRR667465;ILLUMINA;Paired;;DRX647567;SRA	Environment	Plant	Solanum lycopersicum	1982				Asia	Japan	Gunma Prefecture						National Agriculture and Food Research Organization	Ralstonia pseudosolanacearum					PRJDB20372	DRP013383	SAMD01229191	DRS486837	2025-07-16	2025-06-02	RAL_AA1104AA	Assembled	50.4	5.2	74612	5917138	Ralstonia solanacearum;99.33%	222	4581	RAL_AA1159AA_AS
RAL_AA1105AA	MAFF 311876	DRR667463;ILLUMINA;Paired;;DRX647565;SRA,DRR667464;OXFORD_NANOPORE;Single;;DRX647566;SRA	Environment	Plant	Solanum melongena	1982				Asia	Japan	Tokyo						National Agriculture and Food Research Organization	Ralstonia pseudosolanacearum					PRJDB20372	DRP013383	SAMD01229190	DRS486836	2025-07-16	2025-06-02	RAL_AA1105AA	Assembled	60.6	5.2	81790	5621276	Ralstonia solanacearum;100.0%	178	3095	RAL_AA1815AA_AS
RAL_AA1106AA	MAFF 106254	DRR667462;OXFORD_NANOPORE;Single;;DRX647564;SRA,DRR667461;ILLUMINA;Paired;;DRX647563;SRA	Environment	Plant	Solanum melongena	1982				Asia	Japan	Wakayama Prefecture						National Agriculture and Food Research Organization	Ralstonia pseudosolanacearum					PRJDB20372	DRP013383	SAMD01229189	DRS486835	2025-07-16	2025-06-02	RAL_AA1106AA	Assembled	49.3	5.2	77918	5730849	Ralstonia solanacearum;100.0%	183	3096	RAL_AA1939AA_AS
RAL_AA1108AA	MAFF 106261	DRR667586;OXFORD_NANOPORE;Single;;DRX647688;SRA,DRR667585;ILLUMINA;Paired;;DRX647687;SRA	Environment	Plant	Solanum lycopersicum	1982				Asia	Japan	Gunma Prefecture						National Agriculture and Food Research Organization	Ralstonia pseudosolanacearum					PRJDB20372	DRP013383	SAMD01229251	DRS486897	2025-07-16	2025-06-02	RAL_AA1108AA	Assembled	46.9	5.2	78607	5783711	Ralstonia solanacearum;100.0%	216	4947	RAL_AA1160AA_AS
RAL_AA1109AA	MAFF 106260	DRR667583;ILLUMINA;Paired;;DRX647685;SRA,DRR667584;OXFORD_NANOPORE;Single;;DRX647686;SRA	Environment	Plant	Solanum lycopersicum	1982				Asia	Japan							National Agriculture and Food Research Organization	Ralstonia pseudosolanacearum					PRJDB20372	DRP013383	SAMD01229250	DRS486896	2025-07-16	2025-06-02	RAL_AA1109AA	Assembled	45.5	5.2	78610	5800226	Ralstonia solanacearum;100.0%	206	3811	RAL_AA1161AA_AS
RAL_AA1110AA	MAFF 106259	DRR667582;OXFORD_NANOPORE;Single;;DRX647684;SRA,DRR667581;ILLUMINA;Paired;;DRX647683;SRA	Environment	Plant	Solanum melongena	1981				Asia	Japan	Osaka Prefecture						National Agriculture and Food Research Organization	Ralstonia pseudosolanacearum					PRJDB20372	DRP013383	SAMD01229249	DRS486895	2025-07-16	2025-06-02	RAL_AA1110AA	Assembled	46.5	5.2	78606	5743930	Ralstonia solanacearum;100.0%	183	3335	RAL_AA1162AA_AS
RAL_AA1111AA	MAFF 107632	DRR667579;ILLUMINA;Paired;;DRX647681;SRA,DRR667580;OXFORD_NANOPORE;Single;;DRX647682;SRA	Environment	Plant	Solanum lycopersicum	1981				Asia	Japan							National Agriculture and Food Research Organization	Ralstonia pseudosolanacearum					PRJDB20372	DRP013383	SAMD01229248	DRS486894	2025-07-16	2025-06-02	RAL_AA1111AA	Assembled	44.1	5.2	77570	5750383	Ralstonia solanacearum;100.0%	212	5135	RAL_AA1163AA_AS
RAL_AA1112AA	MAFF 311855	DRR667578;OXFORD_NANOPORE;Single;;DRX647680;SRA,DRR667577;ILLUMINA;Paired;;DRX647679;SRA	Environment	Plant	Solanum melongena	2017				Asia	Japan	Okayama Prefecture						National Agriculture and Food Research Organization	Ralstonia pseudosolanacearum					PRJDB20372	DRP013383	SAMD01229247	DRS486893	2025-07-16	2025-06-02	RAL_AA1112AA	Assembled	55.3	5.2	81756	5673415	Ralstonia solanacearum;99.82%	158	2767	RAL_AA1164AA_AS
RAL_AA1113AA	MAFF 311907	DRR667575;ILLUMINA;Paired;;DRX647677;SRA,DRR667576;OXFORD_NANOPORE;Single;;DRX647678;SRA	Environment	Plant	Solanum melongena	1997				Asia	Japan	Osaka Prefecture						National Agriculture and Food Research Organization	Ralstonia pseudosolanacearum					PRJDB20372	DRP013383	SAMD01229246	DRS486892	2025-07-16	2025-06-02	RAL_AA1113AA	Assembled	46.2	5.2	78606	5673147	Ralstonia solanacearum;100.0%	170	4348	RAL_AA1940AA_AS
RAL_AA1114AA	MAFF 311906	DRR667574;OXFORD_NANOPORE;Single;;DRX647676;SRA,DRR667573;ILLUMINA;Paired;;DRX647675;SRA	Environment	Plant	Solanum melongena	1997				Asia	Japan	Osaka Prefecture						National Agriculture and Food Research Organization	Ralstonia pseudosolanacearum					PRJDB20372	DRP013383	SAMD01229245	DRS486891	2025-07-16	2025-06-02	RAL_AA1114AA	Assembled	51.5	5.2	80333	5674885	Ralstonia solanacearum;100.0%	161	2270	RAL_AA1165AA_AS
RAL_AA1115AA	MAFF 331046	DRR667571;ILLUMINA;Paired;;DRX647673;SRA,DRR667572;OXFORD_NANOPORE;Single;;DRX647674;SRA	Environment	Plant	Solanum lycopersicum	2011				Asia	Japan							National Agriculture and Food Research Organization	Ralstonia pseudosolanacearum					PRJDB20372	DRP013383	SAMD01229244	DRS486890	2025-07-16	2025-06-02	RAL_AA1115AA	Assembled	45.5	5.2	78212	5739138	Ralstonia solanacearum;98.28%	204	3055	RAL_AA1166AA_AS
RAL_AA1116AA	MAFF 331042	DRR667569;ILLUMINA;Paired;;DRX647671;SRA,DRR667570;OXFORD_NANOPORE;Single;;DRX647672;SRA	Environment	Plant	Solanum melongena	2011				Asia	Japan							National Agriculture and Food Research Organization	Ralstonia pseudosolanacearum					PRJDB20372	DRP013383	SAMD01229243	DRS486889	2025-07-16	2025-06-02	RAL_AA1116AA	Assembled	41.9	5.2	78308	5737332	Ralstonia solanacearum;98.41%	176	3086	RAL_AA1167AA_AS
RAL_AA1117AA	MAFF 331041	DRR667568;OXFORD_NANOPORE;Single;;DRX647670;SRA,DRR667567;ILLUMINA;Paired;;DRX647669;SRA	Environment	Plant	Solanum lycopersicum	2011				Asia	Japan							National Agriculture and Food Research Organization	Ralstonia pseudosolanacearum					PRJDB20372	DRP013383	SAMD01229242	DRS486888	2025-07-16	2025-06-02	RAL_AA1117AA	Assembled	50.1	5.2	80196	5661733	Ralstonia solanacearum;100.0%	168	2464	RAL_AA1168AA_AS
RAL_AA1118AA	MAFF 211282	DRR667565;ILLUMINA;Paired;;DRX647667;SRA,DRR667566;OXFORD_NANOPORE;Single;;DRX647668;SRA	Environment	Plant	Solanum melongena	1993				Asia	Japan	Kochi Prefecture						National Agriculture and Food Research Organization	Ralstonia pseudosolanacearum					PRJDB20372	DRP013383	SAMD01229241	DRS486887	2025-07-16	2025-06-02	RAL_AA1118AA	Assembled	41.3	5.2	138028	5752763	Ralstonia solanacearum;100.0%	124	4181	RAL_AA1169AA_AS
RAL_AA1119AA	MAFF 211266	DRR667563;ILLUMINA;Paired;;DRX647665;SRA,DRR667564;OXFORD_NANOPORE;Single;;DRX647666;SRA	Environment	Plant	Solanum melongena	1973				Asia	Japan							National Agriculture and Food Research Organization	Ralstonia pseudosolanacearum					PRJDB20372	DRP013383	SAMD01229240	DRS486886	2025-07-16	2025-06-02	RAL_AA1119AA	Assembled	54.5	5.2	86198	5730130	Ralstonia solanacearum;99.14%	197	5314	RAL_AA1170AA_AS
RAL_AA1120AA	MAFF 311909	DRR667561;ILLUMINA;Paired;;DRX647663;SRA,DRR667562;OXFORD_NANOPORE;Single;;DRX647664;SRA	Environment	Plant	Capsicum annuum	1997				Asia	Japan	Kochi Prefecture						National Agriculture and Food Research Organization	Ralstonia pseudosolanacearum					PRJDB20372	DRP013383	SAMD01229239	DRS486885	2025-07-16	2025-06-02	RAL_AA1120AA	Assembled	50	5.2	74531	5978956	Ralstonia solanacearum;100.0%	269	6912	RAL_AA1171AA_AS
RAL_AA1121AA	MAFF 311910	DRR667559;ILLUMINA;Paired;;DRX647661;SRA,DRR667560;OXFORD_NANOPORE;Single;;DRX647662;SRA	Environment	Plant	Capsicum annuum	1997				Asia	Japan	Kochi Prefecture						National Agriculture and Food Research Organization	Ralstonia pseudosolanacearum					PRJDB20372	DRP013383	SAMD01229238	DRS486884	2025-07-16	2025-06-02	RAL_AA1121AA	Assembled	35.7	5.2	74609	5983548	Ralstonia solanacearum;100.0%	272	10951	RAL_AA1172AA_AS
RAL_AA1122AA	MAFF 311931	DRR667557;ILLUMINA;Paired;;DRX647659;SRA,DRR667558;OXFORD_NANOPORE;Single;;DRX647660;SRA	Environment	Plant	Capsicum annuum	1995				Asia	Japan							National Agriculture and Food Research Organization	Ralstonia pseudosolanacearum					PRJDB20372	DRP013383	SAMD01229237	DRS486883	2025-07-16	2025-06-02	RAL_AA1122AA	Assembled	48.1	5.2	75950	5797549	Ralstonia solanacearum;99.31%	216	4435	RAL_AA1817AA_AS
RAL_AA1124AA	MAFF 311874	DRR667458;OXFORD_NANOPORE;Single;;DRX647560;SRA,DRR667457;ILLUMINA;Paired;;DRX647559;SRA	Environment	Plant	Solanum lycopersicum	1982				Asia	Japan	Osaka Prefecture						National Agriculture and Food Research Organization	Ralstonia pseudosolanacearum					PRJDB20372	DRP013383	SAMD01229187	DRS486833	2025-07-16	2025-06-02	RAL_AA1124AA	Assembled	45.5	5.2	80333	5806349	Ralstonia solanacearum;100.0%	210	4519	RAL_AA1173AA_AS
RAL_AA1126AA	MAFF 311872	DRR667453;ILLUMINA;Paired;;DRX647555;SRA,DRR667454;OXFORD_NANOPORE;Single;;DRX647556;SRA	Environment	Plant	Solanum lycopersicum	1982				Asia	Japan	Kagoshima Prefecture						National Agriculture and Food Research Organization	Ralstonia pseudosolanacearum					PRJDB20372	DRP013383	SAMD01229185	DRS486831	2025-07-16	2025-06-02	RAL_AA1126AA	Assembled	48.9	5.2	127795	5722703	Ralstonia solanacearum;100.0%	135	4057	RAL_AA1820AA_AS
RAL_AA1127AA	MAFF 311871	DRR667451;ILLUMINA;Paired;;DRX647553;SRA,DRR667452;OXFORD_NANOPORE;Single;;DRX647554;SRA	Environment	Plant	Solanum melongena	1982				Asia	Japan	Kochi Prefecture						National Agriculture and Food Research Organization	Ralstonia pseudosolanacearum					PRJDB20372	DRP013383	SAMD01229184	DRS486830	2025-07-16	2025-06-02	RAL_AA1127AA	Assembled	48.2	5.2	131187	5754792	Ralstonia solanacearum;100.0%	140	3365	RAL_AA1941AA_AS
RAL_AA1128AA	MAFF 311870	DRR667450;OXFORD_NANOPORE;Single;;DRX647552;SRA,DRR667449;ILLUMINA;Paired;;DRX647551;SRA	Environment	Plant	Solanum lycopersicum	1982				Asia	Japan	Kochi Prefecture						National Agriculture and Food Research Organization	Ralstonia pseudosolanacearum					PRJDB20372	DRP013383	SAMD01229183	DRS486829	2025-07-16	2025-06-02	RAL_AA1128AA	Assembled	46	5.2	80181	5721237	Ralstonia solanacearum;99.64%	178	4782	RAL_AA1942AA_AS
RAL_AA1129AA	MAFF 311869	DRR667447;ILLUMINA;Paired;;DRX647549;SRA,DRR667448;OXFORD_NANOPORE;Single;;DRX647550;SRA	Environment	Plant	Solanum lycopersicum	1982				Asia	Japan	Kochi Prefecture						National Agriculture and Food Research Organization	Ralstonia pseudosolanacearum					PRJDB20372	DRP013383	SAMD01229182	DRS486828	2025-07-16	2025-06-02	RAL_AA1129AA	Assembled	47.8	5.2	133279	5754486	Ralstonia solanacearum;100.0%	128	3880	RAL_AA1174AA_AS
RAL_AA1130AA	MAFF 724010	DRR667445;ILLUMINA;Paired;;DRX647547;SRA,DRR667446;OXFORD_NANOPORE;Single;;DRX647548;SRA	Environment	Plant	Solanum melongena	1982				Asia	Japan	Gunma Prefecture						National Agriculture and Food Research Organization	Ralstonia pseudosolanacearum					PRJDB20372	DRP013383	SAMD01229181	DRS486827	2025-07-16	2025-06-02	RAL_AA1130AA	Assembled	42.5	5.2	83466	5701499	Ralstonia solanacearum;100.0%	213	5210	RAL_AA1175AA_AS
RAL_AA1131AA	MAFF 724009	DRR667443;ILLUMINA;Paired;;DRX647545;SRA,DRR667444;OXFORD_NANOPORE;Single;;DRX647546;SRA	Environment	Plant	Solanum lycopersicum	1982				Asia	Japan	Ibaraki Prefecture						National Agriculture and Food Research Organization	Ralstonia pseudosolanacearum					PRJDB20372	DRP013383	SAMD01229180	DRS486826	2025-07-16	2025-06-02	RAL_AA1131AA	Assembled	43.8	5.2	78607	5783159	Ralstonia solanacearum;100.0%	214	4352	RAL_AA1176AA_AS
RAL_AA1132AA	MAFF 106245	DRR667442;OXFORD_NANOPORE;Single;;DRX647544;SRA,DRR667441;ILLUMINA;Paired;;DRX647543;SRA	Environment	Plant	Solanum lycopersicum	1982				Asia	Japan	Mie Prefecture						National Agriculture and Food Research Organization	Ralstonia pseudosolanacearum					PRJDB20372	DRP013383	SAMD01229179	DRS486825	2025-07-16	2025-06-02	RAL_AA1132AA	Assembled	40.3	5.2	110862	5696044	Ralstonia solanacearum;99.82%	160	5442	RAL_AA1943AA_AS
RAL_AA1133AA	MAFF 724008	DRR667440;OXFORD_NANOPORE;Single;;DRX647542;SRA,DRR667439;ILLUMINA;Paired;;DRX647541;SRA	Environment	Plant	Solanum lycopersicum	1982				Asia	Japan	Shizuoka Prefecture						National Agriculture and Food Research Organization	Ralstonia pseudosolanacearum					PRJDB20372	DRP013383	SAMD01229178	DRS486824	2025-07-16	2025-06-02	RAL_AA1133AA	Assembled	37.8	5.2	204994	5684744	Ralstonia solanacearum;99.82%	110	4723	RAL_AA1944AA_AS
RAL_AA1134AA	MAFF 724005	DRR667438;OXFORD_NANOPORE;Single;;DRX647540;SRA,DRR667437;ILLUMINA;Paired;;DRX647539;SRA	Environment	Plant	Solanum melongena	1982				Asia	Japan	Osaka Prefecture						National Agriculture and Food Research Organization	Ralstonia pseudosolanacearum					PRJDB20372	DRP013383	SAMD01229177	DRS486823	2025-07-16	2025-06-02	RAL_AA1134AA	Assembled	51	5.2	77569	5732118	Ralstonia solanacearum;99.82%	168	3389	RAL_AA1177AA_AS
RAL_AA1135AA	MAFF 106253	DRR667435;ILLUMINA;Paired;;DRX647537;SRA,DRR667436;OXFORD_NANOPORE;Single;;DRX647538;SRA	Environment	Plant	Solanum melongena	1982				Asia	Japan							National Agriculture and Food Research Organization	Ralstonia pseudosolanacearum					PRJDB20372	DRP013383	SAMD01229176	DRS486822	2025-07-16	2025-06-02	RAL_AA1135AA	Assembled	45.3	5.2	78607	5728500	Ralstonia solanacearum;98.93%	170	4277	RAL_AA1945AA_AS
RAL_AA1136AA	MAFF 724004	DRR667433;ILLUMINA;Paired;;DRX647535;SRA,DRR667434;OXFORD_NANOPORE;Single;;DRX647536;SRA	Environment	Plant	Solanum lycopersicum	1982				Asia	Japan	Hyogo Prefecture						National Agriculture and Food Research Organization	Ralstonia pseudosolanacearum					PRJDB20372	DRP013383	SAMD01229175	DRS486821	2025-07-16	2025-06-02	RAL_AA1136AA	Assembled	43.7	5.2	74540	5759943	Ralstonia solanacearum;99.83%	209	5632	RAL_AA1178AA_AS
RAL_AA1137AA	MAFF 106252	DRR667432;OXFORD_NANOPORE;Single;;DRX647534;SRA,DRR667431;ILLUMINA;Paired;;DRX647533;SRA	Environment	Plant	Solanum melongena	1982				Asia	Japan	Fukuoka Prefecture						National Agriculture and Food Research Organization	Ralstonia pseudosolanacearum					PRJDB20372	DRP013383	SAMD01229174	DRS486820	2025-07-16	2025-06-02	RAL_AA1137AA	Assembled	60.2	5.2	106034	5670830	Ralstonia solanacearum;100.0%	169	4603	RAL_AA1179AA_AS
RAL_AA1138AA	MAFF 724003	DRR667429;ILLUMINA;Paired;;DRX647531;SRA,DRR667430;OXFORD_NANOPORE;Single;;DRX647532;SRA	Environment	Plant	Solanum melongena	1982				Asia	Japan	Okayama Prefecture						National Agriculture and Food Research Organization	Ralstonia pseudosolanacearum					PRJDB20372	DRP013383	SAMD01229173	DRS486819	2025-07-16	2025-06-02	RAL_AA1138AA	Assembled	50	5.2	133993	5712606	Ralstonia solanacearum;100.0%	124	3636	RAL_AA1821AA_AS
RAL_AA1139AA	MAFF 724002	DRR667428;OXFORD_NANOPORE;Single;;DRX647530;SRA,DRR667427;ILLUMINA;Paired;;DRX647529;SRA	Environment	Plant	Solanum melongena	1982				Asia	Japan	Tottori Prefecture						National Agriculture and Food Research Organization	Ralstonia pseudosolanacearum					PRJDB20372	DRP013383	SAMD01229172	DRS486818	2025-07-16	2025-06-02	RAL_AA1139AA	Assembled	46.8	5.2	140007	5714157	Ralstonia solanacearum;100.0%	134	3351	RAL_AA1822AA_AS
RAL_AA1140AA	MAFF 311902	DRR667521;ILLUMINA;Paired;;DRX647623;SRA,DRR667522;OXFORD_NANOPORE;Single;;DRX647624;SRA	Environment	Plant	Solanum lycopersicum	1983				Asia	Japan	Kochi Prefecture						National Agriculture and Food Research Organization	Ralstonia pseudosolanacearum					PRJDB20372	DRP013383	SAMD01229219	DRS486865	2025-07-16	2025-06-02	RAL_AA1140AA	Assembled	41.8	5.2	119050	5602974	Ralstonia solanacearum;99.64%	120	3135	RAL_AA1823AA_AS
RAL_AA1141AA	MAFF 106257	DRR667519;ILLUMINA;Paired;;DRX647621;SRA,DRR667520;OXFORD_NANOPORE;Single;;DRX647622;SRA	Environment	Plant	Solanum lycopersicum	1983				Asia	Japan	Kochi Prefecture						National Agriculture and Food Research Organization	Ralstonia pseudosolanacearum					PRJDB20372	DRP013383	SAMD01229218	DRS486864	2025-07-16	2025-06-02	RAL_AA1141AA	Assembled	38.1	5.2	108334	5718057	Ralstonia solanacearum;99.82%	135	4207	RAL_AA1180AA_AS
RAL_AA1143AA	MAFF 311900	DRR667515;ILLUMINA;Paired;;DRX647617;SRA,DRR667516;OXFORD_NANOPORE;Single;;DRX647618;SRA	Environment	Plant	Solanum melongena	1983				Asia	Japan							National Agriculture and Food Research Organization	Ralstonia pseudosolanacearum					PRJDB20372	DRP013383	SAMD01229216	DRS486862	2025-07-16	2025-06-02	RAL_AA1143AA	Assembled	43.9	5.2	137669	5713200	Ralstonia solanacearum;100.0%	131	3330	RAL_AA1181AA_AS
RAL_AA1144AA	MAFF 106256	DRR667514;OXFORD_NANOPORE;Single;;DRX647616;SRA,DRR667513;ILLUMINA;Paired;;DRX647615;SRA	Environment	Plant	Solanum melongena	1983				Asia	Japan	Oita Prefecture						National Agriculture and Food Research Organization	Ralstonia pseudosolanacearum					PRJDB20372	DRP013383	SAMD01229215	DRS486861	2025-07-16	2025-06-02	RAL_AA1144AA	Assembled	34.5	5.2	88133	5689071	Ralstonia solanacearum;99.64%	179	6134	RAL_AA1182AA_AS
RAL_AA1145AA	MAFF 311899	DRR667511;ILLUMINA;Paired;;DRX647613;SRA,DRR667512;OXFORD_NANOPORE;Single;;DRX647614;SRA	Environment	Plant	Solanum lycopersicum	1983				Asia	Japan	Fukui Prefecture						National Agriculture and Food Research Organization	Ralstonia pseudosolanacearum					PRJDB20372	DRP013383	SAMD01229214	DRS486860	2025-07-16	2025-06-02	RAL_AA1145AA	Assembled	52.9	5.2	204988	5672226	Ralstonia solanacearum;99.82%	116	3011	RAL_AA1183AA_AS
RAL_AA1146AA	MAFF 311898	DRR667510;OXFORD_NANOPORE;Single;;DRX647612;SRA,DRR667509;ILLUMINA;Paired;;DRX647611;SRA	Environment	Plant	Solanum melongena	1983				Asia	Japan							National Agriculture and Food Research Organization	Ralstonia pseudosolanacearum					PRJDB20372	DRP013383	SAMD01229213	DRS486859	2025-07-16	2025-06-02	RAL_AA1146AA	Assembled	37	5.2	80002	5763511	Ralstonia solanacearum;99.83%	177	4932	RAL_AA1184AA_AS
RAL_AA1148AA	MAFF 311896	DRR667506;OXFORD_NANOPORE;Single;;DRX647608;SRA,DRR667505;ILLUMINA;Paired;;DRX647607;SRA	Environment	Plant	Solanum lycopersicum	1983				Asia	Japan	Shizuoka Prefecture						National Agriculture and Food Research Organization	Ralstonia pseudosolanacearum					PRJDB20372	DRP013383	SAMD01229211	DRS486857	2025-07-16	2025-06-02	RAL_AA1148AA	Assembled	51.7	5.2	75530	5703454	Ralstonia solanacearum;100.0%	203	3135	RAL_AA1947AA_AS
RAL_AA1149AA	MAFF 311895	DRR667504;OXFORD_NANOPORE;Single;;DRX647606;SRA,DRR667503;ILLUMINA;Paired;;DRX647605;SRA	Environment	Plant	Solanum melongena	1983				Asia	Japan							National Agriculture and Food Research Organization	Ralstonia pseudosolanacearum					PRJDB20372	DRP013383	SAMD01229210	DRS486856	2025-07-16	2025-06-02	RAL_AA1149AA	Assembled	35.4	5.2	134870	5675575	Ralstonia solanacearum;100.0%	123	5700	RAL_AA1185AA_AS
RAL_AA1151AA	MAFF 311893	DRR667500;OXFORD_NANOPORE;Single;;DRX647602;SRA,DRR667499;ILLUMINA;Paired;;DRX647601;SRA	Environment	Plant	Solanum lycopersicum	1982				Asia	Japan	Kanagawa Prefecture						National Agriculture and Food Research Organization	Ralstonia pseudosolanacearum					PRJDB20372	DRP013383	SAMD01229208	DRS486854	2025-07-16	2025-06-02	RAL_AA1151AA	Assembled	56.6	5.2	77570	5738250	Ralstonia solanacearum;100.0%	181	3050	RAL_AA1825AA_AS
RAL_AA1152AA	MAFF 311892	DRR667497;ILLUMINA;Paired;;DRX647599;SRA,DRR667498;OXFORD_NANOPORE;Single;;DRX647600;SRA	Environment	Plant	Solanum tuberosum	1982				Asia	Japan	Nagasaki Prefecture						National Agriculture and Food Research Organization	Ralstonia pseudosolanacearum					PRJDB20372	DRP013383	SAMD01229207	DRS486853	2025-07-16	2025-06-02	RAL_AA1152AA	Assembled	47.8	5.2	83467	5655538	Ralstonia solanacearum;100.0%	197	4360	RAL_AA1826AA_AS
RAL_AA1153AA	MAFF 311891	DRR667495;ILLUMINA;Paired;;DRX647597;SRA,DRR667496;OXFORD_NANOPORE;Single;;DRX647598;SRA	Environment	Plant	Solanum lycopersicum	1982				Asia	Japan	Aichi Prefecture						National Agriculture and Food Research Organization	Ralstonia pseudosolanacearum					PRJDB20372	DRP013383	SAMD01229206	DRS486852	2025-07-16	2025-06-02	RAL_AA1153AA	Assembled	42.9	5.2	83466	5767911	Ralstonia solanacearum;98.79%	204	4094	RAL_AA1949AA_AS
RAL_AA1155AA	MAFF 311889	DRR667491;ILLUMINA;Paired;;DRX647593;SRA,DRR667492;OXFORD_NANOPORE;Single;;DRX647594;SRA	Environment	Plant	Solanum melongena	1982				Asia	Japan	Fukuoka Prefecture						National Agriculture and Food Research Organization	Ralstonia pseudosolanacearum					PRJDB20372	DRP013383	SAMD01229204	DRS486850	2025-07-16	2025-06-02	RAL_AA1155AA	Assembled	48.5	5.2	82917	5824996	Ralstonia solanacearum;99.83%	214	3415	RAL_AA1186AA_AS
RAL_AA1156AA	MAFF 724001	DRR667425;ILLUMINA;Paired;;DRX647527;SRA,DRR667426;OXFORD_NANOPORE;Single;;DRX647528;SRA	Environment	Plant	Solanum tuberosum	1982				Asia	Japan							National Agriculture and Food Research Organization	Ralstonia pseudosolanacearum					PRJDB20372	DRP013383	SAMD01229171	DRS486817	2025-07-16	2025-06-02	RAL_AA1156AA	Assembled	38.4	5.2	78610	5799625	Ralstonia solanacearum;100.0%	204	5920	RAL_AA1187AA_AS
RAL_AA1157AA	MAFF 106251	DRR667423;ILLUMINA;Paired;;DRX647525;SRA,DRR667424;OXFORD_NANOPORE;Single;;DRX647526;SRA	Environment	Plant	Solanum melongena	1981				Asia	Japan	Osaka Prefecture						National Agriculture and Food Research Organization	Ralstonia pseudosolanacearum					PRJDB20372	DRP013383	SAMD01229170	DRS486816	2025-07-16	2025-06-02	RAL_AA1157AA	Assembled	40.6	5.2	74693	5745659	Ralstonia solanacearum;99.82%	181	4155	RAL_AA1827AA_AS
RAL_AA1160AA	RUN0805	SRR31675535;ILLUMINA;Paired;;SRX27038250;SRA	Environment	Soil/Dust	soil_banana_fallow	2007				North America	Martinique	Martinique	Martinique	Arrondissement de La Trinité				Max Planck Institute for Biology Tuebingen	Ralstonia pseudosolanacearum					PRJNA1196686	SRP550707	SAMN45624347	SRS23501484	2025-07-16	2025-06-01	RAL_AA1160AA	Assembled	76.5	5.2	44071	5714323	Ralstonia solanacearum;97.88%	278	14372	RAL_AA1188AA_AS
RAL_AA1161AA	RUN0804	SRR31675536;ILLUMINA;Paired;;SRX27038249;SRA	Environment	Soil/Dust	soil_banana_fallow	2007				North America	Martinique	Martinique	Martinique	Arrondissement de La Trinité				Max Planck Institute for Biology Tuebingen	Ralstonia pseudosolanacearum					PRJNA1196686	SRP550707	SAMN45624346	SRS23501485	2025-07-16	2025-06-01	RAL_AA1161AA	Assembled	66.1	5.2	38262	5711144	Ralstonia solanacearum;97.92%	311	17048	RAL_AA1189AA_AS
RAL_AA1162AA	RUN0803	SRR31675537;ILLUMINA;Paired;;SRX27038248;SRA	Environment	Soil/Dust	soil_banana_fallow	2007				North America	Martinique	Martinique	Martinique	Arrondissement de La Trinité				Max Planck Institute for Biology Tuebingen	Ralstonia pseudosolanacearum					PRJNA1196686	SRP550707	SAMN45624345	SRS23501486	2025-07-16	2025-06-01	RAL_AA1162AA	Assembled	47.3	5.2	34739	5684403	Ralstonia solanacearum;97.95%	347	24955	RAL_AA1190AA_AS
RAL_AA1163AA	RUN0800	SRR31675541;ILLUMINA;Paired;;SRX27038244;SRA	Environment	Soil/Dust	soil_banana_fallow	2007				North America	Martinique	Martinique	Martinique	Arrondissement de La Trinité				Max Planck Institute for Biology Tuebingen	Ralstonia pseudosolanacearum					PRJNA1196686	SRP550707	SAMN45624342	SRS23501478	2025-07-16	2025-06-01	RAL_AA1163AA	Assembled	133.8	5.2	58149	5689375	Ralstonia solanacearum;98.14%	232	7285	RAL_AA1191AA_AS
RAL_AA1164AA	RUN0798	SRR31675543;ILLUMINA;Paired;;SRX27038242;SRA	Environment	Soil/Dust	soil_banana_fallow	2007				North America	Martinique	Martinique	Martinique	Arrondissement de La Trinité				Max Planck Institute for Biology Tuebingen	Ralstonia pseudosolanacearum					PRJNA1196686	SRP550707	SAMN45624340	SRS23501477	2025-07-16	2025-06-01	RAL_AA1164AA	Assembled	131.4	5.2	50256	5714955	Ralstonia solanacearum;97.93%	263	10609	RAL_AA1192AA_AS
RAL_AA1165AA	RUN0796	SRR31675545;ILLUMINA;Paired;;SRX27038240;SRA	Environment	Plant	Petroselinum crispum	2002				North America	Martinique	Martinique	Martinique	Arrondissement de La Trinité				Max Planck Institute for Biology Tuebingen	Ralstonia pseudosolanacearum					PRJNA1196686	SRP550707	SAMN45624338	SRS23501476	2025-07-16	2025-06-01	RAL_AA1165AA	Assembled	88.4	5.2	38403	5707969	Ralstonia solanacearum;97.45%	299	13510	RAL_AA1193AA_AS
RAL_AA1166AA	RUN1972	SRR31675571;ILLUMINA;Paired;;SRX27038214;SRA	Environment	Plant	Capsicum annuum	2011				South America	French Guiana	Guyane	Guyane	Arrondissement de Saint-Laurent-du-Maroni				Max Planck Institute for Biology Tuebingen	Ralstonia pseudosolanacearum					PRJNA1196686	SRP550707	SAMN45624574	SRS23501450	2025-07-16	2025-06-01	RAL_AA1166AA	Assembled	106.6	5.2	50366	5706641	Ralstonia solanacearum;100.0%	246	16661	RAL_AA1194AA_AS
RAL_AA1167AA	RUN1971	SRR31675572;ILLUMINA;Paired;;SRX27038213;SRA	Environment	Plant	Capsicum annuum	2011				South America	French Guiana	Guyane	Guyane	Arrondissement de Saint-Laurent-du-Maroni				Max Planck Institute for Biology Tuebingen	Ralstonia pseudosolanacearum					PRJNA1196686	SRP550707	SAMN45624573	SRS23501448	2025-07-16	2025-06-01	RAL_AA1167AA	Assembled	35.3	5.2	24633	5701774	Ralstonia solanacearum;100.0%	490	69101	RAL_AA1195AA_AS
RAL_AA1168AA	RUN0356	SRR31675584;ILLUMINA;Paired;;SRX27038201;SRA	Environment	Plant	Solanum melongena	2002				North America	Martinique	Martinique	Martinique	Arrondissement de La Trinité		14.664711	-61.015307	Max Planck Institute for Biology Tuebingen	Ralstonia pseudosolanacearum					PRJNA1196686	SRP550707	SAMN45624230	SRS23501437	2025-07-16	2025-06-01	RAL_AA1168AA	Assembled	75.4	5.2	33560	5803124	Ralstonia solanacearum;96.98%	397	35655	RAL_AA1196AA_AS
RAL_AA1169AA	RUN1958	SRR31675586;ILLUMINA;Paired;;SRX27038199;SRA	Environment	Plant	Capsicum annuum	2011				South America	French Guiana	Guyane	Guyane	Arrondissement de Cayenne				Max Planck Institute for Biology Tuebingen	Ralstonia pseudosolanacearum					PRJNA1196686	SRP550707	SAMN45624561	SRS23501435	2025-07-16	2025-06-01	RAL_AA1169AA	Assembled	71.5	5.2	39765	5718270	Ralstonia solanacearum;97.94%	303	18851	RAL_AA1197AA_AS
RAL_AA1170AA	RUN1955	SRR31675589;ILLUMINA;Paired;;SRX27038196;SRA	Environment	Plant	Capsicum annuum	2011				South America	French Guiana	Guyane	Guyane	Arrondissement de Cayenne				Max Planck Institute for Biology Tuebingen	Ralstonia pseudosolanacearum					PRJNA1196686	SRP550707	SAMN45624558	SRS23501432	2025-07-16	2025-06-01	RAL_AA1170AA	Assembled	145.4	5.2	51537	5720335	Ralstonia solanacearum;98.15%	234	10895	RAL_AA1198AA_AS
RAL_AA1171AA	RUN1954	SRR31675590;ILLUMINA;Paired;;SRX27038195;SRA	Environment	Plant	Capsicum annuum	2011				South America	French Guiana	Guyane	Guyane	Arrondissement de Cayenne				Max Planck Institute for Biology Tuebingen	Ralstonia pseudosolanacearum					PRJNA1196686	SRP550707	SAMN45624557	SRS23501431	2025-07-16	2025-06-01	RAL_AA1171AA	Assembled	82.8	5.2	56730	5961206	Ralstonia solanacearum;97.38%	219	14531	RAL_AA1199AA_AS
RAL_AA1172AA	RUN1952	SRR31675592;ILLUMINA;Paired;;SRX27038193;SRA	Environment	Plant	Capsicum annuum	2011				South America	French Guiana	Guyane	Guyane	Arrondissement de Cayenne				Max Planck Institute for Biology Tuebingen	Ralstonia pseudosolanacearum					PRJNA1196686	SRP550707	SAMN45624555	SRS23501429	2025-07-16	2025-06-01	RAL_AA1172AA	Assembled	116.4	5.2	73444	5800180	Ralstonia solanacearum;99.13%	211	14248	RAL_AA1200AA_AS
RAL_AA1173AA	RUN1950	SRR31675594;ILLUMINA;Paired;;SRX27038191;SRA	Environment	Plant	Solanum melongena	2011				South America	French Guiana	Guyane	Guyane	Arrondissement de Cayenne				Max Planck Institute for Biology Tuebingen	Ralstonia pseudosolanacearum					PRJNA1196686	SRP550707	SAMN45624553	SRS23501428	2025-07-16	2025-06-01	RAL_AA1173AA	Assembled	89.7	5.2	42657	5796525	Ralstonia solanacearum;99.11%	285	21899	RAL_AA1201AA_AS
RAL_AA1174AA	RUN1179	SRR31675596;ILLUMINA;Paired;;SRX27038189;SRA	Environment	Plant	Solanum lycopersicum	2006				North America	Martinique	Martinique	Martinique	Arrondissement de Fort-de-France				Max Planck Institute for Biology Tuebingen	Ralstonia pseudosolanacearum					PRJNA1196686	SRP550707	SAMN45624487	SRS23501422	2025-07-16	2025-06-01	RAL_AA1174AA	Assembled	118.5	5.2	19577	5814629	Ralstonia solanacearum;97.63%	601	50016	RAL_AA1202AA_AS
RAL_AA1175AA	RUN1176	SRR31675597;ILLUMINA;Paired;;SRX27038188;SRA	Environment	Plant	Solanum lycopersicum	2006				North America	Martinique	Martinique	Martinique	Arrondissement de Fort-de-France				Max Planck Institute for Biology Tuebingen	Ralstonia pseudosolanacearum					PRJNA1196686	SRP550707	SAMN45624486	SRS23501424	2025-07-16	2025-06-01	RAL_AA1175AA	Assembled	109.2	5.2	20938	5760665	Ralstonia solanacearum;97.74%	542	40598	RAL_AA1203AA_AS
RAL_AA1176AA	RUN1165	SRR31675609;ILLUMINA;Paired;;SRX27038176;SRA	Environment	Plant	Solanum lycopersicum	2003				North America	Martinique	Martinique	Martinique	Arrondissement de La Trinité				Max Planck Institute for Biology Tuebingen	Ralstonia pseudosolanacearum					PRJNA1196686	SRP550707	SAMN45624475	SRS23501412	2025-07-16	2025-06-01	RAL_AA1176AA	Assembled	62.2	5.2	19993	5551301	Ralstonia solanacearum;97.71%	574	50519	RAL_AA1204AA_AS
RAL_AA1177AA	RUN1164	SRR31675610;ILLUMINA;Paired;;SRX27038175;SRA	Environment	Plant	Solanum melongena	2003				North America	Martinique	Martinique	Martinique	Arrondissement de La Trinité				Max Planck Institute for Biology Tuebingen	Ralstonia pseudosolanacearum					PRJNA1196686	SRP550707	SAMN45624474	SRS23501411	2025-07-16	2025-06-01	RAL_AA1177AA	Assembled	92.4	5.2	24700	5687640	Ralstonia solanacearum;98.27%	503	35137	RAL_AA1205AA_AS
RAL_AA1178AA	RUN1163	SRR31675611;ILLUMINA;Paired;;SRX27038174;SRA	Environment	Plant	Solanum lycopersicum	2003				North America	Martinique	Martinique	Martinique	Arrondissement de Fort-de-France				Max Planck Institute for Biology Tuebingen	Ralstonia pseudosolanacearum					PRJNA1196686	SRP550707	SAMN45624473	SRS23501410	2025-07-16	2025-06-01	RAL_AA1178AA	Assembled	63.4	5.2	20716	5798013	Ralstonia solanacearum;96.47%	566	44042	RAL_AA1206AA_AS
RAL_AA1179AA	RUN1161	SRR31675614;ILLUMINA;Paired;;SRX27038171;SRA	Environment	Plant	Anthurium andreanum	2003				North America	Martinique	Martinique	Martinique	Arrondissement de La Trinité				Max Planck Institute for Biology Tuebingen	Ralstonia pseudosolanacearum					PRJNA1196686	SRP550707	SAMN45624471	SRS23501407	2025-07-16	2025-06-01	RAL_AA1179AA	Assembled	61.2	5.2	21719	5676573	Ralstonia solanacearum;98.12%	561	47991	RAL_AA1207AA_AS
RAL_AA1180AA	RUN1159	SRR31675616;ILLUMINA;Paired;;SRX27038169;SRA	Environment	Plant	Capsicum sp.	2003				North America	Martinique	Martinique	Martinique	Arrondissement de Fort-de-France				Max Planck Institute for Biology Tuebingen	Ralstonia pseudosolanacearum					PRJNA1196686	SRP550707	SAMN45624469	SRS23501404	2025-07-16	2025-06-01	RAL_AA1180AA	Assembled	39.6	5.2	20240	5698014	Ralstonia solanacearum;97.93%	590	62576	RAL_AA1208AA_AS
RAL_AA1181AA	RUN1158	SRR31675617;ILLUMINA;Paired;;SRX27038168;SRA	Environment	Plant	Anthurium andreanum	2003				North America	Martinique	Martinique	Martinique	Arrondissement de Fort-de-France				Max Planck Institute for Biology Tuebingen	Ralstonia pseudosolanacearum					PRJNA1196686	SRP550707	SAMN45624468	SRS23501405	2025-07-16	2025-06-01	RAL_AA1181AA	Assembled	67.7	5.2	30482	5696846	Ralstonia solanacearum;97.72%	397	26729	RAL_AA1209AA_AS
RAL_AA1182AA	RUN1068	SRR31675621;ILLUMINA;Paired;;SRX27038164;SRA	Environment	Plant	Physalis angulata	2003				North America	Martinique	Martinique	Martinique	Arrondissement de Fort-de-France				Max Planck Institute for Biology Tuebingen	Ralstonia pseudosolanacearum					PRJNA1196686	SRP550707	SAMN45624399	SRS23501400	2025-07-16	2025-06-01	RAL_AA1182AA	Assembled	56.1	5.2	21303	5794407	Ralstonia solanacearum;96.26%	553	47135	RAL_AA1210AA_AS
RAL_AA1183AA	RUN1065	SRR31675624;ILLUMINA;Paired;;SRX27038161;SRA	Environment	Soil/Dust	soil_banana_fallow	2007				North America	Martinique	Martinique	Martinique	Arrondissement de La Trinité				Max Planck Institute for Biology Tuebingen	Ralstonia pseudosolanacearum					PRJNA1196686	SRP550707	SAMN45624396	SRS23501397	2025-07-16	2025-06-01	RAL_AA1183AA	Assembled	64.4	5.2	20878	5664087	Ralstonia solanacearum;97.23%	567	48302	RAL_AA1211AA_AS
RAL_AA1184AA	RUN1044	SRR31675633;ILLUMINA;Paired;;SRX27038152;SRA	Environment	Plant	Capsicum sp.	2003				North America	Martinique	Martinique	Martinique	Arrondissement de Fort-de-France				Max Planck Institute for Biology Tuebingen	Ralstonia pseudosolanacearum					PRJNA1196686	SRP550707	SAMN45624389	SRS23501388	2025-07-16	2025-06-01	RAL_AA1184AA	Assembled	112	5.2	21800	5697858	Ralstonia solanacearum;98.1%	559	39899	RAL_AA1212AA_AS
RAL_AA1185AA	RUN1043	SRR31675634;ILLUMINA;Paired;;SRX27038151;SRA	Environment	Plant	Unidentified_weed	2003				North America	Martinique	Martinique	Martinique	Arrondissement de Fort-de-France				Max Planck Institute for Biology Tuebingen	Ralstonia pseudosolanacearum					PRJNA1196686	SRP550707	SAMN45624388	SRS23501387	2025-07-16	2025-06-01	RAL_AA1185AA	Assembled	153	5.2	30482	5812600	Ralstonia solanacearum;96.46%	410	23604	RAL_AA1213AA_AS
RAL_AA1188AA	RUN0037	SRR31675645;ILLUMINA;Paired;;SRX27038140;SRA	Environment	Plant	Solanum melongena	1983				North America	Martinique	Martinique	Martinique	Arrondissement de Fort-de-France				Max Planck Institute for Biology Tuebingen	Ralstonia pseudosolanacearum					PRJNA1196686	SRP550707	SAMN45624205	SRS23501376	2025-07-16	2025-06-01	RAL_AA1188AA	Assembled	132.7	5.2	34097	5253359	Ralstonia solanacearum;97.75%	334	22845	RAL_AA1216AA_AS
RAL_AA1189AA	RUN0765	SRR31675649;ILLUMINA;Paired;;SRX27038136;SRA	Environment	Plant	Capsicum sp.	2002				North America	Martinique	Martinique	Martinique	Arrondissement de La Trinité				Max Planck Institute for Biology Tuebingen	Ralstonia pseudosolanacearum					PRJNA1196686	SRP550707	SAMN45624309	SRS23501372	2025-07-16	2025-06-01	RAL_AA1189AA	Assembled	38.9	5.2	26525	5698425	Ralstonia solanacearum;97.82%	460	47561	RAL_AA1217AA_AS
RAL_AA1190AA	RUN0758	SRR31675657;ILLUMINA;Paired;;SRX27038128;SRA	Environment	Soil/Dust	soil_banana_fallow	2007				North America	Martinique	Martinique	Martinique	Arrondissement de La Trinité				Max Planck Institute for Biology Tuebingen	Ralstonia pseudosolanacearum					PRJNA1196686	SRP550707	SAMN45624302	SRS23501363	2025-07-16	2025-06-01	RAL_AA1190AA	Assembled	61.8	5.2	37599	5686115	Ralstonia solanacearum;97.7%	328	21304	RAL_AA1218AA_AS
RAL_AA1191AA	RUN0757	SRR31675658;ILLUMINA;Paired;;SRX27038127;SRA	Environment	Soil/Dust	soil_banana_fallow	2007				North America	Martinique	Martinique	Martinique	Arrondissement de La Trinité				Max Planck Institute for Biology Tuebingen	Ralstonia pseudosolanacearum					PRJNA1196686	SRP550707	SAMN45624301	SRS23501364	2025-07-16	2025-06-01	RAL_AA1191AA	Assembled	58.8	5.2	26574	5704786	Ralstonia solanacearum;97.6%	481	39730	RAL_AA1219AA_AS
RAL_AA1194AA	RUN0751	SRR31675664;ILLUMINA;Paired;;SRX27038121;SRA	Environment	Soil/Dust	soil_banana_fallow	2007				North America	Martinique	Martinique	Martinique	Arrondissement de La Trinité				Max Planck Institute for Biology Tuebingen	Ralstonia pseudosolanacearum					PRJNA1196686	SRP550707	SAMN45624295	SRS23501355	2025-07-16	2025-06-01	RAL_AA1194AA	Assembled	77.5	5.2	20696	5669926	Ralstonia solanacearum;97.72%	577	46295	RAL_AA1222AA_AS
RAL_AA1195AA	RUN0749	SRR31675666;ILLUMINA;Paired;;SRX27038119;SRA	Environment	Soil/Dust	soil_banana_fallow	2007				North America	Martinique	Martinique	Martinique	Arrondissement de La Trinité				Max Planck Institute for Biology Tuebingen	Ralstonia pseudosolanacearum					PRJNA1196686	SRP550707	SAMN45624293	SRS23501358	2025-07-16	2025-06-01	RAL_AA1195AA	Assembled	77.4	5.2	21369	5688708	Ralstonia solanacearum;97.88%	581	42476	RAL_AA1223AA_AS
RAL_AA1196AA	RUN2235	SRR31675679;ILLUMINA;Paired;;SRX27038106;SRA	Environment	Plant	Solanum lycopersicum	2012										4.312861	-52.175417	Max Planck Institute for Biology Tuebingen	Ralstonia pseudosolanacearum					PRJNA1196686	SRP550707	SAMN45624672	SRS23501343	2025-07-16	2025-06-01	RAL_AA1196AA	Assembled	73.4	5.2	28328	5684758	Ralstonia solanacearum;100.0%	406	41990	RAL_AA1224AA_AS
RAL_AA1197AA	RUN2234	SRR31675680;ILLUMINA;Paired;;SRX27038105;SRA	Environment	Plant	Solanum lycopersicum	2012												Max Planck Institute for Biology Tuebingen	Ralstonia pseudosolanacearum					PRJNA1196686	SRP550707	SAMN45624671	SRS23501339	2025-07-16	2025-06-01	RAL_AA1197AA	Assembled	114.5	5.2	49538	5833116	Ralstonia solanacearum;99.46%	264	18386	RAL_AA1225AA_AS
RAL_AA1198AA	RUN2233	SRR31675681;ILLUMINA;Paired;;SRX27038104;SRA	Environment	Plant	Solanum lycopersicum	2012										4.312889	-52.17528	Max Planck Institute for Biology Tuebingen	Ralstonia pseudosolanacearum					PRJNA1196686	SRP550707	SAMN45624670	SRS23501338	2025-07-16	2025-06-01	RAL_AA1198AA	Assembled	38	5.2	26826	5901476	Ralstonia solanacearum;98.72%	460	54425	RAL_AA1226AA_AS
RAL_AA1199AA	RUN2232	SRR31675682;ILLUMINA;Paired;;SRX27038103;SRA	Environment	Plant	Solanum lycopersicum	2012										4.312944	-52.175278	Max Planck Institute for Biology Tuebingen	Ralstonia pseudosolanacearum					PRJNA1196686	SRP550707	SAMN45624669	SRS23501340	2025-07-16	2025-06-01	RAL_AA1199AA	Assembled	62.1	5.2	31590	5910246	Ralstonia solanacearum;98.82%	382	33608	RAL_AA1227AA_AS
RAL_AA1200AA	RUN2231	SRR31675683;ILLUMINA;Paired;;SRX27038102;SRA	Environment	Plant	Solanum lycopersicum	2012										4.31325	-52.175472	Max Planck Institute for Biology Tuebingen	Ralstonia pseudosolanacearum					PRJNA1196686	SRP550707	SAMN45624668	SRS23501335	2025-07-16	2025-06-01	RAL_AA1200AA	Assembled	85.1	5.2	32478	5921311	Ralstonia solanacearum;98.64%	361	28472	RAL_AA1228AA_AS
RAL_AA1201AA	RUN2229	SRR31675685;ILLUMINA;Paired;;SRX27038100;SRA	Environment	Plant	Solanum lycopersicum	2012										4.312972	-52.175222	Max Planck Institute for Biology Tuebingen	Ralstonia pseudosolanacearum					PRJNA1196686	SRP550707	SAMN45624666	SRS23501337	2025-07-16	2025-06-01	RAL_AA1201AA	Assembled	69.4	5.2	34710	5739658	Ralstonia solanacearum;100.0%	304	25840	RAL_AA1229AA_AS
RAL_AA1202AA	RUN2228	SRR31675686;ILLUMINA;Paired;;SRX27038099;SRA	Environment	Plant	Solanum lycopersicum	2012										4.312889	-52.17527	Max Planck Institute for Biology Tuebingen	Ralstonia pseudosolanacearum					PRJNA1196686	SRP550707	SAMN45624665	SRS23501334	2025-07-16	2025-06-01	RAL_AA1202AA	Assembled	84.1	5.2	39032	5924672	Ralstonia solanacearum;98.81%	332	24985	RAL_AA1230AA_AS
RAL_AA1203AA	RUN1991	SRR31675693;ILLUMINA;Paired;;SRX27038092;SRA	Environment	Plant	Solanum lycopersicum	2011				South America	French Guiana	Guyane	Guyane	Arrondissement de Cayenne				Max Planck Institute for Biology Tuebingen	Ralstonia pseudosolanacearum					PRJNA1196686	SRP550707	SAMN45624593	SRS23501327	2025-07-16	2025-06-01	RAL_AA1203AA	Assembled	112	5.2	51790	5849166	Ralstonia solanacearum;99.3%	246	17405	RAL_AA1231AA_AS
RAL_AA1204AA	RUN1990	SRR31675696;ILLUMINA;Paired;;SRX27038089;SRA	Environment	Plant	Solanum lycopersicum	2011				South America	French Guiana	Guyane	Guyane	Arrondissement de Cayenne				Max Planck Institute for Biology Tuebingen	Ralstonia pseudosolanacearum					PRJNA1196686	SRP550707	SAMN45624592	SRS23501324	2025-07-16	2025-06-01	RAL_AA1204AA	Assembled	83.9	5.2	45757	6073329	Ralstonia solanacearum;97.25%	299	20725	RAL_AA1232AA_AS
RAL_AA1205AA	RUN1989	SRR31675697;ILLUMINA;Paired;;SRX27038088;SRA	Environment	Plant	Solanum melongena	2011				South America	French Guiana	Guyane	Guyane	Arrondissement de Cayenne				Max Planck Institute for Biology Tuebingen	Ralstonia pseudosolanacearum					PRJNA1196686	SRP550707	SAMN45624591	SRS23501322	2025-07-16	2025-06-01	RAL_AA1205AA	Assembled	105.4	5.2	63808	6099212	Ralstonia solanacearum;96.94%	224	14467	RAL_AA1233AA_AS
RAL_AA1206AA	RUN1988	SRR31675698;ILLUMINA;Paired;;SRX27038087;SRA	Environment	Plant	Solanum melongena	2011				South America	French Guiana	Guyane	Guyane	Arrondissement de Cayenne				Max Planck Institute for Biology Tuebingen	Ralstonia pseudosolanacearum					PRJNA1196686	SRP550707	SAMN45624590	SRS23501323	2025-07-16	2025-06-01	RAL_AA1206AA	Assembled	137.7	5.2	55294	6102651	Ralstonia solanacearum;97.41%	249	14126	RAL_AA1234AA_AS
RAL_AA1207AA	RUN1987	SRR31675699;ILLUMINA;Paired;;SRX27038086;SRA	Environment	Plant	Solanum melongena	2011				South America	French Guiana	Guyane	Guyane	Arrondissement de Saint-Laurent-du-Maroni				Max Planck Institute for Biology Tuebingen	Ralstonia pseudosolanacearum					PRJNA1196686	SRP550707	SAMN45624589	SRS23501325	2025-07-16	2025-06-01	RAL_AA1207AA	Assembled	92	5.2	41045	5894191	Ralstonia solanacearum;97.76%	307	22622	RAL_AA1235AA_AS
RAL_AA1208AA	RUN1986	SRR31675700;ILLUMINA;Paired;;SRX27038085;SRA	Environment	Plant	Solanum melongena	2011				South America	French Guiana	Guyane	Guyane	Arrondissement de Saint-Laurent-du-Maroni				Max Planck Institute for Biology Tuebingen	Ralstonia pseudosolanacearum					PRJNA1196686	SRP550707	SAMN45624588	SRS23501321	2025-07-16	2025-06-01	RAL_AA1208AA	Assembled	59.7	5.2	21552	5863530	Ralstonia solanacearum;98.03%	547	58471	RAL_AA1236AA_AS
RAL_AA1209AA	RUN1985	SRR31675701;ILLUMINA;Paired;;SRX27038084;SRA	Environment	Plant	Solanum melongena	2011				South America	French Guiana	Guyane	Guyane	Arrondissement de Saint-Laurent-du-Maroni				Max Planck Institute for Biology Tuebingen	Ralstonia pseudosolanacearum					PRJNA1196686	SRP550707	SAMN45624587	SRS23501319	2025-07-16	2025-06-01	RAL_AA1209AA	Assembled	62.8	5.2	24088	5755339	Ralstonia solanacearum;99.2%	479	48260	RAL_AA1237AA_AS
RAL_AA1210AA	RUN1984	SRR31675702;ILLUMINA;Paired;;SRX27038083;SRA	Environment	Plant	Capsicum annuum	2011				South America	French Guiana	Guyane	Guyane	Arrondissement de Saint-Laurent-du-Maroni				Max Planck Institute for Biology Tuebingen	Ralstonia pseudosolanacearum					PRJNA1196686	SRP550707	SAMN45624586	SRS23501318	2025-07-16	2025-06-01	RAL_AA1210AA	Assembled	50.4	5.2	26556	5870137	Ralstonia solanacearum;97.91%	454	49189	RAL_AA1238AA_AS
RAL_AA1211AA	RUN1981	SRR31675705;ILLUMINA;Paired;;SRX27038080;SRA	Environment	Plant	Capsicum annuum	2011				South America	French Guiana	Guyane	Guyane	Arrondissement de Saint-Laurent-du-Maroni				Max Planck Institute for Biology Tuebingen	Ralstonia pseudosolanacearum					PRJNA1196686	SRP550707	SAMN45624583	SRS23501315	2025-07-16	2025-06-01	RAL_AA1211AA	Assembled	94.1	5.2	27265	5873264	Ralstonia solanacearum;97.89%	426	34338	RAL_AA1239AA_AS
RAL_AA1212AA	RUN1979	SRR31675708;ILLUMINA;Paired;;SRX27038077;SRA	Environment	Plant	Solanum melongena	2011				South America	French Guiana					5.48333	-53.01667	Max Planck Institute for Biology Tuebingen	Ralstonia pseudosolanacearum					PRJNA1196686	SRP550707	SAMN45624581	SRS23501320	2025-07-16	2025-06-01	RAL_AA1212AA	Assembled	103.5	5.2	33930	5780298	Ralstonia solanacearum;100.0%	336	25329	RAL_AA1240AA_AS
RAL_AA1213AA	RUN1975	SRR31675712;ILLUMINA;Paired;;SRX27038073;SRA	Environment	Plant	Solanum aethiopicum	2011				South America	French Guiana	Guyane	Guyane	Arrondissement de Cayenne				Max Planck Institute for Biology Tuebingen	Ralstonia pseudosolanacearum					PRJNA1196686	SRP550707	SAMN45624577	SRS23501308	2025-07-16	2025-06-01	RAL_AA1213AA	Assembled	110.3	5.2	31669	5755194	Ralstonia solanacearum;97.6%	383	25179	RAL_AA1241AA_AS
RAL_AA1214AA	RUN1974	SRR31675713;ILLUMINA;Paired;;SRX27038072;SRA	Environment	Plant	Solanum aethiopicum	2011				South America	French Guiana	Guyane	Guyane	Arrondissement de Cayenne				Max Planck Institute for Biology Tuebingen	Ralstonia pseudosolanacearum					PRJNA1196686	SRP550707	SAMN45624576	SRS23501307	2025-07-16	2025-06-01	RAL_AA1214AA	Assembled	72.6	5.2	34116	5760517	Ralstonia solanacearum;97.56%	337	23353	RAL_AA1242AA_AS
RAL_AA1215AA	RUN1208	SRR31675718;ILLUMINA;Paired;;SRX27038067;SRA	Environment	Plant	Solanum lycopersicum	2007				North America	Martinique	Martinique	Martinique	Arrondissement du Marin				Max Planck Institute for Biology Tuebingen	Ralstonia pseudosolanacearum					PRJNA1196686	SRP550707	SAMN45624506	SRS23501303	2025-07-16	2025-06-01	RAL_AA1215AA	Assembled	88.9	5.2	31162	5694923	Ralstonia solanacearum;97.3%	372	27943	RAL_AA1243AA_AS
RAL_AA1216AA	RUN1206	SRR31675720;ILLUMINA;Paired;;SRX27038065;SRA	Environment	Plant	Solanum lycopersicum	2002				North America	Martinique	Martinique	Martinique	Arrondissement de La Trinité				Max Planck Institute for Biology Tuebingen	Ralstonia pseudosolanacearum					PRJNA1196686	SRP550707	SAMN45624504	SRS23501301	2025-07-16	2025-06-01	RAL_AA1216AA	Assembled	96.4	5.2	34097	5800142	Ralstonia solanacearum;96.66%	354	21272	RAL_AA1244AA_AS
RAL_AA1217AA	RUN1204	SRR31675721;ILLUMINA;Paired;;SRX27038064;SRA	Environment	Plant	Solanum lycopersicum	2005				North America	Martinique	Martinique	Martinique	Arrondissement de Saint-Pierre				Max Planck Institute for Biology Tuebingen	Ralstonia pseudosolanacearum					PRJNA1196686	SRP550707	SAMN45624503	SRS23501298	2025-07-16	2025-06-01	RAL_AA1217AA	Assembled	116.6	5.2	33114	5674122	Ralstonia solanacearum;97.74%	351	22953	RAL_AA1245AA_AS
RAL_AA1218AA	RUN1200	SRR31675725;ILLUMINA;Paired;;SRX27038060;SRA	Environment	Plant	Solanum melongena	2002				North America	Martinique	Martinique	Martinique	Arrondissement de La Trinité		14.664711	-61.015307	Max Planck Institute for Biology Tuebingen	Ralstonia pseudosolanacearum					PRJNA1196686	SRP550707	SAMN45624500	SRS23501299	2025-07-16	2025-06-01	RAL_AA1218AA	Assembled	79.5	5.2	34097	5822635	Ralstonia solanacearum;97.6%	355	23372	RAL_AA1246AA_AS
RAL_AA1219AA	RUN1199	SRR31675726;ILLUMINA;Paired;;SRX27038059;SRA	Environment	Plant	Citrullus lanatus	2002				North America	Martinique	Martinique	Martinique	Arrondissement de Saint-Pierre				Max Planck Institute for Biology Tuebingen	Ralstonia pseudosolanacearum					PRJNA1196686	SRP550707	SAMN45624499	SRS23501294	2025-07-16	2025-06-01	RAL_AA1219AA	Assembled	143.2	5.2	33529	5699087	Ralstonia solanacearum;97.28%	322	17401	RAL_AA1247AA_AS
RAL_AA1220AA	RUN1198	SRR31675727;ILLUMINA;Paired;;SRX27038058;SRA	Environment	Plant	Unidentified_weed	2003				North America	Martinique	Martinique	Martinique	Arrondissement de Fort-de-France				Max Planck Institute for Biology Tuebingen	Ralstonia pseudosolanacearum					PRJNA1196686	SRP550707	SAMN45624498	SRS23501293	2025-07-16	2025-06-01	RAL_AA1220AA	Assembled	138.1	5.2	42148	5786902	Ralstonia solanacearum;96.43%	286	14238	RAL_AA1248AA_AS
RAL_AA1221AA	RUN1197	SRR31675728;ILLUMINA;Paired;;SRX27038057;SRA	Environment	Plant	Capsicum annuum	2002				North America	Martinique	Martinique	Martinique	Arrondissement de Saint-Pierre				Max Planck Institute for Biology Tuebingen	Ralstonia pseudosolanacearum					PRJNA1196686	SRP550707	SAMN45624497	SRS23501291	2025-07-16	2025-06-01	RAL_AA1221AA	Assembled	133.9	5.2	39579	5659487	Ralstonia solanacearum;98.63%	280	16114	RAL_AA1249AA_AS
RAL_AA1222AA	RUN1196	SRR31675729;ILLUMINA;Paired;;SRX27038056;SRA	Environment	Plant	Solanum lycopersicum	2001				North America	Martinique	Martinique	Martinique	Arrondissement du Marin				Max Planck Institute for Biology Tuebingen	Ralstonia pseudosolanacearum					PRJNA1196686	SRP550707	SAMN45624496	SRS23501292	2025-07-16	2025-06-01	RAL_AA1222AA	Assembled	154.5	5.2	41047	5777525	Ralstonia solanacearum;96.82%	297	16576	RAL_AA1250AA_AS
RAL_AA1223AA	RUN1093	SRR31675744;ILLUMINA;Paired;;SRX27038041;SRA	Environment	Plant	Capsicum sp.	2003				North America	Martinique	Martinique	Martinique	Arrondissement de Fort-de-France				Max Planck Institute for Biology Tuebingen	Ralstonia pseudosolanacearum					PRJNA1196686	SRP550707	SAMN45624418	SRS23501277	2025-07-16	2025-06-01	RAL_AA1223AA	Assembled	97.2	5.2	41866	5725241	Ralstonia solanacearum;98.16%	286	11984	RAL_AA1251AA_AS
RAL_AA1224AA	RUN1092	SRR31675745;ILLUMINA;Paired;;SRX27038040;SRA	Environment	Plant	Solanum melongena	2002				North America	Martinique	Martinique	Martinique	Arrondissement de La Trinité		14.664711	-61.015307	Max Planck Institute for Biology Tuebingen	Ralstonia pseudosolanacearum					PRJNA1196686	SRP550707	SAMN45624417	SRS23501276	2025-07-16	2025-06-01	RAL_AA1224AA	Assembled	50.4	5.2	47259	5835375	Ralstonia solanacearum;97.59%	282	15352	RAL_AA1252AA_AS
RAL_AA1225AA	RUN1091	SRR31675746;ILLUMINA;Paired;;SRX27038039;SRA	Environment	Plant	Capsicum sp.	2002				North America	Martinique	Martinique	Martinique	Arrondissement de La Trinité				Max Planck Institute for Biology Tuebingen	Ralstonia pseudosolanacearum					PRJNA1196686	SRP550707	SAMN45624416	SRS23501275	2025-07-16	2025-06-01	RAL_AA1225AA	Assembled	96.9	5.2	39775	5782192	Ralstonia solanacearum;97.48%	318	13809	RAL_AA1253AA_AS
RAL_AA1228AA	RUN1080	SRR31675756;ILLUMINA;Paired;;SRX27038029;SRA	Environment	Plant	Capsicum sp.	2002				North America	Martinique	Martinique	Martinique	Arrondissement de La Trinité				Max Planck Institute for Biology Tuebingen	Ralstonia pseudosolanacearum					PRJNA1196686	SRP550707	SAMN45624407	SRS23501264	2025-07-16	2025-06-01	RAL_AA1228AA	Assembled	101.4	5.2	43357	5743701	Ralstonia solanacearum;97.7%	279	10383	RAL_AA1256AA_AS
RAL_AA1229AA	RUN0793	SRR31675764;ILLUMINA;Paired;;SRX27038021;SRA	Environment	Soil/Dust	soil_banana_fallow	2007				North America	Martinique	Martinique	Martinique	Arrondissement de La Trinité				Max Planck Institute for Biology Tuebingen	Ralstonia pseudosolanacearum					PRJNA1196686	SRP550707	SAMN45624335	SRS23501257	2025-07-16	2025-06-01	RAL_AA1229AA	Assembled	106.5	5.2	57024	5716034	Ralstonia solanacearum;97.9%	249	9150	RAL_AA1257AA_AS
RAL_AA1230AA	RUN0792	SRR31675765;ILLUMINA;Paired;;SRX27038020;SRA	Environment	Soil/Dust	soil_banana_fallow	2007				North America	Martinique	Martinique	Martinique	Arrondissement de La Trinité				Max Planck Institute for Biology Tuebingen	Ralstonia pseudosolanacearum					PRJNA1196686	SRP550707	SAMN45624334	SRS23501255	2025-07-16	2025-06-01	RAL_AA1230AA	Assembled	67.8	5.2	42703	5685935	Ralstonia solanacearum;97.91%	280	15000	RAL_AA1258AA_AS
RAL_AA1231AA	RUN0785	SRR31675773;ILLUMINA;Paired;;SRX27038012;SRA	Environment	Plant	Capsicum sp.	2002				North America	Martinique	Martinique	Martinique	Arrondissement de La Trinité				Max Planck Institute for Biology Tuebingen	Ralstonia pseudosolanacearum					PRJNA1196686	SRP550707	SAMN45624327	SRS23501249	2025-07-16	2025-06-01	RAL_AA1231AA	Assembled	118.8	5.2	41168	5783208	Ralstonia solanacearum;97.98%	302	13204	RAL_AA1259AA_AS
RAL_AA1232AA	RUN0783	SRR31675775;ILLUMINA;Paired;;SRX27038010;SRA	Environment	Soil/Dust	soil_banana_fallow	2007				North America	Martinique	Martinique	Martinique	Arrondissement de La Trinité				Max Planck Institute for Biology Tuebingen	Ralstonia pseudosolanacearum					PRJNA1196686	SRP550707	SAMN45624325	SRS23501246	2025-07-16	2025-06-01	RAL_AA1232AA	Assembled	83.5	5.2	25983	5679681	Ralstonia solanacearum;97.62%	481	33075	RAL_AA1260AA_AS
RAL_AA1233AA	RUN0054	SRR31675778;ILLUMINA;Paired;;SRX27038007;SRA	Environment	Plant	Solanum lycopersicum	1978				South America	French Guiana	Guyane	Guyane	Arrondissement de Cayenne				Max Planck Institute for Biology Tuebingen	Ralstonia pseudosolanacearum					PRJNA1196686	SRP550707	SAMN45624206	SRS23501243	2025-07-16	2025-06-01	RAL_AA1233AA	Assembled	21.5	5.2	30519	5653383	Ralstonia solanacearum;98.22%	369	97277	RAL_AA1261AA_AS
RAL_AA1234AA	RUN0778	SRR31675780;ILLUMINA;Paired;;SRX27038005;SRA	Environment	Soil/Dust	soil_banana_fallow	2007				North America	Martinique	Martinique	Martinique	Arrondissement de La Trinité				Max Planck Institute for Biology Tuebingen	Ralstonia pseudosolanacearum					PRJNA1196686	SRP550707	SAMN45624321	SRS23501241	2025-07-16	2025-06-01	RAL_AA1234AA	Assembled	57.5	5.2	34882	5712498	Ralstonia solanacearum;97.78%	337	20862	RAL_AA1262AA_AS
RAL_AA1235AA	RUN0771	SRR31675786;ILLUMINA;Paired;;SRX27037999;SRA	Environment	Plant	Solanum lycopersicum	2002				North America	Martinique	Martinique	Martinique	Arrondissement de Fort-de-France				Max Planck Institute for Biology Tuebingen	Ralstonia pseudosolanacearum					PRJNA1196686	SRP550707	SAMN45624315	SRS23501235	2025-07-16	2025-06-01	RAL_AA1235AA	Assembled	78.2	5.2	38177	5683558	Ralstonia solanacearum;98.62%	313	16644	RAL_AA1263AA_AS
RAL_AA1236AA	RUN0748	SRR31675310;ILLUMINA;Paired;;SRX27037995;SRA	Environment	Plant	Solanum melongena	2002				North America	Martinique	Martinique	Martinique	Arrondissement du Marin				Max Planck Institute for Biology Tuebingen	Ralstonia pseudosolanacearum					PRJNA1196686	SRP550707	SAMN45624292	SRS23501230	2025-07-16	2025-06-01	RAL_AA1236AA	Assembled	93.4	5.2	23021	5704281	Ralstonia solanacearum;97.82%	531	36256	RAL_AA1264AA_AS
RAL_AA1237AA	RUN0742	SRR31675316;ILLUMINA;Paired;;SRX27037989;SRA	Environment	Plant	Capsicum sp.	2007				North America	Martinique	Martinique	Martinique	Arrondissement du Marin				Max Planck Institute for Biology Tuebingen	Ralstonia pseudosolanacearum					PRJNA1196686	SRP550707	SAMN45624286	SRS23501225	2025-07-16	2025-06-01	RAL_AA1237AA	Assembled	122.8	5.2	26479	5788622	Ralstonia solanacearum;97.36%	469	41758	RAL_AA1265AA_AS
RAL_AA1238AA	RUN0740	SRR31675318;ILLUMINA;Paired;;SRX27037987;SRA	Environment	Soil/Dust	soil_banana_fallow	2007				North America	Martinique	Martinique	Martinique	Arrondissement de La Trinité				Max Planck Institute for Biology Tuebingen	Ralstonia pseudosolanacearum					PRJNA1196686	SRP550707	SAMN45624284	SRS23501223	2025-07-16	2025-06-01	RAL_AA1238AA	Assembled	96.6	5.2	24578	5708752	Ralstonia solanacearum;97.16%	506	43038	RAL_AA1266AA_AS
RAL_AA1239AA	RUN0738	SRR31675321;ILLUMINA;Paired;;SRX27037984;SRA	Environment	Soil/Dust	soil_banana_fallow	2007				North America	Martinique	Martinique	Martinique	Arrondissement de La Trinité				Max Planck Institute for Biology Tuebingen	Ralstonia pseudosolanacearum					PRJNA1196686	SRP550707	SAMN45624282	SRS23501220	2025-07-16	2025-06-01	RAL_AA1239AA	Assembled	161.3	5.2	29385	5716331	Ralstonia solanacearum;97.72%	434	38210	RAL_AA1267AA_AS
RAL_AA1240AA	RUN0737	SRR31675322;ILLUMINA;Paired;;SRX27037983;SRA	Environment	Soil/Dust	soil_banana_fallow	2007				North America	Martinique	Martinique	Martinique	Arrondissement de La Trinité				Max Planck Institute for Biology Tuebingen	Ralstonia pseudosolanacearum					PRJNA1196686	SRP550707	SAMN45624281	SRS23501219	2025-07-16	2025-06-01	RAL_AA1240AA	Assembled	173.3	5.2	25803	5705338	Ralstonia solanacearum;98.01%	468	39149	RAL_AA1268AA_AS
RAL_AA1241AA	RUN0735	SRR31675324;ILLUMINA;Paired;;SRX27037981;SRA	Environment	Soil/Dust	soil_banana_fallow	2007				North America	Martinique	Martinique	Martinique	Arrondissement de La Trinité				Max Planck Institute for Biology Tuebingen	Ralstonia pseudosolanacearum					PRJNA1196686	SRP550707	SAMN45624279	SRS23501216	2025-07-16	2025-06-01	RAL_AA1241AA	Assembled	153.2	5.2	30183	5712059	Ralstonia solanacearum;97.32%	417	31427	RAL_AA1269AA_AS
RAL_AA1242AA	RUN0731	SRR31675328;ILLUMINA;Paired;;SRX27037977;SRA	Environment	Soil/Dust	soil_banana_fallow	2007				North America	Martinique	Martinique	Martinique	Arrondissement de La Trinité				Max Planck Institute for Biology Tuebingen	Ralstonia pseudosolanacearum					PRJNA1196686	SRP550707	SAMN45624275	SRS23501214	2025-07-16	2025-06-01	RAL_AA1242AA	Assembled	188.4	5.2	53200	5718291	Ralstonia solanacearum;97.89%	245	12019	RAL_AA1270AA_AS
RAL_AA1243AA	RUN0729	SRR31675330;ILLUMINA;Paired;;SRX27037975;SRA	Environment	Plant	Solanum melongena	2002				North America	Martinique	Martinique	Martinique	Arrondissement de La Trinité				Max Planck Institute for Biology Tuebingen	Ralstonia pseudosolanacearum					PRJNA1196686	SRP550707	SAMN45624273	SRS23501211	2025-07-16	2025-06-01	RAL_AA1243AA	Assembled	107	5.2	44940	5721183	Ralstonia solanacearum;98.13%	273	16365	RAL_AA1271AA_AS
RAL_AA1244AA	RUN2182	SRR31675348;ILLUMINA;Paired;;SRX27037957;SRA	Environment	Plant	Solanum lycopersicum	2012				South America	French Guiana					5.05337	-52.58617	Max Planck Institute for Biology Tuebingen	Ralstonia pseudosolanacearum					PRJNA1196686	SRP550707	SAMN45624623	SRS23501192	2025-07-16	2025-06-01	RAL_AA1244AA	Assembled	80.1	5.2	50625	5906231	Ralstonia solanacearum;98.81%	288	17252	RAL_AA1272AA_AS
RAL_AA1245AA	RUN2181	SRR31675350;ILLUMINA;Paired;;SRX27037955;SRA	Environment	Plant	Solanum lycopersicum	2012				South America	French Guiana					5.05337	-52.58617	Max Planck Institute for Biology Tuebingen	Ralstonia pseudosolanacearum					PRJNA1196686	SRP550707	SAMN45624622	SRS23501194	2025-07-16	2025-06-01	RAL_AA1245AA	Assembled	53.6	5.2	35401	5888301	Ralstonia solanacearum;98.81%	378	28970	RAL_AA1273AA_AS
RAL_AA1246AA	RUN2180	SRR31675351;ILLUMINA;Paired;;SRX27037954;SRA	Environment	Plant	Solanum lycopersicum	2012				South America	French Guiana					5.05337	-52.58617	Max Planck Institute for Biology Tuebingen	Ralstonia pseudosolanacearum					PRJNA1196686	SRP550707	SAMN45624621	SRS23501190	2025-07-16	2025-06-01	RAL_AA1246AA	Assembled	47.9	5.2	37123	5893336	Ralstonia solanacearum;98.97%	372	32379	RAL_AA1274AA_AS
RAL_AA1247AA	RUN2179	SRR31675352;ILLUMINA;Paired;;SRX27037953;SRA	Environment	Plant	Solanum lycopersicum	2012				South America	French Guiana					5.05337	-52.58617	Max Planck Institute for Biology Tuebingen	Ralstonia pseudosolanacearum					PRJNA1196686	SRP550707	SAMN45624620	SRS23501189	2025-07-16	2025-06-01	RAL_AA1247AA	Assembled	43.2	5.2	30333	5883366	Ralstonia solanacearum;99.02%	422	42276	RAL_AA1275AA_AS
RAL_AA1248AA	RUN2178	SRR31675353;ILLUMINA;Paired;;SRX27037952;SRA	Environment	Plant	Solanum lycopersicum	2012				South America	French Guiana					5.05337	-52.58617	Max Planck Institute for Biology Tuebingen	Ralstonia pseudosolanacearum					PRJNA1196686	SRP550707	SAMN45624619	SRS23501186	2025-07-16	2025-06-01	RAL_AA1248AA	Assembled	NaN	5.2	NaN	NaN		NaN	NaN	RAL_AA1276AA_AS
RAL_AA1249AA	RUN2177	SRR31675354;ILLUMINA;Paired;;SRX27037951;SRA	Environment	Plant	Solanum lycopersicum	2012				South America	French Guiana					5.05337	-52.58617	Max Planck Institute for Biology Tuebingen	Ralstonia pseudosolanacearum					PRJNA1196686	SRP550707	SAMN45624618	SRS23501187	2025-07-16	2025-06-01	RAL_AA1249AA	Assembled	159.8	5.2	43900	5904945	Ralstonia solanacearum;98.81%	329	19002	RAL_AA1277AA_AS
RAL_AA1250AA	RUN1949	SRR31675356;ILLUMINA;Paired;;SRX27037949;SRA	Environment	Plant	Solanum melongena	2011				South America	French Guiana	Guyane	Guyane	Arrondissement de Cayenne				Max Planck Institute for Biology Tuebingen	Ralstonia pseudosolanacearum					PRJNA1196686	SRP550707	SAMN45624552	SRS23501185	2025-07-16	2025-06-01	RAL_AA1250AA	Assembled	123.4	5.2	46434	5903446	Ralstonia solanacearum;98.1%	280	19941	RAL_AA1278AA_AS
RAL_AA1251AA	RUN1948	SRR31675357;ILLUMINA;Paired;;SRX27037948;SRA	Environment	Plant	Capsicum annuum	2011				South America	French Guiana	Guyane	Guyane	Arrondissement de Cayenne				Max Planck Institute for Biology Tuebingen	Ralstonia pseudosolanacearum					PRJNA1196686	SRP550707	SAMN45624551	SRS23501184	2025-07-16	2025-06-01	RAL_AA1251AA	Assembled	98.1	5.2	59629	5945152	Ralstonia solanacearum;97.75%	236	16643	RAL_AA1279AA_AS
RAL_AA1252AA	RUN1268	SRR31675365;ILLUMINA;Paired;;SRX27037940;SRA	Environment	Plant	Capsicum sp.	2002				North America	Martinique	Martinique	Martinique	Arrondissement de La Trinité				Max Planck Institute for Biology Tuebingen	Ralstonia pseudosolanacearum					PRJNA1196686	SRP550707	SAMN45624543	SRS23501177	2025-07-16	2025-06-01	RAL_AA1252AA	Assembled	128.1	5.2	41961	5711449	Ralstonia solanacearum;97.22%	264	12691	RAL_AA1280AA_AS
RAL_AA1253AA	RUN1264	SRR31675368;ILLUMINA;Paired;;SRX27037937;SRA	Environment	Plant	Solanum lycopersicum	2002				North America	Martinique	Martinique	Martinique	Arrondissement de La Trinité				Max Planck Institute for Biology Tuebingen	Ralstonia pseudosolanacearum					PRJNA1196686	SRP550707	SAMN45624541	SRS23501172	2025-07-16	2025-06-01	RAL_AA1253AA	Assembled	103.1	5.2	32039	5776252	Ralstonia solanacearum;97.54%	383	24826	RAL_AA1281AA_AS
RAL_AA1254AA	RUN1258	SRR31675371;ILLUMINA;Paired;;SRX27037934;SRA	Environment	Plant	Solanum lycopersicum	2003				North America	Martinique	Martinique	Martinique	Arrondissement du Marin				Max Planck Institute for Biology Tuebingen	Ralstonia pseudosolanacearum					PRJNA1196686	SRP550707	SAMN45624538	SRS23501170	2025-07-16	2025-06-01	RAL_AA1254AA	Assembled	83.9	5.2	41668	5787097	Ralstonia solanacearum;97.79%	295	17715	RAL_AA1282AA_AS
RAL_AA1255AA	RUN1253	SRR31675376;ILLUMINA;Paired;;SRX27037929;SRA	Environment	Plant	Solanum lycopersicum	2007				North America	Martinique	Martinique	Martinique	Arrondissement de La Trinité				Max Planck Institute for Biology Tuebingen	Ralstonia pseudosolanacearum					PRJNA1196686	SRP550707	SAMN45624533	SRS23501164	2025-07-16	2025-06-01	RAL_AA1255AA	Assembled	178.7	5.2	41410	5746687	Ralstonia solanacearum;97.26%	287	14523	RAL_AA1283AA_AS
RAL_AA1256AA	RUN0353	SRR31675377;ILLUMINA;Paired;;SRX27037928;SRA	Environment	Plant	Capsicum annuum	2002				North America	Martinique	Martinique	Martinique	Arrondissement de La Trinité				Max Planck Institute for Biology Tuebingen	Ralstonia pseudosolanacearum					PRJNA1196686	SRP550707	SAMN45624227	SRS23501165	2025-07-16	2025-06-01	RAL_AA1256AA	Assembled	179.6	5.2	30185	5708028	Ralstonia solanacearum;98.46%	424	34950	RAL_AA1284AA_AS
RAL_AA1257AA	RUN1252	SRR31675378;ILLUMINA;Paired;;SRX27037927;SRA	Environment	Plant	Solanum lycopersicum	2007				North America	Martinique	Martinique	Martinique	Arrondissement de La Trinité				Max Planck Institute for Biology Tuebingen	Ralstonia pseudosolanacearum					PRJNA1196686	SRP550707	SAMN45624532	SRS23501162	2025-07-16	2025-06-01	RAL_AA1257AA	Assembled	163.9	5.2	38403	5745379	Ralstonia solanacearum;96.84%	298	16007	RAL_AA1285AA_AS
RAL_AA1258AA	RUN1154	SRR31675381;ILLUMINA;Paired;;SRX27037924;SRA	Environment	Plant	Solanum lycopersicum	2001				North America	Martinique	Martinique	Martinique	Arrondissement du Marin				Max Planck Institute for Biology Tuebingen	Ralstonia pseudosolanacearum					PRJNA1196686	SRP550707	SAMN45624464	SRS23501160	2025-07-16	2025-06-01	RAL_AA1258AA	Assembled	110.3	5.2	56000	5699525	Ralstonia solanacearum;97.9%	232	8550	RAL_AA1286AA_AS
RAL_AA1259AA	RUN1153	SRR31675382;ILLUMINA;Paired;;SRX27037923;SRA	Environment	Plant	Solanum lycopersicum	2003				North America	Martinique	Martinique	Martinique	Arrondissement de Fort-de-France				Max Planck Institute for Biology Tuebingen	Ralstonia pseudosolanacearum					PRJNA1196686	SRP550707	SAMN45624463	SRS23501159	2025-07-16	2025-06-01	RAL_AA1259AA	Assembled	118.2	5.2	44651	5820968	Ralstonia solanacearum;96.35%	272	10905	RAL_AA1287AA_AS
RAL_AA1260AA	RUN1149	SRR31675387;ILLUMINA;Paired;;SRX27037918;SRA	Environment	Plant	Solanum americanum	2003				North America	Martinique	Martinique	Martinique	Arrondissement de La Trinité				Max Planck Institute for Biology Tuebingen	Ralstonia pseudosolanacearum					PRJNA1196686	SRP550707	SAMN45624459	SRS23501154	2025-07-16	2025-06-01	RAL_AA1260AA	Assembled	131.2	5.2	52332	5582083	Ralstonia solanacearum;97.86%	241	7702	RAL_AA1288AA_AS
RAL_AA1261AA	RUN1147	SRR31675389;ILLUMINA;Paired;;SRX27037916;SRA	Environment	Plant	Solanum melongena	2002				North America	Martinique	Martinique	Martinique	Arrondissement de La Trinité		14.664711	-61.015307	Max Planck Institute for Biology Tuebingen	Ralstonia pseudosolanacearum					PRJNA1196686	SRP550707	SAMN45624457	SRS23501152	2025-07-16	2025-06-01	RAL_AA1261AA	Assembled	72	5.2	33211	5770338	Ralstonia solanacearum;97.59%	384	24490	RAL_AA1289AA_AS
RAL_AA1262AA	RUN1144	SRR31675392;ILLUMINA;Paired;;SRX27037913;SRA	Environment	Plant	Capsicum sp.	2002				North America	Martinique	Martinique	Martinique	Arrondissement de Fort-de-France				Max Planck Institute for Biology Tuebingen	Ralstonia pseudosolanacearum					PRJNA1196686	SRP550707	SAMN45624454	SRS23501149	2025-07-16	2025-06-01	RAL_AA1262AA	Assembled	105.4	5.2	52118	5631517	Ralstonia solanacearum;98.82%	242	8819	RAL_AA1290AA_AS
RAL_AA1263AA	RUN1143	SRR31675393;ILLUMINA;Paired;;SRX27037912;SRA	Environment	Plant	Solanum melongena	2002				North America	Martinique	Martinique	Martinique	Arrondissement de La Trinité		14.664711	-61.015307	Max Planck Institute for Biology Tuebingen	Ralstonia pseudosolanacearum					PRJNA1196686	SRP550707	SAMN45624453	SRS23501148	2025-07-16	2025-06-01	RAL_AA1263AA	Assembled	75.3	5.2	48613	5982519	Ralstonia solanacearum;94.81%	277	11984	RAL_AA1291AA_AS
RAL_AA1264AA	RUN1135	SRR31675402;ILLUMINA;Paired;;SRX27037903;SRA	Environment	Plant	Solanum lycopersicum	2007				North America	Martinique	Martinique	Martinique	Arrondissement du Marin				Max Planck Institute for Biology Tuebingen	Ralstonia pseudosolanacearum					PRJNA1196686	SRP550707	SAMN45624445	SRS23501139	2025-07-16	2025-06-01	RAL_AA1264AA	Assembled	90.1	5.2	30498	5722379	Ralstonia solanacearum;97.83%	426	26295	RAL_AA1292AA_AS
RAL_AA1265AA	RUN0838	SRR31675403;ILLUMINA;Paired;;SRX27037902;SRA	Environment	Soil/Dust	soil_banana_fallow	2007				North America	Martinique	Martinique	Martinique	Arrondissement de La Trinité				Max Planck Institute for Biology Tuebingen	Ralstonia pseudosolanacearum					PRJNA1196686	SRP550707	SAMN45624380	SRS23501138	2025-07-16	2025-06-01	RAL_AA1265AA	Assembled	20.5	5.2	10175	5568559	Ralstonia solanacearum;97.89%	1097	212740	RAL_AA1293AA_AS
RAL_AA1266AA	RUN0837	SRR31675404;ILLUMINA;Paired;;SRX27037901;SRA	Environment	Soil/Dust	soil_banana_fallow	2007				North America	Martinique	Martinique	Martinique	Arrondissement de La Trinité				Max Planck Institute for Biology Tuebingen	Ralstonia pseudosolanacearum					PRJNA1196686	SRP550707	SAMN45624379	SRS23501136	2025-07-16	2025-06-01	RAL_AA1266AA	Assembled	93.7	5.2	23707	5678280	Ralstonia solanacearum;97.62%	535	37801	RAL_AA1294AA_AS
RAL_AA1268AA	RUN0834	SRR31675407;ILLUMINA;Paired;;SRX27037898;SRA	Environment	Soil/Dust	soil_banana_fallow	2007				North America	Martinique	Martinique	Martinique	Arrondissement de La Trinité				Max Planck Institute for Biology Tuebingen	Ralstonia pseudosolanacearum					PRJNA1196686	SRP550707	SAMN45624376	SRS23501134	2025-07-16	2025-06-01	RAL_AA1268AA	Assembled	48.6	5.2	20259	5675618	Ralstonia solanacearum;97.12%	565	58060	RAL_AA1296AA_AS
RAL_AA1269AA	RUN0830	SRR31675412;ILLUMINA;Paired;;SRX27037893;SRA	Environment	Soil/Dust	soil_banana_fallow	2007				North America	Martinique	Martinique	Martinique	Arrondissement de La Trinité				Max Planck Institute for Biology Tuebingen	Ralstonia pseudosolanacearum					PRJNA1196686	SRP550707	SAMN45624372	SRS23501130	2025-07-16	2025-06-01	RAL_AA1269AA	Assembled	53.2	5.2	28872	5701098	Ralstonia solanacearum;97.56%	457	35693	RAL_AA1297AA_AS
RAL_AA1270AA	RUN0829	SRR31675413;ILLUMINA;Paired;;SRX27037892;SRA	Environment	Soil/Dust	soil_banana_fallow	2007				North America	Martinique	Martinique	Martinique	Arrondissement de La Trinité				Max Planck Institute for Biology Tuebingen	Ralstonia pseudosolanacearum					PRJNA1196686	SRP550707	SAMN45624371	SRS23501128	2025-07-16	2025-06-01	RAL_AA1270AA	Assembled	89	5.2	46712	5709434	Ralstonia solanacearum;98.37%	253	10073	RAL_AA1298AA_AS
RAL_AA1271AA	RUN0826	SRR31675416;ILLUMINA;Paired;;SRX27037889;SRA	Environment	Soil/Dust	soil_banana_fallow	2007				North America	Martinique	Martinique	Martinique	Arrondissement de La Trinité				Max Planck Institute for Biology Tuebingen	Ralstonia pseudosolanacearum					PRJNA1196686	SRP550707	SAMN45624368	SRS23501124	2025-07-16	2025-06-01	RAL_AA1271AA	Assembled	73.4	5.2	39416	5683760	Ralstonia solanacearum;98.16%	304	15774	RAL_AA1299AA_AS
RAL_AA1272AA	RUN0825	SRR31675417;ILLUMINA;Paired;;SRX27037888;SRA	Environment	Plant	Solanum lycopersicum	2002				North America	Martinique	Martinique	Martinique	Arrondissement de Fort-de-France				Max Planck Institute for Biology Tuebingen	Ralstonia pseudosolanacearum					PRJNA1196686	SRP550707	SAMN45624367	SRS23501125	2025-07-16	2025-06-01	RAL_AA1272AA	Assembled	160.4	5.2	42772	5710019	Ralstonia solanacearum;98.16%	289	10515	RAL_AA1300AA_AS
RAL_AA1273AA	RUN0822	SRR31675420;ILLUMINA;Paired;;SRX27037885;SRA	Environment	Soil/Dust	soil_banana_fallow	2007				North America	Martinique	Martinique	Martinique	Arrondissement de La Trinité				Max Planck Institute for Biology Tuebingen	Ralstonia pseudosolanacearum					PRJNA1196686	SRP550707	SAMN45624364	SRS23501121	2025-07-16	2025-06-01	RAL_AA1273AA	Assembled	132.9	5.2	56899	5714790	Ralstonia solanacearum;98.15%	251	9348	RAL_AA1301AA_AS
RAL_AA1274AA	RUN0821	SRR31675421;ILLUMINA;Paired;;SRX27037884;SRA	Environment	Plant	Cucurbita pepo	2003				North America	Martinique	Martinique	Martinique	Arrondissement de La Trinité				Max Planck Institute for Biology Tuebingen	Ralstonia pseudosolanacearum					PRJNA1196686	SRP550707	SAMN45624363	SRS23501120	2025-07-16	2025-06-01	RAL_AA1274AA	Assembled	115.3	5.2	31330	5627361	Ralstonia solanacearum;98.4%	361	19603	RAL_AA1302AA_AS
RAL_AA1275AA	RUN0820	SRR31675423;ILLUMINA;Paired;;SRX27037882;SRA	Environment	Soil/Dust	soil_banana_fallow	2007				North America	Martinique	Martinique	Martinique	Arrondissement de La Trinité				Max Planck Institute for Biology Tuebingen	Ralstonia pseudosolanacearum					PRJNA1196686	SRP550707	SAMN45624362	SRS23501118	2025-07-16	2025-06-01	RAL_AA1275AA	Assembled	85.4	5.2	44086	5714475	Ralstonia solanacearum;97.89%	286	14891	RAL_AA1303AA_AS
RAL_AA1276AA	RUN0819	SRR31675424;ILLUMINA;Paired;;SRX27037881;SRA	Environment	Plant	Solanum lycopersicum	2007				North America	Martinique	Martinique	Martinique	Arrondissement de La Trinité				Max Planck Institute for Biology Tuebingen	Ralstonia pseudosolanacearum					PRJNA1196686	SRP550707	SAMN45624361	SRS23501116	2025-07-16	2025-06-01	RAL_AA1276AA	Assembled	57	5.2	30137	5875798	Ralstonia solanacearum;96.24%	440	32490	RAL_AA1304AA_AS
RAL_AA1277AA	RUN0725	SRR31675431;ILLUMINA;Paired;;SRX27037874;SRA	Environment	Soil/Dust	soil_banana_fallow	2007				North America	Martinique	Martinique	Martinique	Arrondissement de La Trinité				Max Planck Institute for Biology Tuebingen	Ralstonia pseudosolanacearum					PRJNA1196686	SRP550707	SAMN45624269	SRS23501109	2025-07-16	2025-06-01	RAL_AA1277AA	Assembled	219.3	5.2	52119	5719068	Ralstonia solanacearum;97.9%	256	14392	RAL_AA1305AA_AS
RAL_AA1278AA	RUN0724	SRR31675432;ILLUMINA;Paired;;SRX27037873;SRA	Environment	Soil/Dust	soil_banana_fallow	2007				North America	Martinique	Martinique	Martinique	Arrondissement de La Trinité				Max Planck Institute for Biology Tuebingen	Ralstonia pseudosolanacearum					PRJNA1196686	SRP550707	SAMN45624268	SRS23501110	2025-07-16	2025-06-01	RAL_AA1278AA	Assembled	186.7	5.2	46694	5720328	Ralstonia solanacearum;98.36%	274	16305	RAL_AA1306AA_AS
RAL_AA1279AA	RUN0720	SRR31675436;ILLUMINA;Paired;;SRX27037869;SRA	Environment	Soil/Dust	soil_banana_fallow	2007				North America	Martinique	Martinique	Martinique	Arrondissement de La Trinité				Max Planck Institute for Biology Tuebingen	Ralstonia pseudosolanacearum					PRJNA1196686	SRP550707	SAMN45624264	SRS23501105	2025-07-16	2025-06-01	RAL_AA1279AA	Assembled	163.6	5.2	32613	5718029	Ralstonia solanacearum;98.22%	371	27406	RAL_AA1307AA_AS
RAL_AA1280AA	RUN0718	SRR31675439;ILLUMINA;Paired;;SRX27037866;SRA	Environment	Soil/Dust	soil_banana_fallow	2007				North America	Martinique	Martinique	Martinique	Arrondissement de La Trinité				Max Planck Institute for Biology Tuebingen	Ralstonia pseudosolanacearum					PRJNA1196686	SRP550707	SAMN45624262	SRS23501103	2025-07-16	2025-06-01	RAL_AA1280AA	Assembled	126.1	5.2	51465	5719059	Ralstonia solanacearum;97.44%	259	16398	RAL_AA1308AA_AS
RAL_AA1281AA	RUN0717	SRR31675440;ILLUMINA;Paired;;SRX27037865;SRA	Environment	Soil/Dust	soil_banana_fallow	2007				North America	Martinique	Martinique	Martinique	Arrondissement de La Trinité				Max Planck Institute for Biology Tuebingen	Ralstonia pseudosolanacearum					PRJNA1196686	SRP550707	SAMN45624261	SRS23501101	2025-07-16	2025-06-01	RAL_AA1281AA	Assembled	83.1	5.2	49606	5718936	Ralstonia solanacearum;97.45%	271	17224	RAL_AA1309AA_AS
RAL_AA1282AA	RUN0715	SRR31675442;ILLUMINA;Paired;;SRX27037863;SRA	Environment	Soil/Dust	soil_banana_fallow	2007				North America	Martinique	Martinique	Martinique	Arrondissement de La Trinité				Max Planck Institute for Biology Tuebingen	Ralstonia pseudosolanacearum					PRJNA1196686	SRP550707	SAMN45624259	SRS23501099	2025-07-16	2025-06-01	RAL_AA1282AA	Assembled	114.9	5.2	41720	5693264	Ralstonia solanacearum;98.37%	287	19604	RAL_AA1310AA_AS
RAL_AA1283AA	RUN0679	SRR31675443;ILLUMINA;Paired;;SRX27037862;SRA	Environment	Plant	Capsicum annuum	1969				Europe	France	Martinique						Max Planck Institute for Biology Tuebingen	Ralstonia pseudosolanacearum					PRJNA1196686	SRP550707	SAMN45624258	SRS23501098	2025-07-16	2025-06-01	RAL_AA1283AA	Assembled	147.3	5.2	53491	5828006	Ralstonia solanacearum;96.43%	237	14394	RAL_AA1311AA_AS
RAL_AA1284AA	RUN2176	SRR31675451;ILLUMINA;Paired;;SRX27037854;SRA	Environment	Plant	Solanum melongena	2012				South America	French Guiana	Guyane	Guyane	Arrondissement de Saint-Laurent-du-Maroni		5.46617	-54.024798	Max Planck Institute for Biology Tuebingen	Ralstonia pseudosolanacearum					PRJNA1196686	SRP550707	SAMN45624617	SRS23501091	2025-07-16	2025-06-01	RAL_AA1284AA	Assembled	66.9	5.2	35042	5705258	Ralstonia solanacearum;100.0%	305	25441	RAL_AA1312AA_AS
RAL_AA1285AA	RUN2175	SRR31675452;ILLUMINA;Paired;;SRX27037853;SRA	Environment	Plant	Solanum melongena	2012				South America	French Guiana	Guyane	Guyane	Arrondissement de Saint-Laurent-du-Maroni		5.46617	-54.024798	Max Planck Institute for Biology Tuebingen	Ralstonia pseudosolanacearum					PRJNA1196686	SRP550707	SAMN45624616	SRS23501089	2025-07-16	2025-06-01	RAL_AA1285AA	Assembled	62.8	5.2	34891	5699784	Ralstonia solanacearum;100.0%	292	27707	RAL_AA1313AA_AS
RAL_AA1286AA	RUN2174	SRR31675453;ILLUMINA;Paired;;SRX27037852;SRA	Environment	Plant	Solanum melongena	2012				South America	French Guiana	Guyane	Guyane	Arrondissement de Saint-Laurent-du-Maroni		5.46617	-54.024798	Max Planck Institute for Biology Tuebingen	Ralstonia pseudosolanacearum					PRJNA1196686	SRP550707	SAMN45624615	SRS23501088	2025-07-16	2025-06-01	RAL_AA1286AA	Assembled	67.8	5.2	46918	5703037	Ralstonia solanacearum;100.0%	271	23688	RAL_AA1314AA_AS
RAL_AA1287AA	RUN1126	SRR31675508;ILLUMINA;Paired;;SRX27037797;SRA	Environment	Plant	Solanum lycopersicum	2003				North America	Martinique	Martinique	Martinique	Arrondissement du Marin				Max Planck Institute for Biology Tuebingen	Ralstonia pseudosolanacearum					PRJNA1196686	SRP550707	SAMN45624436	SRS23501033	2025-07-16	2025-06-01	RAL_AA1287AA	Assembled	120	5.2	45481	5735683	Ralstonia solanacearum;98.12%	281	11474	RAL_AA1315AA_AS
RAL_AA1288AA	RUN1106	SRR31675514;ILLUMINA;Paired;;SRX27037791;SRA	Environment	Plant	Capsicum sp.	2002				North America	Martinique	Martinique	Martinique	Arrondissement de La Trinité				Max Planck Institute for Biology Tuebingen	Ralstonia pseudosolanacearum					PRJNA1196686	SRP550707	SAMN45624431	SRS23501027	2025-07-16	2025-06-01	RAL_AA1288AA	Assembled	141.9	5.2	46836	5849971	Ralstonia solanacearum;96.86%	269	9731	RAL_AA1316AA_AS
RAL_AA1289AA	RUN1103	SRR31675517;ILLUMINA;Paired;;SRX27037788;SRA	Environment	Plant	Anthurium andreanum	2003				North America	Martinique	Martinique	Martinique	Arrondissement de La Trinité				Max Planck Institute for Biology Tuebingen	Ralstonia pseudosolanacearum					PRJNA1196686	SRP550707	SAMN45624428	SRS23501024	2025-07-16	2025-06-01	RAL_AA1289AA	Assembled	96	5.2	38403	5782453	Ralstonia solanacearum;96.9%	318	16558	RAL_AA1317AA_AS
RAL_AA1290AA	RUN1102	SRR31675518;ILLUMINA;Paired;;SRX27037787;SRA	Environment	Plant	Capsicum sp.	2002				North America	Martinique	Martinique	Martinique	Arrondissement de La Trinité				Max Planck Institute for Biology Tuebingen	Ralstonia pseudosolanacearum					PRJNA1196686	SRP550707	SAMN45624427	SRS23501023	2025-07-16	2025-06-01	RAL_AA1290AA	Assembled	110.8	5.2	42653	5791034	Ralstonia solanacearum;97.7%	307	14023	RAL_AA1318AA_AS
RAL_AA1291AA	RUN1101	SRR31675519;ILLUMINA;Paired;;SRX27037786;SRA	Environment	Plant	Capsicum sp.	2002				North America	Martinique	Martinique	Martinique	Arrondissement de La Trinité				Max Planck Institute for Biology Tuebingen	Ralstonia pseudosolanacearum					PRJNA1196686	SRP550707	SAMN45624426	SRS23501022	2025-07-16	2025-06-01	RAL_AA1291AA	Assembled	128.7	5.2	38174	5718158	Ralstonia solanacearum;99.09%	314	13372	RAL_AA1790AA_AS
RAL_AA1292AA	RUN0814	SRR31675525;ILLUMINA;Paired;;SRX27037780;SRA	Environment	Soil/Dust	soil_banana_fallow	2007				North America	Martinique	Martinique	Martinique	Arrondissement de La Trinité				Max Planck Institute for Biology Tuebingen	Ralstonia pseudosolanacearum					PRJNA1196686	SRP550707	SAMN45624356	SRS23501016	2025-07-16	2025-06-01	RAL_AA1292AA	Assembled	77.8	5.2	42653	5712416	Ralstonia solanacearum;98.36%	287	15144	RAL_AA1320AA_AS
RAL_AA1293AA	RUN0812	SRR31675527;ILLUMINA;Paired;;SRX27037778;SRA	Environment	Plant	Capsicum annuum	2002				North America	Martinique	Martinique	Martinique	Arrondissement de La Trinité				Max Planck Institute for Biology Tuebingen	Ralstonia pseudosolanacearum					PRJNA1196686	SRP550707	SAMN45624354	SRS23501014	2025-07-16	2025-06-01	RAL_AA1293AA	Assembled	119.6	5.2	52046	5663958	Ralstonia solanacearum;98.58%	243	8358	RAL_AA1321AA_AS
RAL_AA1294AA	RUN0811	SRR31675528;ILLUMINA;Paired;;SRX27037777;SRA	Environment	Plant	Solanum melongena	2002				North America	Martinique	Martinique	Martinique	Arrondissement de La Trinité		14.664711	-61.015307	Max Planck Institute for Biology Tuebingen	Ralstonia pseudosolanacearum					PRJNA1196686	SRP550707	SAMN45624353	SRS23501013	2025-07-16	2025-06-01	RAL_AA1294AA	Assembled	155.8	5.2	48727	5785626	Ralstonia solanacearum;97.03%	269	9661	RAL_AA1322AA_AS
RAL_AA1295AA	RUN0807	SRR31675533;ILLUMINA;Paired;;SRX27037772;SRA	Environment	Soil/Dust	soil_banana_fallow	2007				North America	Martinique	Martinique	Martinique	Arrondissement de La Trinité				Max Planck Institute for Biology Tuebingen	Ralstonia pseudosolanacearum					PRJNA1196686	SRP550707	SAMN45624349	SRS23501008	2025-07-16	2025-06-01	RAL_AA1295AA	Assembled	56.9	5.2	26575	5705625	Ralstonia solanacearum;97.59%	451	33124	RAL_AA1323AA_AS
RAL_AA1296AA	GBBC 643	SRR33038792;ILLUMINA;Paired;;SRX28304366;SRA	Environment	Water/River	river water	1998				Europe	Belgium	Flanders	Limburg Province	Arrondissement of Maaseik				Flanders Research Institute for Agriculture, Fisheries and Food (ILVO)	Ralstonia solanacearum					PRJNA1217603	SRP560844	SAMN47852671	SRS24646966	2025-07-16	2025-06-01	RAL_AA1296AA	Assembled	516.2	5.2	110632	5256542	Ralstonia solanacearum;100.0%	136	226	RAL_AA1324AA_AS
RAL_AA1297AA	GBBC 549	SRR33038793;ILLUMINA;Paired;;SRX28304365;SRA	Environment	Plant	Solanum tuberosum cv. Nicola	1995				Africa	Egypt							Flanders Research Institute for Agriculture, Fisheries and Food (ILVO)	Ralstonia solanacearum					PRJNA1217603	SRP560844	SAMN47852670	SRS24646964	2025-07-16	2025-06-01	RAL_AA1297AA	Assembled	188.7	5.2	110632	5256313	Ralstonia solanacearum;100.0%	133	351	RAL_AA1325AA_AS
RAL_AA1298AA	GBBC 521	SRR33038794;ILLUMINA;Paired;;SRX28304364;SRA	Environment	Plant	Solanum tuberosum cv. Nicola	1993				Africa	Egypt							Flanders Research Institute for Agriculture, Fisheries and Food (ILVO)	Ralstonia solanacearum					PRJNA1217603	SRP560844	SAMN47852669	SRS24646962	2025-07-16	2025-06-01	RAL_AA1298AA	Assembled	383.9	5.2	110630	5255721	Ralstonia solanacearum;100.0%	132	469	RAL_AA1326AA_AS
RAL_AA1299AA	GBBC 506	SRR33038795;ILLUMINA;Paired;;SRX28304363;SRA	Environment	Plant	Solanum tuberosum cv. Diamant	1992				Africa	Egypt							Flanders Research Institute for Agriculture, Fisheries and Food (ILVO)	Ralstonia solanacearum					PRJNA1217603	SRP560844	SAMN47852668	SRS24646963	2025-07-16	2025-06-01	RAL_AA1299AA	Assembled	450.2	5.2	110339	5243028	Ralstonia solanacearum;100.0%	136	476	RAL_AA1327AA_AS
RAL_AA1300AA	LMG 25611	SRR33038796;ILLUMINA;Paired;;SRX28304362;SRA	Environment	Plant	Solanum tuberosum cv. Eba	2005				Europe	Belgium	Flanders	East Flanders Province	Arrondissement Sint-Niklaas				Flanders Research Institute for Agriculture, Fisheries and Food (ILVO)	Ralstonia solanacearum					PRJNA1217603	SRP560844	SAMN47852667	SRS24646961	2025-07-16	2025-06-01	RAL_AA1300AA	Assembled	214.8	5.2	120385	5250380	Ralstonia solanacearum;100.0%	126	874	RAL_AA1328AA_AS
RAL_AA1301AA	GBBC 3611	SRR33038797;ILLUMINA;Paired;;SRX28304361;SRA	Environment	Plant	Solanum dulcamara	2024				Europe	Belgium	Flanders	Limburg Province	Arrondissement of Maaseik				Flanders Research Institute for Agriculture, Fisheries and Food (ILVO)	Ralstonia solanacearum					PRJNA1217603	SRP560844	SAMN47852666	SRS24646960	2025-07-16	2025-06-01	RAL_AA1301AA	Assembled	297.9	5.2	110631	5255099	Ralstonia solanacearum;100.0%	131	454	RAL_AA1329AA_AS
RAL_AA1302AA	GBBC 3610	SRR33038799;ILLUMINA;Paired;;SRX28304359;SRA	Environment	Water/River	river water	2023				Europe	Belgium	Flanders	Antwerp Province	Arrondissement Turnhout				Flanders Research Institute for Agriculture, Fisheries and Food (ILVO)	Ralstonia solanacearum					PRJNA1217603	SRP560844	SAMN47852665	SRS24646958	2025-07-16	2025-06-01	RAL_AA1302AA	Assembled	208.8	5.2	110632	5255067	Ralstonia solanacearum;100.0%	130	565	RAL_AA1330AA_AS
RAL_AA1303AA	GBBC 3609	SRR33038800;ILLUMINA;Paired;;SRX28304358;SRA	Environment	Water/River	river water	2023				Europe	Belgium	Flanders	Antwerp Province	Arrondissement Turnhout				Flanders Research Institute for Agriculture, Fisheries and Food (ILVO)	Ralstonia solanacearum					PRJNA1217603	SRP560844	SAMN47852664	SRS24646956	2025-07-16	2025-06-01	RAL_AA1303AA	Assembled	400.2	5.2	110630	5254702	Ralstonia solanacearum;100.0%	133	199	RAL_AA1331AA_AS
RAL_AA1304AA	GBBC 3608	SRR33038801;ILLUMINA;Paired;;SRX28304357;SRA	Environment	Water/River	river water	2023				Europe	Belgium	Flanders	Antwerp Province	Arrondissement Turnhout				Flanders Research Institute for Agriculture, Fisheries and Food (ILVO)	Ralstonia solanacearum					PRJNA1217603	SRP560844	SAMN47852663	SRS24646959	2025-07-16	2025-06-01	RAL_AA1304AA	Assembled	418.2	5.2	110632	5255560	Ralstonia solanacearum;100.0%	134	252	RAL_AA1332AA_AS
RAL_AA1305AA	GBBC 3607	SRR33038802;ILLUMINA;Paired;;SRX28304356;SRA	Environment	Plant	Solanum dulcamara	2024				Europe	Belgium	Flanders	Antwerp Province	Arrondissement of Mechelen				Flanders Research Institute for Agriculture, Fisheries and Food (ILVO)	Ralstonia solanacearum					PRJNA1217603	SRP560844	SAMN47852662	SRS24646954	2025-07-16	2025-06-01	RAL_AA1305AA	Assembled	257.2	5.2	110632	5256257	Ralstonia solanacearum;100.0%	135	394	RAL_AA1791AA_AS
RAL_AA1306AA	GBBC 3606	SRR33038803;ILLUMINA;Paired;;SRX28304355;SRA	Environment	Plant	Solanum dulcamara	2024				Europe	Belgium	Flanders	Antwerp Province	Arrondissement of Antwerp				Flanders Research Institute for Agriculture, Fisheries and Food (ILVO)	Ralstonia solanacearum					PRJNA1217603	SRP560844	SAMN47852661	SRS24646955	2025-07-16	2025-06-01	RAL_AA1306AA	Assembled	325.8	5.2	110632	5254860	Ralstonia solanacearum;100.0%	131	418	RAL_AA1334AA_AS
RAL_AA1307AA	GBBC 3605	SRR33038804;ILLUMINA;Paired;;SRX28304354;SRA	Environment	Plant	Solanum dulcamara	2024				Europe	Belgium	Flanders	Antwerp Province	Arrondissement of Antwerp				Flanders Research Institute for Agriculture, Fisheries and Food (ILVO)	Ralstonia solanacearum					PRJNA1217603	SRP560844	SAMN47852660	SRS24646953	2025-07-16	2025-06-01	RAL_AA1307AA	Assembled	195.3	5.2	110340	5255437	Ralstonia solanacearum;100.0%	133	833	RAL_AA1335AA_AS
RAL_AA1308AA	GBBC 3604	SRR33038805;ILLUMINA;Paired;;SRX28304353;SRA	Environment	Plant	Solanum dulcamara	2024				Europe	Belgium	Flanders	Antwerp Province	Arrondissement of Mechelen				Flanders Research Institute for Agriculture, Fisheries and Food (ILVO)	Ralstonia solanacearum					PRJNA1217603	SRP560844	SAMN47852659	SRS24646952	2025-07-16	2025-06-01	RAL_AA1308AA	Assembled	960.6	5.2	110342	5257149	Ralstonia solanacearum;100.0%	137	593	RAL_AA1336AA_AS
RAL_AA1309AA	GBBC 3603	SRR33038806;ILLUMINA;Paired;;SRX28304352;SRA	Environment	Plant	Solanum dulcamara	2024				Europe	Belgium	Flanders	Antwerp Province	Arrondissement of Antwerp				Flanders Research Institute for Agriculture, Fisheries and Food (ILVO)	Ralstonia solanacearum					PRJNA1217603	SRP560844	SAMN47852658	SRS24646949	2025-07-16	2025-06-01	RAL_AA1309AA	Assembled	508.7	5.2	105787	5255792	Ralstonia solanacearum;100.0%	135	358	RAL_AA1337AA_AS
RAL_AA1310AA	GBBC 3601	SRR33038807;ILLUMINA;Paired;;SRX28304351;SRA	Environment	Water/River	river water	2024				Europe	Belgium	Flanders	Limburg Province	Arrondissement of Maaseik				Flanders Research Institute for Agriculture, Fisheries and Food (ILVO)	Ralstonia solanacearum					PRJNA1217603	SRP560844	SAMN47852657	SRS24646951	2025-07-16	2025-06-01	RAL_AA1310AA	Assembled	202.2	5.2	110632	5244107	Ralstonia solanacearum;100.0%	131	402	RAL_AA1338AA_AS
RAL_AA1311AA	GBBC 3599	SRR33038808;ILLUMINA;Paired;;SRX28304350;SRA	Environment	Water/River	river water	2024				Europe	Belgium	Flanders	Limburg Province	Arrondissement of Maaseik				Flanders Research Institute for Agriculture, Fisheries and Food (ILVO)	Ralstonia solanacearum					PRJNA1217603	SRP560844	SAMN47852656	SRS24646950	2025-07-16	2025-06-01	RAL_AA1311AA	Assembled	437.9	5.2	110342	5244482	Ralstonia solanacearum;100.0%	133	355	RAL_AA1339AA_AS
RAL_AA1312AA	GBBC 3598	SRR33038810;ILLUMINA;Paired;;SRX28304348;SRA	Environment	Water/River	river water	2024				Europe	Belgium	Flanders	Limburg Province	Arrondissement of Maaseik				Flanders Research Institute for Agriculture, Fisheries and Food (ILVO)	Ralstonia solanacearum					PRJNA1217603	SRP560844	SAMN47852655	SRS24646946	2025-07-16	2025-06-01	RAL_AA1312AA	Assembled	494.3	5.2	110632	5244612	Ralstonia solanacearum;100.0%	132	562	RAL_AA1340AA_AS
RAL_AA1313AA	GBBC 3597	SRR33038811;ILLUMINA;Paired;;SRX28304347;SRA	Environment	Water/River	river water	2024				Europe	Belgium	Flanders	Limburg Province	Arrondissement of Maaseik				Flanders Research Institute for Agriculture, Fisheries and Food (ILVO)	Ralstonia solanacearum					PRJNA1217603	SRP560844	SAMN47852654	SRS24646947	2025-07-16	2025-06-01	RAL_AA1313AA	Assembled	309.8	5.2	110630	5256176	Ralstonia solanacearum;100.0%	135	333	RAL_AA1341AA_AS
RAL_AA1314AA	GBBC 3596	SRR33038812;ILLUMINA;Paired;;SRX28304346;SRA	Environment	Water/River	river water	2024				Europe	Belgium	Flanders	Limburg Province	Arrondissement of Maaseik				Flanders Research Institute for Agriculture, Fisheries and Food (ILVO)	Ralstonia solanacearum					PRJNA1217603	SRP560844	SAMN47852653	SRS24646944	2025-07-16	2025-06-01	RAL_AA1314AA	Assembled	330.7	5.2	110632	5260017	Ralstonia solanacearum;99.61%	139	1476	RAL_AA1342AA_AS
RAL_AA1315AA	GBBC 3595	SRR33038813;ILLUMINA;Paired;;SRX28304345;SRA	Environment	Water/River	river water	2024				Europe	Belgium	Flanders	Limburg Province	Arrondissement of Maaseik				Flanders Research Institute for Agriculture, Fisheries and Food (ILVO)	Ralstonia solanacearum					PRJNA1217603	SRP560844	SAMN47852652	SRS24646945	2025-07-16	2025-06-01	RAL_AA1315AA	Assembled	285.6	5.2	110631	5244456	Ralstonia solanacearum;100.0%	132	438	RAL_AA1343AA_AS
RAL_AA1316AA	GBBC 3594	SRR33038814;ILLUMINA;Paired;;SRX28304344;SRA	Environment	Water/River	river water	2024				Europe	Belgium	Flanders	Antwerp Province	Arrondissement Turnhout				Flanders Research Institute for Agriculture, Fisheries and Food (ILVO)	Ralstonia solanacearum					PRJNA1217603	SRP560844	SAMN47852651	SRS24646943	2025-07-16	2025-06-01	RAL_AA1316AA	Assembled	317.9	5.2	129159	5181757	Ralstonia solanacearum;100.0%	126	268	RAL_AA1344AA_AS
RAL_AA1317AA	GBBC 3593	SRR33038815;ILLUMINA;Paired;;SRX28304343;SRA	Environment	Water/River	river water	2024				Europe	Belgium	Flanders	Antwerp Province	Arrondissement Turnhout				Flanders Research Institute for Agriculture, Fisheries and Food (ILVO)	Ralstonia solanacearum					PRJNA1217603	SRP560844	SAMN47852650	SRS24646942	2025-07-16	2025-06-01	RAL_AA1317AA	Assembled	311.2	5.2	110630	5255184	Ralstonia solanacearum;100.0%	134	237	RAL_AA1345AA_AS
RAL_AA1318AA	GBBC 3592	SRR33038816;ILLUMINA;Paired;;SRX28304342;SRA	Environment	Water/River	river water	2024				Europe	Belgium	Flanders	Limburg Province	Arrondissement of Maaseik				Flanders Research Institute for Agriculture, Fisheries and Food (ILVO)	Ralstonia solanacearum					PRJNA1217603	SRP560844	SAMN47852649	SRS24646940	2025-07-16	2025-06-01	RAL_AA1318AA	Assembled	346	5.2	110632	5254577	Ralstonia solanacearum;100.0%	131	274	RAL_AA1346AA_AS
RAL_AA1319AA	GBBC 3044	SRR32183822;ILLUMINA;Paired;;SRX27529072;SRA	Environment	Plant	Solanum tuberosum cv. Bintje; field	2015				Europe	Belgium	Flanders	Antwerp Province	Arrondissement Turnhout				Flanders Research Institute for Agriculture, Fisheries and Food (ILVO)	Ralstonia solanacearum					PRJNA1217603	SRP560844	SAMN46495399	SRS23946378	2025-07-16	2025-06-01	RAL_AA1319AA	Assembled	489.1	5.2	110631	5255458	Ralstonia solanacearum;100.0%	137	546	RAL_AA1347AA_AS
RAL_AA1320AA	GBBC 3034	SRR32183823;ILLUMINA;Paired;;SRX27529071;SRA	Environment	Plant	Solanum tuberosum cv. Fontane; field	2015				Europe	Belgium	Flanders	Limburg Province	Arrondissement of Maaseik				Flanders Research Institute for Agriculture, Fisheries and Food (ILVO)	Ralstonia solanacearum					PRJNA1217603	SRP560844	SAMN46495398	SRS23946377	2025-07-16	2025-06-01	RAL_AA1320AA	Assembled	373	5.2	110340	5244041	Ralstonia solanacearum;100.0%	132	622	RAL_AA1348AA_AS
RAL_AA1321AA	GBBC 779	SRR32183824;ILLUMINA;Paired;;SRX27529070;SRA	Environment	Plant	Solanum dulcamara	2002				Europe	Belgium	Flanders	Antwerp Province	Arrondissement Turnhout				Flanders Research Institute for Agriculture, Fisheries and Food (ILVO)	Ralstonia solanacearum					PRJNA1217603	SRP560844	SAMN46495461	SRS23946376	2025-07-16	2025-06-01	RAL_AA1321AA	Assembled	295.8	5.2	110630	5255591	Ralstonia solanacearum;100.0%	125	426	RAL_AA1349AA_AS
RAL_AA1322AA	GBBC 767	SRR32183825;ILLUMINA;Paired;;SRX27529069;SRA	Environment	Water/River	river water	2002				Europe	Belgium	Flanders	Antwerp Province	Arrondissement Turnhout				Flanders Research Institute for Agriculture, Fisheries and Food (ILVO)	Ralstonia solanacearum					PRJNA1217603	SRP560844	SAMN46495460	SRS23946375	2025-07-16	2025-06-01	RAL_AA1322AA	Assembled	719.1	5.2	110631	5255298	Ralstonia solanacearum;100.0%	130	745	RAL_AA1350AA_AS
RAL_AA1323AA	GBBC 1688	SRR32183826;ILLUMINA;Paired;;SRX27529068;SRA	Environment	Water/River	river water	2011				Europe	Belgium	Flanders	Limburg Province	Arrondissement of Maaseik				Flanders Research Institute for Agriculture, Fisheries and Food (ILVO)	Ralstonia solanacearum					PRJNA1217603	SRP560844	SAMN46495397	SRS23946374	2025-07-16	2025-06-01	RAL_AA1323AA	Assembled	257.3	5.2	110339	5245264	Ralstonia solanacearum;100.0%	133	875	RAL_AA1351AA_AS
RAL_AA1324AA	GBBC 765	SRR32183827;ILLUMINA;Paired;;SRX27529067;SRA	Environment	Water/River	river water	2002				Europe	Belgium	Flanders	Limburg Province	Arrondissement of Maaseik				Flanders Research Institute for Agriculture, Fisheries and Food (ILVO)	Ralstonia solanacearum					PRJNA1217603	SRP560844	SAMN46495459	SRS23946373	2025-07-16	2025-06-01	RAL_AA1324AA	Assembled	251.2	5.2	110632	5254500	Ralstonia solanacearum;100.0%	130	571	RAL_AA1352AA_AS
RAL_AA1325AA	GBBC 764	SRR32183828;ILLUMINA;Paired;;SRX27529066;SRA	Environment	Plant	Solanum dulcamara	2002				Europe	Belgium	Flanders	Antwerp Province	Arrondissement Turnhout				Flanders Research Institute for Agriculture, Fisheries and Food (ILVO)	Ralstonia solanacearum					PRJNA1217603	SRP560844	SAMN46495458	SRS23946372	2025-07-16	2025-06-01	RAL_AA1325AA	Assembled	588.6	5.2	110340	5247432	Ralstonia solanacearum;100.0%	135	390	RAL_AA1353AA_AS
RAL_AA1326AA	GBBC 762	SRR32183829;ILLUMINA;Paired;;SRX27529065;SRA	Environment	Plant	Solanum dulcamara	2002				Europe	Belgium	Flanders	Antwerp Province	Arrondissement Turnhout				Flanders Research Institute for Agriculture, Fisheries and Food (ILVO)	Ralstonia solanacearum					PRJNA1217603	SRP560844	SAMN46495457	SRS23946371	2025-07-16	2025-06-01	RAL_AA1326AA	Assembled	389.4	5.2	110631	5254484	Ralstonia solanacearum;100.0%	129	620	RAL_AA1354AA_AS
RAL_AA1327AA	GBBC 761	SRR32183830;ILLUMINA;Paired;;SRX27529064;SRA	Environment	Water/River	river water	2002				Europe	Belgium	Flanders	Antwerp Province	Arrondissement of Antwerp				Flanders Research Institute for Agriculture, Fisheries and Food (ILVO)	Ralstonia solanacearum					PRJNA1217603	SRP560844	SAMN46495456	SRS23946370	2025-07-16	2025-06-01	RAL_AA1327AA	Assembled	472.4	5.2	110630	5255101	Ralstonia solanacearum;100.0%	131	320	RAL_AA1355AA_AS
RAL_AA1328AA	GBBC 683	SRR32183831;ILLUMINA;Paired;;SRX27529063;SRA	Environment	Plant	Solanum tuberosum cv. Russet Burbank	1999				Europe	Belgium	Flanders	Antwerp Province	Arrondissement Turnhout				Flanders Research Institute for Agriculture, Fisheries and Food (ILVO)	Ralstonia solanacearum					PRJNA1217603	SRP560844	SAMN46495455	SRS23946369	2025-07-16	2025-06-01	RAL_AA1328AA	Assembled	343.2	5.2	110631	5255118	Ralstonia solanacearum;100.0%	130	355	RAL_AA1356AA_AS
RAL_AA1329AA	GBBC 682	SRR32183832;ILLUMINA;Paired;;SRX27529062;SRA	Environment	Plant	Solanum tuberosum cv. Felsina	1999				Europe	Belgium	Flanders	Antwerp Province	Arrondissement Turnhout				Flanders Research Institute for Agriculture, Fisheries and Food (ILVO)	Ralstonia solanacearum					PRJNA1217603	SRP560844	SAMN46495454	SRS23946368	2025-07-16	2025-06-01	RAL_AA1329AA	Assembled	300.1	5.2	110631	5255334	Ralstonia solanacearum;100.0%	132	709	RAL_AA1357AA_AS
RAL_AA1330AA	GBBC 681	SRR32183833;ILLUMINA;Paired;;SRX27529061;SRA	Environment	Plant	Solanum tuberosum cv. Corine	1999												Flanders Research Institute for Agriculture, Fisheries and Food (ILVO)	Ralstonia solanacearum					PRJNA1217603	SRP560844	SAMN46495453	SRS23946367	2025-07-16	2025-06-01	RAL_AA1330AA	Assembled	342.2	5.2	110631	5244269	Ralstonia solanacearum;100.0%	132	409	RAL_AA1358AA_AS
RAL_AA1331AA	GBBC 680	SRR32183834;ILLUMINA;Paired;;SRX27529060;SRA	Environment	Plant	Solanum tuberosum cv. Russet Burbank	1999				Europe	Belgium	Flanders	Antwerp Province	Arrondissement Turnhout				Flanders Research Institute for Agriculture, Fisheries and Food (ILVO)	Ralstonia solanacearum					PRJNA1217603	SRP560844	SAMN46495452	SRS23946366	2025-07-16	2025-06-01	RAL_AA1331AA	Assembled	361.6	5.2	110632	5254493	Ralstonia solanacearum;100.0%	128	733	RAL_AA1359AA_AS
RAL_AA1332AA	GBBC 679	SRR32183835;ILLUMINA;Paired;;SRX27529059;SRA	Environment	Plant	Solanum tuberosum cv. Russet Burbank	1999				Europe	Belgium	Flanders	Antwerp Province	Arrondissement Turnhout				Flanders Research Institute for Agriculture, Fisheries and Food (ILVO)	Ralstonia solanacearum					PRJNA1217603	SRP560844	SAMN46495451	SRS23946365	2025-07-16	2025-06-01	RAL_AA1332AA	Assembled	349.9	5.2	110340	5255316	Ralstonia solanacearum;100.0%	130	492	RAL_AA1360AA_AS
RAL_AA1333AA	GBBC 676	SRR32183836;ILLUMINA;Paired;;SRX27529058;SRA	Environment	Water/River	river water	1999												Flanders Research Institute for Agriculture, Fisheries and Food (ILVO)	Ralstonia solanacearum					PRJNA1217603	SRP560844	SAMN46495450	SRS23946363	2025-07-16	2025-06-01	RAL_AA1333AA	Assembled	252	5.2	110631	5244586	Ralstonia solanacearum;100.0%	131	349	RAL_AA1361AA_AS
RAL_AA1334AA	GBBC 1685	SRR32183837;ILLUMINA;Paired;;SRX27529057;SRA	Environment	Water/River	river water	2011				Europe	Belgium	Flanders	Limburg Province	Arrondissement of Maaseik				Flanders Research Institute for Agriculture, Fisheries and Food (ILVO)	Ralstonia solanacearum					PRJNA1217603	SRP560844	SAMN46495396	SRS23946364	2025-07-16	2025-06-01	RAL_AA1334AA	Assembled	217.2	5.2	110631	5244293	Ralstonia solanacearum;100.0%	131	250	RAL_AA1362AA_AS
RAL_AA1335AA	GBBC 672	SRR32183838;ILLUMINA;Paired;;SRX27529056;SRA	Environment	Water/River	river water	1999												Flanders Research Institute for Agriculture, Fisheries and Food (ILVO)	Ralstonia solanacearum					PRJNA1217603	SRP560844	SAMN46495449	SRS23946362	2025-07-16	2025-06-01	RAL_AA1335AA	Assembled	396.4	5.2	110339	5244324	Ralstonia solanacearum;100.0%	131	592	RAL_AA1363AA_AS
RAL_AA1336AA	GBBC 671	SRR32183839;ILLUMINA;Paired;;SRX27529055;SRA	Environment	Plant	Solanum tuberosum cv. Fresco	1999												Flanders Research Institute for Agriculture, Fisheries and Food (ILVO)	Ralstonia solanacearum					PRJNA1217603	SRP560844	SAMN46495448	SRS23946360	2025-07-16	2025-06-01	RAL_AA1336AA	Assembled	375.4	5.2	110630	5243989	Ralstonia solanacearum;100.0%	132	372	RAL_AA1364AA_AS
RAL_AA1337AA	GBBC 670	SRR32183840;ILLUMINA;Paired;;SRX27529054;SRA	Environment	Plant	Solanum tuberosum cv. Victoria	1999												Flanders Research Institute for Agriculture, Fisheries and Food (ILVO)	Ralstonia solanacearum					PRJNA1217603	SRP560844	SAMN46495447	SRS23946361	2025-07-16	2025-06-01	RAL_AA1337AA	Assembled	415.2	5.2	110632	5245494	Ralstonia solanacearum;100.0%	130	709	RAL_AA1365AA_AS
RAL_AA1338AA	GBBC 669	SRR32183841;ILLUMINA;Paired;;SRX27529053;SRA	Environment	Plant	Solanum tuberosum cv. Bintje	1999												Flanders Research Institute for Agriculture, Fisheries and Food (ILVO)	Ralstonia solanacearum					PRJNA1217603	SRP560844	SAMN46495446	SRS23946359	2025-07-16	2025-06-01	RAL_AA1338AA	Assembled	248.7	5.2	110632	5245145	Ralstonia solanacearum;100.0%	133	723	RAL_AA1366AA_AS
RAL_AA1339AA	GBBC 668	SRR32183842;ILLUMINA;Paired;;SRX27529052;SRA	Environment	Plant	Solanum tuberosum cv. Ukama	1999												Flanders Research Institute for Agriculture, Fisheries and Food (ILVO)	Ralstonia solanacearum					PRJNA1217603	SRP560844	SAMN46495445	SRS23946358	2025-07-16	2025-06-01	RAL_AA1339AA	Assembled	360.7	5.2	110339	5244368	Ralstonia solanacearum;100.0%	131	419	RAL_AA1367AA_AS
RAL_AA1340AA	GBBC 667	SRR32183843;ILLUMINA;Paired;;SRX27529051;SRA	Environment	Plant	Solanum tuberosum cv. Nicola	1999												Flanders Research Institute for Agriculture, Fisheries and Food (ILVO)	Ralstonia solanacearum					PRJNA1217603	SRP560844	SAMN46495444	SRS23946356	2025-07-16	2025-06-01	RAL_AA1340AA	Assembled	408.8	5.2	110632	5244098	Ralstonia solanacearum;100.0%	129	667	RAL_AA1368AA_AS
RAL_AA1341AA	GBBC 666	SRR32183844;ILLUMINA;Paired;;SRX27529050;SRA	Environment	Plant	Solanum tuberosum cv. Bintje	1999				Europe	Belgium	Flanders	West Flanders Province	Arrondissement of Diksmuide				Flanders Research Institute for Agriculture, Fisheries and Food (ILVO)	Ralstonia solanacearum					PRJNA1217603	SRP560844	SAMN46495443	SRS23946357	2025-07-16	2025-06-01	RAL_AA1341AA	Assembled	332.1	5.2	110631	5254025	Ralstonia solanacearum;100.0%	132	358	RAL_AA1369AA_AS
RAL_AA1342AA	GBBC 665	SRR32183845;ILLUMINA;Paired;;SRX27529049;SRA	Environment	Plant	Solanum tuberosum cv. Ukama	1999												Flanders Research Institute for Agriculture, Fisheries and Food (ILVO)	Ralstonia solanacearum					PRJNA1217603	SRP560844	SAMN46495442	SRS23946355	2025-07-16	2025-06-01	RAL_AA1342AA	Assembled	220	5.2	110342	5245116	Ralstonia solanacearum;100.0%	135	610	RAL_AA1370AA_AS
RAL_AA1343AA	GBBC 632	SRR32183846;ILLUMINA;Paired;;SRX27529048;SRA	Environment	Water/River	river water	2011				Europe	Belgium	Flanders	Antwerp Province	Arrondissement Turnhout				Flanders Research Institute for Agriculture, Fisheries and Food (ILVO)	Ralstonia solanacearum					PRJNA1217603	SRP560844	SAMN46495441	SRS23946354	2025-07-16	2025-06-01	RAL_AA1343AA	Assembled	473.2	5.2	110636	5252836	Ralstonia solanacearum;100.0%	129	176	RAL_AA1371AA_AS
RAL_AA1344AA	GBBC 631	SRR32183847;ILLUMINA;Paired;;SRX27529047;SRA	Environment	Water/River	river water	2011				Europe	Belgium	Flanders	Antwerp Province	Arrondissement Turnhout				Flanders Research Institute for Agriculture, Fisheries and Food (ILVO)	Ralstonia solanacearum					PRJNA1217603	SRP560844	SAMN46495440	SRS23946353	2025-07-16	2025-06-01	RAL_AA1344AA	Assembled	637.9	5.2	110631	5255627	Ralstonia solanacearum;100.0%	128	252	RAL_AA1372AA_AS
RAL_AA1345AA	GBBC 1317	SRR32183848;ILLUMINA;Paired;;SRX27529046;SRA	Environment	Plant	Solanum tuberosum cv. Asterix; field	2009				Europe	Belgium	Flanders	Antwerp Province	Arrondissement Turnhout				Flanders Research Institute for Agriculture, Fisheries and Food (ILVO)	Ralstonia solanacearum					PRJNA1217603	SRP560844	SAMN46495395	SRS23946352	2025-07-16	2025-06-01	RAL_AA1345AA	Assembled	500.5	5.2	110631	5253627	Ralstonia solanacearum;100.0%	130	297	RAL_AA1373AA_AS
RAL_AA1346AA	GBBC 630	SRR32183849;ILLUMINA;Paired;;SRX27529045;SRA	Environment	Water/River	river water	2011				Europe	Belgium	Flanders	Antwerp Province	Arrondissement Turnhout				Flanders Research Institute for Agriculture, Fisheries and Food (ILVO)	Ralstonia solanacearum					PRJNA1217603	SRP560844	SAMN46495439	SRS23946350	2025-07-16	2025-06-01	RAL_AA1346AA	Assembled	295.5	5.2	110632	5255595	Ralstonia solanacearum;100.0%	130	434	RAL_AA1374AA_AS
RAL_AA1347AA	GBBC 629	SRR32183850;ILLUMINA;Paired;;SRX27529044;SRA	Environment	Water/River	river water	2011				Europe	Belgium	Flanders	Antwerp Province	Arrondissement Turnhout				Flanders Research Institute for Agriculture, Fisheries and Food (ILVO)	Ralstonia solanacearum					PRJNA1217603	SRP560844	SAMN46495438	SRS23946351	2025-07-16	2025-06-01	RAL_AA1347AA	Assembled	300.5	5.2	120385	5255485	Ralstonia solanacearum;100.0%	129	371	RAL_AA1375AA_AS
RAL_AA1348AA	GBBC 627	SRR32183851;ILLUMINA;Paired;;SRX27529043;SRA	Environment	Water/River	river water	2011				Europe	Belgium	Flanders	Antwerp Province	Arrondissement Turnhout				Flanders Research Institute for Agriculture, Fisheries and Food (ILVO)	Ralstonia solanacearum					PRJNA1217603	SRP560844	SAMN46495437	SRS23946348	2025-07-16	2025-06-01	RAL_AA1348AA	Assembled	514.6	5.2	110631	5254308	Ralstonia solanacearum;100.0%	132	615	RAL_AA1376AA_AS
RAL_AA1349AA	GBBC 624	SRR32183852;ILLUMINA;Paired;;SRX27529042;SRA	Environment	Water/River	river water	2011				Europe	Belgium	Flanders	Antwerp Province	Arrondissement Turnhout				Flanders Research Institute for Agriculture, Fisheries and Food (ILVO)	Ralstonia solanacearum					PRJNA1217603	SRP560844	SAMN46495436	SRS23946349	2025-07-16	2025-06-01	RAL_AA1349AA	Assembled	491.4	5.2	110630	5254778	Ralstonia solanacearum;100.0%	132	359	RAL_AA1377AA_AS
RAL_AA1350AA	GBBC 623	SRR32183853;ILLUMINA;Paired;;SRX27529041;SRA	Environment	Water/River	river water	2011				Europe	Belgium	Flanders	Antwerp Province	Arrondissement Turnhout				Flanders Research Institute for Agriculture, Fisheries and Food (ILVO)	Ralstonia solanacearum					PRJNA1217603	SRP560844	SAMN46495435	SRS23946347	2025-07-16	2025-06-01	RAL_AA1350AA	Assembled	443.3	5.2	110632	5254330	Ralstonia solanacearum;100.0%	132	470	RAL_AA1378AA_AS
RAL_AA1351AA	GBBC 620	SRR32183854;ILLUMINA;Paired;;SRX27529040;SRA	Environment	Water/River	river water	1997				Europe	Belgium	Flanders	Antwerp Province	Arrondissement Turnhout				Flanders Research Institute for Agriculture, Fisheries and Food (ILVO)	Ralstonia solanacearum					PRJNA1217603	SRP560844	SAMN46495434	SRS23946346	2025-07-16	2025-06-01	RAL_AA1351AA	Assembled	492.2	5.2	110632	5255498	Ralstonia solanacearum;100.0%	130	325	RAL_AA1792AA_AS
RAL_AA1352AA	GBBC 613	SRR32183855;ILLUMINA;Paired;;SRX27529039;SRA	Environment	Water/River	river water	2011				Europe	Belgium	Flanders	Limburg Province	Arrondissement of Maaseik				Flanders Research Institute for Agriculture, Fisheries and Food (ILVO)	Ralstonia solanacearum					PRJNA1217603	SRP560844	SAMN46495433	SRS23946344	2025-07-16	2025-06-01	RAL_AA1352AA	Assembled	574.4	5.2	120385	5245022	Ralstonia solanacearum;100.0%	130	278	RAL_AA1380AA_AS
RAL_AA1353AA	GBBC 611	SRR32183856;ILLUMINA;Paired;;SRX27529038;SRA	Environment	Water/River	river water	1997				Europe	Belgium	Flanders	Antwerp Province	Arrondissement Turnhout				Flanders Research Institute for Agriculture, Fisheries and Food (ILVO)	Ralstonia solanacearum					PRJNA1217603	SRP560844	SAMN46495432	SRS23946345	2025-07-16	2025-06-01	RAL_AA1353AA	Assembled	470.2	5.2	129159	5244714	Ralstonia solanacearum;100.0%	128	762	RAL_AA1381AA_AS
RAL_AA1354AA	GBBC 610	SRR32183857;ILLUMINA;Paired;;SRX27529037;SRA	Environment	Water/River	river water	1997				Europe	Belgium	Flanders	Antwerp Province	Arrondissement Turnhout				Flanders Research Institute for Agriculture, Fisheries and Food (ILVO)	Ralstonia solanacearum					PRJNA1217603	SRP560844	SAMN46495431	SRS23946343	2025-07-16	2025-06-01	RAL_AA1354AA	Assembled	296	5.2	110632	5255503	Ralstonia solanacearum;100.0%	135	446	RAL_AA1382AA_AS
RAL_AA1355AA	GBBC 608	SRR32183858;ILLUMINA;Paired;;SRX27529036;SRA	Environment	Water/River	river water	1997				Europe	Belgium	Flanders	Antwerp Province	Arrondissement Turnhout				Flanders Research Institute for Agriculture, Fisheries and Food (ILVO)	Ralstonia solanacearum					PRJNA1217603	SRP560844	SAMN46495430	SRS23946342	2025-07-16	2025-06-01	RAL_AA1355AA	Assembled	368.9	5.2	110630	5254016	Ralstonia solanacearum;100.0%	132	355	RAL_AA1383AA_AS
RAL_AA1356AA	GBBC 1291	SRR32183859;ILLUMINA;Paired;;SRX27529035;SRA	Environment	Water/River	river water	2006				Europe	Belgium	Flanders	Antwerp Province	Arrondissement Turnhout				Flanders Research Institute for Agriculture, Fisheries and Food (ILVO)	Ralstonia solanacearum					PRJNA1217603	SRP560844	SAMN46495394	SRS23946340	2025-07-16	2025-06-01	RAL_AA1356AA	Assembled	448	5.2	110631	5255767	Ralstonia solanacearum;100.0%	131	450	RAL_AA1384AA_AS
RAL_AA1357AA	GBBC 604	SRR32183860;ILLUMINA;Paired;;SRX27529034;SRA	Environment	Water/River	river water	1997				Europe	Belgium	Flanders	Antwerp Province	Arrondissement Turnhout				Flanders Research Institute for Agriculture, Fisheries and Food (ILVO)	Ralstonia solanacearum					PRJNA1217603	SRP560844	SAMN46495429	SRS23946341	2025-07-16	2025-06-01	RAL_AA1357AA	Assembled	481.5	5.2	110631	5254995	Ralstonia solanacearum;100.0%	132	276	RAL_AA1385AA_AS
RAL_AA1358AA	GBBC 603	SRR32183861;ILLUMINA;Paired;;SRX27529033;SRA	Environment	Water/River	river water	1996				Europe	Belgium	Flanders	Antwerp Province	Arrondissement Turnhout				Flanders Research Institute for Agriculture, Fisheries and Food (ILVO)	Ralstonia solanacearum					PRJNA1217603	SRP560844	SAMN46495428	SRS23946339	2025-07-16	2025-06-01	RAL_AA1358AA	Assembled	465	5.2	120628	5255873	Ralstonia solanacearum;100.0%	131	479	RAL_AA1386AA_AS
RAL_AA1359AA	GBBC 599	SRR32183862;ILLUMINA;Paired;;SRX27529032;SRA	Environment	Plant	Solanum dulcamara	1996				Europe	Belgium	Flanders	Antwerp Province	Arrondissement of Mechelen				Flanders Research Institute for Agriculture, Fisheries and Food (ILVO)	Ralstonia solanacearum					PRJNA1217603	SRP560844	SAMN46495427	SRS23946338	2025-07-16	2025-06-01	RAL_AA1359AA	Assembled	390.8	5.2	110631	5255277	Ralstonia solanacearum;100.0%	131	332	RAL_AA1387AA_AS
RAL_AA1360AA	GBBC 597	SRR32183863;ILLUMINA;Paired;;SRX27529031;SRA	Environment	Plant	Solanum dulcamara	1996				Europe	Belgium	Flanders	Antwerp Province	Arrondissement of Antwerp				Flanders Research Institute for Agriculture, Fisheries and Food (ILVO)	Ralstonia solanacearum					PRJNA1217603	SRP560844	SAMN46495426	SRS23946337	2025-07-16	2025-06-01	RAL_AA1360AA	Assembled	481.9	5.2	110339	5254626	Ralstonia solanacearum;100.0%	133	559	RAL_AA1388AA_AS
RAL_AA1361AA	GBBC 594	SRR32183864;ILLUMINA;Paired;;SRX27529030;SRA	Environment	Plant	Solanum dulcamara	1996				Europe	Belgium	Flanders	Antwerp Province	Arrondissement of Mechelen				Flanders Research Institute for Agriculture, Fisheries and Food (ILVO)	Ralstonia solanacearum					PRJNA1217603	SRP560844	SAMN46495425	SRS23946336	2025-07-16	2025-06-01	RAL_AA1361AA	Assembled	441	5.2	110631	5254797	Ralstonia solanacearum;100.0%	130	281	RAL_AA1389AA_AS
RAL_AA1362AA	GBBC 589	SRR32183865;ILLUMINA;Paired;;SRX27529029;SRA	Environment	Plant	Solanum dulcamara	1996				Europe	Belgium	Flanders	Antwerp Province	Arrondissement of Antwerp				Flanders Research Institute for Agriculture, Fisheries and Food (ILVO)	Ralstonia solanacearum					PRJNA1217603	SRP560844	SAMN46495424	SRS23946335	2025-07-16	2025-06-01	RAL_AA1362AA	Assembled	414.7	5.2	110632	5255032	Ralstonia solanacearum;100.0%	130	365	RAL_AA1390AA_AS
RAL_AA1363AA	GBBC 588	SRR32183866;ILLUMINA;Paired;;SRX27529028;SRA	Environment	Plant	Solanum dulcamara	1996				Europe	Belgium	Flanders	Antwerp Province	Arrondissement Turnhout				Flanders Research Institute for Agriculture, Fisheries and Food (ILVO)	Ralstonia solanacearum					PRJNA1217603	SRP560844	SAMN46495423	SRS23946334	2025-07-16	2025-06-01	RAL_AA1363AA	Assembled	517.8	5.2	110631	5254618	Ralstonia solanacearum;100.0%	129	534	RAL_AA1391AA_AS
RAL_AA1364AA	GBBC 587	SRR32183867;ILLUMINA;Paired;;SRX27529027;SRA	Environment	Plant	Solanum dulcamara	1996				Europe	Belgium	Flanders	Antwerp Province	Arrondissement of Antwerp				Flanders Research Institute for Agriculture, Fisheries and Food (ILVO)	Ralstonia solanacearum					PRJNA1217603	SRP560844	SAMN46495422	SRS23946333	2025-07-16	2025-06-01	RAL_AA1364AA	Assembled	544.9	5.2	110631	5254697	Ralstonia solanacearum;100.0%	134	363	RAL_AA1392AA_AS
RAL_AA1365AA	GBBC 584	SRR32183868;ILLUMINA;Paired;;SRX27529026;SRA	Environment	Plant	Solanum dulcamara	1996				Europe	Belgium	Flanders	Antwerp Province	Arrondissement of Antwerp				Flanders Research Institute for Agriculture, Fisheries and Food (ILVO)	Ralstonia solanacearum					PRJNA1217603	SRP560844	SAMN46495421	SRS23946332	2025-07-16	2025-06-01	RAL_AA1365AA	Assembled	406.8	5.2	110631	5247140	Ralstonia solanacearum;100.0%	133	681	RAL_AA1393AA_AS
RAL_AA1366AA	GBBC 583	SRR32183869;ILLUMINA;Paired;;SRX27529025;SRA	Environment	Plant	Solanum dulcamara	1996				Europe	Belgium	Flanders	Antwerp Province	Arrondissement Turnhout				Flanders Research Institute for Agriculture, Fisheries and Food (ILVO)	Ralstonia solanacearum					PRJNA1217603	SRP560844	SAMN46495420	SRS23946331	2025-07-16	2025-06-01	RAL_AA1366AA	Assembled	467	5.2	110631	5255262	Ralstonia solanacearum;100.0%	132	501	RAL_AA1394AA_AS
RAL_AA1367AA	GBBC 1287	SRR32183870;ILLUMINA;Paired;;SRX27529024;SRA	Environment	Water/River	river water	2006												Flanders Research Institute for Agriculture, Fisheries and Food (ILVO)	Ralstonia solanacearum					PRJNA1217603	SRP560844	SAMN46495393	SRS23946329	2025-07-16	2025-06-01	RAL_AA1367AA	Assembled	642.5	5.2	110631	5254801	Ralstonia solanacearum;100.0%	133	577	RAL_AA1395AA_AS
RAL_AA1368AA	GBBC 569	SRR32183871;ILLUMINA;Paired;;SRX27529023;SRA	Environment	Plant	Solanum dulcamara	1995				Europe	Belgium	Flanders	Limburg Province	Arrondissement of Maaseik				Flanders Research Institute for Agriculture, Fisheries and Food (ILVO)	Ralstonia solanacearum					PRJNA1217603	SRP560844	SAMN46495419	SRS23946330	2025-07-16	2025-06-01	RAL_AA1368AA	Assembled	360.1	5.2	110632	5255301	Ralstonia solanacearum;100.0%	133	413	RAL_AA1396AA_AS
RAL_AA1369AA	GBBC 564	SRR32183872;ILLUMINA;Paired;;SRX27529022;SRA	Environment	Plant	Solanum dulcamara	1995				Europe	Belgium	Flanders	Limburg Province	Arrondissement of Maaseik				Flanders Research Institute for Agriculture, Fisheries and Food (ILVO)	Ralstonia solanacearum					PRJNA1217603	SRP560844	SAMN46495418	SRS23946328	2025-07-16	2025-06-01	RAL_AA1369AA	Assembled	550	5.2	110631	5254895	Ralstonia solanacearum;100.0%	134	325	RAL_AA1397AA_AS
RAL_AA1370AA	GBBC 563	SRR32183873;ILLUMINA;Paired;;SRX27529021;SRA	Environment	Plant	Solanum dulcamara	1995												Flanders Research Institute for Agriculture, Fisheries and Food (ILVO)	Ralstonia solanacearum					PRJNA1217603	SRP560844	SAMN46495417	SRS23946327	2025-07-16	2025-06-01	RAL_AA1370AA	Assembled	473.6	5.2	110631	5254032	Ralstonia solanacearum;100.0%	129	333	RAL_AA1398AA_AS
RAL_AA1371AA	GBBC 539	SRR32183874;ILLUMINA;Paired;;SRX27529020;SRA	Environment	Plant	Solanum tuberosum cv. Bintje; field	1994				Europe	Belgium	Flanders	Antwerp Province	Arrondissement Turnhout				Flanders Research Institute for Agriculture, Fisheries and Food (ILVO)	Ralstonia solanacearum					PRJNA1217603	SRP560844	SAMN46495416	SRS23946325	2025-07-16	2025-06-01	RAL_AA1371AA	Assembled	428.2	5.2	110631	5244072	Ralstonia solanacearum;100.0%	131	385	RAL_AA1399AA_AS
RAL_AA1372AA	GBBC 522	SRR32183875;ILLUMINA;Paired;;SRX27529019;SRA	Environment	Plant	Solanum tuberosum cv. Russet Burbank; field	1993												Flanders Research Institute for Agriculture, Fisheries and Food (ILVO)	Ralstonia solanacearum					PRJNA1217603	SRP560844	SAMN46495415	SRS23946326	2025-07-16	2025-06-01	RAL_AA1372AA	Assembled	416.5	5.2	110631	5247221	Ralstonia solanacearum;100.0%	132	251	RAL_AA1400AA_AS
RAL_AA1373AA	GBBC 519	SRR32183876;ILLUMINA;Paired;;SRX27529018;SRA	Environment	Plant	Solanum tuberosum cv. Russet Burbank; field	1992				Europe	Belgium	Flanders	Antwerp Province	Arrondissement Turnhout				Flanders Research Institute for Agriculture, Fisheries and Food (ILVO)	Ralstonia solanacearum					PRJNA1217603	SRP560844	SAMN46495414	SRS23946324	2025-07-16	2025-06-01	RAL_AA1373AA	Assembled	354.4	5.2	110632	5246953	Ralstonia solanacearum;100.0%	133	271	RAL_AA1401AA_AS
RAL_AA1374AA	GBBC 516	SRR32183877;ILLUMINA;Paired;;SRX27529017;SRA	Environment	Plant	Solanum tuberosum cv. Bintje; field	1992				Europe	Belgium	Flanders	Antwerp Province	Arrondissement Turnhout				Flanders Research Institute for Agriculture, Fisheries and Food (ILVO)	Ralstonia solanacearum					PRJNA1217603	SRP560844	SAMN46495413	SRS23946322	2025-07-16	2025-06-01	RAL_AA1374AA	Assembled	276.8	5.2	110340	5247105	Ralstonia solanacearum;100.0%	133	915	RAL_AA1402AA_AS
RAL_AA1375AA	GBBC 515	SRR32183878;ILLUMINA;Paired;;SRX27529016;SRA	Environment	Plant	Solanum tuberosum cv. Saturna; field	1992				Europe	Belgium	Flanders	Antwerp Province	Arrondissement Turnhout				Flanders Research Institute for Agriculture, Fisheries and Food (ILVO)	Ralstonia solanacearum					PRJNA1217603	SRP560844	SAMN46495412	SRS23946323	2025-07-16	2025-06-01	RAL_AA1375AA	Assembled	276.6	5.2	110632	5246713	Ralstonia solanacearum;100.0%	133	536	RAL_AA1403AA_AS
RAL_AA1376AA	GBBC 514	SRR32183879;ILLUMINA;Paired;;SRX27529015;SRA	Environment	Plant	Solanum tuberosum cv. Russet Burbank; field	1992				Europe	Belgium	Flanders	Antwerp Province	Arrondissement Turnhout				Flanders Research Institute for Agriculture, Fisheries and Food (ILVO)	Ralstonia solanacearum					PRJNA1217603	SRP560844	SAMN46495411	SRS23946321	2025-07-16	2025-06-01	RAL_AA1376AA	Assembled	454.2	5.2	110631	5246693	Ralstonia solanacearum;100.0%	131	448	RAL_AA1404AA_AS
RAL_AA1377AA	GBBC 513	SRR32183880;ILLUMINA;Paired;;SRX27529014;SRA	Environment	Plant	Solanum tuberosum cv. Russet Burbank; field	1992				Europe	Belgium	Flanders	Antwerp Province	Arrondissement Turnhout				Flanders Research Institute for Agriculture, Fisheries and Food (ILVO)	Ralstonia solanacearum					PRJNA1217603	SRP560844	SAMN46495410	SRS23946320	2025-07-16	2025-06-01	RAL_AA1377AA	Assembled	422.6	5.2	101496	5247111	Ralstonia solanacearum;100.0%	133	680	RAL_AA1405AA_AS
RAL_AA1378AA	GBBC 1241	SRR32183881;ILLUMINA;Paired;;SRX27529013;SRA	Environment	Water/River	river water	2005				Europe	Belgium	Flanders	Antwerp Province	Arrondissement of Antwerp				Flanders Research Institute for Agriculture, Fisheries and Food (ILVO)	Ralstonia solanacearum					PRJNA1217603	SRP560844	SAMN46495392	SRS23946319	2025-07-16	2025-06-01	RAL_AA1378AA	Assembled	244.2	5.2	110339	5258840	Ralstonia solanacearum;99.81%	134	1190	RAL_AA1406AA_AS
RAL_AA1379AA	GBBC 507	SRR32183882;ILLUMINA;Paired;;SRX27529012;SRA	Environment	Plant	Solanum tuberosum cv. Bintje; field	1989				Europe	Belgium	Flanders	Antwerp Province	Arrondissement Turnhout				Flanders Research Institute for Agriculture, Fisheries and Food (ILVO)	Ralstonia solanacearum					PRJNA1217603	SRP560844	SAMN46495409	SRS23946317	2025-07-16	2025-06-01	RAL_AA1379AA	Assembled	336.6	5.2	110631	5247127	Ralstonia solanacearum;100.0%	133	421	RAL_AA1407AA_AS
RAL_AA1380AA	GBBC 505	SRR32183883;ILLUMINA;Paired;;SRX27529011;SRA	Environment	Plant	Solanum tuberosum cv. Bintje; field	1989				Europe	Belgium	Flanders	Limburg Province	Arrondissement of Maaseik				Flanders Research Institute for Agriculture, Fisheries and Food (ILVO)	Ralstonia solanacearum					PRJNA1217603	SRP560844	SAMN46495408	SRS23946318	2025-07-16	2025-06-01	RAL_AA1380AA	Assembled	377.8	5.2	110632	5245905	Ralstonia solanacearum;100.0%	131	272	RAL_AA1408AA_AS
RAL_AA1381AA	GBBC 504	SRR32183884;ILLUMINA;Paired;;SRX27529010;SRA	Environment	Plant	Solanum tuberosum cv. Ottena; field	1989				Europe	Belgium	Flanders	Antwerp Province	Arrondissement Turnhout				Flanders Research Institute for Agriculture, Fisheries and Food (ILVO)	Ralstonia solanacearum					PRJNA1217603	SRP560844	SAMN46495407	SRS23946316	2025-07-16	2025-06-01	RAL_AA1381AA	Assembled	397.2	5.2	110631	5246649	Ralstonia solanacearum;100.0%	132	367	RAL_AA1409AA_AS
RAL_AA1382AA	GBBC 502	SRR32183885;ILLUMINA;Paired;;SRX27529009;SRA	Environment	Plant	Solanum tuberosum cv. Bintje; field	1989				Europe	Belgium	Flanders	Antwerp Province	Arrondissement Turnhout				Flanders Research Institute for Agriculture, Fisheries and Food (ILVO)	Ralstonia solanacearum					PRJNA1217603	SRP560844	SAMN46495406	SRS23946315	2025-07-16	2025-06-01	RAL_AA1382AA	Assembled	430.5	5.2	110631	5247131	Ralstonia solanacearum;100.0%	133	396	RAL_AA1410AA_AS
RAL_AA1383AA	GBBC 3519	SRR32183886;ILLUMINA;Paired;;SRX27529008;SRA	Environment	Water/River	river water	2023				Europe	Belgium	Flanders	Antwerp Province	Arrondissement of Antwerp				Flanders Research Institute for Agriculture, Fisheries and Food (ILVO)	Ralstonia solanacearum					PRJNA1217603	SRP560844	SAMN46495405	SRS23946314	2025-07-16	2025-06-01	RAL_AA1383AA	Assembled	475	5.2	110631	5255420	Ralstonia solanacearum;100.0%	135	385	RAL_AA1411AA_AS
RAL_AA1384AA	GBBC 3416	SRR32183887;ILLUMINA;Paired;;SRX27529007;SRA	Environment	Water/River	river water	2021				Europe	Belgium	Flanders	Antwerp Province	Arrondissement of Mechelen				Flanders Research Institute for Agriculture, Fisheries and Food (ILVO)	Ralstonia solanacearum					PRJNA1217603	SRP560844	SAMN46495404	SRS23946312	2025-07-16	2025-06-01	RAL_AA1384AA	Assembled	492.3	5.2	110342	5255123	Ralstonia solanacearum;100.0%	132	467	RAL_AA1412AA_AS
RAL_AA1385AA	GBBC 3363	SRR32183888;ILLUMINA;Paired;;SRX27529006;SRA	Environment	Plant	Solanum lycopersicum cv. Belido; Greenhouse	2020				Europe	Belgium	Flanders	Antwerp Province	Arrondissement of Mechelen				Flanders Research Institute for Agriculture, Fisheries and Food (ILVO)	Ralstonia solanacearum					PRJNA1217603	SRP560844	SAMN46495403	SRS23946313	2025-07-16	2025-06-01	RAL_AA1385AA	Assembled	386.5	5.2	110637	5254475	Ralstonia solanacearum;100.0%	131	411	RAL_AA1413AA_AS
RAL_AA1386AA	GBBC 3362	SRR32183889;ILLUMINA;Paired;;SRX27529005;SRA	Environment	Plant	Solanum lycopersicum cv. 16819; Greenhouse	2020				Europe	Belgium	Flanders	Antwerp Province	Arrondissement of Mechelen				Flanders Research Institute for Agriculture, Fisheries and Food (ILVO)	Ralstonia solanacearum					PRJNA1217603	SRP560844	SAMN46495402	SRS23946310	2025-07-16	2025-06-01	RAL_AA1386AA	Assembled	417.9	5.2	110637	5254246	Ralstonia solanacearum;100.0%	132	497	RAL_AA1414AA_AS
RAL_AA1387AA	GBBC 3360	SRR32183890;ILLUMINA;Paired;;SRX27529004;SRA	Environment	Plant	Solanum lycopersicum cv. Brioso; Greenhouse	2020				Europe	Belgium	Flanders	Antwerp Province	Arrondissement of Mechelen				Flanders Research Institute for Agriculture, Fisheries and Food (ILVO)	Ralstonia solanacearum					PRJNA1217603	SRP560844	SAMN46495401	SRS23946311	2025-07-16	2025-06-01	RAL_AA1387AA	Assembled	456.4	5.2	110638	5254865	Ralstonia solanacearum;100.0%	131	327	RAL_AA1415AA_AS
RAL_AA1388AA	GBBC 3335	SRR32183891;ILLUMINA;Paired;;SRX27529003;SRA	Environment	Plant	Solanum dulcamara	2019				Europe	Belgium	Flanders	Limburg Province	Arrondissement of Maaseik				Flanders Research Institute for Agriculture, Fisheries and Food (ILVO)	Ralstonia solanacearum					PRJNA1217603	SRP560844	SAMN46495400	SRS23946308	2025-07-16	2025-06-01	RAL_AA1388AA	Assembled	419.5	5.2	110630	5244311	Ralstonia solanacearum;100.0%	134	337	RAL_AA1416AA_AS
RAL_AA1389AA	GBBC 1240	SRR32183892;ILLUMINA;Paired;;SRX27529002;SRA	Environment	Water/River	river water	2005				Europe	Belgium	Flanders	Antwerp Province	Arrondissement of Antwerp				Flanders Research Institute for Agriculture, Fisheries and Food (ILVO)	Ralstonia solanacearum					PRJNA1217603	SRP560844	SAMN46495391	SRS23946309	2025-07-16	2025-06-01	RAL_AA1389AA	Assembled	238	5.2	110630	5255041	Ralstonia solanacearum;100.0%	133	259	RAL_AA1417AA_AS
RAL_AA1390AA	GBBC 1091	SRR32183893;ILLUMINA;Paired;;SRX27529001;SRA	Environment	Plant	Solanum dulcamara	2011				Europe	Belgium	Flanders	Limburg Province	Arrondissement of Maaseik				Flanders Research Institute for Agriculture, Fisheries and Food (ILVO)	Ralstonia solanacearum					PRJNA1217603	SRP560844	SAMN46495390	SRS23946307	2025-07-16	2025-06-01	RAL_AA1390AA	Assembled	242.6	5.2	110631	5243874	Ralstonia solanacearum;100.0%	132	407	RAL_AA1418AA_AS
RAL_AA1391AA	RUN0802	SRR31675538;ILLUMINA;Paired;;SRX27038247;SRA	Environment	Soil/Dust	soil_banana_fallow	2007				North America	Martinique	Martinique	Martinique	Arrondissement de La Trinité				Max Planck Institute for Biology Tuebingen	Ralstonia solanacearum					PRJNA1196686	SRP550707	SAMN45624344	SRS23501483	2025-07-16	2025-06-01	RAL_AA1391AA	Assembled	68	5.2	103931	5563429	Ralstonia solanacearum;99.06%	133	5770	RAL_AA1419AA_AS
RAL_AA1392AA	RUN0801	SRR31675539;ILLUMINA;Paired;;SRX27038246;SRA	Environment	Plant	Citrullus lanatus	2002				North America	Martinique	Martinique	Martinique	Arrondissement de La Trinité				Max Planck Institute for Biology Tuebingen	Ralstonia solanacearum					PRJNA1196686	SRP550707	SAMN45624343	SRS23501482	2025-07-16	2025-06-01	RAL_AA1392AA	Assembled	158.2	5.2	101510	5562129	Ralstonia solanacearum;99.07%	133	4770	RAL_AA1793AA_AS
RAL_AA1393AA	RUN0276	SRR31675540;ILLUMINA;Paired;;SRX27038245;SRA	Environment	Plant	Cucurbita moschata	2002				North America	Martinique	Martinique	Martinique	Arrondissement du Marin				Max Planck Institute for Biology Tuebingen	Ralstonia solanacearum					PRJNA1196686	SRP550707	SAMN45624208	SRS23501480	2025-07-16	2025-06-01	RAL_AA1393AA	Assembled	72.5	5.2	111629	5564449	Ralstonia solanacearum;99.06%	118	11094	RAL_AA1421AA_AS
RAL_AA1394AA	RUN0799	SRR31675542;ILLUMINA;Paired;;SRX27038243;SRA	Environment	Soil/Dust	soil_banana_fallow	2007				North America	Martinique	Martinique	Martinique	Arrondissement de La Trinité				Max Planck Institute for Biology Tuebingen	Ralstonia solanacearum					PRJNA1196686	SRP550707	SAMN45624341	SRS23501481	2025-07-16	2025-06-01	RAL_AA1394AA	Assembled	128.9	5.2	116675	5560999	Ralstonia solanacearum;99.07%	132	6053	RAL_AA1422AA_AS
RAL_AA1395AA	RUN0797	SRR31675544;ILLUMINA;Paired;;SRX27038241;SRA	Environment	Plant	Anthurium andreanum	2002				North America	Martinique	Martinique	Martinique	Arrondissement de La Trinité				Max Planck Institute for Biology Tuebingen	Ralstonia solanacearum					PRJNA1196686	SRP550707	SAMN45624339	SRS23501479	2025-07-16	2025-06-01	RAL_AA1395AA	Assembled	53.7	5.2	39861	5479301	Ralstonia solanacearum;98.86%	298	13844	RAL_AA1423AA_AS
RAL_AA1396AA	RUN0795	SRR31675546;ILLUMINA;Paired;;SRX27038239;SRA	Environment	Plant	Anthurium andreanum	2002				North America	Martinique	Martinique	Martinique	Arrondissement de La Trinité				Max Planck Institute for Biology Tuebingen	Ralstonia solanacearum					PRJNA1196686	SRP550707	SAMN45624337	SRS23501475	2025-07-16	2025-06-01	RAL_AA1396AA	Assembled	61.8	5.2	56872	5559560	Ralstonia solanacearum;99.07%	247	18676	RAL_AA1424AA_AS
RAL_AA1397AA	RUN2223	SRR31675547;ILLUMINA;Paired;;SRX27038238;SRA	Environment	Plant	Solanum lycopersicum	2012				South America	French Guiana	Guyane	Guyane	Arrondissement de Cayenne		4.569056	-52.454167	Max Planck Institute for Biology Tuebingen	Ralstonia solanacearum					PRJNA1196686	SRP550707	SAMN45624661	SRS23501474	2025-07-16	2025-06-01	RAL_AA1397AA	Assembled	96.9	5.2	60617	5466402	Ralstonia solanacearum;99.43%	197	9343	RAL_AA1425AA_AS
RAL_AA1398AA	RUN2221	SRR31675548;ILLUMINA;Paired;;SRX27038237;SRA	Environment	Plant	Solanum lycopersicum	2012				South America	French Guiana	Guyane	Guyane	Arrondissement de Cayenne		4.569333	-52.453833	Max Planck Institute for Biology Tuebingen	Ralstonia solanacearum					PRJNA1196686	SRP550707	SAMN45624660	SRS23501473	2025-07-16	2025-06-01	RAL_AA1398AA	Assembled	142.3	5.2	102873	5531282	Ralstonia solanacearum;99.64%	121	6809	RAL_AA1426AA_AS
RAL_AA1399AA	RUN2220	SRR31675549;ILLUMINA;Paired;;SRX27038236;SRA	Environment	Plant	Solanum lycopersicum	2012				South America	French Guiana	Guyane	Guyane	Arrondissement de Cayenne		4.568861	-52.454083	Max Planck Institute for Biology Tuebingen	Ralstonia solanacearum					PRJNA1196686	SRP550707	SAMN45624659	SRS23501472	2025-07-16	2025-06-01	RAL_AA1399AA	Assembled	124.3	5.2	94170	5571815	Ralstonia solanacearum;99.62%	154	3775	RAL_AA1427AA_AS
RAL_AA1400AA	RUN2219	SRR31675550;ILLUMINA;Paired;;SRX27038235;SRA	Environment	Plant	Solanum lycopersicum	2012				South America	French Guiana	Guyane	Guyane	Arrondissement de Cayenne		4.568972	-52.45425	Max Planck Institute for Biology Tuebingen	Ralstonia solanacearum					PRJNA1196686	SRP550707	SAMN45624658	SRS23501471	2025-07-16	2025-06-01	RAL_AA1400AA	Assembled	74.1	5.2	75786	5469792	Ralstonia solanacearum;99.62%	181	7618	RAL_AA1428AA_AS
RAL_AA1401AA	RUN2218	SRR31675551;ILLUMINA;Paired;;SRX27038234;SRA	Environment	Plant	Solanum lycopersicum	2012				South America	French Guiana	Guyane	Guyane	Arrondissement de Cayenne		4.568861	-52.454083	Max Planck Institute for Biology Tuebingen	Ralstonia solanacearum					PRJNA1196686	SRP550707	SAMN45624657	SRS23501469	2025-07-16	2025-06-01	RAL_AA1401AA	Assembled	79.5	5.2	66590	5570100	Ralstonia solanacearum;99.43%	193	7690	RAL_AA1429AA_AS
RAL_AA1402AA	RUN2216	SRR31675552;ILLUMINA;Paired;;SRX27038233;SRA	Environment	Plant	Solanum lycopersicum	2012				South America	French Guiana	Guyane	Guyane	Arrondissement de Cayenne		4.568806	-52.454139	Max Planck Institute for Biology Tuebingen	Ralstonia solanacearum					PRJNA1196686	SRP550707	SAMN45624656	SRS23501470	2025-07-16	2025-06-01	RAL_AA1402AA	Assembled	58.1	5.2	60133	5563451	Ralstonia solanacearum;99.62%	228	13203	RAL_AA1430AA_AS
RAL_AA1403AA	RUN2215	SRR31675553;ILLUMINA;Paired;;SRX27038232;SRA	Environment	Plant	Solanum lycopersicum	2012				South America	French Guiana	Guyane	Guyane	Arrondissement de Cayenne		4.568861	-52.454389	Max Planck Institute for Biology Tuebingen	Ralstonia solanacearum					PRJNA1196686	SRP550707	SAMN45624655	SRS23501468	2025-07-16	2025-06-01	RAL_AA1403AA	Assembled	80.8	5.2	66584	5618218	Ralstonia solanacearum;99.45%	210	8760	RAL_AA1431AA_AS
RAL_AA1404AA	RUN2214	SRR31675554;ILLUMINA;Paired;;SRX27038231;SRA	Environment	Plant	Solanum lycopersicum	2012				South America	French Guiana	Guyane	Guyane	Arrondissement de Cayenne		4.568861	-52.454389	Max Planck Institute for Biology Tuebingen	Ralstonia solanacearum					PRJNA1196686	SRP550707	SAMN45624654	SRS23501467	2025-07-16	2025-06-01	RAL_AA1404AA	Assembled	137.8	5.2	87893	5571999	Ralstonia solanacearum;99.64%	176	5539	RAL_AA1432AA_AS
RAL_AA1405AA	RUN2213	SRR31675555;ILLUMINA;Paired;;SRX27038230;SRA	Environment	Plant	Solanum lycopersicum	2012				South America	French Guiana	Guyane	Guyane	Arrondissement de Cayenne		4.568861	-52.454389	Max Planck Institute for Biology Tuebingen	Ralstonia solanacearum					PRJNA1196686	SRP550707	SAMN45624653	SRS23501466	2025-07-16	2025-06-01	RAL_AA1405AA	Assembled	118.9	5.2	72654	5573020	Ralstonia solanacearum;99.44%	171	5294	RAL_AA1433AA_AS
RAL_AA1406AA	RUN0434	SRR31675556;ILLUMINA;Paired;;SRX27038229;SRA	Environment	Water/River	water_irrigation	2006				South America	French Guiana	Guyane	Guyane	Arrondissement de Cayenne				Max Planck Institute for Biology Tuebingen	Ralstonia solanacearum					PRJNA1196686	SRP550707	SAMN45624239	SRS23501465	2025-07-16	2025-06-01	RAL_AA1406AA	Assembled	159.8	5.2	120775	5512788	Ralstonia solanacearum;99.05%	124	7301	RAL_AA1434AA_AS
RAL_AA1407AA	RUN2212	SRR31675557;ILLUMINA;Paired;;SRX27038228;SRA	Environment	Plant	Solanum lycopersicum	2012				South America	French Guiana	Guyane	Guyane	Arrondissement de Cayenne		4.568806	-52.454333	Max Planck Institute for Biology Tuebingen	Ralstonia solanacearum					PRJNA1196686	SRP550707	SAMN45624652	SRS23501464	2025-07-16	2025-06-01	RAL_AA1407AA	Assembled	174.6	5.2	79148	5572415	Ralstonia solanacearum;99.62%	159	5392	RAL_AA1435AA_AS
RAL_AA1408AA	RUN2211	SRR31675558;ILLUMINA;Paired;;SRX27038227;SRA	Environment	Plant	Solanum lycopersicum	2012				South America	French Guiana	Guyane	Guyane	Arrondissement de Cayenne		4.568972	-52.45425	Max Planck Institute for Biology Tuebingen	Ralstonia solanacearum					PRJNA1196686	SRP550707	SAMN45624651	SRS23501462	2025-07-16	2025-06-01	RAL_AA1408AA	Assembled	135.3	5.2	76710	5573451	Ralstonia solanacearum;99.62%	165	4638	RAL_AA1436AA_AS
RAL_AA1409AA	RUN2210	SRR31675559;ILLUMINA;Paired;;SRX27038226;SRA	Environment	Plant	Solanum lycopersicum	2012				South America	French Guiana	Guyane	Guyane	Arrondissement de Cayenne		4.569222	-52.454056	Max Planck Institute for Biology Tuebingen	Ralstonia solanacearum					PRJNA1196686	SRP550707	SAMN45624650	SRS23501463	2025-07-16	2025-06-01	RAL_AA1409AA	Assembled	154.1	5.2	89355	5572374	Ralstonia solanacearum;99.45%	163	5362	RAL_AA1437AA_AS
RAL_AA1410AA	RUN2209	SRR31675560;ILLUMINA;Paired;;SRX27038225;SRA	Environment	Plant	Solanum lycopersicum	2012				South America	French Guiana	Guyane	Guyane	Arrondissement de Cayenne		4.56875	-52.454028	Max Planck Institute for Biology Tuebingen	Ralstonia solanacearum					PRJNA1196686	SRP550707	SAMN45624649	SRS23501461	2025-07-16	2025-06-01	RAL_AA1410AA	Assembled	77.3	5.2	64387	5567072	Ralstonia solanacearum;99.62%	218	12569	RAL_AA1438AA_AS
RAL_AA1411AA	RUN2207	SRR31675561;ILLUMINA;Paired;;SRX27038224;SRA	Environment	Plant	Solanum lycopersicum	2012				South America	French Guiana	Guyane	Guyane	Arrondissement de Cayenne		4.568972	-52.45425	Max Planck Institute for Biology Tuebingen	Ralstonia solanacearum					PRJNA1196686	SRP550707	SAMN45624648	SRS23501460	2025-07-16	2025-06-01	RAL_AA1411AA	Assembled	122.4	5.2	66643	5572164	Ralstonia solanacearum;99.45%	191	7218	RAL_AA1439AA_AS
RAL_AA1412AA	RUN2206	SRR31675562;ILLUMINA;Paired;;SRX27038223;SRA	Environment	Plant	Solanum lycopersicum	2012				South America	French Guiana	Guyane	Guyane	Arrondissement de Cayenne		5.315444	-52.930222	Max Planck Institute for Biology Tuebingen	Ralstonia solanacearum					PRJNA1196686	SRP550707	SAMN45624647	SRS23501459	2025-07-16	2025-06-01	RAL_AA1412AA	Assembled	113.1	5.2	98128	5859152	Ralstonia solanacearum;99.14%	236	8225	RAL_AA1440AA_AS
RAL_AA1413AA	RUN2205	SRR31675563;ILLUMINA;Paired;;SRX27038222;SRA	Environment	Plant	Solanum lycopersicum	2012				South America	French Guiana	Guyane	Guyane	Arrondissement de Cayenne		5.315444	-52.930222	Max Planck Institute for Biology Tuebingen	Ralstonia solanacearum					PRJNA1196686	SRP550707	SAMN45624646	SRS23501458	2025-07-16	2025-06-01	RAL_AA1413AA	Assembled	78	5.2	96014	5811695	Ralstonia solanacearum;99.13%	216	9780	RAL_AA1441AA_AS
RAL_AA1414AA	RUN2204	SRR31675564;ILLUMINA;Paired;;SRX27038221;SRA	Environment	Plant	Solanum lycopersicum	2012				South America	French Guiana	Guyane	Guyane	Arrondissement de Cayenne		5.315444	-52.930222	Max Planck Institute for Biology Tuebingen	Ralstonia solanacearum					PRJNA1196686	SRP550707	SAMN45624645	SRS23501457	2025-07-16	2025-06-01	RAL_AA1414AA	Assembled	107.9	5.2	115201	5813867	Ralstonia solanacearum;99.13%	201	6572	RAL_AA1442AA_AS
RAL_AA1415AA	RUN2203	SRR31675565;ILLUMINA;Paired;;SRX27038220;SRA	Environment	Plant	Solanum lycopersicum	2012				South America	French Guiana	Guyane	Guyane	Arrondissement de Cayenne		5.315222	-52.92975	Max Planck Institute for Biology Tuebingen	Ralstonia solanacearum					PRJNA1196686	SRP550707	SAMN45624644	SRS23501456	2025-07-16	2025-06-01	RAL_AA1415AA	Assembled	101.7	5.2	113075	5991832	Ralstonia solanacearum;98.66%	216	8219	RAL_AA1443AA_AS
RAL_AA1416AA	RUN2202	SRR31675566;ILLUMINA;Paired;;SRX27038219;SRA	Environment	Plant	Solanum lycopersicum	2012				South America	French Guiana	Guyane	Guyane	Arrondissement de Cayenne		5.31575	-52.929111	Max Planck Institute for Biology Tuebingen	Ralstonia solanacearum					PRJNA1196686	SRP550707	SAMN45624643	SRS23501454	2025-07-16	2025-06-01	RAL_AA1416AA	Assembled	90.9	5.2	108029	5902954	Ralstonia solanacearum;98.98%	216	9117	RAL_AA1444AA_AS
RAL_AA1417AA	RUN0433	SRR31675567;ILLUMINA;Paired;;SRX27038218;SRA	Environment	Water/River	water_irrigation	2006				South America	French Guiana	Guyane	Guyane	Arrondissement de Cayenne				Max Planck Institute for Biology Tuebingen	Ralstonia solanacearum					PRJNA1196686	SRP550707	SAMN45624238	SRS23501455	2025-07-16	2025-06-01	RAL_AA1417AA	Assembled	96.8	5.2	93950	5570437	Ralstonia solanacearum;99.06%	154	11147	RAL_AA1445AA_AS
RAL_AA1418AA	RUN2201	SRR31675568;ILLUMINA;Paired;;SRX27038217;SRA	Environment	Plant	Solanum lycopersicum	2012				South America	French Guiana	Guyane	Guyane	Arrondissement de Cayenne		5.314611	-52.929694	Max Planck Institute for Biology Tuebingen	Ralstonia solanacearum					PRJNA1196686	SRP550707	SAMN45624642	SRS23501453	2025-07-16	2025-06-01	RAL_AA1418AA	Assembled	128.7	5.2	118464	5994054	Ralstonia solanacearum;98.49%	200	7741	RAL_AA1446AA_AS
RAL_AA1419AA	RUN2200	SRR31675569;ILLUMINA;Paired;;SRX27038216;SRA	Environment	Plant	Solanum lycopersicum	2012				South America	French Guiana	Guyane	Guyane	Arrondissement de Cayenne		5.314972	-52.930194	Max Planck Institute for Biology Tuebingen	Ralstonia solanacearum					PRJNA1196686	SRP550707	SAMN45624641	SRS23501451	2025-07-16	2025-06-01	RAL_AA1419AA	Assembled	87.1	5.2	105573	5813634	Ralstonia solanacearum;99.31%	219	8865	RAL_AA1447AA_AS
RAL_AA1420AA	RUN2199	SRR31675570;ILLUMINA;Paired;;SRX27038215;SRA	Environment	Plant	Solanum lycopersicum	2012				South America	French Guiana	Guyane	Guyane	Arrondissement de Cayenne		5.315222	-52.930028	Max Planck Institute for Biology Tuebingen	Ralstonia solanacearum					PRJNA1196686	SRP550707	SAMN45624640	SRS23501452	2025-07-16	2025-06-01	RAL_AA1420AA	Assembled	85.8	5.2	95545	5894579	Ralstonia solanacearum;98.96%	207	9183	RAL_AA1448AA_AS
RAL_AA1421AA	RUN0358	SRR31675573;ILLUMINA;Paired;;SRX27038212;SRA	Environment	Plant	Anthurium andreanum	2002				North America	Martinique	Martinique	Martinique	Arrondissement de Fort-de-France				Max Planck Institute for Biology Tuebingen	Ralstonia solanacearum					PRJNA1196686	SRP550707	SAMN45624231	SRS23501449	2025-07-16	2025-06-01	RAL_AA1421AA	Assembled	130.6	5.2	89738	5565140	Ralstonia solanacearum;99.06%	162	11307	RAL_AA1449AA_AS
RAL_AA1422AA	RUN1970	SRR31675574;ILLUMINA;Paired;;SRX27038211;SRA	Environment	Plant	Capsicum annuum	2011				South America	French Guiana	Guyane	Guyane	Arrondissement de Saint-Laurent-du-Maroni				Max Planck Institute for Biology Tuebingen	Ralstonia solanacearum					PRJNA1196686	SRP550707	SAMN45624572	SRS23501447	2025-07-16	2025-06-01	RAL_AA1422AA	Assembled	60.2	5.2	31884	5535263	Ralstonia solanacearum;99.12%	358	37064	RAL_AA1450AA_AS
RAL_AA1423AA	RUN1969	SRR31675575;ILLUMINA;Paired;;SRX27038210;SRA	Environment	Plant	Solanum lycopersicum	2011				South America	French Guiana	Guyane	Guyane	Arrondissement de Cayenne				Max Planck Institute for Biology Tuebingen	Ralstonia solanacearum					PRJNA1196686	SRP550707	SAMN45624571	SRS23501445	2025-07-16	2025-06-01	RAL_AA1423AA	Assembled	90	5.2	38533	5743654	Ralstonia solanacearum;97.76%	329	27972	RAL_AA1451AA_AS
RAL_AA1424AA	RUN1968	SRR31675576;ILLUMINA;Paired;;SRX27038209;SRA	Environment	Plant	Solanum melongena	2011				South America	French Guiana					5.0403	-52.61971	Max Planck Institute for Biology Tuebingen	Ralstonia solanacearum					PRJNA1196686	SRP550707	SAMN45624570	SRS23501446	2025-07-16	2025-06-01	RAL_AA1424AA	Assembled	115.8	5.2	57235	5578456	Ralstonia solanacearum;99.06%	207	13510	RAL_AA1452AA_AS
RAL_AA1425AA	RUN1967	SRR31675577;ILLUMINA;Paired;;SRX27038208;SRA	Environment	Plant	Solanum melongena	2011				South America	French Guiana					5.0403	-52.61971	Max Planck Institute for Biology Tuebingen	Ralstonia solanacearum					PRJNA1196686	SRP550707	SAMN45624569	SRS23501444	2025-07-16	2025-06-01	RAL_AA1425AA	Assembled	117.2	5.2	43933	5549868	Ralstonia solanacearum;99.25%	248	19167	RAL_AA1453AA_AS
RAL_AA1426AA	RUN1966	SRR31675578;ILLUMINA;Paired;;SRX27038207;SRA	Environment	Plant	Solanum melongena	2011				South America	French Guiana					5.0403	-52.61971	Max Planck Institute for Biology Tuebingen	Ralstonia solanacearum					PRJNA1196686	SRP550707	SAMN45624568	SRS23501443	2025-07-16	2025-06-01	RAL_AA1426AA	Assembled	103.9	5.2	50295	5550677	Ralstonia solanacearum;99.07%	218	14934	RAL_AA1454AA_AS
RAL_AA1427AA	RUN1965	SRR31675579;ILLUMINA;Paired;;SRX27038206;SRA	Environment	Plant	Solanum lycopersicum	2011				South America	French Guiana	Guyane	Guyane	Arrondissement de Saint-Laurent-du-Maroni				Max Planck Institute for Biology Tuebingen	Ralstonia solanacearum					PRJNA1196686	SRP550707	SAMN45624567	SRS23501441	2025-07-16	2025-06-01	RAL_AA1427AA	Assembled	97.5	5.2	44644	5574034	Ralstonia solanacearum;99.27%	261	19583	RAL_AA1455AA_AS
RAL_AA1428AA	RUN1964	SRR31675580;ILLUMINA;Paired;;SRX27038205;SRA	Environment	Plant	Solanum lycopersicum	2011				South America	French Guiana	Guyane	Guyane	Arrondissement de Saint-Laurent-du-Maroni				Max Planck Institute for Biology Tuebingen	Ralstonia solanacearum					PRJNA1196686	SRP550707	SAMN45624566	SRS23501439	2025-07-16	2025-06-01	RAL_AA1428AA	Assembled	78.2	5.2	47532	5543218	Ralstonia solanacearum;98.87%	257	21645	RAL_AA1456AA_AS
RAL_AA1429AA	RUN1962	SRR31675581;ILLUMINA;Paired;;SRX27038204;SRA	Environment	Plant	Solanum lycopersicum	2011				South America	French Guiana	Guyane	Guyane	Arrondissement de Saint-Laurent-du-Maroni				Max Planck Institute for Biology Tuebingen	Ralstonia solanacearum					PRJNA1196686	SRP550707	SAMN45624565	SRS23501442	2025-07-16	2025-06-01	RAL_AA1429AA	Assembled	42	5.2	43137	5724815	Ralstonia solanacearum;98.95%	327	35771	RAL_AA1457AA_AS
RAL_AA1430AA	RUN1961	SRR31675582;ILLUMINA;Paired;;SRX27038203;SRA	Environment	Plant	Solanum lycopersicum	2011				South America	French Guiana	Guyane	Guyane	Arrondissement de Saint-Laurent-du-Maroni				Max Planck Institute for Biology Tuebingen	Ralstonia solanacearum					PRJNA1196686	SRP550707	SAMN45624564	SRS23501440	2025-07-16	2025-06-01	RAL_AA1430AA	Assembled	98.8	5.2	72827	5731422	Ralstonia solanacearum;98.9%	181	10523	RAL_AA1458AA_AS
RAL_AA1431AA	RUN1960	SRR31675583;ILLUMINA;Paired;;SRX27038202;SRA	Environment	Plant	Solanum lycopersicum	2011				South America	French Guiana	Guyane	Guyane	Arrondissement de Saint-Laurent-du-Maroni				Max Planck Institute for Biology Tuebingen	Ralstonia solanacearum					PRJNA1196686	SRP550707	SAMN45624563	SRS23501438	2025-07-16	2025-06-01	RAL_AA1431AA	Assembled	147.2	5.2	104051	5604955	Ralstonia solanacearum;99.07%	140	7362	RAL_AA1459AA_AS
RAL_AA1432AA	RUN1959	SRR31675585;ILLUMINA;Paired;;SRX27038200;SRA	Environment	Plant	Solanum lycopersicum	2011				South America	French Guiana	Guyane	Guyane	Arrondissement de Saint-Laurent-du-Maroni				Max Planck Institute for Biology Tuebingen	Ralstonia solanacearum					PRJNA1196686	SRP550707	SAMN45624562	SRS23501436	2025-07-16	2025-06-01	RAL_AA1432AA	Assembled	105.6	5.2	111636	5605839	Ralstonia solanacearum;99.08%	112	4630	RAL_AA1460AA_AS
RAL_AA1433AA	RUN1957	SRR31675587;ILLUMINA;Paired;;SRX27038198;SRA	Environment	Plant	Capsicum annuum	2011				South America	French Guiana	Guyane	Guyane	Arrondissement de Cayenne				Max Planck Institute for Biology Tuebingen	Ralstonia solanacearum					PRJNA1196686	SRP550707	SAMN45624560	SRS23501434	2025-07-16	2025-06-01	RAL_AA1433AA	Assembled	95.2	5.2	104238	5558006	Ralstonia solanacearum;99.06%	128	6647	RAL_AA1461AA_AS
RAL_AA1434AA	RUN1956	SRR31675588;ILLUMINA;Paired;;SRX27038197;SRA	Environment	Plant	Capsicum annuum	2011				South America	French Guiana	Guyane	Guyane	Arrondissement de Cayenne				Max Planck Institute for Biology Tuebingen	Ralstonia solanacearum					PRJNA1196686	SRP550707	SAMN45624559	SRS23501433	2025-07-16	2025-06-01	RAL_AA1434AA	Assembled	120.5	5.2	105590	5558652	Ralstonia solanacearum;99.07%	127	5385	RAL_AA1462AA_AS
RAL_AA1435AA	RUN1953	SRR31675591;ILLUMINA;Paired;;SRX27038194;SRA	Environment	Plant	Capsicum annuum	2011				South America	French Guiana	Guyane	Guyane	Arrondissement de Cayenne				Max Planck Institute for Biology Tuebingen	Ralstonia solanacearum					PRJNA1196686	SRP550707	SAMN45624556	SRS23501430	2025-07-16	2025-06-01	RAL_AA1435AA	Assembled	141.9	5.2	113889	5581638	Ralstonia solanacearum;99.07%	125	5010	RAL_AA1463AA_AS
RAL_AA1436AA	RUN1951	SRR31675593;ILLUMINA;Paired;;SRX27038192;SRA	Environment	Plant	Capsicum annuum	2011				South America	French Guiana	Guyane	Guyane	Arrondissement de Cayenne				Max Planck Institute for Biology Tuebingen	Ralstonia solanacearum					PRJNA1196686	SRP550707	SAMN45624554	SRS23501426	2025-07-16	2025-06-01	RAL_AA1436AA	Assembled	138.4	5.2	115352	5584791	Ralstonia solanacearum;99.09%	120	4530	RAL_AA1464AA_AS
RAL_AA1437AA	RUN1188	SRR31675595;ILLUMINA;Paired;;SRX27038190;SRA	Environment	Plant	Solanum lycopersicum	2007				North America	Martinique	Martinique	Martinique	Arrondissement de La Trinité				Max Planck Institute for Biology Tuebingen	Ralstonia solanacearum					PRJNA1196686	SRP550707	SAMN45624488	SRS23501427	2025-07-16	2025-06-01	RAL_AA1437AA	Assembled	52.1	5.2	24515	5515403	Ralstonia solanacearum;99.18%	459	52969	RAL_AA1465AA_AS
RAL_AA1438AA	RUN1175	SRR31675598;ILLUMINA;Paired;;SRX27038187;SRA	Environment	Plant	Physalis angulata	2006				North America	Martinique	Martinique	Martinique	Arrondissement de Fort-de-France				Max Planck Institute for Biology Tuebingen	Ralstonia solanacearum					PRJNA1196686	SRP550707	SAMN45624485	SRS23501425	2025-07-16	2025-06-01	RAL_AA1438AA	Assembled	181.2	5.2	42736	5547530	Ralstonia solanacearum;99.09%	281	22647	RAL_AA1466AA_AS
RAL_AA1439AA	RUN1174	SRR31675599;ILLUMINA;Paired;;SRX27038186;SRA	Environment	Water/River	water	2006				South America	French Guiana	Guyane	Guyane	Arrondissement de Cayenne				Max Planck Institute for Biology Tuebingen	Ralstonia solanacearum					PRJNA1196686	SRP550707	SAMN45624484	SRS23501423	2025-07-16	2025-06-01	RAL_AA1439AA	Assembled	155	5.2	58953	5562226	Ralstonia solanacearum;99.09%	209	14138	RAL_AA1467AA_AS
RAL_AA1440AA	RUN1173	SRR31675600;ILLUMINA;Paired;;SRX27038185;SRA	Environment	Plant	Heliconia rostrata	2006				North America	Martinique	Martinique	Martinique	Arrondissement de La Trinité				Max Planck Institute for Biology Tuebingen	Ralstonia solanacearum					PRJNA1196686	SRP550707	SAMN45624483	SRS23501421	2025-07-16	2025-06-01	RAL_AA1440AA	Assembled	117.1	5.2	47387	5549386	Ralstonia solanacearum;99.27%	254	18820	RAL_AA1468AA_AS
RAL_AA1441AA	RUN0292	SRR31675601;ILLUMINA;Paired;;SRX27038184;SRA	Environment	Plant	Solanum lycopersicum	2003				North America	Martinique	Martinique	Martinique	Arrondissement du Marin				Max Planck Institute for Biology Tuebingen	Ralstonia solanacearum					PRJNA1196686	SRP550707	SAMN45624222	SRS23501418	2025-07-16	2025-06-01	RAL_AA1441AA	Assembled	181.6	5.2	109828	5564037	Ralstonia solanacearum;99.06%	148	10377	RAL_AA1469AA_AS
RAL_AA1442AA	RUN1172	SRR31675602;ILLUMINA;Paired;;SRX27038183;SRA	Environment	Plant	Solanum lycopersicum	2006				North America	Martinique	Martinique	Martinique	Arrondissement de La Trinité				Max Planck Institute for Biology Tuebingen	Ralstonia solanacearum					PRJNA1196686	SRP550707	SAMN45624482	SRS23501420	2025-07-16	2025-06-01	RAL_AA1442AA	Assembled	129.5	5.2	37745	5639872	Ralstonia solanacearum;99.48%	363	20341	RAL_AA1470AA_AS
RAL_AA1443AA	RUN1171	SRR31675603;ILLUMINA;Paired;;SRX27038182;SRA	Environment	Plant	Heliconia rostrata	2006				North America	Martinique	Martinique	Martinique	Arrondissement de La Trinité				Max Planck Institute for Biology Tuebingen	Ralstonia solanacearum					PRJNA1196686	SRP550707	SAMN45624481	SRS23501419	2025-07-16	2025-06-01	RAL_AA1443AA	Assembled	116.4	5.2	49751	5551728	Ralstonia solanacearum;99.08%	233	17209	RAL_AA1471AA_AS
RAL_AA1444AA	RUN1170	SRR31675604;ILLUMINA;Paired;;SRX27038181;SRA	Environment	Plant	Solanum lycopersicum	2006				North America	Martinique	Martinique	Martinique	Arrondissement de La Trinité		14.664711	-61.015307	Max Planck Institute for Biology Tuebingen	Ralstonia solanacearum					PRJNA1196686	SRP550707	SAMN45624480	SRS23501417	2025-07-16	2025-06-01	RAL_AA1444AA	Assembled	29.1	5.2	34418	5473997	Ralstonia solanacearum;98.59%	369	56091	RAL_AA1472AA_AS
RAL_AA1445AA	RUN1169	SRR31675605;ILLUMINA;Paired;;SRX27038180;SRA	Environment	Plant	Solanum lycopersicum	2006				North America	Martinique	Martinique	Martinique	Arrondissement de La Trinité		14.664711	-61.015307	Max Planck Institute for Biology Tuebingen	Ralstonia solanacearum					PRJNA1196686	SRP550707	SAMN45624479	SRS23501416	2025-07-16	2025-06-01	RAL_AA1445AA	Assembled	82.9	5.2	42618	5708516	Ralstonia solanacearum;98.19%	278	20084	RAL_AA1473AA_AS
RAL_AA1446AA	RUN1168	SRR31675606;ILLUMINA;Paired;;SRX27038179;SRA	Environment	Plant	Solanum lycopersicum	2006				North America	Martinique	Martinique	Martinique	Arrondissement de Fort-de-France				Max Planck Institute for Biology Tuebingen	Ralstonia solanacearum					PRJNA1196686	SRP550707	SAMN45624478	SRS23501415	2025-07-16	2025-06-01	RAL_AA1446AA	Assembled	101.4	5.2	35523	5624906	Ralstonia solanacearum;99.46%	350	18616	RAL_AA1474AA_AS
RAL_AA1447AA	RUN1167	SRR31675607;ILLUMINA;Paired;;SRX27038178;SRA	Environment	Plant	Solanum lycopersicum	2002				North America	Martinique	Martinique	Martinique	Arrondissement de Saint-Pierre				Max Planck Institute for Biology Tuebingen	Ralstonia solanacearum					PRJNA1196686	SRP550707	SAMN45624477	SRS23501414	2025-07-16	2025-06-01	RAL_AA1447AA	Assembled	68.7	5.2	41591	5555154	Ralstonia solanacearum;99.1%	304	23709	RAL_AA1475AA_AS
RAL_AA1448AA	RUN1166	SRR31675608;ILLUMINA;Paired;;SRX27038177;SRA	Environment	Plant	Heliconia rostrata	2006				North America	Martinique	Martinique	Martinique	Arrondissement de La Trinité				Max Planck Institute for Biology Tuebingen	Ralstonia solanacearum					PRJNA1196686	SRP550707	SAMN45624476	SRS23501413	2025-07-16	2025-06-01	RAL_AA1448AA	Assembled	107.7	5.2	43950	5553346	Ralstonia solanacearum;99.1%	290	19465	RAL_AA1476AA_AS
RAL_AA1449AA	RUN0291	SRR31675612;ILLUMINA;Paired;;SRX27038173;SRA	Environment	Plant	Citrullus lanatus	2002				North America	Martinique	Martinique	Martinique	Arrondissement de La Trinité				Max Planck Institute for Biology Tuebingen	Ralstonia solanacearum					PRJNA1196686	SRP550707	SAMN45624221	SRS23501409	2025-07-16	2025-06-01	RAL_AA1449AA	Assembled	212.6	5.2	63119	5565285	Ralstonia solanacearum;99.05%	181	12989	RAL_AA1477AA_AS
RAL_AA1450AA	RUN1162	SRR31675613;ILLUMINA;Paired;;SRX27038172;SRA	Environment	Plant	Anthurium andreanum	2003				North America	Martinique	Martinique	Martinique	Arrondissement de Fort-de-France				Max Planck Institute for Biology Tuebingen	Ralstonia solanacearum					PRJNA1196686	SRP550707	SAMN45624472	SRS23501408	2025-07-16	2025-06-01	RAL_AA1450AA	Assembled	61.6	5.2	39404	5509764	Ralstonia solanacearum;98.73%	314	24799	RAL_AA1478AA_AS
RAL_AA1451AA	RUN1160	SRR31675615;ILLUMINA;Paired;;SRX27038170;SRA	Environment	Plant	Solanum lycopersicum	2003				North America	Martinique	Martinique	Martinique	Arrondissement de La Trinité				Max Planck Institute for Biology Tuebingen	Ralstonia solanacearum					PRJNA1196686	SRP550707	SAMN45624470	SRS23501406	2025-07-16	2025-06-01	RAL_AA1451AA	Assembled	55.8	5.2	42167	5554664	Ralstonia solanacearum;99.11%	319	28620	RAL_AA1479AA_AS
RAL_AA1452AA	RUN1157	SRR31675618;ILLUMINA;Paired;;SRX27038167;SRA	Environment	Plant	Anthurium andreanum	2003				North America	Martinique	Martinique	Martinique	Arrondissement de Fort-de-France				Max Planck Institute for Biology Tuebingen	Ralstonia solanacearum					PRJNA1196686	SRP550707	SAMN45624467	SRS23501403	2025-07-16	2025-06-01	RAL_AA1452AA	Assembled	133.2	5.2	53586	5361433	Ralstonia solanacearum;98.86%	207	2292	RAL_AA1480AA_AS
RAL_AA1453AA	RUN1070	SRR31675619;ILLUMINA;Paired;;SRX27038166;SRA	Environment	Plant	Solanum lycopersicum	2002				North America	Martinique	Martinique	Martinique	Arrondissement de La Trinité				Max Planck Institute for Biology Tuebingen	Ralstonia solanacearum					PRJNA1196686	SRP550707	SAMN45624401	SRS23501402	2025-07-16	2025-06-01	RAL_AA1453AA	Assembled	130.9	5.2	96702	5561039	Ralstonia solanacearum;99.06%	145	4716	RAL_AA1481AA_AS
RAL_AA1454AA	RUN1069	SRR31675620;ILLUMINA;Paired;;SRX27038165;SRA	Environment	Plant	Solanum lycopersicum	2002				North America	Martinique	Martinique	Martinique	Arrondissement de La Trinité				Max Planck Institute for Biology Tuebingen	Ralstonia solanacearum					PRJNA1196686	SRP550707	SAMN45624400	SRS23501401	2025-07-16	2025-06-01	RAL_AA1454AA	Assembled	111	5.2	113917	5560666	Ralstonia solanacearum;99.06%	131	4971	RAL_AA1794AA_AS
RAL_AA1457AA	RUN1064	SRR31675625;ILLUMINA;Paired;;SRX27038160;SRA	Environment	Water/River	water_lake_baited_Solanum	2005				North America	Martinique	Martinique	Martinique	Arrondissement du Marin				Max Planck Institute for Biology Tuebingen	Ralstonia solanacearum					PRJNA1196686	SRP550707	SAMN45624395	SRS23501396	2025-07-16	2025-06-01	RAL_AA1457AA	Assembled	80.7	5.2	32367	5543143	Ralstonia solanacearum;99.14%	385	32261	RAL_AA1485AA_AS
RAL_AA1458AA	RUN1063	SRR31675626;ILLUMINA;Paired;;SRX27038159;SRA	Environment	Water/River	water_lake_baited_Solanum	2005				North America	Martinique	Martinique	Martinique	Arrondissement du Marin				Max Planck Institute for Biology Tuebingen	Ralstonia solanacearum					PRJNA1196686	SRP550707	SAMN45624394	SRS23501394	2025-07-16	2025-06-01	RAL_AA1458AA	Assembled	85.4	5.2	34122	5545470	Ralstonia solanacearum;99.09%	330	28425	RAL_AA1486AA_AS
RAL_AA1459AA	RUN1062	SRR31675627;ILLUMINA;Paired;;SRX27038158;SRA	Environment	Water/River	water_lake_baited_Solanum	2005				North America	Martinique	Martinique	Martinique	Arrondissement du Marin				Max Planck Institute for Biology Tuebingen	Ralstonia solanacearum					PRJNA1196686	SRP550707	SAMN45624393	SRS23501395	2025-07-16	2025-06-01	RAL_AA1459AA	Assembled	54.7	5.2	25202	5535677	Ralstonia solanacearum;99.15%	445	43467	RAL_AA1795AA_AS
RAL_AA1460AA	RUN0283	SRR31675628;ILLUMINA;Paired;;SRX27038157;SRA	Environment	Plant	Anthurium andreanum					Europe	France	Martinique						Max Planck Institute for Biology Tuebingen	Ralstonia solanacearum					PRJNA1196686	SRP550707	SAMN45624213	SRS23501393	2025-07-16	2025-06-01	RAL_AA1460AA	Assembled	98.5	5.2	96278	5564249	Ralstonia solanacearum;99.06%	134	9004	RAL_AA1488AA_AS
RAL_AA1461AA	RUN0005	SRR31675629;ILLUMINA;Paired;;SRX27038156;SRA	Environment	Plant	Anthurium andreanum	1999				North America	Martinique	Martinique	Martinique	Arrondissement de Saint-Pierre		14.7724	-61.13611	Max Planck Institute for Biology Tuebingen	Ralstonia solanacearum					PRJNA1196686	SRP550707	SAMN45624195	SRS23501391	2025-07-16	2025-06-01	RAL_AA1461AA	Assembled	257.4	5.2	43111	5562217	Ralstonia solanacearum;99.09%	297	25479	RAL_AA1489AA_AS
RAL_AA1462AA	RUN1061	SRR31675630;ILLUMINA;Paired;;SRX27038155;SRA	Environment	Water/River	water_lake_baited_Solanum	2005				North America	Martinique	Martinique	Martinique	Arrondissement du Marin				Max Planck Institute for Biology Tuebingen	Ralstonia solanacearum					PRJNA1196686	SRP550707	SAMN45624392	SRS23501392	2025-07-16	2025-06-01	RAL_AA1462AA	Assembled	81.7	5.2	32595	5552886	Ralstonia solanacearum;99.11%	348	24941	RAL_AA1490AA_AS
RAL_AA1463AA	RUN1052	SRR31675631;ILLUMINA;Paired;;SRX27038154;SRA	Environment	Plant	Solanum lycopersicum	2007				North America	Martinique	Martinique	Martinique	Arrondissement de La Trinité				Max Planck Institute for Biology Tuebingen	Ralstonia solanacearum					PRJNA1196686	SRP550707	SAMN45624391	SRS23501389	2025-07-16	2025-06-01	RAL_AA1463AA	Assembled	76.7	5.2	32324	5552988	Ralstonia solanacearum;99.11%	354	29433	RAL_AA1491AA_AS
RAL_AA1464AA	RUN1046	SRR31675632;ILLUMINA;Paired;;SRX27038153;SRA	Environment	Water/River	water_river_baited_Solanum	2005				North America	Martinique	Martinique	Martinique	Arrondissement de La Trinité				Max Planck Institute for Biology Tuebingen	Ralstonia solanacearum					PRJNA1196686	SRP550707	SAMN45624390	SRS23501390	2025-07-16	2025-06-01	RAL_AA1464AA	Assembled	50.6	5.2	27319	5542933	Ralstonia solanacearum;99.32%	437	47027	RAL_AA1492AA_AS
RAL_AA1465AA	RUN1028	SRR31675636;ILLUMINA;Paired;;SRX27038149;SRA	Environment	Plant	Solanum lycopersicum	1997				North America	Martinique	Martinique	Martinique	Arrondissement de Fort-de-France				Max Planck Institute for Biology Tuebingen	Ralstonia solanacearum					PRJNA1196686	SRP550707	SAMN45624386	SRS23501386	2025-07-16	2025-06-01	RAL_AA1465AA	Assembled	43.1	5.2	27725	5576869	Ralstonia solanacearum;99.52%	488	53644	RAL_AA1493AA_AS
RAL_AA1466AA	RUN0985	SRR31675637;ILLUMINA;Paired;;SRX27038148;SRA	Environment	Plant	Solanum lycopersicum	2007				North America	Martinique	Martinique	Martinique	Arrondissement de La Trinité				Max Planck Institute for Biology Tuebingen	Ralstonia solanacearum					PRJNA1196686	SRP550707	SAMN45624385	SRS23501383	2025-07-16	2025-06-01	RAL_AA1466AA	Assembled	25.8	5.2	22762	5525066	Ralstonia solanacearum;99.17%	481	90289	RAL_AA1494AA_AS
RAL_AA1468AA	RUN0841	SRR31675639;ILLUMINA;Paired;;SRX27038146;SRA	Environment	Soil/Dust	soil_banana_fallow	2007				North America	Martinique	Martinique	Martinique	Arrondissement de La Trinité				Max Planck Institute for Biology Tuebingen	Ralstonia solanacearum					PRJNA1196686	SRP550707	SAMN45624383	SRS23501382	2025-07-16	2025-06-01	RAL_AA1468AA	Assembled	31.4	5.2	24234	5546655	Ralstonia solanacearum;99.33%	484	68245	RAL_AA1496AA_AS
RAL_AA1469AA	RUN0282	SRR31675640;ILLUMINA;Paired;;SRX27038145;SRA	Environment	Plant	Anthurium andreanum	2000				North America	Martinique	Martinique	Martinique	Arrondissement de La Trinité				Max Planck Institute for Biology Tuebingen	Ralstonia solanacearum					PRJNA1196686	SRP550707	SAMN45624212	SRS23501381	2025-07-16	2025-06-01	RAL_AA1469AA	Assembled	135.7	5.2	94873	5564602	Ralstonia solanacearum;99.06%	168	12066	RAL_AA1497AA_AS
RAL_AA1470AA	RUN0840	SRR31675641;ILLUMINA;Paired;;SRX27038144;SRA	Environment	Soil/Dust	soil_banana_fallow	2007				North America	Martinique	Martinique	Martinique	Arrondissement de La Trinité				Max Planck Institute for Biology Tuebingen	Ralstonia solanacearum					PRJNA1196686	SRP550707	SAMN45624382	SRS23501379	2025-07-16	2025-06-01	RAL_AA1470AA	Assembled	46.2	5.2	31062	5547412	Ralstonia solanacearum;99.14%	392	40481	RAL_AA1498AA_AS
RAL_AA1471AA	RUN0770	SRR31675643;ILLUMINA;Paired;;SRX27038142;SRA	Environment	Plant	Cucurbita moschata	2002				North America	Martinique	Martinique	Martinique	Arrondissement du Marin				Max Planck Institute for Biology Tuebingen	Ralstonia solanacearum					PRJNA1196686	SRP550707	SAMN45624314	SRS23501377	2025-07-16	2025-06-01	RAL_AA1471AA	Assembled	76.9	5.2	89738	5562713	Ralstonia solanacearum;99.06%	162	8033	RAL_AA1499AA_AS
RAL_AA1472AA	RUN0769	SRR31675644;ILLUMINA;Paired;;SRX27038141;SRA	Environment	Plant	Solanum lycopersicum	2002				North America	Martinique	Martinique	Martinique	Arrondissement de Fort-de-France				Max Planck Institute for Biology Tuebingen	Ralstonia solanacearum					PRJNA1196686	SRP550707	SAMN45624313	SRS23501378	2025-07-16	2025-06-01	RAL_AA1472AA	Assembled	72.9	5.2	57797	5559755	Ralstonia solanacearum;99.08%	236	14630	RAL_AA1500AA_AS
RAL_AA1473AA	RUN0768	SRR31675646;ILLUMINA;Paired;;SRX27038139;SRA	Environment	Soil/Dust	soil_banana_fallow	2007				North America	Martinique	Martinique	Martinique	Arrondissement de La Trinité				Max Planck Institute for Biology Tuebingen	Ralstonia solanacearum					PRJNA1196686	SRP550707	SAMN45624312	SRS23501373	2025-07-16	2025-06-01	RAL_AA1473AA	Assembled	68.2	5.2	47984	5559538	Ralstonia solanacearum;99.09%	264	17442	RAL_AA1501AA_AS
RAL_AA1474AA	RUN0767	SRR31675647;ILLUMINA;Paired;;SRX27038138;SRA	Environment	Plant	Solanum lycopersicum	2002				North America	Martinique	Martinique	Martinique	Arrondissement de Fort-de-France				Max Planck Institute for Biology Tuebingen	Ralstonia solanacearum					PRJNA1196686	SRP550707	SAMN45624311	SRS23501375	2025-07-16	2025-06-01	RAL_AA1474AA	Assembled	194.2	5.2	56424	5559080	Ralstonia solanacearum;99.07%	218	10604	RAL_AA1502AA_AS
RAL_AA1475AA	RUN0766	SRR31675648;ILLUMINA;Paired;;SRX27038137;SRA	Environment	Plant	Cucumis sativus	2002				North America	Martinique	Martinique	Martinique	Arrondissement du Marin				Max Planck Institute for Biology Tuebingen	Ralstonia solanacearum					PRJNA1196686	SRP550707	SAMN45624310	SRS23501374	2025-07-16	2025-06-01	RAL_AA1475AA	Assembled	58.3	5.2	81537	5560627	Ralstonia solanacearum;99.06%	167	9736	RAL_AA1503AA_AS
RAL_AA1476AA	RUN0764	SRR31675650;ILLUMINA;Paired;;SRX27038135;SRA	Environment	Plant	Anthurium andreanum	2002				North America	Martinique	Martinique	Martinique	Arrondissement de La Trinité				Max Planck Institute for Biology Tuebingen	Ralstonia solanacearum					PRJNA1196686	SRP550707	SAMN45624308	SRS23501371	2025-07-16	2025-06-01	RAL_AA1476AA	Assembled	54.9	5.2	34378	5478273	Ralstonia solanacearum;98.86%	305	14684	RAL_AA1504AA_AS
RAL_AA1477AA	RUN0763	SRR31675651;ILLUMINA;Paired;;SRX27038134;SRA	Environment	Plant	Anthurium andreanum	2002												Max Planck Institute for Biology Tuebingen	Ralstonia solanacearum					PRJNA1196686	SRP550707	SAMN45624307	SRS23501370	2025-07-16	2025-06-01	RAL_AA1477AA	Assembled	96.9	5.2	86269	5560695	Ralstonia solanacearum;99.06%	153	6186	RAL_AA1505AA_AS
RAL_AA1478AA	RUN0762	SRR31675652;ILLUMINA;Paired;;SRX27038133;SRA	Environment	Plant	Solanum lycopersicum	2002				North America	Martinique	Martinique	Martinique	Arrondissement de La Trinité				Max Planck Institute for Biology Tuebingen	Ralstonia solanacearum					PRJNA1196686	SRP550707	SAMN45624306	SRS23501369	2025-07-16	2025-06-01	RAL_AA1478AA	Assembled	156.3	5.2	111633	5562510	Ralstonia solanacearum;99.07%	126	4715	RAL_AA1506AA_AS
RAL_AA1479AA	RUN0761	SRR31675653;ILLUMINA;Paired;;SRX27038132;SRA	Environment	Plant	Anthurium andreanum	2002				North America	Martinique	Martinique	Martinique	Arrondissement de La Trinité				Max Planck Institute for Biology Tuebingen	Ralstonia solanacearum					PRJNA1196686	SRP550707	SAMN45624305	SRS23501368	2025-07-16	2025-06-01	RAL_AA1479AA	Assembled	131.4	5.2	49213	5482237	Ralstonia solanacearum;98.86%	254	4517	RAL_AA1507AA_AS
RAL_AA1480AA	RUN0760	SRR31675654;ILLUMINA;Paired;;SRX27038131;SRA	Environment	Plant	Cucumis sativus	2002				North America	Martinique	Martinique	Martinique	Arrondissement du Marin				Max Planck Institute for Biology Tuebingen	Ralstonia solanacearum					PRJNA1196686	SRP550707	SAMN45624304	SRS23501367	2025-07-16	2025-06-01	RAL_AA1480AA	Assembled	97	5.2	100647	5561027	Ralstonia solanacearum;99.06%	142	5982	RAL_AA1508AA_AS
RAL_AA1481AA	RUN0759	SRR31675655;ILLUMINA;Paired;;SRX27038130;SRA	Environment	Plant	Cucumis sativus	2002				North America	Martinique	Martinique	Martinique	Arrondissement du Marin				Max Planck Institute for Biology Tuebingen	Ralstonia solanacearum					PRJNA1196686	SRP550707	SAMN45624303	SRS23501366	2025-07-16	2025-06-01	RAL_AA1481AA	Assembled	79.2	5.2	99971	5561408	Ralstonia solanacearum;99.07%	155	6929	RAL_AA1509AA_AS
RAL_AA1482AA	RUN0036	SRR31675656;ILLUMINA;Paired;;SRX27038129;SRA	Environment	Plant	Solanum lycopersicum	1987				North America	Martinique	Martinique	Martinique	Arrondissement de Saint-Pierre				Max Planck Institute for Biology Tuebingen	Ralstonia solanacearum					PRJNA1196686	SRP550707	SAMN45624204	SRS23501365	2025-07-16	2025-06-01	RAL_AA1482AA	Assembled	140.5	5.2	87996	5664194	Ralstonia solanacearum;99.27%	157	10262	RAL_AA1510AA_AS
RAL_AA1483AA	RUN0756	SRR31675659;ILLUMINA;Paired;;SRX27038126;SRA	Environment	Plant	Cucumis sativus	2002				North America	Martinique	Martinique	Martinique	Arrondissement du Marin				Max Planck Institute for Biology Tuebingen	Ralstonia solanacearum					PRJNA1196686	SRP550707	SAMN45624300	SRS23501362	2025-07-16	2025-06-01	RAL_AA1483AA	Assembled	45.2	5.2	35610	5554714	Ralstonia solanacearum;99.1%	329	29756	RAL_AA1511AA_AS
RAL_AA1484AA	RUN0755	SRR31675660;ILLUMINA;Paired;;SRX27038125;SRA	Environment	Plant	Solanum lycopersicum	2007				North America	Martinique	Martinique	Martinique	Arrondissement de Saint-Pierre				Max Planck Institute for Biology Tuebingen	Ralstonia solanacearum					PRJNA1196686	SRP550707	SAMN45624299	SRS23501360	2025-07-16	2025-06-01	RAL_AA1484AA	Assembled	42.9	5.2	21088	5627535	Ralstonia solanacearum;98.9%	573	54496	RAL_AA1512AA_AS
RAL_AA1485AA	RUN0754	SRR31675661;ILLUMINA;Paired;;SRX27038124;SRA	Environment	Soil/Dust	soil_banana_fallow	2007				North America	Martinique	Martinique	Martinique	Arrondissement de La Trinité				Max Planck Institute for Biology Tuebingen	Ralstonia solanacearum					PRJNA1196686	SRP550707	SAMN45624298	SRS23501359	2025-07-16	2025-06-01	RAL_AA1485AA	Assembled	45	5.2	24972	5545690	Ralstonia solanacearum;99.32%	448	49271	RAL_AA1513AA_AS
RAL_AA1486AA	RUN0750	SRR31675665;ILLUMINA;Paired;;SRX27038120;SRA	Environment	Plant	Solanum lycopersicum	2002				North America	Martinique	Martinique	Martinique	Arrondissement de La Trinité				Max Planck Institute for Biology Tuebingen	Ralstonia solanacearum					PRJNA1196686	SRP550707	SAMN45624294	SRS23501356	2025-07-16	2025-06-01	RAL_AA1486AA	Assembled	93.9	5.2	44674	5556609	Ralstonia solanacearum;99.08%	289	20341	RAL_AA1797AA_AS
RAL_AA1487AA	RUN0662	SRR31675667;ILLUMINA;Paired;;SRX27038118;SRA	Environment	Plant	Musa sp.	2006				Europe	France	French Guiana	French Guiana					Max Planck Institute for Biology Tuebingen	Ralstonia solanacearum					PRJNA1196686	SRP550707	SAMN45624251	SRS23501353	2025-07-16	2025-06-01	RAL_AA1487AA	Assembled	169.6	5.2	96754	5436628	Ralstonia solanacearum;99.81%	133	9852	RAL_AA1515AA_AS
RAL_AA1488AA	RUN0661	SRR31675668;ILLUMINA;Paired;;SRX27038117;SRA	Environment	Plant	Musa sp.	2006				Europe	France	French Guiana	French Guiana					Max Planck Institute for Biology Tuebingen	Ralstonia solanacearum					PRJNA1196686	SRP550707	SAMN45624250	SRS23501351	2025-07-16	2025-06-01	RAL_AA1488AA	Assembled	128.4	5.2	92114	5435595	Ralstonia solanacearum;99.81%	128	7583	RAL_AA1516AA_AS
RAL_AA1489AA	RUN0660	SRR31675669;ILLUMINA;Paired;;SRX27038116;SRA	Environment	Plant	Capsicum annuum	2006				Europe	France	French Guiana	French Guiana					Max Planck Institute for Biology Tuebingen	Ralstonia solanacearum					PRJNA1196686	SRP550707	SAMN45624249	SRS23501352	2025-07-16	2025-06-01	RAL_AA1489AA	Assembled	88.4	5.2	101502	5569365	Ralstonia solanacearum;99.06%	156	9977	RAL_AA1517AA_AS
RAL_AA1490AA	RUN0612	SRR31675670;ILLUMINA;Paired;;SRX27038115;SRA	Environment	Plant	Musa sp.					Europe	France	French Guiana	French Guiana					Max Planck Institute for Biology Tuebingen	Ralstonia solanacearum					PRJNA1196686	SRP550707	SAMN45624248	SRS23501354	2025-07-16	2025-06-01	RAL_AA1490AA	Assembled	139.8	5.2	82372	5434598	Ralstonia solanacearum;99.81%	152	11046	RAL_AA1518AA_AS
RAL_AA1491AA	RUN0611	SRR31675671;ILLUMINA;Paired;;SRX27038114;SRA	Environment	Plant	Musa sp.					Europe	France	French Guiana	French Guiana					Max Planck Institute for Biology Tuebingen	Ralstonia solanacearum					PRJNA1196686	SRP550707	SAMN45624247	SRS23501349	2025-07-16	2025-06-01	RAL_AA1491AA	Assembled	135.2	5.2	82756	5436861	Ralstonia solanacearum;99.8%	143	10236	RAL_AA1519AA_AS
RAL_AA1492AA	RUN0609	SRR31675672;ILLUMINA;Paired;;SRX27038113;SRA	Environment	Plant	Musa sp.					Europe	France	French Guiana	French Guiana					Max Planck Institute for Biology Tuebingen	Ralstonia solanacearum					PRJNA1196686	SRP550707	SAMN45624246	SRS23501348	2025-07-16	2025-06-01	RAL_AA1492AA	Assembled	219.9	5.2	104783	5436704	Ralstonia solanacearum;99.81%	120	6468	RAL_AA1520AA_AS
RAL_AA1493AA	RUN0522	SRR31675673;ILLUMINA;Paired;;SRX27038112;SRA	Environment	Plant	Solanum americanum	2006				North America	Martinique	Martinique	Martinique	Arrondissement de La Trinité				Max Planck Institute for Biology Tuebingen	Ralstonia solanacearum					PRJNA1196686	SRP550707	SAMN45624245	SRS23501347	2025-07-16	2025-06-01	RAL_AA1493AA	Assembled	179.7	5.2	95134	5554606	Ralstonia solanacearum;99.06%	164	11639	RAL_AA1521AA_AS
RAL_AA1494AA	RUN0521	SRR31675674;ILLUMINA;Paired;;SRX27038111;SRA	Environment	Plant	Solanum americanum	2006				North America	Martinique	Martinique	Martinique	Arrondissement de La Trinité				Max Planck Institute for Biology Tuebingen	Ralstonia solanacearum					PRJNA1196686	SRP550707	SAMN45624244	SRS23501350	2025-07-16	2025-06-01	RAL_AA1494AA	Assembled	20.8	5.2	104387	5543020	Ralstonia solanacearum;99.05%	128	50618	RAL_AA1522AA_AS
RAL_AA1495AA	RUN0520	SRR31675675;ILLUMINA;Paired;;SRX27038110;SRA	Environment	Plant	Solanum americanum	2006				North America	Martinique	Martinique	Martinique	Arrondissement de La Trinité				Max Planck Institute for Biology Tuebingen	Ralstonia solanacearum					PRJNA1196686	SRP550707	SAMN45624243	SRS23501346	2025-07-16	2025-06-01	RAL_AA1495AA	Assembled	190.6	5.2	99683	5565140	Ralstonia solanacearum;99.06%	149	10842	RAL_AA1523AA_AS
RAL_AA1496AA	RUN0015	SRR31675676;ILLUMINA;Paired;;SRX27038109;SRA	Environment	Plant	Anthurium andreanum	1999				North America	Martinique	Martinique	Martinique	Arrondissement de Saint-Pierre		14.7724	-61.13611	Max Planck Institute for Biology Tuebingen	Ralstonia solanacearum					PRJNA1196686	SRP550707	SAMN45624198	SRS23501345	2025-07-16	2025-06-01	RAL_AA1496AA	Assembled	160	5.2	64704	5564639	Ralstonia solanacearum;99.06%	202	17394	RAL_AA1524AA_AS
RAL_AA1497AA	RUN0438	SRR31675677;ILLUMINA;Paired;;SRX27038108;SRA	Environment	Water/River	water_irrigation	2006				North America	Martinique	Martinique	Martinique	Arrondissement du Marin				Max Planck Institute for Biology Tuebingen	Ralstonia solanacearum					PRJNA1196686	SRP550707	SAMN45624242	SRS23501344	2025-07-16	2025-06-01	RAL_AA1497AA	Assembled	165.7	5.2	75430	5564276	Ralstonia solanacearum;99.06%	176	12327	RAL_AA1525AA_AS
RAL_AA1498AA	RUN0437	SRR31675678;ILLUMINA;Paired;;SRX27038107;SRA	Environment	Water/River	water_irrigation	2006				South America	French Guiana	Guyane	Guyane	Arrondissement de Cayenne				Max Planck Institute for Biology Tuebingen	Ralstonia solanacearum					PRJNA1196686	SRP550707	SAMN45624241	SRS23501342	2025-07-16	2025-06-01	RAL_AA1498AA	Assembled	167.2	5.2	38547	5627405	Ralstonia solanacearum;98.74%	320	25734	RAL_AA1526AA_AS
RAL_AA1500AA	RUN2227	SRR31675687;ILLUMINA;Paired;;SRX27038098;SRA	Environment	Plant	Solanum lycopersicum	2012										4.317194	-52.175722	Max Planck Institute for Biology Tuebingen	Ralstonia solanacearum					PRJNA1196686	SRP550707	SAMN45624664	SRS23501333	2025-07-16	2025-06-01	RAL_AA1500AA	Assembled	98.3	5.2	89312	5566254	Ralstonia solanacearum;98.87%	174	10312	RAL_AA1528AA_AS
RAL_AA1501AA	RUN2226	SRR31675688;ILLUMINA;Paired;;SRX27038097;SRA	Environment	Plant	Solanum lycopersicum	2012										4.317167	-52.17575	Max Planck Institute for Biology Tuebingen	Ralstonia solanacearum					PRJNA1196686	SRP550707	SAMN45624663	SRS23501336	2025-07-16	2025-06-01	RAL_AA1501AA	Assembled	116.7	5.2	101544	5568831	Ralstonia solanacearum;98.9%	146	7549	RAL_AA1529AA_AS
RAL_AA1502AA	RUN0436	SRR31675689;ILLUMINA;Paired;;SRX27038096;SRA	Environment	Water/River	water_irrigation	2006				South America	French Guiana	Guyane	Guyane	Arrondissement de Cayenne				Max Planck Institute for Biology Tuebingen	Ralstonia solanacearum					PRJNA1196686	SRP550707	SAMN45624240	SRS23501332	2025-07-16	2025-06-01	RAL_AA1502AA	Assembled	173.1	5.2	39094	5534390	Ralstonia solanacearum;99.64%	309	20093	RAL_AA1530AA_AS
RAL_AA1503AA	RUN2224	SRR31675690;ILLUMINA;Paired;;SRX27038095;SRA	Environment	Plant	Solanum lycopersicum	2012				South America	French Guiana	Guyane	Guyane	Arrondissement de Cayenne		4.568861	-52.454111	Max Planck Institute for Biology Tuebingen	Ralstonia solanacearum					PRJNA1196686	SRP550707	SAMN45624662	SRS23501331	2025-07-16	2025-06-01	RAL_AA1503AA	Assembled	153.5	5.2	70077	5570838	Ralstonia solanacearum;99.64%	205	7054	RAL_AA1531AA_AS
RAL_AA1504AA	RUN1993	SRR31675691;ILLUMINA;Paired;;SRX27038094;SRA	Environment	Plant	Solanum lycopersicum	2011				South America	French Guiana	Guyane	Guyane	Arrondissement de Cayenne				Max Planck Institute for Biology Tuebingen	Ralstonia solanacearum					PRJNA1196686	SRP550707	SAMN45624595	SRS23501330	2025-07-16	2025-06-01	RAL_AA1504AA	Assembled	128.2	5.2	83865	5447210	Ralstonia solanacearum;98.81%	125	8168	RAL_AA1532AA_AS
RAL_AA1505AA	RUN1992	SRR31675692;ILLUMINA;Paired;;SRX27038093;SRA	Environment	Plant	Cucurbita pepo	2011				South America	French Guiana	Guyane	Guyane	Arrondissement de Cayenne				Max Planck Institute for Biology Tuebingen	Ralstonia solanacearum					PRJNA1196686	SRP550707	SAMN45624594	SRS23501329	2025-07-16	2025-06-01	RAL_AA1505AA	Assembled	102.3	5.2	110194	5562194	Ralstonia solanacearum;99.07%	124	5679	RAL_AA1533AA_AS
RAL_AA1506AA	RUN0360	SRR31675694;ILLUMINA;Paired;;SRX27038091;SRA	Environment	Plant	Solanum lycopersicum	2003				North America	Martinique	Martinique	Martinique	Arrondissement de La Trinité				Max Planck Institute for Biology Tuebingen	Ralstonia solanacearum					PRJNA1196686	SRP550707	SAMN45624233	SRS23501328	2025-07-16	2025-06-01	RAL_AA1506AA	Assembled	192.8	5.2	103912	5564638	Ralstonia solanacearum;99.06%	142	9527	RAL_AA1534AA_AS
RAL_AA1507AA	RUN0008	SRR31675695;ILLUMINA;Paired;;SRX27038090;SRA	Environment	Plant	Anthurium andreanum	1999				North America	Martinique	Martinique	Martinique	Arrondissement de Saint-Pierre		14.7724	-61.13611	Max Planck Institute for Biology Tuebingen	Ralstonia solanacearum					PRJNA1196686	SRP550707	SAMN45624197	SRS23501326	2025-07-16	2025-06-01	RAL_AA1507AA	Assembled	248.2	5.2	77773	5565308	Ralstonia solanacearum;99.06%	190	14955	RAL_AA1535AA_AS
RAL_AA1508AA	RUN1983	SRR31675703;ILLUMINA;Paired;;SRX27038082;SRA	Environment	Plant	Capsicum annuum	2011				South America	French Guiana	Guyane	Guyane	Arrondissement de Saint-Laurent-du-Maroni				Max Planck Institute for Biology Tuebingen	Ralstonia solanacearum					PRJNA1196686	SRP550707	SAMN45624585	SRS23501317	2025-07-16	2025-06-01	RAL_AA1508AA	Assembled	39.1	5.2	45051	5574172	Ralstonia solanacearum;99.07%	265	33009	RAL_AA1536AA_AS
RAL_AA1509AA	RUN1982	SRR31675704;ILLUMINA;Paired;;SRX27038081;SRA	Environment	Plant	Capsicum annuum	2011				South America	French Guiana	Guyane	Guyane	Arrondissement de Saint-Laurent-du-Maroni				Max Planck Institute for Biology Tuebingen	Ralstonia solanacearum					PRJNA1196686	SRP550707	SAMN45624584	SRS23501316	2025-07-16	2025-06-01	RAL_AA1509AA	Assembled	59.2	5.2	43875	5545921	Ralstonia solanacearum;99.1%	277	25460	RAL_AA1537AA_AS
RAL_AA1510AA	RUN0359	SRR31675706;ILLUMINA;Paired;;SRX27038079;SRA	Environment	Plant	Solanum lycopersicum	2002				North America	Martinique	Martinique	Martinique	Arrondissement du Marin				Max Planck Institute for Biology Tuebingen	Ralstonia solanacearum					PRJNA1196686	SRP550707	SAMN45624232	SRS23501314	2025-07-16	2025-06-01	RAL_AA1510AA	Assembled	116.6	5.2	71702	5778643	Ralstonia solanacearum;98.19%	196	15595	RAL_AA1538AA_AS
RAL_AA1511AA	RUN1980	SRR31675707;ILLUMINA;Paired;;SRX27038078;SRA	Environment	Plant	Capsicum annuum	2011				South America	French Guiana	Guyane	Guyane	Arrondissement de Saint-Laurent-du-Maroni				Max Planck Institute for Biology Tuebingen	Ralstonia solanacearum					PRJNA1196686	SRP550707	SAMN45624582	SRS23501312	2025-07-16	2025-06-01	RAL_AA1511AA	Assembled	151	5.2	69807	5579894	Ralstonia solanacearum;99.07%	196	10871	RAL_AA1539AA_AS
RAL_AA1515AA	RUN1973	SRR31675714;ILLUMINA;Paired;;SRX27038071;SRA	Environment	Plant	Capsicum annuum	2011				South America	French Guiana	Guyane	Guyane	Arrondissement de Saint-Laurent-du-Maroni				Max Planck Institute for Biology Tuebingen	Ralstonia solanacearum					PRJNA1196686	SRP550707	SAMN45624575	SRS23501313	2025-07-16	2025-06-01	RAL_AA1515AA	Assembled	97.4	5.2	69797	5577104	Ralstonia solanacearum;99.06%	180	13903	RAL_AA1543AA_AS
RAL_AA1516AA	RUN1211	SRR31675715;ILLUMINA;Paired;;SRX27038070;SRA	Environment	Plant	Capsicum annuum	2007				North America	Martinique	Martinique	Martinique	Arrondissement de La Trinité				Max Planck Institute for Biology Tuebingen	Ralstonia solanacearum					PRJNA1196686	SRP550707	SAMN45624509	SRS23501305	2025-07-16	2025-06-01	RAL_AA1516AA	Assembled	102.1	5.2	111048	5560292	Ralstonia solanacearum;99.06%	124	5460	RAL_AA1544AA_AS
RAL_AA1517AA	RUN1210	SRR31675716;ILLUMINA;Paired;;SRX27038069;SRA	Environment	Plant	Solanum americanum	2006				North America	Martinique	Martinique	Martinique	Arrondissement de La Trinité				Max Planck Institute for Biology Tuebingen	Ralstonia solanacearum					PRJNA1196686	SRP550707	SAMN45624508	SRS23501304	2025-07-16	2025-06-01	RAL_AA1517AA	Assembled	117.5	5.2	111621	5559433	Ralstonia solanacearum;99.06%	126	4618	RAL_AA1545AA_AS
RAL_AA1518AA	RUN1209	SRR31675717;ILLUMINA;Paired;;SRX27038068;SRA	Environment	Plant	Solanum lycopersicum	2007				North America	Martinique	Martinique	Martinique	Arrondissement de La Trinité				Max Planck Institute for Biology Tuebingen	Ralstonia solanacearum					PRJNA1196686	SRP550707	SAMN45624507	SRS23501302	2025-07-16	2025-06-01	RAL_AA1518AA	Assembled	157.7	5.2	101530	5559726	Ralstonia solanacearum;99.06%	137	6075	RAL_AA1546AA_AS
RAL_AA1519AA	RUN1207	SRR31675719;ILLUMINA;Paired;;SRX27038066;SRA	Environment	Plant	Solanum lycopersicum	2007				North America	Martinique	Martinique	Martinique	Arrondissement de La Trinité				Max Planck Institute for Biology Tuebingen	Ralstonia solanacearum					PRJNA1196686	SRP550707	SAMN45624505	SRS23501306	2025-07-16	2025-06-01	RAL_AA1519AA	Assembled	102.4	5.2	56423	5558451	Ralstonia solanacearum;99.06%	205	13324	RAL_AA1547AA_AS
RAL_AA1520AA	RUN0294	SRR31675722;ILLUMINA;Paired;;SRX27038063;SRA	Environment	Plant	Anthurium andreanum	2003				North America	Martinique	Martinique	Martinique	Arrondissement de La Trinité				Max Planck Institute for Biology Tuebingen	Ralstonia solanacearum					PRJNA1196686	SRP550707	SAMN45624224	SRS23501297	2025-07-16	2025-06-01	RAL_AA1520AA	Assembled	147.2	5.2	73409	5524422	Ralstonia solanacearum;98.67%	171	12094	RAL_AA1548AA_AS
RAL_AA1521AA	RUN1203	SRR31675723;ILLUMINA;Paired;;SRX27038062;SRA	Environment	Plant	Solanum lycopersicum	2002				North America	Martinique	Martinique	Martinique	Arrondissement de Saint-Pierre				Max Planck Institute for Biology Tuebingen	Ralstonia solanacearum					PRJNA1196686	SRP550707	SAMN45624502	SRS23501300	2025-07-16	2025-06-01	RAL_AA1521AA	Assembled	103	5.2	92262	5660449	Ralstonia solanacearum;99.46%	186	7651	RAL_AA1549AA_AS
RAL_AA1522AA	RUN1202	SRR31675724;ILLUMINA;Paired;;SRX27038061;SRA	Environment	Plant	Solanum lycopersicum	2003				North America	Martinique	Martinique	Martinique	Arrondissement de Fort-de-France				Max Planck Institute for Biology Tuebingen	Ralstonia solanacearum					PRJNA1196686	SRP550707	SAMN45624501	SRS23501296	2025-07-16	2025-06-01	RAL_AA1522AA	Assembled	80.7	5.2	107440	5507994	Ralstonia solanacearum;99.05%	128	9161	RAL_AA1550AA_AS
RAL_AA1523AA	RUN1195	SRR31675730;ILLUMINA;Paired;;SRX27038055;SRA	Environment	Plant	Solanum lycopersicum	2007				North America	Martinique	Martinique	Martinique	Arrondissement de La Trinité				Max Planck Institute for Biology Tuebingen	Ralstonia solanacearum					PRJNA1196686	SRP550707	SAMN45624495	SRS23501295	2025-07-16	2025-06-01	RAL_AA1523AA	Assembled	134	5.2	103886	5560241	Ralstonia solanacearum;99.07%	138	6297	RAL_AA1551AA_AS
RAL_AA1524AA	RUN1194	SRR31675731;ILLUMINA;Paired;;SRX27038054;SRA	Environment	Plant	Solanum lycopersicum	2007				North America	Martinique	Martinique	Martinique	Arrondissement de La Trinité				Max Planck Institute for Biology Tuebingen	Ralstonia solanacearum					PRJNA1196686	SRP550707	SAMN45624494	SRS23501289	2025-07-16	2025-06-01	RAL_AA1524AA	Assembled	164.9	5.2	105784	5559512	Ralstonia solanacearum;99.06%	137	5673	RAL_AA1552AA_AS
RAL_AA1525AA	RUN1193	SRR31675732;ILLUMINA;Paired;;SRX27038053;SRA	Environment	Plant	Solanum lycopersicum	2007				North America	Martinique	Martinique	Martinique	Arrondissement de La Trinité				Max Planck Institute for Biology Tuebingen	Ralstonia solanacearum					PRJNA1196686	SRP550707	SAMN45624493	SRS23501288	2025-07-16	2025-06-01	RAL_AA1525AA	Assembled	123.9	5.2	76295	5558025	Ralstonia solanacearum;99.08%	174	10637	RAL_AA1553AA_AS
RAL_AA1526AA	RUN0293	SRR31675733;ILLUMINA;Paired;;SRX27038052;SRA	Environment	Plant	Citrullus lanatus	2003				North America	Martinique	Martinique	Martinique	Arrondissement de La Trinité				Max Planck Institute for Biology Tuebingen	Ralstonia solanacearum					PRJNA1196686	SRP550707	SAMN45624223	SRS23501290	2025-07-16	2025-06-01	RAL_AA1526AA	Assembled	129.9	5.2	75049	5565006	Ralstonia solanacearum;99.05%	165	11776	RAL_AA1554AA_AS
RAL_AA1527AA	RUN0006	SRR31675734;ILLUMINA;Paired;;SRX27038051;SRA	Environment	Plant	Anthurium andreanum	1999				North America	Martinique	Martinique	Martinique	Arrondissement de Saint-Pierre		14.7724	-61.13611	Max Planck Institute for Biology Tuebingen	Ralstonia solanacearum					PRJNA1196686	SRP550707	SAMN45624196	SRS23501287	2025-07-16	2025-06-01	RAL_AA1527AA	Assembled	196.7	5.2	34348	5561379	Ralstonia solanacearum;99.1%	331	31962	RAL_AA1555AA_AS
RAL_AA1528AA	RUN1192	SRR31675735;ILLUMINA;Paired;;SRX27038050;SRA	Environment	Plant	Capsicum annuum	2007				North America	Martinique	Martinique	Martinique	Arrondissement de La Trinité				Max Planck Institute for Biology Tuebingen	Ralstonia solanacearum					PRJNA1196686	SRP550707	SAMN45624492	SRS23501285	2025-07-16	2025-06-01	RAL_AA1528AA	Assembled	31.9	5.2	36526	5548022	Ralstonia solanacearum;99.1%	324	48818	RAL_AA1556AA_AS
RAL_AA1529AA	RUN1191	SRR31675736;ILLUMINA;Paired;;SRX27038049;SRA	Environment	Water/River	water_irrigation	2007				North America	Martinique	Martinique	Martinique	Arrondissement de La Trinité				Max Planck Institute for Biology Tuebingen	Ralstonia solanacearum					PRJNA1196686	SRP550707	SAMN45624491	SRS23501286	2025-07-16	2025-06-01	RAL_AA1529AA	Assembled	117.1	5.2	36384	5548122	Ralstonia solanacearum;99.1%	316	25360	RAL_AA1557AA_AS
RAL_AA1530AA	RUN1190	SRR31675737;ILLUMINA;Paired;;SRX27038048;SRA	Environment	Plant	Solanum lycopersicum	2007				North America	Martinique	Martinique	Martinique	Arrondissement de La Trinité				Max Planck Institute for Biology Tuebingen	Ralstonia solanacearum					PRJNA1196686	SRP550707	SAMN45624490	SRS23501284	2025-07-16	2025-06-01	RAL_AA1530AA	Assembled	118	5.2	44547	5551474	Ralstonia solanacearum;99.27%	265	19755	RAL_AA1558AA_AS
RAL_AA1531AA	RUN1189	SRR31675738;ILLUMINA;Paired;;SRX27038047;SRA	Environment	Plant	Solanum lycopersicum	2007				North America	Martinique	Martinique	Martinique	Arrondissement de La Trinité				Max Planck Institute for Biology Tuebingen	Ralstonia solanacearum					PRJNA1196686	SRP550707	SAMN45624489	SRS23501283	2025-07-16	2025-06-01	RAL_AA1531AA	Assembled	68.3	5.2	31509	5538546	Ralstonia solanacearum;99.13%	370	35087	RAL_AA1559AA_AS
RAL_AA1532AA	RUN0286	SRR31675739;ILLUMINA;Paired;;SRX27038046;SRA	Environment	Plant	Pandanus sp.	2002				North America	Martinique	Martinique	Martinique	Arrondissement de Saint-Pierre		14.7724	-61.13611	Max Planck Institute for Biology Tuebingen	Ralstonia solanacearum					PRJNA1196686	SRP550707	SAMN45624216	SRS23501281	2025-07-16	2025-06-01	RAL_AA1532AA	Assembled	162.4	5.2	70109	5564301	Ralstonia solanacearum;99.06%	196	13956	RAL_AA1560AA_AS
RAL_AA1533AA	RUN1097	SRR31675740;ILLUMINA;Paired;;SRX27038045;SRA	Environment	Plant	Anthurium andreanum	2002				North America	Martinique	Martinique	Martinique	Arrondissement du Marin				Max Planck Institute for Biology Tuebingen	Ralstonia solanacearum					PRJNA1196686	SRP550707	SAMN45624422	SRS23501280	2025-07-16	2025-06-01	RAL_AA1533AA	Assembled	95.6	5.2	40595	5473088	Ralstonia solanacearum;99.05%	283	7409	RAL_AA1561AA_AS
RAL_AA1534AA	RUN1096	SRR31675741;ILLUMINA;Paired;;SRX27038044;SRA	Environment	Plant	Cucumis melo	2002				North America	Martinique	Martinique	Martinique	Arrondissement du Marin				Max Planck Institute for Biology Tuebingen	Ralstonia solanacearum					PRJNA1196686	SRP550707	SAMN45624421	SRS23501282	2025-07-16	2025-06-01	RAL_AA1534AA	Assembled	89.8	5.2	60212	5559348	Ralstonia solanacearum;99.05%	197	9353	RAL_AA1562AA_AS
RAL_AA1535AA	RUN1095	SRR31675742;ILLUMINA;Paired;;SRX27038043;SRA	Environment	Plant	Capsicum annuum	1994				North America	Martinique	Martinique	Martinique	Arrondissement de La Trinité				Max Planck Institute for Biology Tuebingen	Ralstonia solanacearum					PRJNA1196686	SRP550707	SAMN45624420	SRS23501279	2025-07-16	2025-06-01	RAL_AA1535AA	Assembled	87	5.2	47918	5768540	Ralstonia solanacearum;99.1%	259	16364	RAL_AA1563AA_AS
RAL_AA1536AA	RUN1094	SRR31675743;ILLUMINA;Paired;;SRX27038042;SRA	Environment	Water/River	water_river	2005				North America	Martinique	Martinique	Martinique	Arrondissement de La Trinité				Max Planck Institute for Biology Tuebingen	Ralstonia solanacearum					PRJNA1196686	SRP550707	SAMN45624419	SRS23501278	2025-07-16	2025-06-01	RAL_AA1536AA	Assembled	115.8	5.2	79970	5559673	Ralstonia solanacearum;99.07%	188	10252	RAL_AA1564AA_AS
RAL_AA1539AA	RUN0285	SRR31675750;ILLUMINA;Paired;;SRX27038035;SRA	Environment	Plant	Cucumis melo	2002				North America	Martinique	Martinique	Martinique	Arrondissement du Marin				Max Planck Institute for Biology Tuebingen	Ralstonia solanacearum					PRJNA1196686	SRP550707	SAMN45624215	SRS23501269	2025-07-16	2025-06-01	RAL_AA1539AA	Assembled	188.9	5.2	76944	5564483	Ralstonia solanacearum;99.06%	183	14453	RAL_AA1567AA_AS
RAL_AA1541AA	RUN1083	SRR31675753;ILLUMINA;Paired;;SRX27038032;SRA	Environment	Plant	Heliconia caribea	2006				North America	Martinique	Martinique	Martinique	Arrondissement de La Trinité				Max Planck Institute for Biology Tuebingen	Ralstonia solanacearum					PRJNA1196686	SRP550707	SAMN45624410	SRS23501268	2025-07-16	2025-06-01	RAL_AA1541AA	Assembled	109.5	5.2	109306	5561394	Ralstonia solanacearum;99.06%	140	5122	RAL_AA1569AA_AS
RAL_AA1542AA	RUN1082	SRR31675754;ILLUMINA;Paired;;SRX27038031;SRA	Environment	Plant	Solanum lycopersicum	2007				North America	Martinique	Martinique	Martinique	Arrondissement de La Trinité				Max Planck Institute for Biology Tuebingen	Ralstonia solanacearum					PRJNA1196686	SRP550707	SAMN45624409	SRS23501267	2025-07-16	2025-06-01	RAL_AA1542AA	Assembled	62	5.2	51223	5559427	Ralstonia solanacearum;99.07%	248	19564	RAL_AA1570AA_AS
RAL_AA1543AA	RUN1081	SRR31675755;ILLUMINA;Paired;;SRX27038030;SRA	Environment	Plant	Solanum lycopersicum	2007				North America	Martinique	Martinique	Martinique	Arrondissement de La Trinité				Max Planck Institute for Biology Tuebingen	Ralstonia solanacearum					PRJNA1196686	SRP550707	SAMN45624408	SRS23501266	2025-07-16	2025-06-01	RAL_AA1543AA	Assembled	62.7	5.2	45218	5553230	Ralstonia solanacearum;99.1%	291	25002	RAL_AA1571AA_AS
RAL_AA1547AA	RUN1075	SRR31675760;ILLUMINA;Paired;;SRX27038025;SRA	Environment	Plant	Solanum lycopersicum	2007				North America	Martinique	Martinique	Martinique	Arrondissement de La Trinité				Max Planck Institute for Biology Tuebingen	Ralstonia solanacearum					PRJNA1196686	SRP550707	SAMN45624403	SRS23501260	2025-07-16	2025-06-01	RAL_AA1547AA	Assembled	91.5	5.2	105496	5561696	Ralstonia solanacearum;99.06%	147	6556	RAL_AA1575AA_AS
RAL_AA1548AA	RUN0284	SRR31675761;ILLUMINA;Paired;;SRX27038024;SRA	Environment	Plant	Cucumis sativus	2002				North America	Martinique	Martinique	Martinique	Arrondissement de Saint-Pierre				Max Planck Institute for Biology Tuebingen	Ralstonia solanacearum					PRJNA1196686	SRP550707	SAMN45624214	SRS23501261	2025-07-16	2025-06-01	RAL_AA1548AA	Assembled	106.3	5.2	97240	5565151	Ralstonia solanacearum;99.06%	155	11376	RAL_AA1576AA_AS
RAL_AA1549AA	RUN1072	SRR31675762;ILLUMINA;Paired;;SRX27038023;SRA	Environment	Plant	Cucumis sativus	2004				North America	Martinique	Martinique	Martinique	Arrondissement du Marin				Max Planck Institute for Biology Tuebingen	Ralstonia solanacearum					PRJNA1196686	SRP550707	SAMN45624402	SRS23501259	2025-07-16	2025-06-01	RAL_AA1549AA	Assembled	89.2	5.2	94765	5561761	Ralstonia solanacearum;99.05%	149	6810	RAL_AA1577AA_AS
RAL_AA1551AA	RUN0791	SRR31675766;ILLUMINA;Paired;;SRX27038019;SRA	Environment	Soil/Dust	soil_banana_fallow	2007				North America	Martinique	Martinique	Martinique	Arrondissement de La Trinité				Max Planck Institute for Biology Tuebingen	Ralstonia solanacearum					PRJNA1196686	SRP550707	SAMN45624333	SRS23501256	2025-07-16	2025-06-01	RAL_AA1551AA	Assembled	71.3	5.2	92555	5560612	Ralstonia solanacearum;99.06%	160	7148	RAL_AA1579AA_AS
RAL_AA1552AA	RUN0261	SRR31675767;ILLUMINA;Paired;;SRX27038018;SRA	Environment	Plant	Cucumis sativus	2002				North America	Martinique	Martinique	Martinique	Arrondissement du Marin				Max Planck Institute for Biology Tuebingen	Ralstonia solanacearum					PRJNA1196686	SRP550707	SAMN45624207	SRS23501254	2025-07-16	2025-06-01	RAL_AA1552AA	Assembled	146.6	5.2	117566	5564627	Ralstonia solanacearum;99.07%	124	8858	RAL_AA1580AA_AS
RAL_AA1553AA	RUN0790	SRR31675768;ILLUMINA;Paired;;SRX27038017;SRA	Environment	Soil/Dust	soil_banana_fallow	2007				North America	Martinique	Martinique	Martinique	Arrondissement de La Trinité				Max Planck Institute for Biology Tuebingen	Ralstonia solanacearum					PRJNA1196686	SRP550707	SAMN45624332	SRS23501252	2025-07-16	2025-06-01	RAL_AA1553AA	Assembled	109.5	5.2	96316	5561115	Ralstonia solanacearum;99.06%	149	6740	RAL_AA1581AA_AS
RAL_AA1554AA	RUN0789	SRR31675769;ILLUMINA;Paired;;SRX27038016;SRA	Environment	Soil/Dust	soil_banana_fallow	2007				North America	Martinique	Martinique	Martinique	Arrondissement de La Trinité				Max Planck Institute for Biology Tuebingen	Ralstonia solanacearum					PRJNA1196686	SRP550707	SAMN45624331	SRS23501253	2025-07-16	2025-06-01	RAL_AA1554AA	Assembled	165	5.2	115352	5561064	Ralstonia solanacearum;99.06%	136	4794	RAL_AA1582AA_AS
RAL_AA1555AA	RUN0788	SRR31675770;ILLUMINA;Paired;;SRX27038015;SRA	Environment	Soil/Dust	soil_banana_fallow	2007				North America	Martinique	Martinique	Martinique	Arrondissement de La Trinité				Max Planck Institute for Biology Tuebingen	Ralstonia solanacearum					PRJNA1196686	SRP550707	SAMN45624330	SRS23501251	2025-07-16	2025-06-01	RAL_AA1555AA	Assembled	160.2	5.2	101497	5560947	Ralstonia solanacearum;99.06%	147	5601	RAL_AA1583AA_AS
RAL_AA1556AA	RUN0787	SRR31675771;ILLUMINA;Paired;;SRX27038014;SRA	Environment	Soil/Dust	soil_banana_fallow	2007				North America	Martinique	Martinique	Martinique	Arrondissement de La Trinité				Max Planck Institute for Biology Tuebingen	Ralstonia solanacearum					PRJNA1196686	SRP550707	SAMN45624329	SRS23501248	2025-07-16	2025-06-01	RAL_AA1556AA	Assembled	128.9	5.2	105478	5560986	Ralstonia solanacearum;99.06%	142	5402	RAL_AA1584AA_AS
RAL_AA1557AA	RUN0786	SRR31675772;ILLUMINA;Paired;;SRX27038013;SRA	Environment	Plant	Solanum lycopersicum	2002				North America	Martinique	Martinique	Martinique	Arrondissement de La Trinité				Max Planck Institute for Biology Tuebingen	Ralstonia solanacearum					PRJNA1196686	SRP550707	SAMN45624328	SRS23501250	2025-07-16	2025-06-01	RAL_AA1557AA	Assembled	150	5.2	116171	5561592	Ralstonia solanacearum;99.07%	130	4664	RAL_AA1585AA_AS
RAL_AA1558AA	RUN0784	SRR31675774;ILLUMINA;Paired;;SRX27038011;SRA	Environment	Plant	Canna indica	2002				North America	Martinique	Martinique	Martinique	Arrondissement de Fort-de-France				Max Planck Institute for Biology Tuebingen	Ralstonia solanacearum					PRJNA1196686	SRP550707	SAMN45624326	SRS23501245	2025-07-16	2025-06-01	RAL_AA1558AA	Assembled	139.7	5.2	49213	5483076	Ralstonia solanacearum;99.05%	258	5178	RAL_AA1586AA_AS
RAL_AA1560AA	RUN0780	SRR31675777;ILLUMINA;Paired;;SRX27038008;SRA	Environment	Plant	Solanum americanum	2006				North America	Martinique	Martinique	Martinique	Arrondissement de La Trinité				Max Planck Institute for Biology Tuebingen	Ralstonia solanacearum					PRJNA1196686	SRP550707	SAMN45624323	SRS23501244	2025-07-16	2025-06-01	RAL_AA1560AA	Assembled	79.6	5.2	107561	5561860	Ralstonia solanacearum;99.07%	141	6369	RAL_AA1588AA_AS
RAL_AA1561AA	RUN0779	SRR31675779;ILLUMINA;Paired;;SRX27038006;SRA	Environment	Plant	Solanum lycopersicum	2002				North America	Martinique	Martinique	Martinique	Arrondissement de Fort-de-France				Max Planck Institute for Biology Tuebingen	Ralstonia solanacearum					PRJNA1196686	SRP550707	SAMN45624322	SRS23501242	2025-07-16	2025-06-01	RAL_AA1561AA	Assembled	42.7	5.2	71989	5771861	Ralstonia solanacearum;99.28%	179	12666	RAL_AA1589AA_AS
RAL_AA1562AA	RUN0777	SRR31675781;ILLUMINA;Paired;;SRX27038004;SRA	Environment	Plant	Solanum americanum	2006				North America	Martinique	Martinique	Martinique	Arrondissement de La Trinité				Max Planck Institute for Biology Tuebingen	Ralstonia solanacearum					PRJNA1196686	SRP550707	SAMN45624320	SRS23501240	2025-07-16	2025-06-01	RAL_AA1562AA	Assembled	82.8	5.2	86262	5561431	Ralstonia solanacearum;99.06%	160	7036	RAL_AA1590AA_AS
RAL_AA1563AA	RUN0776	SRR31675782;ILLUMINA;Paired;;SRX27038003;SRA	Environment	Plant	Solanum lycopersicum	2002				North America	Martinique	Martinique	Martinique	Arrondissement de La Trinité				Max Planck Institute for Biology Tuebingen	Ralstonia solanacearum					PRJNA1196686	SRP550707	SAMN45624319	SRS23501239	2025-07-16	2025-06-01	RAL_AA1563AA	Assembled	84.2	5.2	103911	5561363	Ralstonia solanacearum;99.07%	149	6175	RAL_AA1591AA_AS
RAL_AA1564AA	RUN0775	SRR31675783;ILLUMINA;Paired;;SRX27038002;SRA	Environment	Plant	Anthurium andreanum	2002				North America	Martinique	Martinique	Martinique	Arrondissement de La Trinité				Max Planck Institute for Biology Tuebingen	Ralstonia solanacearum					PRJNA1196686	SRP550707	SAMN45624318	SRS23501238	2025-07-16	2025-06-01	RAL_AA1564AA	Assembled	140.6	5.2	49225	5485590	Ralstonia solanacearum;98.86%	256	3432	RAL_AA1592AA_AS
RAL_AA1565AA	RUN0773	SRR31675784;ILLUMINA;Paired;;SRX27038001;SRA	Environment	Plant	Solanum lycopersicum	2002				North America	Martinique	Martinique	Martinique	Arrondissement de Saint-Pierre				Max Planck Institute for Biology Tuebingen	Ralstonia solanacearum					PRJNA1196686	SRP550707	SAMN45624317	SRS23501237	2025-07-16	2025-06-01	RAL_AA1565AA	Assembled	100	5.2	56668	5381268	Ralstonia solanacearum;97.9%	271	4953	RAL_AA1593AA_AS
RAL_AA1566AA	RUN0772	SRR31675785;ILLUMINA;Paired;;SRX27038000;SRA	Environment	Plant	Cucurbita moschata	2002				North America	Martinique	Martinique	Martinique	Arrondissement du Marin				Max Planck Institute for Biology Tuebingen	Ralstonia solanacearum					PRJNA1196686	SRP550707	SAMN45624316	SRS23501236	2025-07-16	2025-06-01	RAL_AA1566AA	Assembled	75.6	5.2	105784	5561968	Ralstonia solanacearum;99.07%	144	6339	RAL_AA1594AA_AS
RAL_AA1567AA	RUN0030	SRR31675787;ILLUMINA;Paired;;SRX27037998;SRA	Environment	Plant	Solanum tuberosum	1986				North America	Martinique	Martinique	Martinique	Arrondissement de Fort-de-France				Max Planck Institute for Biology Tuebingen	Ralstonia solanacearum					PRJNA1196686	SRP550707	SAMN45624203	SRS23501234	2025-07-16	2025-06-01	RAL_AA1567AA	Assembled	173.3	5.2	93018	5623022	Ralstonia solanacearum;99.1%	186	10382	RAL_AA1595AA_AS
RAL_AA1568AA	RUN0004	SRR31675788;ILLUMINA;Paired;;SRX27037997;SRA	Environment	Plant	Anthurium andreanum	1999				North America	Martinique	Martinique	Martinique	Arrondissement de Saint-Pierre		14.7724	-61.13611	Max Planck Institute for Biology Tuebingen	Ralstonia solanacearum					PRJNA1196686	SRP550707	SAMN45624194	SRS23501233	2025-07-16	2025-06-01	RAL_AA1568AA	Assembled	150.7	5.2	45896	5562687	Ralstonia solanacearum;99.08%	261	23706	RAL_AA1596AA_AS
RAL_AA1570AA	RUN0747	SRR31675311;ILLUMINA;Paired;;SRX27037994;SRA	Environment	Soil/Dust	soil_banana_fallow	2007				North America	Martinique	Martinique	Martinique	Arrondissement de La Trinité				Max Planck Institute for Biology Tuebingen	Ralstonia solanacearum					PRJNA1196686	SRP550707	SAMN45624291	SRS23501231	2025-07-16	2025-06-01	RAL_AA1570AA	Assembled	78.8	5.2	39156	5550983	Ralstonia solanacearum;99.28%	315	22885	RAL_AA1598AA_AS
RAL_AA1571AA	RUN0746	SRR31675312;ILLUMINA;Paired;;SRX27037993;SRA	Environment	Plant	Capsicum annuum	2007				North America	Martinique	Martinique	Martinique	Arrondissement de La Trinité				Max Planck Institute for Biology Tuebingen	Ralstonia solanacearum					PRJNA1196686	SRP550707	SAMN45624290	SRS23501229	2025-07-16	2025-06-01	RAL_AA1571AA	Assembled	138.1	5.2	44639	5556280	Ralstonia solanacearum;99.1%	299	18823	RAL_AA1599AA_AS
RAL_AA1572AA	RUN0745	SRR31675313;ILLUMINA;Paired;;SRX27037992;SRA	Environment	Plant	Solanum lycopersicum	2002				North America	Martinique	Martinique	Martinique	Arrondissement de La Trinité				Max Planck Institute for Biology Tuebingen	Ralstonia solanacearum					PRJNA1196686	SRP550707	SAMN45624289	SRS23501228	2025-07-16	2025-06-01	RAL_AA1572AA	Assembled	73.4	5.2	37776	5558145	Ralstonia solanacearum;99.1%	307	23294	RAL_AA1600AA_AS
RAL_AA1573AA	RUN0744	SRR31675314;ILLUMINA;Paired;;SRX27037991;SRA	Environment	Plant	Solanum lycopersicum	2002				North America	Martinique	Martinique	Martinique	Arrondissement de La Trinité				Max Planck Institute for Biology Tuebingen	Ralstonia solanacearum					PRJNA1196686	SRP550707	SAMN45624288	SRS23501226	2025-07-16	2025-06-01	RAL_AA1573AA	Assembled	132.7	5.2	105784	5565200	Ralstonia solanacearum;99.08%	152	10354	RAL_AA1601AA_AS
RAL_AA1574AA	RUN0743	SRR31675315;ILLUMINA;Paired;;SRX27037990;SRA	Environment	Plant	Amaranthus sp.	2002				North America	Martinique	Martinique	Martinique	Arrondissement de La Trinité				Max Planck Institute for Biology Tuebingen	Ralstonia solanacearum					PRJNA1196686	SRP550707	SAMN45624287	SRS23501227	2025-07-16	2025-06-01	RAL_AA1574AA	Assembled	152.2	5.2	33849	5493027	Ralstonia solanacearum;98.74%	336	16253	RAL_AA1602AA_AS
RAL_AA1575AA	RUN0741	SRR31675317;ILLUMINA;Paired;;SRX27037988;SRA	Environment	Soil/Dust	soil_banana_fallow	2007				North America	Martinique	Martinique	Martinique	Arrondissement de La Trinité				Max Planck Institute for Biology Tuebingen	Ralstonia solanacearum					PRJNA1196686	SRP550707	SAMN45624285	SRS23501224	2025-07-16	2025-06-01	RAL_AA1575AA	Assembled	70.5	5.2	46980	5564087	Ralstonia solanacearum;99.09%	269	27171	RAL_AA1603AA_AS
RAL_AA1576AA	RUN0739	SRR31675319;ILLUMINA;Paired;;SRX27037986;SRA	Environment	Plant	Anthurium andreanum					North America	Martinique	Martinique	Martinique	Arrondissement de Saint-Pierre		14.7724	-61.13611	Max Planck Institute for Biology Tuebingen	Ralstonia solanacearum					PRJNA1196686	SRP550707	SAMN45624283	SRS23501222	2025-07-16	2025-06-01	RAL_AA1576AA	Assembled	130.3	5.2	39983	5565092	Ralstonia solanacearum;99.09%	305	29202	RAL_AA1604AA_AS
RAL_AA1577AA	RUN0027	SRR31675320;ILLUMINA;Paired;;SRX27037985;SRA	Environment	Plant	Solanum lycopersicum	1987				North America	Martinique	Martinique	Martinique	Arrondissement de Saint-Pierre				Max Planck Institute for Biology Tuebingen	Ralstonia solanacearum					PRJNA1196686	SRP550707	SAMN45624202	SRS23501221	2025-07-16	2025-06-01	RAL_AA1577AA	Assembled	138.7	5.2	39859	5662284	Ralstonia solanacearum;98.91%	293	24351	RAL_AA1605AA_AS
RAL_AA1578AA	RUN0736	SRR31675323;ILLUMINA;Paired;;SRX27037982;SRA	Environment	Plant	Solanum lycopersicum	2002				North America	Martinique	Martinique	Martinique	Arrondissement de Saint-Pierre				Max Planck Institute for Biology Tuebingen	Ralstonia solanacearum					PRJNA1196686	SRP550707	SAMN45624280	SRS23501218	2025-07-16	2025-06-01	RAL_AA1578AA	Assembled	154.3	5.2	50466	5638081	Ralstonia solanacearum;98.56%	253	21147	RAL_AA1606AA_AS
RAL_AA1579AA	RUN0734	SRR31675325;ILLUMINA;Paired;;SRX27037980;SRA	Environment	Plant	Anthurium andreanum	2002				North America	Martinique	Martinique	Martinique	Arrondissement de La Trinité				Max Planck Institute for Biology Tuebingen	Ralstonia solanacearum					PRJNA1196686	SRP550707	SAMN45624278	SRS23501217	2025-07-16	2025-06-01	RAL_AA1579AA	Assembled	123.7	5.2	40391	5500527	Ralstonia solanacearum;99.05%	295	11674	RAL_AA1607AA_AS
RAL_AA1580AA	RUN0733	SRR31675326;ILLUMINA;Paired;;SRX27037979;SRA	Environment	Soil/Dust	soil_banana_fallow	2007				North America	Martinique	Martinique	Martinique	Arrondissement de La Trinité				Max Planck Institute for Biology Tuebingen	Ralstonia solanacearum					PRJNA1196686	SRP550707	SAMN45624277	SRS23501215	2025-07-16	2025-06-01	RAL_AA1580AA	Assembled	95.6	5.2	29270	5721975	Ralstonia solanacearum;97.54%	423	32117	RAL_AA1608AA_AS
RAL_AA1581AA	RUN0732	SRR31675327;ILLUMINA;Paired;;SRX27037978;SRA	Environment	Soil/Dust	soil_banana_fallow	2007				North America	Martinique	Martinique	Martinique	Arrondissement de La Trinité				Max Planck Institute for Biology Tuebingen	Ralstonia solanacearum					PRJNA1196686	SRP550707	SAMN45624276	SRS23501213	2025-07-16	2025-06-01	RAL_AA1581AA	Assembled	72.8	5.2	84934	5565677	Ralstonia solanacearum;99.06%	165	13558	RAL_AA1609AA_AS
RAL_AA1582AA	RUN0730	SRR31675329;ILLUMINA;Paired;;SRX27037976;SRA	Environment	Soil/Dust	soil_banana_fallow	2007				North America	Martinique	Martinique	Martinique	Arrondissement de La Trinité				Max Planck Institute for Biology Tuebingen	Ralstonia solanacearum					PRJNA1196686	SRP550707	SAMN45624274	SRS23501212	2025-07-16	2025-06-01	RAL_AA1582AA	Assembled	149	5.2	117011	5538879	Ralstonia solanacearum;98.69%	129	7994	RAL_AA1610AA_AS
RAL_AA1583AA	RUN2198	SRR31675331;ILLUMINA;Paired;;SRX27037974;SRA	Environment	Plant	Solanum lycopersicum	2012				South America	French Guiana	Guyane	Guyane	Arrondissement de Cayenne		5.314972	-52.930194	Max Planck Institute for Biology Tuebingen	Ralstonia solanacearum					PRJNA1196686	SRP550707	SAMN45624639	SRS23501210	2025-07-16	2025-06-01	RAL_AA1583AA	Assembled	111.2	5.2	118464	5895554	Ralstonia solanacearum;98.81%	193	7584	RAL_AA1611AA_AS
RAL_AA1584AA	RUN2197	SRR31675332;ILLUMINA;Paired;;SRX27037973;SRA	Environment	Plant	Solanum lycopersicum	2012				South America	French Guiana	Guyane	Guyane	Arrondissement de Cayenne		5.314639	-52.930139	Max Planck Institute for Biology Tuebingen	Ralstonia solanacearum					PRJNA1196686	SRP550707	SAMN45624638	SRS23501209	2025-07-16	2025-06-01	RAL_AA1584AA	Assembled	78.1	5.2	113073	5931837	Ralstonia solanacearum;98.98%	245	10445	RAL_AA1612AA_AS
RAL_AA1585AA	RUN2196	SRR31675333;ILLUMINA;Paired;;SRX27037972;SRA	Environment	Plant	Solanum lycopersicum	2012				South America	French Guiana	Guyane	Guyane	Arrondissement de Cayenne		5.315722	-52.930236	Max Planck Institute for Biology Tuebingen	Ralstonia solanacearum					PRJNA1196686	SRP550707	SAMN45624637	SRS23501208	2025-07-16	2025-06-01	RAL_AA1585AA	Assembled	128.5	5.2	96013	5805458	Ralstonia solanacearum;99.13%	222	8073	RAL_AA1613AA_AS
RAL_AA1586AA	RUN2195	SRR31675334;ILLUMINA;Paired;;SRX27037971;SRA	Environment	Plant	Solanum lycopersicum	2012				South America	French Guiana	Guyane	Guyane	Arrondissement de Cayenne		5.314972	-52.930194	Max Planck Institute for Biology Tuebingen	Ralstonia solanacearum					PRJNA1196686	SRP550707	SAMN45624636	SRS23501207	2025-07-16	2025-06-01	RAL_AA1586AA	Assembled	100.5	5.2	95556	5812983	Ralstonia solanacearum;99.31%	232	9811	RAL_AA1614AA_AS
RAL_AA1587AA	RUN2194	SRR31675335;ILLUMINA;Paired;;SRX27037970;SRA	Environment	Plant	Solanum lycopersicum	2012				South America	French Guiana	Guyane	Guyane	Arrondissement de Cayenne		5.314972	-52.930194	Max Planck Institute for Biology Tuebingen	Ralstonia solanacearum					PRJNA1196686	SRP550707	SAMN45624635	SRS23501206	2025-07-16	2025-06-01	RAL_AA1587AA	Assembled	116.2	5.2	101932	5813288	Ralstonia solanacearum;99.13%	229	8017	RAL_AA1615AA_AS
RAL_AA1588AA	RUN2193	SRR31675336;ILLUMINA;Paired;;SRX27037969;SRA	Environment	Plant	Solanum lycopersicum	2012				South America	French Guiana	Guyane	Guyane	Arrondissement de Cayenne		5.314972	-52.930194	Max Planck Institute for Biology Tuebingen	Ralstonia solanacearum					PRJNA1196686	SRP550707	SAMN45624634	SRS23501204	2025-07-16	2025-06-01	RAL_AA1588AA	Assembled	79.1	5.2	95551	5876123	Ralstonia solanacearum;99.15%	266	12561	RAL_AA1616AA_AS
RAL_AA1589AA	RUN2192	SRR31675337;ILLUMINA;Paired;;SRX27037968;SRA	Environment	Plant	Solanum lycopersicum	2012				South America	French Guiana	Guyane	Guyane	Arrondissement de Cayenne		5.315	-52.929083	Max Planck Institute for Biology Tuebingen	Ralstonia solanacearum					PRJNA1196686	SRP550707	SAMN45624633	SRS23501203	2025-07-16	2025-06-01	RAL_AA1589AA	Assembled	114.8	5.2	93454	5823154	Ralstonia solanacearum;98.95%	188	7433	RAL_AA1617AA_AS
RAL_AA1590AA	RUN0432	SRR31675338;ILLUMINA;Paired;;SRX27037967;SRA	Environment	Water/River	water_irrigation	2006				South America	French Guiana	Guyane	Guyane	Arrondissement de Cayenne				Max Planck Institute for Biology Tuebingen	Ralstonia solanacearum					PRJNA1196686	SRP550707	SAMN45624237	SRS23501205	2025-07-16	2025-06-01	RAL_AA1590AA	Assembled	46.6	5.2	68180	5572443	Ralstonia solanacearum;99.05%	207	24277	RAL_AA1618AA_AS
RAL_AA1591AA	RUN2191	SRR31675339;ILLUMINA;Paired;;SRX27037966;SRA	Environment	Plant	Solanum lycopersicum	2012				South America	French Guiana	Guyane	Guyane	Arrondissement de Cayenne		5.315	-52.929083	Max Planck Institute for Biology Tuebingen	Ralstonia solanacearum					PRJNA1196686	SRP550707	SAMN45624632	SRS23501200	2025-07-16	2025-06-01	RAL_AA1591AA	Assembled	68.2	5.2	58102	5681691	Ralstonia solanacearum;98.89%	234	15087	RAL_AA1619AA_AS
RAL_AA1592AA	RUN2190	SRR31675340;ILLUMINA;Paired;;SRX27037965;SRA	Environment	Plant	Solanum lycopersicum	2012				South America	French Guiana	Guyane	Guyane	Arrondissement de Cayenne		5.315389	-52.929222	Max Planck Institute for Biology Tuebingen	Ralstonia solanacearum					PRJNA1196686	SRP550707	SAMN45624631	SRS23501202	2025-07-16	2025-06-01	RAL_AA1592AA	Assembled	99.8	5.2	89871	5949901	Ralstonia solanacearum;99.32%	231	11159	RAL_AA1620AA_AS
RAL_AA1593AA	RUN2189	SRR31675341;ILLUMINA;Paired;;SRX27037964;SRA	Environment	Plant	Solanum lycopersicum	2012				South America	French Guiana	Guyane	Guyane	Arrondissement de Cayenne		5.314972	-52.930194	Max Planck Institute for Biology Tuebingen	Ralstonia solanacearum					PRJNA1196686	SRP550707	SAMN45624630	SRS23501201	2025-07-16	2025-06-01	RAL_AA1593AA	Assembled	128.5	5.2	112721	5760829	Ralstonia solanacearum;97.3%	145	7658	RAL_AA1621AA_AS
RAL_AA1594AA	RUN2188	SRR31675342;ILLUMINA;Paired;;SRX27037963;SRA	Environment	Plant	Solanum lycopersicum	2012				South America	French Guiana	Guyane	Guyane	Arrondissement de Cayenne		5.315444	-52.930222	Max Planck Institute for Biology Tuebingen	Ralstonia solanacearum					PRJNA1196686	SRP550707	SAMN45624629	SRS23501199	2025-07-16	2025-06-01	RAL_AA1594AA	Assembled	96.8	5.2	76430	5686181	Ralstonia solanacearum;98.92%	173	7817	RAL_AA1622AA_AS
RAL_AA1596AA	RUN2186	SRR31675344;ILLUMINA;Paired;;SRX27037961;SRA	Environment	Plant	Solanum lycopersicum	2012				South America	French Guiana	Guyane	Guyane	Arrondissement de Cayenne		5.315222	-52.929444	Max Planck Institute for Biology Tuebingen	Ralstonia solanacearum					PRJNA1196686	SRP550707	SAMN45624627	SRS23501198	2025-07-16	2025-06-01	RAL_AA1596AA	Assembled	86.9	5.2	69558	5685595	Ralstonia solanacearum;98.92%	194	10375	RAL_AA1624AA_AS
RAL_AA1597AA	RUN2185	SRR31675345;ILLUMINA;Paired;;SRX27037960;SRA	Environment	Plant	Solanum lycopersicum	2012				South America	French Guiana	Guyane	Guyane	Arrondissement de Cayenne		5.315389	-52.929222	Max Planck Institute for Biology Tuebingen	Ralstonia solanacearum					PRJNA1196686	SRP550707	SAMN45624626	SRS23501196	2025-07-16	2025-06-01	RAL_AA1597AA	Assembled	84.8	5.2	68646	5884568	Ralstonia solanacearum;97.35%	202	12585	RAL_AA1625AA_AS
RAL_AA1599AA	RUN2183	SRR31675347;ILLUMINA;Paired;;SRX27037958;SRA	Environment	Plant	Solanum lycopersicum	2012				South America	French Guiana	Guyane	Guyane	Arrondissement de Cayenne		5.314639	-52.930139	Max Planck Institute for Biology Tuebingen	Ralstonia solanacearum					PRJNA1196686	SRP550707	SAMN45624624	SRS23501193	2025-07-16	2025-06-01	RAL_AA1599AA	Assembled	69.6	5.2	64884	5764054	Ralstonia solanacearum;99.1%	276	17513	RAL_AA1627AA_AS
RAL_AA1600AA	RUN0431	SRR31675349;ILLUMINA;Paired;;SRX27037956;SRA	Environment	Water/River	water_irrigation	2006				South America	French Guiana	Guyane	Guyane	Arrondissement de Cayenne				Max Planck Institute for Biology Tuebingen	Ralstonia solanacearum					PRJNA1196686	SRP550707	SAMN45624236	SRS23501191	2025-07-16	2025-06-01	RAL_AA1600AA	Assembled	53	5.2	47381	5568076	Ralstonia solanacearum;99.06%	217	25644	RAL_AA1628AA_AS
RAL_AA1601AA	RUN0355	SRR31675355;ILLUMINA;Paired;;SRX27037950;SRA	Environment	Plant	Anthurium andreanum	2002				North America	Martinique	Martinique	Martinique	Arrondissement du Marin				Max Planck Institute for Biology Tuebingen	Ralstonia solanacearum					PRJNA1196686	SRP550707	SAMN45624229	SRS23501188	2025-07-16	2025-06-01	RAL_AA1601AA	Assembled	92.1	5.2	25167	5481387	Ralstonia solanacearum;98.74%	422	26911	RAL_AA1629AA_AS
RAL_AA1602AA	RUN1947	SRR31675358;ILLUMINA;Paired;;SRX27037947;SRA	Environment	Plant	Capsicum annuum	2011				South America	French Guiana	Guyane	Guyane	Arrondissement de Cayenne				Max Planck Institute for Biology Tuebingen	Ralstonia solanacearum					PRJNA1196686	SRP550707	SAMN45624550	SRS23501183	2025-07-16	2025-06-01	RAL_AA1602AA	Assembled	124.8	5.2	117024	5562180	Ralstonia solanacearum;99.07%	117	5478	RAL_AA1630AA_AS
RAL_AA1603AA	RUN1331	SRR31675359;ILLUMINA;Paired;;SRX27037946;SRA	Environment	Plant	Musa acuminata x balbisiana AAB					Europe	France	French Guiana	French Guiana					Max Planck Institute for Biology Tuebingen	Ralstonia solanacearum					PRJNA1196686	SRP550707	SAMN45624549	SRS23501181	2025-07-16	2025-06-01	RAL_AA1603AA	Assembled	63.6	5.2	69555	5379105	Ralstonia solanacearum;97.74%	214	4773	RAL_AA1631AA_AS
RAL_AA1604AA	RUN1274	SRR31675360;ILLUMINA;Paired;;SRX27037945;SRA	Environment	Water/River	water_lake	2005				North America	Martinique	Martinique	Martinique	Arrondissement du Marin				Max Planck Institute for Biology Tuebingen	Ralstonia solanacearum					PRJNA1196686	SRP550707	SAMN45624548	SRS23501182	2025-07-16	2025-06-01	RAL_AA1604AA	Assembled	76.8	5.2	89579	5658400	Ralstonia solanacearum;99.09%	153	9070	RAL_AA1632AA_AS
RAL_AA1605AA	RUN1273	SRR31675361;ILLUMINA;Paired;;SRX27037944;SRA	Environment	Water/River	water_lake	2005				North America	Martinique	Martinique	Martinique	Arrondissement du Marin				Max Planck Institute for Biology Tuebingen	Ralstonia solanacearum					PRJNA1196686	SRP550707	SAMN45624547	SRS23501180	2025-07-16	2025-06-01	RAL_AA1605AA	Assembled	94	5.2	44139	5482210	Ralstonia solanacearum;98.67%	272	7763	RAL_AA1633AA_AS
RAL_AA1606AA	RUN1271	SRR31675362;ILLUMINA;Paired;;SRX27037943;SRA	Environment	Water/River	water_lake	2005				North America	Martinique	Martinique	Martinique	Arrondissement du Marin				Max Planck Institute for Biology Tuebingen	Ralstonia solanacearum					PRJNA1196686	SRP550707	SAMN45624546	SRS23501179	2025-07-16	2025-06-01	RAL_AA1606AA	Assembled	146.5	5.2	53586	5484779	Ralstonia solanacearum;98.86%	234	3457	RAL_AA1634AA_AS
RAL_AA1607AA	RUN1270	SRR31675363;ILLUMINA;Paired;;SRX27037942;SRA	Environment	Water/River	water_lake	2005				North America	Martinique	Martinique	Martinique	Arrondissement du Marin				Max Planck Institute for Biology Tuebingen	Ralstonia solanacearum					PRJNA1196686	SRP550707	SAMN45624545	SRS23501178	2025-07-16	2025-06-01	RAL_AA1607AA	Assembled	153.7	5.2	50321	5484638	Ralstonia solanacearum;98.86%	253	5035	RAL_AA1635AA_AS
RAL_AA1608AA	RUN1269	SRR31675364;ILLUMINA;Paired;;SRX27037941;SRA	Environment	Water/River	water_lake	2005				North America	Martinique	Martinique	Martinique	Arrondissement du Marin				Max Planck Institute for Biology Tuebingen	Ralstonia solanacearum					PRJNA1196686	SRP550707	SAMN45624544	SRS23501176	2025-07-16	2025-06-01	RAL_AA1608AA	Assembled	138.3	5.2	51678	5483338	Ralstonia solanacearum;98.86%	245	3917	RAL_AA1636AA_AS
RAL_AA1609AA	RUN0354	SRR31675366;ILLUMINA;Paired;;SRX27037939;SRA	Environment	Plant	Solanum lycopersicum	2003				North America	Martinique	Martinique	Martinique	Arrondissement de La Trinité				Max Planck Institute for Biology Tuebingen	Ralstonia solanacearum					PRJNA1196686	SRP550707	SAMN45624228	SRS23501175	2025-07-16	2025-06-01	RAL_AA1609AA	Assembled	177.6	5.2	52525	5566581	Ralstonia solanacearum;99.06%	239	19430	RAL_AA1637AA_AS
RAL_AA1610AA	RUN1267	SRR31675367;ILLUMINA;Paired;;SRX27037938;SRA	Environment	Plant	Musa acuminata x balbisiana AAB	2004				North America	Martinique	Martinique	Martinique	Arrondissement de La Trinité				Max Planck Institute for Biology Tuebingen	Ralstonia solanacearum					PRJNA1196686	SRP550707	SAMN45624542	SRS23501174	2025-07-16	2025-06-01	RAL_AA1610AA	Assembled	109	5.2	110160	5559706	Ralstonia solanacearum;99.07%	123	5954	RAL_AA1638AA_AS
RAL_AA1612AA	RUN1259	SRR31675370;ILLUMINA;Paired;;SRX27037935;SRA	Environment	Plant	Solanum americanum	2003				North America	Martinique	Martinique	Martinique	Arrondissement de La Trinité		14.82094	-61.11749	Max Planck Institute for Biology Tuebingen	Ralstonia solanacearum					PRJNA1196686	SRP550707	SAMN45624539	SRS23501171	2025-07-16	2025-06-01	RAL_AA1612AA	Assembled	155	5.2	56853	5302836	Ralstonia solanacearum;97.89%	260	5437	RAL_AA1640AA_AS
RAL_AA1613AA	RUN1257	SRR31675372;ILLUMINA;Paired;;SRX27037933;SRA	Environment	Water/River	water_lake	2005				North America	Martinique	Martinique	Martinique	Arrondissement du Marin				Max Planck Institute for Biology Tuebingen	Ralstonia solanacearum					PRJNA1196686	SRP550707	SAMN45624537	SRS23501169	2025-07-16	2025-06-01	RAL_AA1613AA	Assembled	89.5	5.2	51679	5485085	Ralstonia solanacearum;98.86%	232	4112	RAL_AA1641AA_AS
RAL_AA1615AA	RUN1255	SRR31675374;ILLUMINA;Paired;;SRX27037931;SRA	Environment	Plant	Solanum lycopersicum	2006				North America	Martinique	Martinique	Martinique	Arrondissement du Marin				Max Planck Institute for Biology Tuebingen	Ralstonia solanacearum					PRJNA1196686	SRP550707	SAMN45624535	SRS23501167	2025-07-16	2025-06-01	RAL_AA1615AA	Assembled	115.7	5.2	94042	5928369	Ralstonia solanacearum;99.66%	247	6954	RAL_AA1643AA_AS
RAL_AA1618AA	RUN1155	SRR31675380;ILLUMINA;Paired;;SRX27037925;SRA	Environment	Plant	Solanum lycopersicum	2003				North America	Martinique	Martinique	Martinique	Arrondissement de Saint-Pierre		14.706239	-61.139193	Max Planck Institute for Biology Tuebingen	Ralstonia solanacearum					PRJNA1196686	SRP550707	SAMN45624465	SRS23501163	2025-07-16	2025-06-01	RAL_AA1618AA	Assembled	85	5.2	97044	5720627	Ralstonia solanacearum;98.91%	136	5675	RAL_AA1646AA_AS
RAL_AA1619AA	RUN0290	SRR31675383;ILLUMINA;Paired;;SRX27037922;SRA	Environment	Plant	Cucurbita moschata	2002				North America	Martinique	Martinique	Martinique	Arrondissement du Marin				Max Planck Institute for Biology Tuebingen	Ralstonia solanacearum					PRJNA1196686	SRP550707	SAMN45624220	SRS23501158	2025-07-16	2025-06-01	RAL_AA1619AA	Assembled	210.2	5.2	103913	5563030	Ralstonia solanacearum;99.06%	147	8882	RAL_AA1647AA_AS
RAL_AA1620AA	RUN1152	SRR31675384;ILLUMINA;Paired;;SRX27037921;SRA	Environment	Plant	Solanum lycopersicum	2003				North America	Martinique	Martinique	Martinique	Arrondissement de Saint-Pierre		14.706239	-61.139193	Max Planck Institute for Biology Tuebingen	Ralstonia solanacearum					PRJNA1196686	SRP550707	SAMN45624462	SRS23501157	2025-07-16	2025-06-01	RAL_AA1620AA	Assembled	142	5.2	115892	5719800	Ralstonia solanacearum;98.74%	127	3715	RAL_AA1648AA_AS
RAL_AA1621AA	RUN1151	SRR31675385;ILLUMINA;Paired;;SRX27037920;SRA	Environment	Plant	Anthurium andreanum	2002				North America	Martinique	Martinique	Martinique	Arrondissement de La Trinité				Max Planck Institute for Biology Tuebingen	Ralstonia solanacearum					PRJNA1196686	SRP550707	SAMN45624461	SRS23501156	2025-07-16	2025-06-01	RAL_AA1621AA	Assembled	168.9	5.2	112563	5562494	Ralstonia solanacearum;99.07%	127	4767	RAL_AA1649AA_AS
RAL_AA1622AA	RUN1150	SRR31675386;ILLUMINA;Paired;;SRX27037919;SRA	Environment	Plant	Cucurbita moschata	2002				North America	Martinique	Martinique	Martinique	Arrondissement du Marin				Max Planck Institute for Biology Tuebingen	Ralstonia solanacearum					PRJNA1196686	SRP550707	SAMN45624460	SRS23501155	2025-07-16	2025-06-01	RAL_AA1622AA	Assembled	90	5.2	113284	5600925	Ralstonia solanacearum;98.32%	145	7516	RAL_AA1650AA_AS
RAL_AA1623AA	RUN1148	SRR31675388;ILLUMINA;Paired;;SRX27037917;SRA	Environment	Plant	Anthurium andreanum	2002				North America	Martinique	Martinique	Martinique	Arrondissement de La Trinité				Max Planck Institute for Biology Tuebingen	Ralstonia solanacearum					PRJNA1196686	SRP550707	SAMN45624458	SRS23501153	2025-07-16	2025-06-01	RAL_AA1623AA	Assembled	121.2	5.2	111003	5561736	Ralstonia solanacearum;99.07%	130	4428	RAL_AA1651AA_AS
RAL_AA1624AA	RUN1146	SRR31675390;ILLUMINA;Paired;;SRX27037915;SRA	Environment	Plant	Solanum lycopersicum	2007				North America	Martinique	Martinique	Martinique	Arrondissement de La Trinité				Max Planck Institute for Biology Tuebingen	Ralstonia solanacearum					PRJNA1196686	SRP550707	SAMN45624456	SRS23501151	2025-07-16	2025-06-01	RAL_AA1624AA	Assembled	103.6	5.2	77741	5559514	Ralstonia solanacearum;99.06%	178	8355	RAL_AA1652AA_AS
RAL_AA1625AA	RUN1145	SRR31675391;ILLUMINA;Paired;;SRX27037914;SRA	Environment	Plant	Cucurbita moschata	2003				North America	Martinique	Martinique	Martinique	Arrondissement du Marin				Max Planck Institute for Biology Tuebingen	Ralstonia solanacearum					PRJNA1196686	SRP550707	SAMN45624455	SRS23501150	2025-07-16	2025-06-01	RAL_AA1625AA	Assembled	98.9	5.2	130602	5561945	Ralstonia solanacearum;99.07%	122	3934	RAL_AA1653AA_AS
RAL_AA1626AA	RUN0289	SRR31675394;ILLUMINA;Paired;;SRX27037911;SRA	Environment	Plant	Solanum lycopersicum	2002				North America	Martinique	Martinique	Martinique	Arrondissement de La Trinité				Max Planck Institute for Biology Tuebingen	Ralstonia solanacearum					PRJNA1196686	SRP550707	SAMN45624219	SRS23501147	2025-07-16	2025-06-01	RAL_AA1626AA	Assembled	207.9	5.2	98962	5563605	Ralstonia solanacearum;99.05%	151	9345	RAL_AA1654AA_AS
RAL_AA1627AA	RUN1142	SRR31675395;ILLUMINA;Paired;;SRX27037910;SRA	Environment	Plant	Solanum lycopersicum	2007				North America	Martinique	Martinique	Martinique	Arrondissement de La Trinité				Max Planck Institute for Biology Tuebingen	Ralstonia solanacearum					PRJNA1196686	SRP550707	SAMN45624452	SRS23501145	2025-07-16	2025-06-01	RAL_AA1627AA	Assembled	98	5.2	110195	5680203	Ralstonia solanacearum;97.97%	138	5201	RAL_AA1655AA_AS
RAL_AA1628AA	RUN1141	SRR31675396;ILLUMINA;Paired;;SRX27037909;SRA	Environment	Plant	Solanum lycopersicum	2007				North America	Martinique	Martinique	Martinique	Arrondissement de La Trinité				Max Planck Institute for Biology Tuebingen	Ralstonia solanacearum					PRJNA1196686	SRP550707	SAMN45624451	SRS23501146	2025-07-16	2025-06-01	RAL_AA1628AA	Assembled	89.2	5.2	111643	5561054	Ralstonia solanacearum;99.06%	127	5409	RAL_AA1656AA_AS
RAL_AA1629AA	RUN1140	SRR31675397;ILLUMINA;Paired;;SRX27037908;SRA	Environment	Plant	Solanum lycopersicum	2007				North America	Martinique	Martinique	Martinique	Arrondissement de La Trinité				Max Planck Institute for Biology Tuebingen	Ralstonia solanacearum					PRJNA1196686	SRP550707	SAMN45624450	SRS23501144	2025-07-16	2025-06-01	RAL_AA1629AA	Assembled	108.6	5.2	124339	5562955	Ralstonia solanacearum;99.07%	126	4005	RAL_AA1657AA_AS
RAL_AA1630AA	RUN1139	SRR31675398;ILLUMINA;Paired;;SRX27037907;SRA	Environment	Plant	Solanum lycopersicum	2007				North America	Martinique	Martinique	Martinique	Arrondissement de La Trinité				Max Planck Institute for Biology Tuebingen	Ralstonia solanacearum					PRJNA1196686	SRP550707	SAMN45624449	SRS23501143	2025-07-16	2025-06-01	RAL_AA1630AA	Assembled	130	5.2	145782	5562179	Ralstonia solanacearum;99.07%	123	4633	RAL_AA1658AA_AS
RAL_AA1631AA	RUN1138	SRR31675399;ILLUMINA;Paired;;SRX27037906;SRA	Environment	Plant	Cucurbita pepo	2007				North America	Martinique	Martinique	Martinique	Arrondissement de La Trinité				Max Planck Institute for Biology Tuebingen	Ralstonia solanacearum					PRJNA1196686	SRP550707	SAMN45624448	SRS23501142	2025-07-16	2025-06-01	RAL_AA1631AA	Assembled	62.9	5.2	96309	5561129	Ralstonia solanacearum;99.06%	148	6894	RAL_AA1659AA_AS
RAL_AA1632AA	RUN1137	SRR31675400;ILLUMINA;Paired;;SRX27037905;SRA	Environment	Plant	Cucumis sativus	2007				North America	Martinique	Martinique	Martinique	Arrondissement de La Trinité				Max Planck Institute for Biology Tuebingen	Ralstonia solanacearum					PRJNA1196686	SRP550707	SAMN45624447	SRS23501141	2025-07-16	2025-06-01	RAL_AA1632AA	Assembled	112.5	5.2	116172	5560965	Ralstonia solanacearum;99.06%	124	4298	RAL_AA1660AA_AS
RAL_AA1633AA	RUN1136	SRR31675401;ILLUMINA;Paired;;SRX27037904;SRA	Environment	Plant	Cucumis sativus	2007				North America	Martinique	Martinique	Martinique	Arrondissement de La Trinité				Max Planck Institute for Biology Tuebingen	Ralstonia solanacearum					PRJNA1196686	SRP550707	SAMN45624446	SRS23501140	2025-07-16	2025-06-01	RAL_AA1633AA	Assembled	106.9	5.2	110172	5560905	Ralstonia solanacearum;99.06%	137	4840	RAL_AA1661AA_AS
RAL_AA1634AA	RUN0836	SRR31675405;ILLUMINA;Paired;;SRX27037900;SRA	Environment	Soil/Dust	soil_banana_fallow	2007				North America	Martinique	Martinique	Martinique	Arrondissement de La Trinité				Max Planck Institute for Biology Tuebingen	Ralstonia solanacearum					PRJNA1196686	SRP550707	SAMN45624378	SRS23501137	2025-07-16	2025-06-01	RAL_AA1634AA	Assembled	154.9	5.2	50318	5558688	Ralstonia solanacearum;99.09%	257	13550	RAL_AA1662AA_AS
RAL_AA1635AA	RUN0833	SRR31675408;ILLUMINA;Paired;;SRX27037897;SRA	Environment	Soil/Dust	soil_banana_fallow	2007				North America	Martinique	Martinique	Martinique	Arrondissement de La Trinité				Max Planck Institute for Biology Tuebingen	Ralstonia solanacearum					PRJNA1196686	SRP550707	SAMN45624375	SRS23501133	2025-07-16	2025-06-01	RAL_AA1635AA	Assembled	113.6	5.2	57812	5561105	Ralstonia solanacearum;99.06%	228	11476	RAL_AA1663AA_AS
RAL_AA1636AA	RUN0832	SRR31675409;ILLUMINA;Paired;;SRX27037896;SRA	Environment	Plant	Solanum lycopersicum	2002				North America	Martinique	Martinique	Martinique	Arrondissement du Marin				Max Planck Institute for Biology Tuebingen	Ralstonia solanacearum					PRJNA1196686	SRP550707	SAMN45624374	SRS23501132	2025-07-16	2025-06-01	RAL_AA1636AA	Assembled	45.4	5.2	37395	5756517	Ralstonia solanacearum;98.09%	354	37709	RAL_AA1664AA_AS
RAL_AA1637AA	RUN0831	SRR31675410;ILLUMINA;Paired;;SRX27037895;SRA	Environment	Soil/Dust	soil_banana_fallow	2007				North America	Martinique	Martinique	Martinique	Arrondissement de La Trinité				Max Planck Institute for Biology Tuebingen	Ralstonia solanacearum					PRJNA1196686	SRP550707	SAMN45624373	SRS23501131	2025-07-16	2025-06-01	RAL_AA1637AA	Assembled	19.7	5.2	21984	5503854	Ralstonia solanacearum;99.21%	521	125054	RAL_AA1665AA_AS
RAL_AA1638AA	RUN0281	SRR31675411;ILLUMINA;Paired;;SRX27037894;SRA	Environment	Plant	Anthurium andreanum	2001				North America	Martinique	Martinique	Martinique	Arrondissement de La Trinité				Max Planck Institute for Biology Tuebingen	Ralstonia solanacearum					PRJNA1196686	SRP550707	SAMN45624211	SRS23501129	2025-07-16	2025-06-01	RAL_AA1638AA	Assembled	134.6	5.2	92658	5564930	Ralstonia solanacearum;99.06%	167	10951	RAL_AA1666AA_AS
RAL_AA1639AA	RUN0828	SRR31675414;ILLUMINA;Paired;;SRX27037891;SRA	Environment	Plant	Solanum lycopersicum	2007				North America	Martinique	Martinique	Martinique	Arrondissement de La Trinité				Max Planck Institute for Biology Tuebingen	Ralstonia solanacearum					PRJNA1196686	SRP550707	SAMN45624370	SRS23501127	2025-07-16	2025-06-01	RAL_AA1639AA	Assembled	80.6	5.2	109289	5561374	Ralstonia solanacearum;99.06%	135	5379	RAL_AA1667AA_AS
RAL_AA1640AA	RUN0827	SRR31675415;ILLUMINA;Paired;;SRX27037890;SRA	Environment	Soil/Dust	soil_banana_fallow	2007				North America	Martinique	Martinique	Martinique	Arrondissement de La Trinité				Max Planck Institute for Biology Tuebingen	Ralstonia solanacearum					PRJNA1196686	SRP550707	SAMN45624369	SRS23501126	2025-07-16	2025-06-01	RAL_AA1640AA	Assembled	85.1	5.2	103932	5562127	Ralstonia solanacearum;99.07%	149	6632	RAL_AA1668AA_AS
RAL_AA1641AA	RUN0824	SRR31675418;ILLUMINA;Paired;;SRX27037887;SRA	Environment	Plant	Solanum lycopersicum	2002				North America	Martinique	Martinique	Martinique	Arrondissement du Marin				Max Planck Institute for Biology Tuebingen	Ralstonia solanacearum					PRJNA1196686	SRP550707	SAMN45624366	SRS23501123	2025-07-16	2025-06-01	RAL_AA1641AA	Assembled	117.6	5.2	113898	5562435	Ralstonia solanacearum;99.08%	123	4302	RAL_AA1669AA_AS
RAL_AA1642AA	RUN0823	SRR31675419;ILLUMINA;Paired;;SRX27037886;SRA	Environment	Plant	Anthurium andreanum	2002				North America	Martinique	Martinique	Martinique	Arrondissement de Saint-Pierre		14.7724	-61.13611	Max Planck Institute for Biology Tuebingen	Ralstonia solanacearum					PRJNA1196686	SRP550707	SAMN45624365	SRS23501122	2025-07-16	2025-06-01	RAL_AA1642AA	Assembled	101.6	5.2	109822	5562331	Ralstonia solanacearum;99.06%	130	5666	RAL_AA1670AA_AS
RAL_AA1643AA	RUN0279	SRR31675422;ILLUMINA;Paired;;SRX27037883;SRA	Environment	Plant	Heliconia caribea	2001				North America	Martinique	Martinique	Martinique	Arrondissement de La Trinité				Max Planck Institute for Biology Tuebingen	Ralstonia solanacearum					PRJNA1196686	SRP550707	SAMN45624210	SRS23501119	2025-07-16	2025-06-01	RAL_AA1643AA	Assembled	181.9	5.2	64629	5661502	Ralstonia solanacearum;99.46%	228	11216	RAL_AA1671AA_AS
RAL_AA1644AA	RUN0818	SRR31675425;ILLUMINA;Paired;;SRX27037880;SRA	Environment	Plant	Solanum lycopersicum	2002				North America	Martinique	Martinique	Martinique	Arrondissement du Marin				Max Planck Institute for Biology Tuebingen	Ralstonia solanacearum					PRJNA1196686	SRP550707	SAMN45624360	SRS23501117	2025-07-16	2025-06-01	RAL_AA1644AA	Assembled	75.9	5.2	59415	5683644	Ralstonia solanacearum;98.74%	229	15443	RAL_AA1672AA_AS
RAL_AA1645AA	RUN0817	SRR31675426;ILLUMINA;Paired;;SRX27037879;SRA	Environment	Plant	Solanum lycopersicum	2007				North America	Martinique	Martinique	Martinique	Arrondissement de Saint-Pierre				Max Planck Institute for Biology Tuebingen	Ralstonia solanacearum					PRJNA1196686	SRP550707	SAMN45624359	SRS23501115	2025-07-16	2025-06-01	RAL_AA1645AA	Assembled	78.1	5.2	60555	5616612	Ralstonia solanacearum;99.45%	230	10221	RAL_AA1673AA_AS
RAL_AA1646AA	RUN0018	SRR31675427;ILLUMINA;Paired;;SRX27037878;SRA	Environment	Plant	Anthurium andreanum	2002				North America	Martinique	Martinique	Martinique	Arrondissement de Saint-Pierre		14.7724	-61.13611	Max Planck Institute for Biology Tuebingen	Ralstonia solanacearum					PRJNA1196686	SRP550707	SAMN45624201	SRS23501114	2025-07-16	2025-06-01	RAL_AA1646AA	Assembled	134.9	5.2	44897	5563027	Ralstonia solanacearum;99.07%	262	23186	RAL_AA1674AA_AS
RAL_AA1647AA	RUN0728	SRR31675428;ILLUMINA;Paired;;SRX27037877;SRA	Environment	Plant	Anthurium andreanum	2002				North America	Martinique	Martinique	Martinique	Arrondissement de La Trinité				Max Planck Institute for Biology Tuebingen	Ralstonia solanacearum					PRJNA1196686	SRP550707	SAMN45624272	SRS23501113	2025-07-16	2025-06-01	RAL_AA1647AA	Assembled	156.7	5.2	50317	5450347	Ralstonia solanacearum;98.86%	240	5704	RAL_AA1675AA_AS
RAL_AA1648AA	RUN0727	SRR31675429;ILLUMINA;Paired;;SRX27037876;SRA	Environment	Plant	Solanum lycopersicum	2007				North America	Martinique	Martinique	Martinique	Arrondissement de La Trinité				Max Planck Institute for Biology Tuebingen	Ralstonia solanacearum					PRJNA1196686	SRP550707	SAMN45624271	SRS23501112	2025-07-16	2025-06-01	RAL_AA1648AA	Assembled	166.1	5.2	105784	5564641	Ralstonia solanacearum;99.08%	131	8844	RAL_AA1676AA_AS
RAL_AA1649AA	RUN0726	SRR31675430;ILLUMINA;Paired;;SRX27037875;SRA	Environment	Plant	Solanum lycopersicum	2007				North America	Martinique	Martinique	Martinique	Arrondissement de La Trinité				Max Planck Institute for Biology Tuebingen	Ralstonia solanacearum					PRJNA1196686	SRP550707	SAMN45624270	SRS23501111	2025-07-16	2025-06-01	RAL_AA1649AA	Assembled	203.6	5.2	111654	5564925	Ralstonia solanacearum;99.07%	123	8543	RAL_AA1677AA_AS
RAL_AA1650AA	RUN0723	SRR31675433;ILLUMINA;Paired;;SRX27037872;SRA	Environment	Plant	Anthurium andreanum	2002				North America	Martinique	Martinique	Martinique	Arrondissement de Saint-Pierre		14.7724	-61.13611	Max Planck Institute for Biology Tuebingen	Ralstonia solanacearum					PRJNA1196686	SRP550707	SAMN45624267	SRS23501108	2025-07-16	2025-06-01	RAL_AA1650AA	Assembled	206.8	5.2	106702	5566666	Ralstonia solanacearum;99.06%	130	8986	RAL_AA1678AA_AS
RAL_AA1651AA	RUN0722	SRR31675434;ILLUMINA;Paired;;SRX27037871;SRA	Environment	Plant	Anthurium andreanum	2002				North America	Martinique	Martinique	Martinique	Arrondissement de Fort-de-France				Max Planck Institute for Biology Tuebingen	Ralstonia solanacearum					PRJNA1196686	SRP550707	SAMN45624266	SRS23501107	2025-07-16	2025-06-01	RAL_AA1651AA	Assembled	166.2	5.2	115352	5566038	Ralstonia solanacearum;99.06%	131	9475	RAL_AA1679AA_AS
RAL_AA1652AA	RUN0721	SRR31675435;ILLUMINA;Paired;;SRX27037870;SRA	Environment	Plant	Anthurium andreanum	2002				North America	Martinique	Martinique	Martinique	Arrondissement de La Trinité				Max Planck Institute for Biology Tuebingen	Ralstonia solanacearum					PRJNA1196686	SRP550707	SAMN45624265	SRS23501106	2025-07-16	2025-06-01	RAL_AA1652AA	Assembled	135.8	5.2	46036	5492597	Ralstonia solanacearum;98.86%	282	9845	RAL_AA1680AA_AS
RAL_AA1653AA	RUN0719	SRR31675437;ILLUMINA;Paired;;SRX27037868;SRA	Environment	Plant	Anthurium andreanum	2002				North America	Martinique	Martinique	Martinique	Arrondissement de Saint-Pierre		14.7724	-61.13611	Max Planck Institute for Biology Tuebingen	Ralstonia solanacearum					PRJNA1196686	SRP550707	SAMN45624263	SRS23501104	2025-07-16	2025-06-01	RAL_AA1653AA	Assembled	147.4	5.2	115352	5565703	Ralstonia solanacearum;99.06%	134	8673	RAL_AA1681AA_AS
RAL_AA1654AA	RUN0017	SRR31675438;ILLUMINA;Paired;;SRX27037867;SRA	Environment	Plant	Heliconia caribea	2002				North America	Martinique	Martinique	Martinique	Arrondissement de Saint-Pierre		14.7724	-61.13611	Max Planck Institute for Biology Tuebingen	Ralstonia solanacearum					PRJNA1196686	SRP550707	SAMN45624200	SRS23501102	2025-07-16	2025-06-01	RAL_AA1654AA	Assembled	140.5	5.2	68247	5563360	Ralstonia solanacearum;99.05%	195	14426	RAL_AA1682AA_AS
RAL_AA1655AA	RUN0716	SRR31675441;ILLUMINA;Paired;;SRX27037864;SRA	Environment	Plant	Anthurium andreanum	2002				North America	Martinique	Martinique	Martinique	Arrondissement de La Trinité				Max Planck Institute for Biology Tuebingen	Ralstonia solanacearum					PRJNA1196686	SRP550707	SAMN45624260	SRS23501100	2025-07-16	2025-06-01	RAL_AA1655AA	Assembled	135.4	5.2	100237	5565014	Ralstonia solanacearum;99.06%	141	10270	RAL_AA1683AA_AS
RAL_AA1656AA	RUN0675	SRR31675444;ILLUMINA;Paired;;SRX27037861;SRA	Environment	Plant	Solanum lycopersicum	1965				Europe	France	Martinique						Max Planck Institute for Biology Tuebingen	Ralstonia solanacearum					PRJNA1196686	SRP550707	SAMN45624257	SRS23501097	2025-07-16	2025-06-01	RAL_AA1656AA	Assembled	192	5.2	100693	5663474	Ralstonia solanacearum;99.46%	195	9414	RAL_AA1684AA_AS
RAL_AA1657AA	RUN0671	SRR31675445;ILLUMINA;Paired;;SRX27037860;SRA	Environment	Plant	Solanum lycopersicum	1968				South America	French Guiana	Guyane	Guyane	Arrondissement de Cayenne				Max Planck Institute for Biology Tuebingen	Ralstonia solanacearum					PRJNA1196686	SRP550707	SAMN45624256	SRS23501095	2025-07-16	2025-06-01	RAL_AA1657AA	Assembled	177	5.2	116995	5551050	Ralstonia solanacearum;99.25%	107	7258	RAL_AA1685AA_AS
RAL_AA1658AA	RUN0668	SRR31675446;ILLUMINA;Paired;;SRX27037859;SRA	Environment	Plant	Musa sp.	2007				Europe	France	French Guiana	French Guiana					Max Planck Institute for Biology Tuebingen	Ralstonia solanacearum					PRJNA1196686	SRP550707	SAMN45624255	SRS23501096	2025-07-16	2025-06-01	RAL_AA1658AA	Assembled	165	5.2	101744	5433970	Ralstonia solanacearum;99.81%	112	6972	RAL_AA1686AA_AS
RAL_AA1659AA	RUN0667	SRR31675447;ILLUMINA;Paired;;SRX27037858;SRA	Environment	Plant	Musa sp.	2007				Europe	France	French Guiana	French Guiana					Max Planck Institute for Biology Tuebingen	Ralstonia solanacearum					PRJNA1196686	SRP550707	SAMN45624254	SRS23501094	2025-07-16	2025-06-01	RAL_AA1659AA	Assembled	8.2	5.2	7297	5323326	Ralstonia solanacearum;99.8%	1284	975041	RAL_AA1687AA_AS
RAL_AA1660AA	RUN0666	SRR31675448;ILLUMINA;Paired;;SRX27037857;SRA	Environment	Plant	Musa acuminata x balbisiana AAB	2007				Europe	France	French Guiana	French Guiana					Max Planck Institute for Biology Tuebingen	Ralstonia solanacearum					PRJNA1196686	SRP550707	SAMN45624253	SRS23501093	2025-07-16	2025-06-01	RAL_AA1660AA	Assembled	110.8	5.2	66243	5436288	Ralstonia solanacearum;99.81%	186	14566	RAL_AA1688AA_AS
RAL_AA1661AA	RUN0016	SRR31675449;ILLUMINA;Paired;;SRX27037856;SRA	Environment	Plant	Anthurium andreanum	1999				North America	Martinique	Martinique	Martinique	Arrondissement de Fort-de-France				Max Planck Institute for Biology Tuebingen	Ralstonia solanacearum					PRJNA1196686	SRP550707	SAMN45624199	SRS23501092	2025-07-16	2025-06-01	RAL_AA1661AA	Assembled	139.4	5.2	93029	5519902	Ralstonia solanacearum;99.05%	178	12481	RAL_AA1689AA_AS
RAL_AA1662AA	RUN0665	SRR31675450;ILLUMINA;Paired;;SRX27037855;SRA	Environment	Plant	Musa sp.	2007				Europe	France	French Guiana	French Guiana					Max Planck Institute for Biology Tuebingen	Ralstonia solanacearum					PRJNA1196686	SRP550707	SAMN45624252	SRS23501090	2025-07-16	2025-06-01	RAL_AA1662AA	Assembled	194.8	5.2	47714	5435529	Ralstonia solanacearum;99.81%	216	17318	RAL_AA1690AA_AS
RAL_AA1663AA	RUN2173	SRR31675454;ILLUMINA;Paired;;SRX27037851;SRA	Environment	Plant	Solanum melongena	2012				South America	French Guiana	Guyane	Guyane	Arrondissement de Cayenne				Max Planck Institute for Biology Tuebingen	Ralstonia solanacearum					PRJNA1196686	SRP550707	SAMN45624614	SRS23501087	2025-07-16	2025-06-01	RAL_AA1663AA	Assembled	79	5.2	94751	5857991	Ralstonia solanacearum;98.97%	234	12731	RAL_AA1691AA_AS
RAL_AA1664AA	RUN2011	SRR31675455;ILLUMINA;Paired;;SRX27037850;SRA	Environment	Plant	Solanum lycopersicum	2011				South America	French Guiana					5.48333	-53.01667	Max Planck Institute for Biology Tuebingen	Ralstonia solanacearum					PRJNA1196686	SRP550707	SAMN45624613	SRS23501085	2025-07-16	2025-06-01	RAL_AA1664AA	Assembled	94	5.2	74081	5514492	Ralstonia solanacearum;99.05%	184	11754	RAL_AA1692AA_AS
RAL_AA1665AA	RUN0430	SRR31675456;ILLUMINA;Paired;;SRX27037849;SRA	Environment	Plant	Musa sp.	2006				North America	Martinique	Martinique	Martinique	Arrondissement de La Trinité				Max Planck Institute for Biology Tuebingen	Ralstonia solanacearum					PRJNA1196686	SRP550707	SAMN45624235	SRS23501086	2025-07-16	2025-06-01	RAL_AA1665AA	Assembled	46.4	5.2	51936	5560486	Ralstonia solanacearum;99.08%	243	31361	RAL_AA1693AA_AS
RAL_AA1666AA	RUN2010	SRR31675457;ILLUMINA;Paired;;SRX27037848;SRA	Environment	Plant	Solanum lycopersicum	2011				South America	French Guiana					5.48333	-53.01667	Max Planck Institute for Biology Tuebingen	Ralstonia solanacearum					PRJNA1196686	SRP550707	SAMN45624612	SRS23501084	2025-07-16	2025-06-01	RAL_AA1666AA	Assembled	67.6	5.2	72606	5889317	Ralstonia solanacearum;97.24%	228	14304	RAL_AA1694AA_AS
RAL_AA1667AA	RUN2009	SRR31675458;ILLUMINA;Paired;;SRX27037847;SRA	Environment	Plant	Solanum lycopersicum	2011				South America	French Guiana					5.48333	-53.01667	Max Planck Institute for Biology Tuebingen	Ralstonia solanacearum					PRJNA1196686	SRP550707	SAMN45624611	SRS23501083	2025-07-16	2025-06-01	RAL_AA1667AA	Assembled	112	5.2	111643	5516283	Ralstonia solanacearum;99.06%	132	5705	RAL_AA1695AA_AS
RAL_AA1669AA	RUN2007	SRR31675460;ILLUMINA;Paired;;SRX27037845;SRA	Environment	Plant	Solanum lycopersicum	2011				South America	French Guiana					5.48333	-53.01667	Max Planck Institute for Biology Tuebingen	Ralstonia solanacearum					PRJNA1196686	SRP550707	SAMN45624609	SRS23501081	2025-07-16	2025-06-01	RAL_AA1669AA	Assembled	95	5.2	117016	5515743	Ralstonia solanacearum;99.06%	123	4918	RAL_AA1697AA_AS
RAL_AA1670AA	RUN2006	SRR31675461;ILLUMINA;Paired;;SRX27037844;SRA	Environment	Plant	Solanum lycopersicum	2011				South America	French Guiana					5.48333	-53.01667	Max Planck Institute for Biology Tuebingen	Ralstonia solanacearum					PRJNA1196686	SRP550707	SAMN45624608	SRS23501080	2025-07-16	2025-06-01	RAL_AA1670AA	Assembled	52	5.2	59960	5861958	Ralstonia solanacearum;97.69%	245	15774	RAL_AA1698AA_AS
RAL_AA1671AA	RUN2005	SRR31675462;ILLUMINA;Paired;;SRX27037843;SRA	Environment	Plant	Solanum lycopersicum	2011				South America	French Guiana					5.48333	-53.01667	Max Planck Institute for Biology Tuebingen	Ralstonia solanacearum					PRJNA1196686	SRP550707	SAMN45624607	SRS23501078	2025-07-16	2025-06-01	RAL_AA1671AA	Assembled	147	5.2	80573	5865437	Ralstonia solanacearum;97.91%	205	7352	RAL_AA1699AA_AS
RAL_AA1672AA	RUN2004	SRR31675463;ILLUMINA;Paired;;SRX27037842;SRA	Environment	Plant	Solanum lycopersicum	2011				South America	French Guiana					5.48333	-53.01667	Max Planck Institute for Biology Tuebingen	Ralstonia solanacearum					PRJNA1196686	SRP550707	SAMN45624606	SRS23501079	2025-07-16	2025-06-01	RAL_AA1672AA	Assembled	147.4	5.2	117432	5515389	Ralstonia solanacearum;99.07%	115	3659	RAL_AA1700AA_AS
RAL_AA1673AA	RUN2003	SRR31675464;ILLUMINA;Paired;;SRX27037841;SRA	Environment	Plant	Solanum lycopersicum	2011				South America	French Guiana					5.48333	-53.01667	Max Planck Institute for Biology Tuebingen	Ralstonia solanacearum					PRJNA1196686	SRP550707	SAMN45624605	SRS23501077	2025-07-16	2025-06-01	RAL_AA1673AA	Assembled	61.1	5.2	65796	5865089	Ralstonia solanacearum;97.73%	240	12707	RAL_AA1701AA_AS
RAL_AA1674AA	RUN2002	SRR31675465;ILLUMINA;Paired;;SRX27037840;SRA	Environment	Plant	Solanum lycopersicum	2011				South America	French Guiana	Guyane	Guyane	Arrondissement de Cayenne				Max Planck Institute for Biology Tuebingen	Ralstonia solanacearum					PRJNA1196686	SRP550707	SAMN45624604	SRS23501076	2025-07-16	2025-06-01	RAL_AA1674AA	Assembled	89.6	5.2	106925	5447476	Ralstonia solanacearum;99.24%	120	7122	RAL_AA1702AA_AS
RAL_AA1675AA	RUN2001	SRR31675466;ILLUMINA;Paired;;SRX27037839;SRA	Environment	Plant	Solanum lycopersicum	2011				South America	French Guiana	Guyane	Guyane	Arrondissement de Cayenne				Max Planck Institute for Biology Tuebingen	Ralstonia solanacearum					PRJNA1196686	SRP550707	SAMN45624603	SRS23501075	2025-07-16	2025-06-01	RAL_AA1675AA	Assembled	99.5	5.2	110839	5447701	Ralstonia solanacearum;99.04%	109	4945	RAL_AA1703AA_AS
RAL_AA1676AA	RUN0429	SRR31675467;ILLUMINA;Paired;;SRX27037838;SRA	Environment	Plant	Musa sp.	2006				North America	Martinique	Martinique	Martinique	Arrondissement de La Trinité				Max Planck Institute for Biology Tuebingen	Ralstonia solanacearum					PRJNA1196686	SRP550707	SAMN45624234	SRS23501074	2025-07-16	2025-06-01	RAL_AA1676AA	Assembled	144.9	5.2	93857	5563829	Ralstonia solanacearum;99.07%	167	11129	RAL_AA1704AA_AS
RAL_AA1677AA	RUN2000	SRR31675468;ILLUMINA;Paired;;SRX27037837;SRA	Environment	Plant	Solanum lycopersicum	2011				South America	French Guiana	Guyane	Guyane	Arrondissement de Cayenne				Max Planck Institute for Biology Tuebingen	Ralstonia solanacearum					PRJNA1196686	SRP550707	SAMN45624602	SRS23501073	2025-07-16	2025-06-01	RAL_AA1677AA	Assembled	106.8	5.2	106223	5446216	Ralstonia solanacearum;99.04%	116	6546	RAL_AA1705AA_AS
RAL_AA1678AA	RUN1999	SRR31675469;ILLUMINA;Paired;;SRX27037836;SRA	Environment	Plant	Solanum lycopersicum	2011				South America	French Guiana	Guyane	Guyane	Arrondissement de Cayenne				Max Planck Institute for Biology Tuebingen	Ralstonia solanacearum					PRJNA1196686	SRP550707	SAMN45624601	SRS23501072	2025-07-16	2025-06-01	RAL_AA1678AA	Assembled	104	5.2	103619	5446398	Ralstonia solanacearum;99.43%	129	7631	RAL_AA1706AA_AS
RAL_AA1679AA	RUN1998	SRR31675470;ILLUMINA;Paired;;SRX27037835;SRA	Environment	Plant	Solanum lycopersicum	2011				South America	French Guiana	Guyane	Guyane	Arrondissement de Cayenne				Max Planck Institute for Biology Tuebingen	Ralstonia solanacearum					PRJNA1196686	SRP550707	SAMN45624600	SRS23501071	2025-07-16	2025-06-01	RAL_AA1679AA	Assembled	78.2	5.2	72639	5442814	Ralstonia solanacearum;99.0%	143	10412	RAL_AA1707AA_AS
RAL_AA1680AA	RUN1997	SRR31675471;ILLUMINA;Paired;;SRX27037834;SRA	Environment	Plant	Solanum lycopersicum	2011				South America	French Guiana	Guyane	Guyane	Arrondissement de Cayenne				Max Planck Institute for Biology Tuebingen	Ralstonia solanacearum					PRJNA1196686	SRP550707	SAMN45624599	SRS23501070	2025-07-16	2025-06-01	RAL_AA1680AA	Assembled	133.4	5.2	106312	5558513	Ralstonia solanacearum;99.06%	140	7917	RAL_AA1708AA_AS
RAL_AA1681AA	RUN1996	SRR31675472;ILLUMINA;Paired;;SRX27037833;SRA	Environment	Plant	Solanum lycopersicum	2011				South America	French Guiana	Guyane	Guyane	Arrondissement de Cayenne				Max Planck Institute for Biology Tuebingen	Ralstonia solanacearum					PRJNA1196686	SRP550707	SAMN45624598	SRS23501069	2025-07-16	2025-06-01	RAL_AA1681AA	Assembled	70.2	5.2	82474	5444991	Ralstonia solanacearum;99.24%	140	8892	RAL_AA1709AA_AS
RAL_AA1682AA	RUN1995	SRR31675473;ILLUMINA;Paired;;SRX27037832;SRA	Environment	Plant	Solanum lycopersicum	2011				South America	French Guiana	Guyane	Guyane	Arrondissement de Cayenne				Max Planck Institute for Biology Tuebingen	Ralstonia solanacearum					PRJNA1196686	SRP550707	SAMN45624597	SRS23501067	2025-07-16	2025-06-01	RAL_AA1682AA	Assembled	96.8	5.2	110839	5448649	Ralstonia solanacearum;99.04%	121	6348	RAL_AA1710AA_AS
RAL_AA1683AA	RUN1994	SRR31675474;ILLUMINA;Paired;;SRX27037831;SRA	Environment	Plant	Solanum lycopersicum	2011				South America	French Guiana	Guyane	Guyane	Arrondissement de Cayenne				Max Planck Institute for Biology Tuebingen	Ralstonia solanacearum					PRJNA1196686	SRP550707	SAMN45624596	SRS23501068	2025-07-16	2025-06-01	RAL_AA1683AA	Assembled	100.6	5.2	82491	5437607	Ralstonia solanacearum;99.04%	138	9508	RAL_AA1711AA_AS
RAL_AA1684AA	RUN1249	SRR31675475;ILLUMINA;Paired;;SRX27037830;SRA	Environment	Plant	Anthurium andreanum	2002				North America	Martinique	Martinique	Martinique	Arrondissement de La Trinité				Max Planck Institute for Biology Tuebingen	Ralstonia solanacearum					PRJNA1196686	SRP550707	SAMN45624531	SRS23501066	2025-07-16	2025-06-01	RAL_AA1684AA	Assembled	156	5.2	96268	5558895	Ralstonia solanacearum;99.06%	149	6410	RAL_AA1712AA_AS
RAL_AA1685AA	RUN1247	SRR31675476;ILLUMINA;Paired;;SRX27037829;SRA	Environment	Plant	Solanum lycopersicum	2002				North America	Martinique	Martinique	Martinique	Arrondissement de La Trinité				Max Planck Institute for Biology Tuebingen	Ralstonia solanacearum					PRJNA1196686	SRP550707	SAMN45624530	SRS23501065	2025-07-16	2025-06-01	RAL_AA1685AA	Assembled	125.5	5.2	76902	5771366	Ralstonia solanacearum;99.1%	166	7576	RAL_AA1713AA_AS
RAL_AA1686AA	RUN1246	SRR31675477;ILLUMINA;Paired;;SRX27037828;SRA	Environment	Plant	Solanum lycopersicum	2002				North America	Martinique	Martinique	Martinique	Arrondissement du Marin				Max Planck Institute for Biology Tuebingen	Ralstonia solanacearum					PRJNA1196686	SRP550707	SAMN45624529	SRS23501064	2025-07-16	2025-06-01	RAL_AA1686AA	Assembled	106.6	5.2	45016	5801003	Ralstonia solanacearum;99.49%	366	22707	RAL_AA1714AA_AS
RAL_AA1688AA	RUN1239	SRR31675479;ILLUMINA;Paired;;SRX27037826;SRA	Environment	Plant	Solanum lycopersicum	1997				North America	Martinique	Martinique	Martinique	Arrondissement de Fort-de-France				Max Planck Institute for Biology Tuebingen	Ralstonia solanacearum					PRJNA1196686	SRP550707	SAMN45624527	SRS23501063	2025-07-16	2025-06-01	RAL_AA1688AA	Assembled	118.3	5.2	93845	5656762	Ralstonia solanacearum;99.46%	177	8238	RAL_AA1716AA_AS
RAL_AA1689AA	RUN1235	SRR31675480;ILLUMINA;Paired;;SRX27037825;SRA	Environment	Plant	Solanum lycopersicum	2007				North America	Martinique	Martinique	Martinique	Arrondissement du Marin				Max Planck Institute for Biology Tuebingen	Ralstonia solanacearum					PRJNA1196686	SRP550707	SAMN45624526	SRS23501061	2025-07-16	2025-06-01	RAL_AA1689AA	Assembled	97.5	5.2	78825	5741657	Ralstonia solanacearum;97.01%	206	5491	RAL_AA1717AA_AS
RAL_AA1690AA	RUN1233	SRR31675481;ILLUMINA;Paired;;SRX27037824;SRA	Environment	Plant	Anthurium andreanum	2002				North America	Martinique	Martinique	Martinique	Arrondissement de La Trinité				Max Planck Institute for Biology Tuebingen	Ralstonia solanacearum					PRJNA1196686	SRP550707	SAMN45624525	SRS23501059	2025-07-16	2025-06-01	RAL_AA1690AA	Assembled	51	5.2	90062	5557756	Ralstonia solanacearum;99.06%	164	13376	RAL_AA1718AA_AS
RAL_AA1691AA	RUN1232	SRR31675482;ILLUMINA;Paired;;SRX27037823;SRA	Environment	Plant	Solanum lycopersicum	2005				North America	Martinique	Martinique	Martinique	Arrondissement de Saint-Pierre				Max Planck Institute for Biology Tuebingen	Ralstonia solanacearum					PRJNA1196686	SRP550707	SAMN45624524	SRS23501060	2025-07-16	2025-06-01	RAL_AA1691AA	Assembled	72.7	5.2	66558	5648904	Ralstonia solanacearum;99.46%	229	13780	RAL_AA1719AA_AS
RAL_AA1692AA	RUN1231	SRR31675483;ILLUMINA;Paired;;SRX27037822;SRA	Environment	Water/River	water_lake	2005				North America	Martinique	Martinique	Martinique	Arrondissement du Marin				Max Planck Institute for Biology Tuebingen	Ralstonia solanacearum					PRJNA1196686	SRP550707	SAMN45624523	SRS23501058	2025-07-16	2025-06-01	RAL_AA1692AA	Assembled	61.9	5.2	40744	5474555	Ralstonia solanacearum;98.86%	287	11953	RAL_AA1720AA_AS
RAL_AA1693AA	RUN0296	SRR31675484;ILLUMINA;Paired;;SRX27037821;SRA	Environment	Plant	Musa acuminata x balbisiana AAB	2004				North America	Martinique	Martinique	Martinique	Arrondissement de La Trinité				Max Planck Institute for Biology Tuebingen	Ralstonia solanacearum					PRJNA1196686	SRP550707	SAMN45624226	SRS23501056	2025-07-16	2025-06-01	RAL_AA1693AA	Assembled	165	5.2	65042	5564284	Ralstonia solanacearum;99.05%	200	16715	RAL_AA1721AA_AS
RAL_AA1694AA	RUN1230	SRR31675485;ILLUMINA;Paired;;SRX27037820;SRA	Environment	Plant	Solanum lycopersicum	2002				North America	Martinique	Martinique	Martinique	Arrondissement de Fort-de-France				Max Planck Institute for Biology Tuebingen	Ralstonia solanacearum					PRJNA1196686	SRP550707	SAMN45624522	SRS23501057	2025-07-16	2025-06-01	RAL_AA1694AA	Assembled	135	5.2	99744	5560224	Ralstonia solanacearum;99.06%	151	6967	RAL_AA1722AA_AS
RAL_AA1695AA	RUN1229	SRR31675486;ILLUMINA;Paired;;SRX27037819;SRA	Environment	Plant	Solanum lycopersicum	2002				North America	Martinique	Martinique	Martinique	Arrondissement de Fort-de-France				Max Planck Institute for Biology Tuebingen	Ralstonia solanacearum					PRJNA1196686	SRP550707	SAMN45624521	SRS23501055	2025-07-16	2025-06-01	RAL_AA1695AA	Assembled	124.5	5.2	111027	5559289	Ralstonia solanacearum;99.06%	139	5515	RAL_AA1723AA_AS
RAL_AA1696AA	RUN1228	SRR31675487;ILLUMINA;Paired;;SRX27037818;SRA	Environment	Water/River	water_lake	2005				North America	Martinique	Martinique	Martinique	Arrondissement du Marin				Max Planck Institute for Biology Tuebingen	Ralstonia solanacearum					PRJNA1196686	SRP550707	SAMN45624520	SRS23501054	2025-07-16	2025-06-01	RAL_AA1696AA	Assembled	114.3	5.2	49128	5480281	Ralstonia solanacearum;99.05%	263	5595	RAL_AA1724AA_AS
RAL_AA1697AA	RUN1227	SRR31675488;ILLUMINA;Paired;;SRX27037817;SRA	Environment	Plant	Anthurium andreanum	2002				North America	Martinique	Martinique	Martinique	Arrondissement de La Trinité				Max Planck Institute for Biology Tuebingen	Ralstonia solanacearum					PRJNA1196686	SRP550707	SAMN45624519	SRS23501053	2025-07-16	2025-06-01	RAL_AA1697AA	Assembled	82.7	5.2	94589	5559868	Ralstonia solanacearum;99.05%	163	10131	RAL_AA1725AA_AS
RAL_AA1698AA	RUN1226	SRR31675489;ILLUMINA;Paired;;SRX27037816;SRA	Environment	Water/River	water_river_baited_Solanum	2005				North America	Martinique	Martinique	Martinique	Arrondissement de La Trinité				Max Planck Institute for Biology Tuebingen	Ralstonia solanacearum					PRJNA1196686	SRP550707	SAMN45624518	SRS23501051	2025-07-16	2025-06-01	RAL_AA1698AA	Assembled	63.1	5.2	68196	5556436	Ralstonia solanacearum;99.07%	183	15545	RAL_AA1726AA_AS
RAL_AA1699AA	RUN1224	SRR31675490;ILLUMINA;Paired;;SRX27037815;SRA	Environment	Plant	Anthurium andreanum	2002				North America	Martinique	Martinique	Martinique	Arrondissement de La Trinité				Max Planck Institute for Biology Tuebingen	Ralstonia solanacearum					PRJNA1196686	SRP550707	SAMN45624517	SRS23501052	2025-07-16	2025-06-01	RAL_AA1699AA	Assembled	60.1	5.2	20098	5436628	Ralstonia solanacearum;99.04%	518	41274	RAL_AA1727AA_AS
RAL_AA1700AA	RUN1223	SRR31675491;ILLUMINA;Paired;;SRX27037814;SRA	Environment	Plant	Solanum lycopersicum	2005				North America	Martinique	Martinique	Martinique	Arrondissement du Marin				Max Planck Institute for Biology Tuebingen	Ralstonia solanacearum					PRJNA1196686	SRP550707	SAMN45624516	SRS23501050	2025-07-16	2025-06-01	RAL_AA1700AA	Assembled	162.9	5.2	53695	5810687	Ralstonia solanacearum;99.49%	323	12227	RAL_AA1728AA_AS
RAL_AA1701AA	RUN1222	SRR31675492;ILLUMINA;Paired;;SRX27037813;SRA	Environment	Plant	Solanum lycopersicum	2006				North America	Martinique	Martinique	Martinique	Arrondissement de Fort-de-France				Max Planck Institute for Biology Tuebingen	Ralstonia solanacearum					PRJNA1196686	SRP550707	SAMN45624515	SRS23501049	2025-07-16	2025-06-01	RAL_AA1701AA	Assembled	138.3	5.2	98955	5558511	Ralstonia solanacearum;99.06%	143	7064	RAL_AA1729AA_AS
RAL_AA1702AA	RUN1221	SRR31675493;ILLUMINA;Paired;;SRX27037812;SRA	Environment	Plant	Musa acuminata x balbisiana AAB	2004				North America	Martinique	Martinique	Martinique	Arrondissement de La Trinité				Max Planck Institute for Biology Tuebingen	Ralstonia solanacearum					PRJNA1196686	SRP550707	SAMN45624514	SRS23501048	2025-07-16	2025-06-01	RAL_AA1702AA	Assembled	104.3	5.2	111628	5562620	Ralstonia solanacearum;98.87%	134	5690	RAL_AA1730AA_AS
RAL_AA1703AA	RUN1220	SRR31675494;ILLUMINA;Paired;;SRX27037811;SRA	Environment	Plant	Musa acuminata x balbisiana AAB	2004				North America	Martinique	Martinique	Martinique	Arrondissement de La Trinité				Max Planck Institute for Biology Tuebingen	Ralstonia solanacearum					PRJNA1196686	SRP550707	SAMN45624513	SRS23501047	2025-07-16	2025-06-01	RAL_AA1703AA	Assembled	80.1	5.2	101866	5616784	Ralstonia solanacearum;97.79%	155	12099	RAL_AA1731AA_AS
RAL_AA1704AA	RUN0295	SRR31675495;ILLUMINA;Paired;;SRX27037810;SRA	Environment	Plant	Musa acuminata x balbisiana AAB	2004				North America	Martinique	Martinique	Martinique	Arrondissement de La Trinité				Max Planck Institute for Biology Tuebingen	Ralstonia solanacearum					PRJNA1196686	SRP550707	SAMN45624225	SRS23501046	2025-07-16	2025-06-01	RAL_AA1704AA	Assembled	128.2	5.2	101497	5566255	Ralstonia solanacearum;99.06%	141	9138	RAL_AA1732AA_AS
RAL_AA1705AA	RUN1215	SRR31675496;ILLUMINA;Paired;;SRX27037809;SRA	Environment	Plant	Solanum lycopersicum	2007				North America	Martinique	Martinique	Martinique	Arrondissement de La Trinité				Max Planck Institute for Biology Tuebingen	Ralstonia solanacearum					PRJNA1196686	SRP550707	SAMN45624512	SRS23501045	2025-07-16	2025-06-01	RAL_AA1705AA	Assembled	99.4	5.2	53209	5293479	Ralstonia solanacearum;97.89%	274	7211	RAL_AA1733AA_AS
RAL_AA1706AA	RUN1214	SRR31675497;ILLUMINA;Paired;;SRX27037808;SRA	Environment	Plant	Solanum lycopersicum	2007				North America	Martinique	Martinique	Martinique	Arrondissement de La Trinité				Max Planck Institute for Biology Tuebingen	Ralstonia solanacearum					PRJNA1196686	SRP550707	SAMN45624511	SRS23501044	2025-07-16	2025-06-01	RAL_AA1706AA	Assembled	127.3	5.2	53923	5301181	Ralstonia solanacearum;98.08%	272	5855	RAL_AA1734AA_AS
RAL_AA1707AA	RUN1212	SRR31675498;ILLUMINA;Paired;;SRX27037807;SRA	Environment	Plant	Solanum lycopersicum	2007				North America	Martinique	Martinique	Martinique	Arrondissement de La Trinité				Max Planck Institute for Biology Tuebingen	Ralstonia solanacearum					PRJNA1196686	SRP550707	SAMN45624510	SRS23501043	2025-07-16	2025-06-01	RAL_AA1707AA	Assembled	149	5.2	116191	5561460	Ralstonia solanacearum;99.07%	123	4898	RAL_AA1735AA_AS
RAL_AA1708AA	RUN1134	SRR31675499;ILLUMINA;Paired;;SRX27037806;SRA	Environment	Plant	Cucurbita pepo	2007				North America	Martinique	Martinique	Martinique	Arrondissement de La Trinité				Max Planck Institute for Biology Tuebingen	Ralstonia solanacearum					PRJNA1196686	SRP550707	SAMN45624444	SRS23501042	2025-07-16	2025-06-01	RAL_AA1708AA	Assembled	96.7	5.2	47711	5556185	Ralstonia solanacearum;99.1%	260	16006	RAL_AA1736AA_AS
RAL_AA1709AA	RUN1133	SRR31675500;ILLUMINA;Paired;;SRX27037805;SRA	Environment	Plant	Cucurbita pepo	2007				North America	Martinique	Martinique	Martinique	Arrondissement de La Trinité				Max Planck Institute for Biology Tuebingen	Ralstonia solanacearum					PRJNA1196686	SRP550707	SAMN45624443	SRS23501041	2025-07-16	2025-06-01	RAL_AA1709AA	Assembled	155.6	5.2	152010	5562834	Ralstonia solanacearum;99.07%	113	3789	RAL_AA1737AA_AS
RAL_AA1710AA	RUN0288	SRR31675501;ILLUMINA;Paired;;SRX27037804;SRA	Environment	Plant	Canna indica	2002				North America	Martinique	Martinique	Martinique	Arrondissement de Fort-de-France				Max Planck Institute for Biology Tuebingen	Ralstonia solanacearum					PRJNA1196686	SRP550707	SAMN45624218	SRS23501040	2025-07-16	2025-06-01	RAL_AA1710AA	Assembled	167.7	5.2	46170	5484315	Ralstonia solanacearum;99.05%	265	8227	RAL_AA1738AA_AS
RAL_AA1711AA	RUN1132	SRR31675502;ILLUMINA;Paired;;SRX27037803;SRA	Environment	Plant	Cucurbita pepo	2007				North America	Martinique	Martinique	Martinique	Arrondissement de La Trinité				Max Planck Institute for Biology Tuebingen	Ralstonia solanacearum					PRJNA1196686	SRP550707	SAMN45624442	SRS23501039	2025-07-16	2025-06-01	RAL_AA1711AA	Assembled	105.3	5.2	105784	5561993	Ralstonia solanacearum;99.05%	135	4878	RAL_AA1739AA_AS
RAL_AA1713AA	RUN1130	SRR31675504;ILLUMINA;Paired;;SRX27037801;SRA	Environment	Plant	Cucumis melo	2007				North America	Martinique	Martinique	Martinique	Arrondissement du Marin				Max Planck Institute for Biology Tuebingen	Ralstonia solanacearum					PRJNA1196686	SRP550707	SAMN45624440	SRS23501037	2025-07-16	2025-06-01	RAL_AA1713AA	Assembled	117	5.2	111633	5561106	Ralstonia solanacearum;99.06%	144	5188	RAL_AA1741AA_AS
RAL_AA1714AA	RUN1129	SRR31675505;ILLUMINA;Paired;;SRX27037800;SRA	Environment	Plant	Solanum lycopersicum	2007				North America	Martinique	Martinique	Martinique	Arrondissement de La Trinité				Max Planck Institute for Biology Tuebingen	Ralstonia solanacearum					PRJNA1196686	SRP550707	SAMN45624439	SRS23501036	2025-07-16	2025-06-01	RAL_AA1714AA	Assembled	153.9	5.2	54679	5302802	Ralstonia solanacearum;97.89%	268	4847	RAL_AA1742AA_AS
RAL_AA1715AA	RUN1128	SRR31675506;ILLUMINA;Paired;;SRX27037799;SRA	Environment	Plant	Solanum lycopersicum	2007				North America	Martinique	Martinique	Martinique	Arrondissement de La Trinité				Max Planck Institute for Biology Tuebingen	Ralstonia solanacearum					PRJNA1196686	SRP550707	SAMN45624438	SRS23501035	2025-07-16	2025-06-01	RAL_AA1715AA	Assembled	149.2	5.2	55953	5291397	Ralstonia solanacearum;98.09%	263	4822	RAL_AA1743AA_AS
RAL_AA1716AA	RUN1127	SRR31675507;ILLUMINA;Paired;;SRX27037798;SRA	Environment	Plant	Solanum lycopersicum	2001				Europe	France	Martinique						Max Planck Institute for Biology Tuebingen	Ralstonia solanacearum					PRJNA1196686	SRP550707	SAMN45624437	SRS23501034	2025-07-16	2025-06-01	RAL_AA1716AA	Assembled	178.1	5.2	115352	5562165	Ralstonia solanacearum;99.08%	129	4225	RAL_AA1799AA_AS
RAL_AA1717AA	RUN1125	SRR31675509;ILLUMINA;Paired;;SRX27037796;SRA	Environment	Plant	Solanum lycopersicum	2003				North America	Martinique	Martinique	Martinique	Arrondissement de Saint-Pierre				Max Planck Institute for Biology Tuebingen	Ralstonia solanacearum					PRJNA1196686	SRP550707	SAMN45624435	SRS23501032	2025-07-16	2025-06-01	RAL_AA1717AA	Assembled	114.8	5.2	53875	5340821	Ralstonia solanacearum;98.08%	284	5979	RAL_AA1745AA_AS
RAL_AA1719AA	RUN1121	SRR31675511;ILLUMINA;Paired;;SRX27037794;SRA	Environment	Water/River	water_lake_baited_Solanum	2005				North America	Martinique	Martinique	Martinique	Arrondissement du Marin				Max Planck Institute for Biology Tuebingen	Ralstonia solanacearum					PRJNA1196686	SRP550707	SAMN45624433	SRS23501030	2025-07-16	2025-06-01	RAL_AA1719AA	Assembled	72	5.2	32856	5551076	Ralstonia solanacearum;99.1%	337	27462	RAL_AA1747AA_AS
RAL_AA1720AA	RUN0287	SRR31675512;ILLUMINA;Paired;;SRX27037793;SRA	Environment	Plant	Solanum lycopersicum	2002				North America	Martinique	Martinique	Martinique	Arrondissement du Marin				Max Planck Institute for Biology Tuebingen	Ralstonia solanacearum					PRJNA1196686	SRP550707	SAMN45624217	SRS23501029	2025-07-16	2025-06-01	RAL_AA1720AA	Assembled	138.7	5.2	63149	5566421	Ralstonia solanacearum;99.06%	199	16251	RAL_AA1748AA_AS
RAL_AA1721AA	RUN1112	SRR31675513;ILLUMINA;Paired;;SRX27037792;SRA	Environment	Plant	Solanum lycopersicum	1997				North America	Martinique	Martinique	Martinique	Arrondissement de Fort-de-France				Max Planck Institute for Biology Tuebingen	Ralstonia solanacearum					PRJNA1196686	SRP550707	SAMN45624432	SRS23501028	2025-07-16	2025-06-01	RAL_AA1721AA	Assembled	88.5	5.2	40636	5651521	Ralstonia solanacearum;99.64%	321	22642	RAL_AA1749AA_AS
RAL_AA1722AA	RUN1105	SRR31675515;ILLUMINA;Paired;;SRX27037790;SRA	Environment	Plant	Musa acuminata x balbisiana AAA	2003				North America	Martinique	Martinique	Martinique	Arrondissement de Fort-de-France				Max Planck Institute for Biology Tuebingen	Ralstonia solanacearum					PRJNA1196686	SRP550707	SAMN45624430	SRS23501026	2025-07-16	2025-06-01	RAL_AA1722AA	Assembled	104.9	5.2	109917	5561532	Ralstonia solanacearum;99.06%	127	4362	RAL_AA1750AA_AS
RAL_AA1723AA	RUN1104	SRR31675516;ILLUMINA;Paired;;SRX27037789;SRA	Environment	Plant	Anthurium andreanum	2002				North America	Martinique	Martinique	Martinique	Arrondissement de La Trinité				Max Planck Institute for Biology Tuebingen	Ralstonia solanacearum					PRJNA1196686	SRP550707	SAMN45624429	SRS23501025	2025-07-16	2025-06-01	RAL_AA1723AA	Assembled	74.3	5.2	111617	5561852	Ralstonia solanacearum;99.06%	135	6719	RAL_AA1751AA_AS
RAL_AA1724AA	RUN1100	SRR31675520;ILLUMINA;Paired;;SRX27037785;SRA	Environment	Plant	Solanum lycopersicum	1993				North America	Martinique	Martinique	Martinique	Arrondissement de La Trinité				Max Planck Institute for Biology Tuebingen	Ralstonia solanacearum					PRJNA1196686	SRP550707	SAMN45624425	SRS23501021	2025-07-16	2025-06-01	RAL_AA1724AA	Assembled	108.9	5.2	95161	5473142	Ralstonia solanacearum;98.85%	116	5379	RAL_AA1752AA_AS
RAL_AA1725AA	RUN1099	SRR31675521;ILLUMINA;Paired;;SRX27037784;SRA	Environment	Plant	Solanum lycopersicum	2002				North America	Martinique	Martinique	Martinique	Arrondissement de La Trinité				Max Planck Institute for Biology Tuebingen	Ralstonia solanacearum					PRJNA1196686	SRP550707	SAMN45624424	SRS23501020	2025-07-16	2025-06-01	RAL_AA1725AA	Assembled	119.9	5.2	111643	5561949	Ralstonia solanacearum;99.06%	137	4524	RAL_AA1753AA_AS
RAL_AA1726AA	RUN1098	SRR31675522;ILLUMINA;Paired;;SRX27037783;SRA	Environment	Plant	Anthurium andreanum	2002				North America	Martinique	Martinique	Martinique	Arrondissement de Fort-de-France				Max Planck Institute for Biology Tuebingen	Ralstonia solanacearum					PRJNA1196686	SRP550707	SAMN45624423	SRS23501019	2025-07-16	2025-06-01	RAL_AA1726AA	Assembled	77.1	5.2	71488	5559962	Ralstonia solanacearum;99.05%	178	8662	RAL_AA1754AA_AS
RAL_AA1727AA	RUN0816	SRR31675523;ILLUMINA;Paired;;SRX27037782;SRA	Environment	Plant	Cucumis sativus	2002				North America	Martinique	Martinique	Martinique	Arrondissement du Marin				Max Planck Institute for Biology Tuebingen	Ralstonia solanacearum					PRJNA1196686	SRP550707	SAMN45624358	SRS23501018	2025-07-16	2025-06-01	RAL_AA1727AA	Assembled	60.8	5.2	103825	5562004	Ralstonia solanacearum;99.07%	156	8720	RAL_AA1755AA_AS
RAL_AA1728AA	RUN0815	SRR31675524;ILLUMINA;Paired;;SRX27037781;SRA	Environment	Plant	Solanum lycopersicum	2007				North America	Martinique	Martinique	Martinique	Arrondissement de La Trinité				Max Planck Institute for Biology Tuebingen	Ralstonia solanacearum					PRJNA1196686	SRP550707	SAMN45624357	SRS23501017	2025-07-16	2025-06-01	RAL_AA1728AA	Assembled	86.3	5.2	111643	5562042	Ralstonia solanacearum;99.07%	136	4871	RAL_AA1756AA_AS
RAL_AA1729AA	RUN0813	SRR31675526;ILLUMINA;Paired;;SRX27037779;SRA	Environment	Soil/Dust	soil_banana_fallow	2007				North America	Martinique	Martinique	Martinique	Arrondissement de La Trinité				Max Planck Institute for Biology Tuebingen	Ralstonia solanacearum					PRJNA1196686	SRP550707	SAMN45624355	SRS23501015	2025-07-16	2025-06-01	RAL_AA1729AA	Assembled	123.4	5.2	113910	5563821	Ralstonia solanacearum;99.07%	125	4581	RAL_AA1800AA_AS
RAL_AA1731AA	RUN0810	SRR31675530;ILLUMINA;Paired;;SRX27037775;SRA	Environment	Soil/Dust	soil_banana_fallow	2007				North America	Martinique	Martinique	Martinique	Arrondissement de La Trinité				Max Planck Institute for Biology Tuebingen	Ralstonia solanacearum					PRJNA1196686	SRP550707	SAMN45624352	SRS23501011	2025-07-16	2025-06-01	RAL_AA1731AA	Assembled	82.7	5.2	113895	5559425	Ralstonia solanacearum;99.06%	132	5221	RAL_AA1759AA_AS
RAL_AA1732AA	RUN0809	SRR31675531;ILLUMINA;Paired;;SRX27037774;SRA	Environment	Soil/Dust	soil_banana_fallow	2007				North America	Martinique	Martinique	Martinique	Arrondissement de La Trinité				Max Planck Institute for Biology Tuebingen	Ralstonia solanacearum					PRJNA1196686	SRP550707	SAMN45624351	SRS23501010	2025-07-16	2025-06-01	RAL_AA1732AA	Assembled	95.4	5.2	75115	5560013	Ralstonia solanacearum;99.06%	186	9563	RAL_AA1760AA_AS
RAL_AA1733AA	RUN0808	SRR31675532;ILLUMINA;Paired;;SRX27037773;SRA	Environment	Soil/Dust	soil_banana_fallow	2007				North America	Martinique	Martinique	Martinique	Arrondissement de La Trinité				Max Planck Institute for Biology Tuebingen	Ralstonia solanacearum					PRJNA1196686	SRP550707	SAMN45624350	SRS23501009	2025-07-16	2025-06-01	RAL_AA1733AA	Assembled	55.5	5.2	86258	5560875	Ralstonia solanacearum;99.06%	167	10648	RAL_AA1761AA_AS
RAL_AA1734AA	RUN0806	SRR31675534;ILLUMINA;Paired;;SRX27037771;SRA	Environment	Soil/Dust	soil_banana_fallow	2007				North America	Martinique	Martinique	Martinique	Arrondissement de La Trinité				Max Planck Institute for Biology Tuebingen	Ralstonia solanacearum					PRJNA1196686	SRP550707	SAMN45624348	SRS23501007	2025-07-16	2025-06-01	RAL_AA1734AA	Assembled	55.7	5.2	38722	5555088	Ralstonia solanacearum;99.11%	336	30572	RAL_AA1762AA_AS
RAL_AA1753AA	NCPPB 3728	SRR30016862;OXFORD_NANOPORE;Single;;SRX25495943;SRA,SRR29655361;ILLUMINA;Paired;;SRX25159407;SRA	Environment	Plant	Musa					Asia	Indonesia	North Sulawesi						University of Exeter	Ralstonia syzygii					PRJNA1130007	SRP517073	SAMN42180106	SRS21850002	2025-07-16	2024-07-29	RAL_AA1753AA	Assembled	222.3	5.2	54686	4721332	blood disease bacterium A2-HR MARDI;92.28%	172	873	RAL_AA1767AA_AS
RAL_AA1754AA	NCPPB 3727	SRR30016863;OXFORD_NANOPORE;Single;;SRX25495942;SRA,SRR29655362;ILLUMINA;Paired;;SRX25159406;SRA	Environment	Plant	Musa	1988				Asia	Indonesia	South Sulawesi						University of Exeter	Ralstonia syzygii					PRJNA1130007	SRP517073	SAMN42180105	SRS21850001	2025-07-16	2024-07-29	RAL_AA1754AA	Assembled	10.2	5.2	486	442758	blood disease bacterium A2-HR MARDI;100.0%	871	430374	RAL_AA1768AA_AS
RAL_AA1755AA	NCPPB 3726	SRR30016864;OXFORD_NANOPORE;Single;;SRX25495941;SRA,SRR29655363;ILLUMINA;Paired;;SRX25159405;SRA	Environment	Plant	Musa	1988				Asia	Indonesia	South Sulawesi						University of Exeter	Ralstonia syzygii					PRJNA1130007	SRP517073	SAMN42180104	SRS21850000	2025-07-16	2024-07-29	RAL_AA1755AA	Assembled	222.1	5.2	66101	4832141	blood disease bacterium A2-HR MARDI;96.34%	157	669	RAL_AA1769AA_AS
RAL_AA1756AA	NCPPB 3725	SRR29655364;ILLUMINA;Paired;;SRX25159404;SRA,SRR30016865;OXFORD_NANOPORE;Single;;SRX25495940;SRA	Environment	Plant	Musa	1987				Asia	Indonesia	West Java						University of Exeter	Ralstonia syzygii					PRJNA1130007	SRP517073	SAMN42180103	SRS21849999	2025-07-16	2024-07-29	RAL_AA1756AA	Assembled	209.4	5.2	66808	5028436	blood disease bacterium A2-HR MARDI;96.28%	159	786	RAL_AA1770AA_AS
RAL_AA1757AA	MAFF 211271	DRR513096;OXFORD_NANOPORE;Single;;DRX496982;SRA,DRR513090;ILLUMINA;Paired;;DRX496976;SRA																KOCHI	Ralstonia syzygii					PRJDB17010	DRP010779	SAMD00657127	DRS341347	2025-07-16	2023-11-14	RAL_AA1757AA	Assembled	70.2	5.2	202159	5774843	Ralstonia solanacearum;90.08%	401	89657	RAL_AA1786AA_AS
RAL_AA1758AA	LMG 10661	ERR7335482;ILLUMINA;Paired;;ERX6906079;SRA	Environment	Plant	Plant					Asia	Indonesia							LM-UGent	Ralstonia syzygii					PRJEB43925	ERP127906	SAMEA10977830	ERS8627654	2025-07-16	2021-11-17	RAL_AA1758AA	Assembled	479.3	5.2	22403	4014851	Ralstonia solanacearum;95.13%	367	1323	RAL_AA1763AA_AS
RAL_AA1763AA	RUN6904	SRR34489664;ILLUMINA;Paired;;SRX29633613;SRA	Environment	Plant	Solanum melongena	2022										-5.139582	15.064194	CIRAD	Ralstonia pseudosolanacearum					PRJNA1287086	SRP600050	SAMN49812370	SRS25750400	2025-08-06	2025-07-11	RAL_AA1763AA	Assembled	238.8	5.2	86740	5781676	Ralstonia solanacearum;99.49%	186	1955	RAL_AA1828AA_AS
RAL_AA1765AA	RUN2161	SRR35491076;ILLUMINA;Paired;;SRX30567554;SRA,SRR35404195;OXFORD_NANOPORE;Single;;SRX30484107;SRA	Environment	Plant	Solanum lycopersicum; Field	2012				Africa	Mayotte	Dembeni		Tsararano				CIRAD	Ralstonia pseudosolanacearum					PRJNA1328457	SRP620445	SAMN51336171	SRS26517547	2025-09-18	2025-09-17	RAL_AA1765AA	Assembled	229.4	5.2	134533	5905276	Ralstonia solanacearum;96.28%	131	816	RAL_AA1830AA_AS
RAL_AA1767AA	RalTom1	SRR34352491;ILLUMINA;Paired;;SRX29517601;SRA,SRR34352490;OXFORD_NANOPORE;Single;;SRX29517602;SRA	Environment	Plant	tomato	2015	6	30		Asia	Thailand							Kasetsart University	Ralstonia pseudosolanacearum					PRJNA1274170	SRP598021	SAMN48977310	SRS25652862	2025-11-10	2025-09-26	RAL_AA1767AA	Assembled	364.1	5.2	106054	5959031	Ralstonia solanacearum;98.46%	199	3619	RAL_AA1832AA_AS
RAL_AA1772AA	GBBC 1202	SRR32059349;OXFORD_NANOPORE;Single;;SRX27408280;SRA,SRR32059338;ILLUMINA;Paired;;SRX27408291;SRA	Environment	Plant	ENVO_01000311; Solanum tuberosum cv. Pamina	2002				Africa	Mali							Flanders Research Institute for Agriculture, Fisheries and Food (ILVO)	Ralstonia pseudosolanacearum					PRJNA1188077	SRP558653	SAMN44820502	SRS23838238	2026-02-20	2025-12-31	RAL_AA1772AA	Assembled	259.2	5.2	209000	5651172	Ralstonia solanacearum;99.45%	89	1081	RAL_AA1833AA_AS
RAL_AA1773AA	GBBC 1200	SRR32059339;ILLUMINA;Paired;;SRX27408290;SRA,SRR32059350;OXFORD_NANOPORE;Single;;SRX27408279;SRA	Environment	Plant	ENVO_01000311; Solanum tuberosum cv. Pamina	2002				Africa	Mali							Flanders Research Institute for Agriculture, Fisheries and Food (ILVO)	Ralstonia pseudosolanacearum					PRJNA1188077	SRP558653	SAMN44820501	SRS23838237	2026-02-20	2025-12-31	RAL_AA1773AA	Assembled	192.9	5.2	94929	5815695	Ralstonia solanacearum;98.57%	189	1347	RAL_AA1834AA_AS
RAL_AA1774AA	GBBC 1172	SRR32059340;ILLUMINA;Paired;;SRX27408289;SRA,SRR32059351;OXFORD_NANOPORE;Single;;SRX27408278;SRA	Environment	Plant	ENVO_01000311; Solanum tuberosum	2004				Asia	China	Chongqing						Flanders Research Institute for Agriculture, Fisheries and Food (ILVO)	Ralstonia pseudosolanacearum					PRJNA1188077	SRP558653	SAMN44820500	SRS23838235	2026-02-20	2025-12-31	RAL_AA1774AA	Assembled	205	5.2	134353	5553478	Ralstonia solanacearum;99.82%	111	571	RAL_AA1835AA_AS
RAL_AA1775AA	GBBC 1129	SRR32059341;ILLUMINA;Paired;;SRX27408288;SRA	Environment	Plant	ENVO_01000311; Solanum tuberosum cv. Spunta	2003												Flanders Research Institute for Agriculture, Fisheries and Food (ILVO)	Ralstonia pseudosolanacearum					PRJNA1188077	SRP558653	SAMN44820499	SRS23838241	2026-02-20	2025-12-31	RAL_AA1775AA	Assembled	182.9	5.2	149390	5499634	Ralstonia solanacearum;99.45%	96	1630	RAL_AA1836AA_AS
RAL_AA1776AA	GBBC 1122	SRR32059342;ILLUMINA;Paired;;SRX27408287;SRA,SRR32059352;OXFORD_NANOPORE;Single;;SRX27408277;SRA	Environment	Plant	ENVO_01000311; Solanum tuberosum cv. Claustar	2003												Flanders Research Institute for Agriculture, Fisheries and Food (ILVO)	Ralstonia pseudosolanacearum					PRJNA1188077	SRP558653	SAMN44820498	SRS23838236	2026-02-20	2025-12-31	RAL_AA1776AA	Assembled	199.5	5.2	133096	5595997	Ralstonia solanacearum;98.72%	109	1136	RAL_AA1837AA_AS
RAL_AA1777AA	GBBC 3080	SRR32059369;ILLUMINA;Paired;;SRX27408260;SRA,SRR32059344;OXFORD_NANOPORE;Single;;SRX27408285;SRA	Environment	Plant	ENVO_03600087; Rosa sp. (cv. Lucky Red)	2015				Europe	Belgium	Flanders	Flemish Brabant Province	Arrondissement Halle-Vilvoorde				Flanders Research Institute for Agriculture, Fisheries and Food (ILVO)	Ralstonia pseudosolanacearum					PRJNA1188077	SRP558653	SAMN44820513	SRS23838217	2026-02-20	2025-12-31	RAL_AA1777AA	Assembled	225.9	5.2	97964	5700118	Ralstonia solanacearum;100.0%	184	998	RAL_AA1838AA_AS
RAL_AA1778AA	GBBC 1338	SRR32059345;OXFORD_NANOPORE;Single;;SRX27408284;SRA,SRR32059373;ILLUMINA;Paired;;SRX27408256;SRA	Environment	Plant	ENVO_01000311; Solanum melongena	2008				Asia	China	Chongqing	Chongqing	Beibei				Flanders Research Institute for Agriculture, Fisheries and Food (ILVO)	Ralstonia pseudosolanacearum					PRJNA1188077	SRP558653	SAMN44820509	SRS23838214	2026-02-20	2025-12-31	RAL_AA1778AA	Assembled	179	5.2	107915	5681720	Ralstonia solanacearum;99.83%	186	1142	RAL_AA1839AA_AS
RAL_AA1779AA	CFBP 8427	SRR32059346;ILLUMINA;Paired;;SRX27408283;SRA	Environment	Plant	ENVO_01000311; Solanum lycopersicum	2003				Asia	Indonesia							Flanders Research Institute for Agriculture, Fisheries and Food (ILVO)	Ralstonia pseudosolanacearum					PRJNA1188077	SRP558653	SAMN44820497	SRS23838240	2026-02-20	2025-12-31	RAL_AA1779AA	Assembled	235.9	5.2	115739	5522030	Ralstonia solanacearum;99.46%	119	1023	RAL_AA1840AA_AS
RAL_AA1785AA	GBBC 579	SRR32059356;ILLUMINA;Paired;;SRX27408273;SRA	Environment	Plant	ENVO_01000317; Solanum dulcamara	1996				Europe	Belgium	Flanders	Antwerp Province	Arrondissement Turnhout				Flanders Research Institute for Agriculture, Fisheries and Food (ILVO)	Ralstonia pseudosolanacearum					PRJNA1188077	SRP558653	SAMN44820524	SRS23838231	2026-02-20	2025-12-31	RAL_AA1785AA	Assembled	463	5.2	117641	5764810	Ralstonia solanacearum;99.66%	186	2456	RAL_AA1841AA_AS
RAL_AA1786AA	CFBP 707	SRR32059357;ILLUMINA;Paired;;SRX27408272;SRA	Environment	Plant	ENVO_01000311; Solanum lycopersicum	1965				Oceania	French Polynesia	Îles du Vent						Flanders Research Institute for Agriculture, Fisheries and Food (ILVO)	Ralstonia pseudosolanacearum					PRJNA1188077	SRP558653	SAMN44820496	SRS23838230	2026-02-20	2025-12-31	RAL_AA1786AA	Assembled	260.2	5.2	166850	5751072	Ralstonia solanacearum;98.58%	123	844	RAL_AA1842AA_AS
RAL_AA1787AA	GBBC 585	SRR32059358;ILLUMINA;Paired;;SRX27408271;SRA	Environment	Plant	ENVO_01000317; Solanum dulcamara	1996												Flanders Research Institute for Agriculture, Fisheries and Food (ILVO)	Ralstonia pseudosolanacearum					PRJNA1188077	SRP558653	SAMN44820523	SRS23838228	2026-02-20	2025-12-31	RAL_AA1787AA	Assembled	671.7	5.2	119507	5766101	Ralstonia solanacearum;99.66%	192	2570	RAL_AA1843AA_AS
RAL_AA1788AA	GBBC 581	SRR32059359;ILLUMINA;Paired;;SRX27408270;SRA	Environment	Plant	ENVO_01000317; Solanum dulcamara	1996				Europe	Belgium	Flanders	Antwerp Province	Arrondissement Turnhout				Flanders Research Institute for Agriculture, Fisheries and Food (ILVO)	Ralstonia pseudosolanacearum					PRJNA1188077	SRP558653	SAMN44820522	SRS23838229	2026-02-20	2025-12-31	RAL_AA1788AA	Assembled	405.3	5.2	116652	5764341	Ralstonia solanacearum;99.66%	183	2679	RAL_AA1844AA_AS
RAL_AA1789AA	GBBC 574	SRR32059360;ILLUMINA;Paired;;SRX27408269;SRA	Environment	Plant	ENVO_01000317; Solanum dulcamara	1996				Europe	Belgium	Flanders	Limburg Province	Arrondissement of Maaseik				Flanders Research Institute for Agriculture, Fisheries and Food (ILVO)	Ralstonia pseudosolanacearum					PRJNA1188077	SRP558653	SAMN44820521	SRS23838227	2026-02-20	2025-12-31	RAL_AA1789AA	Assembled	418.4	5.2	116652	5763980	Ralstonia solanacearum;99.66%	192	2201	RAL_AA1845AA_AS
RAL_AA1790AA	NCPPB 4000	SRR32059361;ILLUMINA;Paired;;SRX27408268;SRA	Environment	Plant	ENVO_01000311; Zingiber officinale					Asia	Thailand							Flanders Research Institute for Agriculture, Fisheries and Food (ILVO)	Ralstonia pseudosolanacearum					PRJNA1188077	SRP558653	SAMN44820520	SRS23838226	2026-02-20	2025-12-31	RAL_AA1790AA	Assembled	275.7	5.2	132898	5604486	Ralstonia solanacearum;99.82%	113	526	RAL_AA1846AA_AS
RAL_AA1791AA	LMG 5839	SRR32059363;ILLUMINA;Paired;;SRX27408266;SRA	Environment	Plant	ENVO_01000311; Zingiber officinale	1961				North America	United States	Hawaii						Flanders Research Institute for Agriculture, Fisheries and Food (ILVO)	Ralstonia pseudosolanacearum					PRJNA1188077	SRP558653	SAMN44820518	SRS23838224	2026-02-20	2025-12-31	RAL_AA1791AA	Assembled	203.6	5.2	88110	5812265	Ralstonia solanacearum;100.0%	207	1920	RAL_AA1847AA_AS
RAL_AA1792AA	LMG 26750	SRR32059365;ILLUMINA;Paired;;SRX27408264;SRA	Environment	Plant	ENVO_01000311; Solanum tuberosum					Asia	Nepal							Flanders Research Institute for Agriculture, Fisheries and Food (ILVO)	Ralstonia pseudosolanacearum					PRJNA1188077	SRP558653	SAMN44820516	SRS23838222	2026-02-20	2025-12-31	RAL_AA1792AA	Assembled	247.6	5.2	119606	5793165	Ralstonia solanacearum;99.66%	230	1887	RAL_AA1848AA_AS
RAL_AA1793AA	LMG 2297	SRR32059366;ILLUMINA;Paired;;SRX27408263;SRA	Environment	Plant	ENVO_03501101; Casuarina equisetifolia	1949				Africa	Mauritius							Flanders Research Institute for Agriculture, Fisheries and Food (ILVO)	Ralstonia pseudosolanacearum					PRJNA1188077	SRP558653	SAMN44820515	SRS23838221	2026-02-20	2025-12-31	RAL_AA1793AA	Assembled	246.1	5.2	90545	5679046	Ralstonia solanacearum;99.82%	179	1094	RAL_AA1849AA_AS
RAL_AA1794AA	GBBC 3272	SRR32059367;ILLUMINA;Paired;;SRX27408262;SRA	Environment	Plant	ENVO_01000311; Solanum tuberosum cv. Arizona	2018												Flanders Research Institute for Agriculture, Fisheries and Food (ILVO)	Ralstonia pseudosolanacearum					PRJNA1188077	SRP558653	SAMN44820514	SRS23838220	2026-02-20	2025-12-31	RAL_AA1794AA	Assembled	270.7	5.2	278799	5381405	Ralstonia solanacearum;99.62%	59	877	RAL_AA1850AA_AS
RAL_AA1795AA	CFBP 7062	SRR32059368;ILLUMINA;Paired;;SRX27408261;SRA	Environment	Plant	ENVO_01000311; Solanum tuberosum	2005				Africa	Cameroon							Flanders Research Institute for Agriculture, Fisheries and Food (ILVO)	Ralstonia pseudosolanacearum					PRJNA1188077	SRP558653	SAMN44820495	SRS23838219	2026-02-20	2025-12-31	RAL_AA1795AA	Assembled	187.5	5.2	96121	5613677	Ralstonia solanacearum;98.0%	178	1355	RAL_AA1851AA_AS
RAL_AA1796AA	GBBC 1950	SRR32059370;ILLUMINA;Paired;;SRX27408259;SRA	Environment	Water/River	ENVO_01000317; river water	2014				Africa	Burundi							Flanders Research Institute for Agriculture, Fisheries and Food (ILVO)	Ralstonia pseudosolanacearum					PRJNA1188077	SRP558653	SAMN44820512	SRS23838218	2026-02-20	2025-12-31	RAL_AA1796AA	Assembled	216.9	5.2	161736	5497661	Ralstonia solanacearum;98.18%	111	1011	RAL_AA1852AA_AS
RAL_AA1797AA	GBBC 1681	SRR32059371;ILLUMINA;Paired;;SRX27408258;SRA	Environment	Plant	ENVO_01000311; Solanum tuberosum cv. Mbanza	2011				Africa	Zambia							Flanders Research Institute for Agriculture, Fisheries and Food (ILVO)	Ralstonia pseudosolanacearum					PRJNA1188077	SRP558653	SAMN44820511	SRS23838216	2026-02-20	2025-12-31	RAL_AA1797AA	Assembled	191.7	5.2	210817	5802891	Ralstonia solanacearum;99.49%	106	1871	RAL_AA1853AA_AS
RAL_AA1798AA	GBBC 1679	SRR32059372;ILLUMINA;Paired;;SRX27408257;SRA	Environment	Plant	ENVO_01000311; Solanum tuberosum cv. Red Pontiac	2011				Africa	Democratic Republic of the Congo	Bas-Congo						Flanders Research Institute for Agriculture, Fisheries and Food (ILVO)	Ralstonia pseudosolanacearum					PRJNA1188077	SRP558653	SAMN44820510	SRS23838215	2026-02-20	2025-12-31	RAL_AA1798AA	Assembled	225.6	5.2	91173	5789279	Ralstonia solanacearum;99.46%	183	1980	RAL_AA1854AA_AS
RAL_AA1799AA	GBBC 1334	SRR32059374;ILLUMINA;Paired;;SRX27408255;SRA	Environment	Plant	ENVO_01000311; Solanum melongena	2008				Asia	China	Chongqing	Chongqing	Beibei				Flanders Research Institute for Agriculture, Fisheries and Food (ILVO)	Ralstonia pseudosolanacearum					PRJNA1188077	SRP558653	SAMN44820508	SRS23838213	2026-02-20	2025-12-31	RAL_AA1799AA	Assembled	212.8	5.2	105727	5649638	Ralstonia solanacearum;99.82%	179	1616	RAL_AA1855AA_AS
RAL_AA1800AA	GBBC 1259	SRR32059376;ILLUMINA;Paired;;SRX27408253;SRA	Environment	Plant	ENVO_01000311; Solanum melongena	2005												Flanders Research Institute for Agriculture, Fisheries and Food (ILVO)	Ralstonia pseudosolanacearum					PRJNA1188077	SRP558653	SAMN44820506	SRS23838212	2026-02-20	2025-12-31	RAL_AA1800AA	Assembled	271.8	5.2	133316	5406132	Ralstonia solanacearum;98.85%	106	818	RAL_AA1856AA_AS
RAL_AA1801AA	GBBC 1222	SRR32059377;ILLUMINA;Paired;;SRX27408252;SRA	Environment	Plant	ENVO_01000311; Solanum tuberosum cv. Nicola	2005												Flanders Research Institute for Agriculture, Fisheries and Food (ILVO)	Ralstonia pseudosolanacearum					PRJNA1188077	SRP558653	SAMN44820504	SRS23838210	2026-02-20	2025-12-31	RAL_AA1801AA	Assembled	251.9	5.2	250185	5413608	Ralstonia solanacearum;99.06%	75	814	RAL_AA1857AA_AS
RAL_AA1802AA	GBBC 1210	SRR32059378;ILLUMINA;Paired;;SRX27408251;SRA	Environment	Plant	ENVO_01000311; Solanum tuberosum cv. Spunta	2003												Flanders Research Institute for Agriculture, Fisheries and Food (ILVO)	Ralstonia pseudosolanacearum					PRJNA1188077	SRP558653	SAMN44820503	SRS23838209	2026-02-20	2025-12-31	RAL_AA1802AA	Assembled	228.3	5.2	142251	5471558	Ralstonia solanacearum;99.04%	110	1524	RAL_AA1858AA_AS
RAL_AA1803AA	CFBP 4961	SRR32059379;ILLUMINA;Paired;;SRX27408250;SRA	Environment	Plant	ENVO_03501101; Pelargonium x asperum	1993				Europe	France	Réunion						Flanders Research Institute for Agriculture, Fisheries and Food (ILVO)	Ralstonia pseudosolanacearum					PRJNA1188077	SRP558653	SAMN44820494	SRS23838208	2026-02-20	2025-12-31	RAL_AA1803AA	Assembled	179.4	5.2	69506	5457717	Ralstonia solanacearum;97.63%	285	2826	RAL_AA1859AA_AS
RAL_AA1804AA	CFBP 3059	SRR32059380;ILLUMINA;Paired;;SRX27408249;SRA	Environment	Plant	ENVO_01000311; Solanum melongena	1990												Flanders Research Institute for Agriculture, Fisheries and Food (ILVO)	Ralstonia pseudosolanacearum					PRJNA1188077	SRP558653	SAMN44820493	SRS23838207	2026-02-20	2025-12-31	RAL_AA1804AA	Assembled	249.2	5.2	119219	5413015	Ralstonia solanacearum;98.18%	159	2411	RAL_AA1860AA_AS
RAL_AA1805AA	YO336	SRR37065416;ILLUMINA;Paired;;SRX32011824;SRA	Laboratory	Laboratory	Lab experimental evolution	2022	1	28		Europe	United Kingdom	England	York	York		53.95	-1.06	University of Helsinki	Ralstonia solanacearum					PRJNA1417349	SRP673620	SAMN54994979	SRS27952989	2026-02-20	2026-02-01	RAL_AA1805AA	Assembled	67.6	5.2	141139	5145018	Ralstonia solanacearum;100.0%	113	1939	RAL_AA1862AA_AS
RAL_AA1806AA	YO336	SRR37065417;ILLUMINA;Paired;;SRX32011823;SRA	Laboratory	Laboratory	Lab experimental evolution	2022	1	28		Europe	United Kingdom	England	York	York		53.95	-1.06	University of Helsinki	Ralstonia solanacearum					PRJNA1417349	SRP673620	SAMN54994978	SRS27952988	2026-02-20	2026-02-01	RAL_AA1806AA	Assembled	60.2	5.2	131372	5223610	Ralstonia solanacearum;100.0%	124	1813	RAL_AA1863AA_AS
RAL_AA1807AA	YO336	SRR37065418;ILLUMINA;Paired;;SRX32011822;SRA	Laboratory	Laboratory	Lab experimental evolution	2022	1	28		Europe	United Kingdom	England	York	York		53.95	-1.06	University of Helsinki	Ralstonia solanacearum					PRJNA1417349	SRP673620	SAMN54994977	SRS27952987	2026-02-20	2026-02-01	RAL_AA1807AA	Assembled	95.4	5.2	131371	5252296	Ralstonia solanacearum;100.0%	118	1819	RAL_AA1864AA_AS
RAL_AA1808AA	YO336	SRR37065419;ILLUMINA;Paired;;SRX32011821;SRA	Laboratory	Laboratory	Lab experimental evolution	2022	1	28		Europe	United Kingdom	England	York	York		53.95	-1.06	University of Helsinki	Ralstonia solanacearum					PRJNA1417349	SRP673620	SAMN54994976	SRS27952986	2026-02-20	2026-02-01	RAL_AA1808AA	Assembled	124.8	5.2	141139	5252322	Ralstonia solanacearum;100.0%	121	1618	RAL_AA1865AA_AS
RAL_AA1809AA	YO336	SRR37065420;ILLUMINA;Paired;;SRX32011820;SRA	Laboratory	Laboratory	Lab experimental evolution	2022	1	28		Europe	United Kingdom	England	York	York		53.95	-1.06	University of Helsinki	Ralstonia solanacearum					PRJNA1417349	SRP673620	SAMN54994975	SRS27952985	2026-02-20	2026-02-01	RAL_AA1809AA	Assembled	83.3	5.2	131369	5253931	Ralstonia solanacearum;100.0%	118	2136	RAL_AA1866AA_AS
RAL_AA1810AA	YO336	SRR37065421;ILLUMINA;Paired;;SRX32011819;SRA	Laboratory	Laboratory	Lab experimental evolution	2022	1	28		Europe	United Kingdom	England	York	York		53.95	-1.06	University of Helsinki	Ralstonia solanacearum					PRJNA1417349	SRP673620	SAMN54994974	SRS27952984	2026-02-20	2026-02-01	RAL_AA1810AA	Assembled	48.4	5.2	131371	5247889	Ralstonia solanacearum;100.0%	131	2613	RAL_AA1867AA_AS
RAL_AA1811AA	YO336	SRR37065422;ILLUMINA;Paired;;SRX32011818;SRA	Environment	Water/River	river water	2007	1	1		Europe	United Kingdom	England				52.55	-0.2	University of Helsinki	Ralstonia solanacearum					PRJNA1417349	SRP673620	SAMN54995002	SRS27952983	2026-02-20	2026-02-01	RAL_AA1811AA	Assembled	69.1	5.2	141139	5257166	Ralstonia solanacearum;100.0%	114	1512	RAL_AA1868AA_AS
RAL_AA1812AA	YO336	SRR37065423;ILLUMINA;Paired;;SRX32011817;SRA	Laboratory	Laboratory	Lab experimental evolution	2022	1	28		Europe	United Kingdom	England	York	York		53.95	-1.06	University of Helsinki	Ralstonia solanacearum					PRJNA1417349	SRP673620	SAMN54995001	SRS27952982	2026-02-20	2026-02-01	RAL_AA1812AA	Assembled	101.3	5.2	141532	5249661	Ralstonia solanacearum;100.0%	123	1612	RAL_AA1869AA_AS
RAL_AA1813AA	YO336	SRR37065424;ILLUMINA;Paired;;SRX32011816;SRA	Laboratory	Laboratory	Lab experimental evolution	2022	1	28		Europe	United Kingdom	England	York	York		53.95	-1.06	University of Helsinki	Ralstonia solanacearum					PRJNA1417349	SRP673620	SAMN54995000	SRS27952981	2026-02-20	2026-02-01	RAL_AA1813AA	Assembled	95.6	5.2	131371	5148736	Ralstonia solanacearum;100.0%	118	2118	RAL_AA1870AA_AS
RAL_AA1814AA	YO336	SRR37065425;ILLUMINA;Paired;;SRX32011815;SRA	Laboratory	Laboratory	Lab experimental evolution	2022	1	28		Europe	United Kingdom	England	York	York		53.95	-1.06	University of Helsinki	Ralstonia solanacearum					PRJNA1417349	SRP673620	SAMN54994973	SRS27952980	2026-02-20	2026-02-01	RAL_AA1814AA	Assembled	52.1	5.2	141139	5072169	Ralstonia solanacearum;100.0%	110	2055	RAL_AA1871AA_AS
RAL_AA1815AA	YO336	SRR37065426;ILLUMINA;Paired;;SRX32011814;SRA	Laboratory	Laboratory	Lab experimental evolution	2022	1	28		Europe	United Kingdom	England	York	York		53.95	-1.06	University of Helsinki	Ralstonia solanacearum					PRJNA1417349	SRP673620	SAMN54994999	SRS27952979	2026-02-20	2026-02-01	RAL_AA1815AA	Assembled	63.7	5.2	139283	5166994	Ralstonia solanacearum;100.0%	115	2289	RAL_AA1872AA_AS
RAL_AA1816AA	YO336	SRR37065427;ILLUMINA;Paired;;SRX32011813;SRA	Laboratory	Laboratory	Lab experimental evolution	2022	1	28		Europe	United Kingdom	England	York	York		53.95	-1.06	University of Helsinki	Ralstonia solanacearum					PRJNA1417349	SRP673620	SAMN54994998	SRS27952978	2026-02-20	2026-02-01	RAL_AA1816AA	Assembled	46.4	5.2	131372	5162143	Ralstonia solanacearum;100.0%	118	3709	RAL_AA1873AA_AS
RAL_AA1817AA	YO336	SRR37065428;ILLUMINA;Paired;;SRX32011812;SRA	Laboratory	Laboratory	Lab experimental evolution	2022	1	28		Europe	United Kingdom	England	York	York		53.95	-1.06	University of Helsinki	Ralstonia solanacearum					PRJNA1417349	SRP673620	SAMN54994997	SRS27952977	2026-02-20	2026-02-01	RAL_AA1817AA	Assembled	87.8	5.2	131372	5163788	Ralstonia solanacearum;100.0%	113	1150	RAL_AA1874AA_AS
RAL_AA1818AA	YO336	SRR37065429;ILLUMINA;Paired;;SRX32011811;SRA	Laboratory	Laboratory	Lab experimental evolution	2022	1	28		Europe	United Kingdom	England	York	York		53.95	-1.06	University of Helsinki	Ralstonia solanacearum					PRJNA1417349	SRP673620	SAMN54994996	SRS27952976	2026-02-20	2026-02-01	RAL_AA1818AA	Assembled	58.6	5.2	141007	5199102	Ralstonia solanacearum;100.0%	117	1609	RAL_AA1875AA_AS
RAL_AA1819AA	YO336	SRR37065430;ILLUMINA;Paired;;SRX32011810;SRA	Laboratory	Laboratory	Lab experimental evolution	2022	1	28		Europe	United Kingdom	England	York	York		53.95	-1.06	University of Helsinki	Ralstonia solanacearum					PRJNA1417349	SRP673620	SAMN54994995	SRS27952974	2026-02-20	2026-02-01	RAL_AA1819AA	Assembled	58.7	5.2	131372	5220507	Ralstonia solanacearum;100.0%	122	3350	RAL_AA1876AA_AS
RAL_AA1820AA	YO336	SRR37065431;ILLUMINA;Paired;;SRX32011809;SRA	Laboratory	Laboratory	Lab experimental evolution	2022	1	28		Europe	United Kingdom	England	York	York		53.95	-1.06	University of Helsinki	Ralstonia solanacearum					PRJNA1417349	SRP673620	SAMN54994994	SRS27952975	2026-02-20	2026-02-01	RAL_AA1820AA	Assembled	58.5	5.2	131369	5248300	Ralstonia solanacearum;100.0%	122	2169	RAL_AA1877AA_AS
RAL_AA1821AA	YO336	SRR37065432;ILLUMINA;Paired;;SRX32011808;SRA	Laboratory	Laboratory	Lab experimental evolution	2022	1	28		Europe	United Kingdom	England	York	York		53.95	-1.06	University of Helsinki	Ralstonia solanacearum					PRJNA1417349	SRP673620	SAMN54994993	SRS27952973	2026-02-20	2026-02-01	RAL_AA1821AA	Assembled	105.3	5.2	141532	5218960	Ralstonia solanacearum;100.0%	117	919	RAL_AA1878AA_AS
RAL_AA1822AA	YO336	SRR37065433;ILLUMINA;Paired;;SRX32011807;SRA	Laboratory	Laboratory	Lab experimental evolution	2022	1	28		Europe	United Kingdom	England	York	York		53.95	-1.06	University of Helsinki	Ralstonia solanacearum					PRJNA1417349	SRP673620	SAMN54994992	SRS27952972	2026-02-20	2026-02-01	RAL_AA1822AA	Assembled	82.9	5.2	141532	5218520	Ralstonia solanacearum;100.0%	115	1114	RAL_AA1879AA_AS
RAL_AA1823AA	YO336	SRR37065434;ILLUMINA;Paired;;SRX32011806;SRA	Laboratory	Laboratory	Lab experimental evolution	2022	1	28		Europe	United Kingdom	England	York	York		53.95	-1.06	University of Helsinki	Ralstonia solanacearum					PRJNA1417349	SRP673620	SAMN54994991	SRS27952971	2026-02-20	2026-02-01	RAL_AA1823AA	Assembled	61.5	5.2	140935	5160426	Ralstonia solanacearum;100.0%	115	1602	RAL_AA1880AA_AS
RAL_AA1824AA	YO336	SRR37065435;ILLUMINA;Paired;;SRX32011805;SRA	Laboratory	Laboratory	Lab experimental evolution	2022	1	28		Europe	United Kingdom	England	York	York		53.95	-1.06	University of Helsinki	Ralstonia solanacearum					PRJNA1417349	SRP673620	SAMN54994990	SRS27952970	2026-02-20	2026-02-01	RAL_AA1824AA	Assembled	70.6	5.2	141580	4818316	Ralstonia solanacearum;100.0%	95	1924	RAL_AA1881AA_AS
RAL_AA1825AA	YO336	SRR37065436;ILLUMINA;Paired;;SRX32011804;SRA	Laboratory	Laboratory	Lab experimental evolution	2022	1	28		Europe	United Kingdom	England	York	York		53.95	-1.06	University of Helsinki	Ralstonia solanacearum					PRJNA1417349	SRP673620	SAMN54994972	SRS27952969	2026-02-20	2026-02-01	RAL_AA1825AA	Assembled	38.1	5.2	141535	5026028	Ralstonia solanacearum;100.0%	120	4528	RAL_AA1882AA_AS
RAL_AA1826AA	YO336	SRR37065437;ILLUMINA;Paired;;SRX32011803;SRA	Laboratory	Laboratory	Lab experimental evolution	2022	1	28		Europe	United Kingdom	England	York	York		53.95	-1.06	University of Helsinki	Ralstonia solanacearum					PRJNA1417349	SRP673620	SAMN54994989	SRS27952968	2026-02-20	2026-02-01	RAL_AA1826AA	Assembled	98.5	5.2	144529	4776920	Ralstonia solanacearum;100.0%	89	1260	RAL_AA1883AA_AS
RAL_AA1827AA	YO336	SRR37065438;ILLUMINA;Paired;;SRX32011802;SRA	Laboratory	Laboratory	Lab experimental evolution	2022	1	28		Europe	United Kingdom	England	York	York		53.95	-1.06	University of Helsinki	Ralstonia solanacearum					PRJNA1417349	SRP673620	SAMN54994988	SRS27952967	2026-02-20	2026-02-01	RAL_AA1827AA	Assembled	82.9	5.2	141532	5197210	Ralstonia solanacearum;100.0%	116	1522	RAL_AA1884AA_AS
RAL_AA1828AA	YO336	SRR37065439;ILLUMINA;Paired;;SRX32011801;SRA	Laboratory	Laboratory	Lab experimental evolution	2022	1	28		Europe	United Kingdom	England	York	York		53.95	-1.06	University of Helsinki	Ralstonia solanacearum					PRJNA1417349	SRP673620	SAMN54994987	SRS27952966	2026-02-20	2026-02-01	RAL_AA1828AA	Assembled	72.1	5.2	141580	4860976	Ralstonia solanacearum;100.0%	104	1357	RAL_AA1885AA_AS
RAL_AA1829AA	YO336	SRR37065440;ILLUMINA;Paired;;SRX32011800;SRA	Laboratory	Laboratory	Lab experimental evolution	2022	1	28		Europe	United Kingdom	England	York	York		53.95	-1.06	University of Helsinki	Ralstonia solanacearum					PRJNA1417349	SRP673620	SAMN54994986	SRS27952965	2026-02-20	2026-02-01	RAL_AA1829AA	Assembled	80.1	5.2	144529	4814102	Ralstonia solanacearum;100.0%	87	636	RAL_AA1886AA_AS
RAL_AA1830AA	YO336	SRR37065441;ILLUMINA;Paired;;SRX32011799;SRA	Laboratory	Laboratory	Lab experimental evolution	2022	1	28		Europe	United Kingdom	England	York	York		53.95	-1.06	University of Helsinki	Ralstonia solanacearum					PRJNA1417349	SRP673620	SAMN54994985	SRS27952964	2026-02-20	2026-02-01	RAL_AA1830AA	Assembled	80.7	5.2	126871	5251374	Ralstonia solanacearum;100.0%	127	2185	RAL_AA1887AA_AS
RAL_AA1831AA	YO336	SRR37065442;ILLUMINA;Paired;;SRX32011798;SRA	Laboratory	Laboratory	Lab experimental evolution	2022	1	28		Europe	United Kingdom	England	York	York		53.95	-1.06	University of Helsinki	Ralstonia solanacearum					PRJNA1417349	SRP673620	SAMN54994984	SRS27952963	2026-02-20	2026-02-01	RAL_AA1831AA	Assembled	95.2	5.2	141532	5140762	Ralstonia solanacearum;100.0%	109	1184	RAL_AA1888AA_AS
RAL_AA1832AA	YO336	SRR37065443;ILLUMINA;Paired;;SRX32011797;SRA	Laboratory	Laboratory	Lab experimental evolution	2022	1	28		Europe	United Kingdom	England	York	York		53.95	-1.06	University of Helsinki	Ralstonia solanacearum					PRJNA1417349	SRP673620	SAMN54994983	SRS27952961	2026-02-20	2026-02-01	RAL_AA1832AA	Assembled	121	5.2	131369	5251064	Ralstonia solanacearum;100.0%	122	1616	RAL_AA1889AA_AS
RAL_AA1833AA	YO336	SRR37065444;ILLUMINA;Paired;;SRX32011796;SRA	Laboratory	Laboratory	Lab experimental evolution	2022	1	28		Europe	United Kingdom	England	York	York		53.95	-1.06	University of Helsinki	Ralstonia solanacearum					PRJNA1417349	SRP673620	SAMN54994982	SRS27952962	2026-02-20	2026-02-01	RAL_AA1833AA	Assembled	51.4	5.2	110342	5218125	Ralstonia solanacearum;100.0%	122	6936	RAL_AA1890AA_AS
RAL_AA1834AA	YO336	SRR37065445;ILLUMINA;Paired;;SRX32011795;SRA	Laboratory	Laboratory	Lab experimental evolution	2022	1	28		Europe	United Kingdom	England	York	York		53.95	-1.06	University of Helsinki	Ralstonia solanacearum					PRJNA1417349	SRP673620	SAMN54994981	SRS27952959	2026-02-20	2026-02-01	RAL_AA1834AA	Assembled	90.3	5.2	141139	5201211	Ralstonia solanacearum;100.0%	118	1734	RAL_AA1891AA_AS
RAL_AA1835AA	YO336	SRR37065446;ILLUMINA;Paired;;SRX32011794;SRA	Laboratory	Laboratory	Lab experimental evolution	2022	1	28		Europe	United Kingdom	England	York	York		53.95	-1.06	University of Helsinki	Ralstonia solanacearum					PRJNA1417349	SRP673620	SAMN54994980	SRS27952958	2026-02-20	2026-02-01	RAL_AA1835AA	Assembled	49.5	5.2	141139	5142860	Ralstonia solanacearum;100.0%	113	2512	RAL_AA1892AA_AS
RAL_AA1836AA	YO336	SRR37065447;ILLUMINA;Paired;;SRX32011793;SRA	Laboratory	Laboratory	Lab experimental evolution	2022	1	28		Europe	United Kingdom	England	York	York		53.95	-1.06	University of Helsinki	Ralstonia solanacearum					PRJNA1417349	SRP673620	SAMN54994971	SRS27952960	2026-02-20	2026-02-01	RAL_AA1836AA	Assembled	66	5.2	141535	5040601	Ralstonia solanacearum;100.0%	109	2006	RAL_AA1893AA_AS
RAL_AA1837AA	YO336	SRR37065448;ILLUMINA;Paired;;SRX32011792;SRA	Laboratory	Laboratory	Lab experimental evolution	2022	1	28		Europe	United Kingdom	England	York	York		53.95	-1.06	University of Helsinki	Ralstonia solanacearum					PRJNA1417349	SRP673620	SAMN54994970	SRS27952957	2026-02-20	2026-02-01	RAL_AA1837AA	Assembled	68.8	5.2	131369	5248687	Ralstonia solanacearum;100.0%	126	1911	RAL_AA1894AA_AS
RAL_AA1843AA	LMG 6976	SRR32059362;ILLUMINA;Paired;;SRX27408267;SRA	Environment	Plant	ENVO_03501101; Trifolium sp.					Asia	Indonesia							Flanders Research Institute for Agriculture, Fisheries and Food (ILVO)	Ralstonia syzygii					PRJNA1188077	SRP558653	SAMN44820519	SRS23838225	2026-02-20	2025-12-31	RAL_AA1843AA	Assembled	325.5	5.2	133840	5375581	Ralstonia solanacearum;97.04%	155	883	RAL_AA1861AA_AS
RAL_AA1845AA	UW193	SRR19071490;ILLUMINA;Paired;;SRX15141480;SRA	Environment	Plant	Cultivated field; Solanum lycopersicum	1964				South America	Peru							UC Davis	Ralstonia pseudosolanacearum					PRJNA834840	SRP373483	SAMN28078152	SRS12884779	2026-04-16	2026-04-16	RAL_AA1845AA	Assembled	269.8	5.2	89696	5785375	Ralstonia solanacearum;97.83%	188	3594	RAL_AA1898AA_AS
RAL_AA1846AA	UW191	SRR19071482;ILLUMINA;Paired;;SRX15141488;SRA	Environment	Plant	Cultivated plantation; Musa x paradisiaca	1964				South America	Peru							UC Davis	Ralstonia solanacearum					PRJNA834840	SRP373483	SAMN28078150	SRS12884787	2026-04-16	2026-04-16	RAL_AA1846AA	Assembled	136.8	5.2	101748	5517920	Ralstonia solanacearum;99.81%	115	4184	RAL_AA1899AA_AS
RAL_AA1847AA	UW190	SRR19071483;ILLUMINA;Paired;;SRX15141487;SRA	Environment	Plant	Cultivated plantation; Musa x paradisiaca	1964				South America	Peru							UC Davis	Ralstonia solanacearum					PRJNA834840	SRP373483	SAMN28078149	SRS12884786	2026-04-16	2026-04-16	RAL_AA1847AA	Assembled	366.8	5.2	150199	5504015	Ralstonia solanacearum;100.0%	100	1131	RAL_AA1900AA_AS
RAL_AA1848AA	UW180	SRR19071484;ILLUMINA;Paired;;SRX15141486;SRA	Environment	Plant	Cultivated plantation; Musa x paradisiaca	1961				South America	Colombia					3.6	-73.3	UC Davis	Ralstonia solanacearum					PRJNA834840	SRP373483	SAMN28078148	SRS12884785	2026-04-16	2026-04-16	RAL_AA1848AA	Assembled	105.3	5.2	66730	5693565	Ralstonia solanacearum;100.0%	179	9895	RAL_AA1901AA_AS
RAL_AA1849AA	UW177	SRR19071485;ILLUMINA;Paired;;SRX15141485;SRA	Environment	Plant	Cultivated plantation; Musa x paradisiaca	1961				South America	Colombia					3.6	-73.3	UC Davis	Ralstonia solanacearum					PRJNA834840	SRP373483	SAMN28078147	SRS12884784	2026-04-16	2026-04-16	RAL_AA1849AA	Assembled	257.3	5.2	151014	5378413	Ralstonia solanacearum;100.0%	89	765	RAL_AA1902AA_AS
RAL_AA1850AA	UW176	SRR19071486;ILLUMINA;Paired;;SRX15141484;SRA	Environment	Plant	Cultivated plantation; Musa x paradisiaca	1961				South America	Colombia					3.6	-73.3	UC Davis	Ralstonia solanacearum					PRJNA834840	SRP373483	SAMN28078146	SRS12884783	2026-04-16	2026-04-16	RAL_AA1850AA	Assembled	369.1	5.2	151010	5381655	Ralstonia solanacearum;100.0%	101	1121	RAL_AA1903AA_AS
RAL_AA1851AA	UW174	SRR19071487;ILLUMINA;Paired;;SRX15141483;SRA	Environment	Plant	tropical rainforest (educated guess); Heliconia sp.	1961				South America	Colombia					3.6	-73.3	UC Davis	Ralstonia solanacearum					PRJNA834840	SRP373483	SAMN28078145	SRS12884782	2026-04-16	2026-04-16	RAL_AA1851AA	Assembled	382.8	5.2	190590	5421660	Ralstonia solanacearum;100.0%	53	1319	RAL_AA1904AA_AS
RAL_AA1852AA	UW172	SRR19071488;ILLUMINA;Paired;;SRX15141482;SRA	Environment	Plant	tropical rainforest (educated guess); Heliconia sp.	1961				South America	Colombia					3.6	-73.3	UC Davis	Ralstonia solanacearum					PRJNA834840	SRP373483	SAMN28078144	SRS12884781	2026-04-16	2026-04-16	RAL_AA1852AA	Assembled	420.7	5.2	208707	5422839	Ralstonia solanacearum;99.62%	55	821	RAL_AA1905AA_AS
RAL_AA1853AA	UW171	SRR19071489;ILLUMINA;Paired;;SRX15141481;SRA	Environment	Plant	tropical rainforest (educated guess); Heliconia sp.	1961				South America	Colombia					3.6	-73.3	UC Davis	Ralstonia solanacearum					PRJNA834840	SRP373483	SAMN28078143	SRS12884780	2026-04-16	2026-04-16	RAL_AA1853AA	Assembled	399.4	5.2	191625	5302419	Ralstonia solanacearum;100.0%	49	716	RAL_AA1906AA_AS
RAL_AA1854AA	UW192	SRR19071491;ILLUMINA;Paired;;SRX15141479;SRA	Environment	Plant	Cultivated plantation; Musa x paradisiaca	1964				South America	Peru							UC Davis	Ralstonia solanacearum					PRJNA834840	SRP373483	SAMN28078151	SRS12884778	2026-04-16	2026-04-16	RAL_AA1854AA	Assembled	140.2	5.2	144590	5515649	Ralstonia solanacearum;100.0%	94	1533	RAL_AA1907AA_AS
RAL_AA1855AA	UW158	SRR19071492;ILLUMINA;Paired;;SRX15141478;SRA	Environment	Plant	Cultivated plantation; Musa acuminata	1962				South America	Peru	Ayacucho						UC Davis	Ralstonia solanacearum					PRJNA834840	SRP373483	SAMN28078142	SRS12884777	2026-04-16	2026-04-16	RAL_AA1855AA	Assembled	338.5	5.2	150904	5504654	Ralstonia solanacearum;100.0%	94	929	RAL_AA1908AA_AS
RAL_AA1856AA	UW132	SRR19071493;ILLUMINA;Paired;;SRX15141477;SRA	Environment	Plant	Cultivated plantation; Musa x paradisiaca	1962												UC Davis	Ralstonia solanacearum					PRJNA834840	SRP373483	SAMN28078141	SRS12884776	2026-04-16	2026-04-16	RAL_AA1856AA	Assembled	328.6	5.2	139845	5499451	Ralstonia solanacearum;100.0%	95	870	RAL_AA1909AA_AS
RAL_AA1857AA	NCPPB 3983	SRR37749117;OXFORD_NANOPORE;Single;;SRX32625184;SRA,SRR37625753;ILLUMINA;Paired;;SRX32506156;SRA	Environment	Plant	Solanum tuberosum					Asia	Indonesia							University of Exeter	Ralstonia syzygii					PRJNA1130007	SRP517073	SAMN56505474	SRS28399173	2026-04-16	2026-03-24	RAL_AA1857AA	Assembled	435.7	5.2	192041	5626010	Ralstonia solanacearum;99.82%	89	944	RAL_AA1910AA_AS
RAL_AA1858AA	NCPPB 3792	SRR37625754;ILLUMINA;Paired;;SRX32506155;SRA,SRR37749118;OXFORD_NANOPORE;Single;;SRX32625183;SRA	Environment	Plant	Syzygium aromaticum					Asia	Indonesia	Central Java						University of Exeter	Ralstonia syzygii					PRJNA1130007	SRP517073	SAMN56505473	SRS28399172	2026-04-16	2026-03-24	RAL_AA1858AA	Assembled	635.5	5.2	22538	4137579	Ralstonia solanacearum;95.28%	364	836	RAL_AA1912AA_AS
RAL_AA1860AA	NCPPB 3219	SRR37625756;ILLUMINA;Paired;;SRX32506153;SRA,SRR37749120;OXFORD_NANOPORE;Single;;SRX32625181;SRA	Environment	Plant	Syzygium aromaticum	1980				Asia	Indonesia							University of Exeter	Ralstonia syzygii					PRJNA1130007	SRP517073	SAMN56505471	SRS28399170	2026-04-16	2026-03-24	RAL_AA1860AA	Assembled	538.1	5.2	121915	5375103	Ralstonia solanacearum;96.87%	193	1552	RAL_AA1911AA_AS
RAL_AA1861AA	XWI2	SRR27732872;ILLUMINA;Paired;;SRX23398484;SRA,SRR27732893;OXFORD_NANOPORE;Single;;SRX23398463;SRA	Environment	Plant	Casuarina	2018				Asia	China	Guangdong	Zhanjiang Shi	Xuwen Xian		20.48322	110.12987	South China Agricultural University	Ralstonia pseudosolanacearum					PRJNA1037066	SRP486057	SAMN38159257	SRS20259217	2026-04-18	2024-12-01	RAL_AA1861AA	Assembled	505.5	5.2	94262	5486805	Ralstonia solanacearum;98.35%	187	1453	RAL_AA1959AA_AS
RAL_AA1862AA	XWJ3	SRR27732873;OXFORD_NANOPORE;Single;;SRX23398483;SRA,SRR27732874;ILLUMINA;Paired;;SRX23398482;SRA	Environment	Plant	Casuarina	2018				Asia	China	Guangdong	Zhanjiang Shi	Xuwen Xian		20.48322	110.12987	South China Agricultural University	Ralstonia pseudosolanacearum					PRJNA1037066	SRP486057	SAMN38159256	SRS20259227	2026-04-18	2024-12-01	RAL_AA1862AA	Assembled	473.8	5.2	88189	5641238	Ralstonia solanacearum;98.9%	174	1259	RAL_AA1914AA_AS
RAL_AA1863AA	YJA2	SRR27732875;OXFORD_NANOPORE;Single;;SRX23398481;SRA,SRR27732876;ILLUMINA;Paired;;SRX23398480;SRA	Environment	Plant	Casuarina	2018				Asia	China	Guangdong Province		Yangjiang City				South China Agricultural University	Ralstonia pseudosolanacearum					PRJNA1037066	SRP486057	SAMN38159251	SRS20259226	2026-04-18	2024-12-01	RAL_AA1863AA	Assembled	456.7	5.2	88190	5728980	Ralstonia solanacearum;99.46%	201	1674	RAL_AA1958AA_AS
RAL_AA1864AA	SWC4	SRR27732878;ILLUMINA;Paired;;SRX23398478;SRA,SRR27732877;OXFORD_NANOPORE;Single;;SRX23398479;SRA	Environment	Plant	Casuarina	2018				Asia	China	Guangdong	Shanwei Shi	Shanwei				South China Agricultural University	Ralstonia pseudosolanacearum					PRJNA1037066	SRP486057	SAMN38159255	SRS20259225	2026-04-18	2024-12-01	RAL_AA1864AA	Assembled	604	5.2	128148	5526465	Ralstonia solanacearum;99.28%	120	1382	RAL_AA1915AA_AS
RAL_AA1865AA	SWA6	SRR27732879;OXFORD_NANOPORE;Single;;SRX23398477;SRA,SRR27732880;ILLUMINA;Paired;;SRX23398476;SRA	Environment	Plant	Casuarina	2018				Asia	China	Guangdong	Shanwei Shi	Shanwei				South China Agricultural University	Ralstonia pseudosolanacearum					PRJNA1037066	SRP486057	SAMN38159254	SRS20259224	2026-04-18	2024-12-01	RAL_AA1865AA	Assembled	268.9	5.2	157702	5653394	Ralstonia solanacearum;100.0%	99	1453	RAL_AA1916AA_AS
RAL_AA1866AA	MMB7	SRR27732882;ILLUMINA;Paired;;SRX23398474;SRA,SRR27732881;OXFORD_NANOPORE;Single;;SRX23398475;SRA	Environment	Plant	Casuarina	2018				Asia	China	Guangdong Province		Maoming City				South China Agricultural University	Ralstonia pseudosolanacearum					PRJNA1037066	SRP486057	SAMN38159253	SRS20259223	2026-04-18	2024-12-01	RAL_AA1866AA	Assembled	414.8	5.2	84926	5731500	Ralstonia solanacearum;99.1%	177	1382	RAL_AA1917AA_AS
RAL_AA1867AA	MMB5	SRR27732883;OXFORD_NANOPORE;Single;;SRX23398473;SRA,SRR27732886;ILLUMINA;Paired;;SRX23398470;SRA	Environment	Plant	Casuarina	2018				Asia	China	Guangdong Province		Maoming City				South China Agricultural University	Ralstonia pseudosolanacearum					PRJNA1037066	SRP486057	SAMN38159252	SRS20259221	2026-04-18	2024-12-01	RAL_AA1867AA	Assembled	482.9	5.2	90354	5733065	Ralstonia solanacearum;98.92%	175	1256	RAL_AA1951AA_AS
RAL_AA1868AA	NS25	SRR27732885;ILLUMINA;Paired;;SRX23398471;SRA,SRR27732884;OXFORD_NANOPORE;Single;;SRX23398472;SRA	Environment	Plant	Casuarina	2018				Asia	China	Guangdong	Zhanjiang Shi	Zhanjiang				South China Agricultural University	Ralstonia pseudosolanacearum					PRJNA1037066	SRP486057	SAMN38159261	SRS20259222	2026-04-18	2024-12-01	RAL_AA1868AA	Assembled	417.1	5.2	92335	5725229	Ralstonia solanacearum;99.28%	180	1546	RAL_AA1918AA_AS
RAL_AA1869AA	DHD47	SRR27732887;PACBIO_SMRT;Single;;SRX23398469;SRA,SRR27732888;ILLUMINA;Paired;;SRX23398468;SRA	Environment	Plant	Casuarina	2018				Asia	China	Guangdong	Zhanjiang Shi	Zhanjiang				South China Agricultural University	Ralstonia pseudosolanacearum					PRJNA1037066	SRP486057	SAMN38159260	SRS20259220	2026-04-18	2024-12-01	RAL_AA1869AA	Assembled	628.8	5.2	91542	5650378	Ralstonia solanacearum;99.28%	185	1064	RAL_AA1961AA_AS
RAL_AA1870AA	WYG1S	SRR27732890;ILLUMINA;Paired;;SRX23398466;SRA,SRR27732889;OXFORD_NANOPORE;Single;;SRX23398467;SRA	Environment	Plant	Casuarina	2018				Asia	China	Guangdong	Zhanjiang Shi	Zhanjiang				South China Agricultural University	Ralstonia pseudosolanacearum					PRJNA1037066	SRP486057	SAMN38159259	SRS20259219	2026-04-18	2024-12-01	RAL_AA1870AA	Assembled	519.4	5.2	80697	5727144	Ralstonia solanacearum;98.73%	186	1971	RAL_AA1960AA_AS
RAL_AA1871AA	WYF3Z	SRR27732892;ILLUMINA;Paired;;SRX23398464;SRA,SRR27732891;OXFORD_NANOPORE;Single;;SRX23398465;SRA	Environment	Plant	Casuarina	2018				Asia	China	Guangdong	Zhanjiang Shi	Zhanjiang				South China Agricultural University	Ralstonia pseudosolanacearum					PRJNA1037066	SRP486057	SAMN38159258	SRS20259218	2026-04-18	2024-12-01	RAL_AA1871AA	Assembled	458.8	5.2	88189	5734336	Ralstonia solanacearum;99.09%	181	1413	RAL_AA1919AA_AS
RAL_AA1873AA	GBBC 1321B2	SRR38184765;ILLUMINA;Paired;;SRX33026493;SRA	Environment	Plant	Solanum lycopersicum	2006				Asia	China	Chongqing						Flanders Research Institute for Agriculture, Fisheries and Food (ILVO)	Ralstonia pseudosolanacearum					PRJNA1188077	SRP558653	SAMN57364344	SRS28850071	2026-04-29	2026-04-20	RAL_AA1873AA	Assembled	207.6	5.2	93743	5767167	Ralstonia solanacearum;99.66%	215	4497	RAL_AA1952AA_AS
RAL_AA1874AA	NCPPB 4824	SRR38184766;ILLUMINA;Paired;;SRX33026492;SRA	Environment	Plant	Zingiber officinale	2021				Asia	India							Flanders Research Institute for Agriculture, Fisheries and Food (ILVO)	Ralstonia pseudosolanacearum					PRJNA1188077	SRP558653	SAMN57364252	SRS28850070	2026-04-29	2026-04-20	RAL_AA1874AA	Assembled	199.2	5.2	135533	5787801	Ralstonia solanacearum;98.27%	159	1641	RAL_AA1953AA_AS
RAL_AA1875AA	NCPPB 4823	SRR38184767;ILLUMINA;Paired;;SRX33026491;SRA	Environment	Plant	Zingiber officinale	2021				Africa	Uganda							Flanders Research Institute for Agriculture, Fisheries and Food (ILVO)	Ralstonia pseudosolanacearum					PRJNA1188077	SRP558653	SAMN57364251	SRS28850069	2026-04-29	2026-04-20	RAL_AA1875AA	Assembled	184.7	5.2	91601	5687333	Ralstonia solanacearum;99.82%	178	1258	RAL_AA1954AA_AS
RAL_AA1876AA	NCPPB 4822	SRR38184768;ILLUMINA;Paired;;SRX33026490;SRA	Environment	Plant	Curcuma sp.	2020				Asia	Thailand							Flanders Research Institute for Agriculture, Fisheries and Food (ILVO)	Ralstonia pseudosolanacearum					PRJNA1188077	SRP558653	SAMN57364250	SRS28850068	2026-04-29	2026-04-20	RAL_AA1876AA	Assembled	236.6	5.2	145707	5769003	Ralstonia solanacearum;98.78%	135	1152	RAL_AA1955AA_AS
RAL_AA1877AA	NCPPB 4821	SRR38184769;ILLUMINA;Paired;;SRX33026489;SRA	Environment	Plant	Alpinia galanga	2020				Asia	Thailand							Flanders Research Institute for Agriculture, Fisheries and Food (ILVO)	Ralstonia pseudosolanacearum					PRJNA1188077	SRP558653	SAMN57364249	SRS28850067	2026-04-29	2026-04-20	RAL_AA1877AA	Assembled	188.1	5.2	93651	5762682	Ralstonia solanacearum;99.48%	168	666	RAL_AA1956AA_AS
RAL_AA1878AA	NCPPB 4694	SRR38184770;ILLUMINA;Paired;;SRX33026488;SRA	Environment	Plant	Boesenbergia rotunda	2021				Asia	Thailand							Flanders Research Institute for Agriculture, Fisheries and Food (ILVO)	Ralstonia pseudosolanacearum					PRJNA1188077	SRP558653	SAMN57364248	SRS28850065	2026-04-29	2026-04-20	RAL_AA1878AA	Assembled	229.3	5.2	111857	5818994	Ralstonia solanacearum;99.48%	198	1342	RAL_AA1957AA_AS
RAL_AA1984AA	MAFF211270	DRR1065899;ILLUMINA;Paired;300;DRX1041498;SRA	Environment	Plant	Solanum lycopersicum	1995	11			Asia	Japan	Shizuoka	Shizuoka-shi	Shimizu				TechnoSuruga Laboratory Co.,Ltd.	Ralstonia pseudosolanacearum					PRJDB41202	DRP019122	SAMD01900706	DRS749485	2026-08-11	2026-06-24	RAL_AA1984AA	Assembled	356.6	5.2	123876	5701155	Ralstonia solanacearum;99.47%	189	1988	RAL_AA1962AA_AS
RAL_AA1985AA	MAFF106604	DRR1065898;ILLUMINA;Paired;300;DRX1041497;SRA	Environment	Plant	Solanum lycopersicum	1993	10											TechnoSuruga Laboratory Co.,Ltd.	Ralstonia pseudosolanacearum					PRJDB41202	DRP019122	SAMD01900705	DRS749484	2026-08-11	2026-06-24	RAL_AA1985AA	Assembled	360.6	5.2	110946	5683307	Ralstonia solanacearum;100.0%	194	1933	RAL_AA1963AA_AS
RAL_AA1994AA	CIPNK8_potato_KE	SRR39743960;ILLUMINA;Paired;;SRX34426568;SRA	Environment	Plant	potato; potato plant	2025	1			Africa	Kenya							INTERNATIONAL POTATO CENTER	Ralstonia solanacearum					PRJNA1070535	SRP486782	SAMN61842880	SRS30011895	2026-08-11	2026-07-21	RAL_AA1994AA	Assembled	294.2	5.2	102003	5265540	Ralstonia solanacearum;100.0%	143	785	RAL_AA1964AA_AS
RAL_AA1995AA	CIPNK7_potato_KE	SRR39743961;ILLUMINA;Paired;;SRX34426567;SRA	Environment	Plant	potato; potato plant	2025	1			Africa	Kenya							INTERNATIONAL POTATO CENTER	Ralstonia solanacearum					PRJNA1070535	SRP486782	SAMN61842879	SRS30011894	2026-08-11	2026-07-21	RAL_AA1995AA	Assembled	263.9	5.2	101836	5257364	Ralstonia solanacearum;100.0%	142	617	RAL_AA1965AA_AS
RAL_AA1996AA	CIPNK5_potato_KE	SRR39743962;ILLUMINA;Paired;;SRX34426566;SRA	Environment	Plant	potato; potato plant	2025	1			Africa	Kenya							INTERNATIONAL POTATO CENTER	Ralstonia solanacearum					PRJNA1070535	SRP486782	SAMN61842878	SRS30011893	2026-08-11	2026-07-21	RAL_AA1996AA	Assembled	365.5	5.2	110339	5225415	Ralstonia solanacearum;100.0%	136	797	RAL_AA1966AA_AS
RAL_AA1997AA	CIPNK4_potato_KE	SRR39743963;ILLUMINA;Paired;;SRX34426565;SRA	Environment	Plant	potato; potato plant	2025	1			Africa	Kenya							INTERNATIONAL POTATO CENTER	Ralstonia solanacearum					PRJNA1070535	SRP486782	SAMN61842877	SRS30011892	2026-08-11	2026-07-21	RAL_AA1997AA	Assembled	377.6	5.2	110342	5256072	Ralstonia solanacearum;100.0%	141	654	RAL_AA1967AA_AS
RAL_AA1998AA	CIPNK3_potato_KE	SRR39743964;ILLUMINA;Paired;;SRX34426564;SRA	Environment	Plant	potato; potato plant	2025	1			Africa	Kenya							INTERNATIONAL POTATO CENTER	Ralstonia solanacearum					PRJNA1070535	SRP486782	SAMN61842876	SRS30011891	2026-08-11	2026-07-21	RAL_AA1998AA	Assembled	321.5	5.2	101497	5257483	Ralstonia solanacearum;100.0%	144	957	RAL_AA1968AA_AS
RAL_AA1999AA	CIPNK2_potato_KE	SRR39743965;ILLUMINA;Paired;;SRX34426563;SRA	Environment	Plant	potato; potato plant	2025	1			Africa	Kenya							INTERNATIONAL POTATO CENTER	Ralstonia solanacearum					PRJNA1070535	SRP486782	SAMN61842875	SRS30011890	2026-08-11	2026-07-21	RAL_AA1999AA	Assembled	476.5	5.2	101497	5256664	Ralstonia solanacearum;100.0%	144	1414	RAL_AA1969AA_AS
RAL_AA2000AA	CIPNK1_potato_KE	SRR39743966;ILLUMINA;Paired;;SRX34426562;SRA	Environment	Plant	potato; potato plant	2025	1			Africa	Kenya							INTERNATIONAL POTATO CENTER	Ralstonia solanacearum					PRJNA1070535	SRP486782	SAMN61842874	SRS30011889	2026-08-11	2026-07-21	RAL_AA2000AA	Assembled	397	5.2	86561	5256561	Ralstonia solanacearum;100.0%	153	2330	RAL_AA1970AA_AS
RAL_AA2002AA	CIPNR34_potato_KE	SRR39743968;ILLUMINA;Paired;;SRX34426560;SRA	Environment	Plant	potato; potato plant	2025	1			Africa	Kenya							INTERNATIONAL POTATO CENTER	Ralstonia solanacearum					PRJNA1070535	SRP486782	SAMN61842889	SRS30011887	2026-08-11	2026-07-21	RAL_AA2002AA	Assembled	318.3	5.2	101814	5256676	Ralstonia solanacearum;100.0%	142	965	RAL_AA1972AA_AS
RAL_AA2003AA	CIPNK28_potato_KE	SRR39743969;ILLUMINA;Paired;;SRX34426559;SRA	Environment	Plant	potato; potato plant	2025	1			Africa	Kenya							INTERNATIONAL POTATO CENTER	Ralstonia solanacearum					PRJNA1070535	SRP486782	SAMN61842888	SRS30011886	2026-08-11	2026-07-21	RAL_AA2003AA	Assembled	298.2	5.2	101878	5256617	Ralstonia solanacearum;100.0%	137	1126	RAL_AA1973AA_AS
RAL_AA2004AA	CIPNK26_potato_KE	SRR39743970;ILLUMINA;Paired;;SRX34426558;SRA	Environment	Plant	potato; potato plant	2025	1			Africa	Kenya							INTERNATIONAL POTATO CENTER	Ralstonia solanacearum					PRJNA1070535	SRP486782	SAMN61842887	SRS30011885	2026-08-11	2026-07-21	RAL_AA2004AA	Assembled	323.4	5.2	101828	5256766	Ralstonia solanacearum;100.0%	138	739	RAL_AA1974AA_AS
RAL_AA2005AA	CIPNK22_potato_KE	SRR39743971;ILLUMINA;Paired;;SRX34426557;SRA	Environment	Plant	potato; potato plant	2025	1			Africa	Kenya							INTERNATIONAL POTATO CENTER	Ralstonia solanacearum					PRJNA1070535	SRP486782	SAMN61842886	SRS30011884	2026-08-11	2026-07-21	RAL_AA2005AA	Assembled	407.5	5.2	101982	5264048	Ralstonia solanacearum;100.0%	138	909	RAL_AA1975AA_AS
RAL_AA2006AA	CIPNK21_potato_KE	SRR39743972;ILLUMINA;Paired;;SRX34426556;SRA	Environment	Plant	potato; potato plant	2025	1			Africa	Kenya							INTERNATIONAL POTATO CENTER	Ralstonia solanacearum					PRJNA1070535	SRP486782	SAMN61842885	SRS30011883	2026-08-11	2026-07-21	RAL_AA2006AA	Assembled	292.5	5.2	110342	5256281	Ralstonia solanacearum;100.0%	137	789	RAL_AA1976AA_AS
RAL_AA2007AA	CIPNK18_potato_KE	SRR39743973;ILLUMINA;Paired;;SRX34426555;SRA	Environment	Plant	potato; potato plant	2025	1			Africa	Kenya							INTERNATIONAL POTATO CENTER	Ralstonia solanacearum					PRJNA1070535	SRP486782	SAMN61842884	SRS30011882	2026-08-11	2026-07-21	RAL_AA2007AA	Assembled	303.3	5.2	110339	5255067	Ralstonia solanacearum;100.0%	137	592	RAL_AA1977AA_AS
RAL_AA2008AA	CIPNK14_potato_KE	SRR39743974;ILLUMINA;Paired;;SRX34426554;SRA	Environment	Plant	potato; potato plant	2025	1			Africa	Kenya							INTERNATIONAL POTATO CENTER	Ralstonia solanacearum					PRJNA1070535	SRP486782	SAMN61842883	SRS30011881	2026-08-11	2026-07-21	RAL_AA2008AA	Assembled	411.9	5.2	110342	5255785	Ralstonia solanacearum;100.0%	138	832	RAL_AA1978AA_AS
RAL_AA2009AA	CIPNK12_potato_KE	SRR39743975;ILLUMINA;Paired;;SRX34426553;SRA	Environment	Plant	potato; potato plant	2025	1			Africa	Kenya							INTERNATIONAL POTATO CENTER	Ralstonia solanacearum					PRJNA1070535	SRP486782	SAMN61842882	SRS30011880	2026-08-11	2026-07-21	RAL_AA2009AA	Assembled	386.8	5.2	93222	5247348	Ralstonia solanacearum;100.0%	150	2309	RAL_AA1979AA_AS
RAL_AA2010AA	CIPNK11_potato_KE	SRR39743976;ILLUMINA;Paired;;SRX34426552;SRA	Environment	Plant	potato; potato plant	2025	1			Africa	Kenya							INTERNATIONAL POTATO CENTER	Ralstonia solanacearum					PRJNA1070535	SRP486782	SAMN61842881	SRS30011879	2026-08-11	2026-07-21	RAL_AA2010AA	Assembled	265.4	5.2	101928	5239090	Ralstonia solanacearum;100.0%	139	766	RAL_AA1980AA_AS
RAL_AA2011AA	CIPKB1_potato_KE	SRR39743977;ILLUMINA;Paired;;SRX34426551;SRA	Environment	Plant	potato; potato plant	2025	1			Africa	Kenya							INTERNATIONAL POTATO CENTER	Ralstonia solanacearum					PRJNA1070535	SRP486782	SAMN61842872	SRS30011878	2026-08-11	2026-07-21	RAL_AA2011AA	Assembled	410.2	5.2	101497	5263835	Ralstonia solanacearum;100.0%	143	1395	RAL_AA1981AA_AS
RAL_AA2013AA	Bu-D26	SRR39418892;OXFORD_NANOPORE;Single;;SRX34135764;SRA,SRR39418889;ILLUMINA;Paired;;SRX34135763;SRA	Environment	Plant	Musa sp.	2026	2	3		Asia	Philippines							University of the Philippines Los Banos - Institute of Biological Sciences	Ralstonia solanacearum					PRJNA1480403	SRP714482	SAMN61028617	SRS29751337	2026-08-11	2026-07-01	RAL_AA2013AA	Assembled	626.3	5.2	152672	5522853	Ralstonia solanacearum;98.3%	91	1893	RAL_AA1983AA_AS
RAL_AA2014AA	Mo-D26	SRR39418890;OXFORD_NANOPORE;Single;;SRX34135762;SRA,SRR39418891;ILLUMINA;Paired;;SRX34135761;SRA	Environment	Plant	Musa sp.	2026	2	3		Asia	Philippines							University of the Philippines Los Banos - Institute of Biological Sciences	Ralstonia solanacearum					PRJNA1480403	SRP714482	SAMN61028616	SRS29751336	2026-08-11	2026-07-01	RAL_AA2014AA	Assembled	362.9	5.2	162597	5479906	Ralstonia solanacearum;98.3%	91	896	RAL_AA1984AA_AS
RAL_AA2016AA	Mo-D5	SRR39418895;OXFORD_NANOPORE;Single;;SRX34135758;SRA,SRR39418896;ILLUMINA;Paired;;SRX34135757;SRA	Environment	Plant	Musa sp.	1992	11	25		Asia	Philippines							University of the Philippines Los Banos - Institute of Biological Sciences	Ralstonia solanacearum					PRJNA1480403	SRP714482	SAMN61027274	SRS29751334	2026-08-11	2026-07-01	RAL_AA2016AA	Assembled	594.7	5.2	162597	5479563	Ralstonia solanacearum;98.3%	89	841	RAL_AA1986AA_AS