BioSample	PhytobacExplorer name	PhytoBacExplorer Uberstrain	PhytoBacExplorer comment	NCBI assembly	NCBI biosample	NCBI title	NCBI biosample_id	NCBI organism	NCBI strain	NCBI collection_date	NCBI geo_loc_name	NCBI host	NCBI isolation_source	NCBI lat_lon	NCBI sample_type	NCBI ref_biomaterial	NCBI collected_by	NCBI phylotype	NCBI env_broad_scale	NCBI isol_growth_condt	NCBI num_replicons	NCBI env_medium	NCBI env_local_scale	NCBI environmental_medium	NCBI broad-scale_environmental_context	NCBI latitude_and_longitude	NCBI NCPPB_Number	NCBI local-scale_environmental_context	NCBI geographic_location	NCBI Replicate	NCBI Continent	NCBI number_of_replicons	NCBI County	NCBI Collection_date	NCBI isolation_and_growth_condition	NCBI host_disease	NCBI biomaterial_provider	NCBI sample_name	NCBI Phylotype	NCBI host_taxid	NCBI locus_tag_prefix	NCBI isolate	NCBI host_common_name	NCBI rel_to_oxygen	NCBI biotic_relationship	NCBI pathogenicity	NCBI trophic_level	NCBI INSDC_status	NCBI INSDC_center_name	NCBI INSDC_first_public	NCBI INSDC_last_update	NCBI culture_collection	NCBI ENA-CHECKLIST	NCBI Submitter_Id	NCBI External_Id	NCBI depth	NCBI identified_by	NCBI type-material	NCBI biovar	NCBI ENA-FIRST-PUBLIC	NCBI ENA-LAST-UPDATE	NCBI scientific_name	NCBI genotype	NCBI INSDC_center_alias	NCBI env_biome	NCBI env_material	NCBI samp_store_temp	NCBI env_feature	NCBI samp_store_loc	NCBI Tax_ID	NCBI passage_history	NCBI project_name	NCBI host_tissue_sampled	NCBI host_infra_specific_name	NCBI ENA_checklist	NCBI Alias	NCBI Title	NCBI Sample_Name	NCBI SRA_accession	
SAMD00034391				GCF_001879565.1	SAMD00034391	Complete genome sequence of plant pathogen R. solanacearum OE1-1	4092273	Ralstonia solanacearum OE1-1	OE1-1	not applicable	not applicable	Solanum melongena		not applicable		not applicable			not applicable	not applicable	2	not applicable	not applicable															Genome R. solanacearum OE1-1			RSOE																															Complete genome sequence of Ralstonia solanacearum OE1-1								
SAMD00250057	MAFF 211471	RAL_AA0164AA		GCF_015097935.1	SAMD00250057	Ralstonia solanacearum MAFF 211471	16295089	Ralstonia solanacearum	MAFF 211471	not applicable	not applicable			not applicable		not applicable			not applicable	not applicable	2	not applicable	not applicable															MAFF 211471			MAFF211471																															Genome sequences of Ralstonia solanacearum infecting ginger plants								
SAMD00250058	MAFF 211479	RAL_AA0163AA		GCF_015098135.1	SAMD00250058	Ralstonia solanacearum MAFF 211479	16295090	Ralstonia solanacearum	MAFF 211479	not applicable	not applicable			not applicable		not applicable			not applicable	not applicable	2	not applicable	not applicable															MAFF 211479			MAFF211479																															Genome sequences of Ralstonia solanacearum infecting ginger plants								
SAMD00250059	MAFF 211491	RAL_AA0162AA		GCF_015098255.1	SAMD00250059	Ralstonia solanacearum MAFF 211491	16295091	Ralstonia solanacearum	MAFF 211491	not applicable	not applicable			not applicable		not applicable			not applicable	not applicable	2	not applicable	not applicable															MAFF 211491			MAFF211491																															Genome sequences of Ralstonia solanacearum infecting ginger plants								
SAMD00250060	MAFF 301560	RAL_AA0161AA		GCF_015098475.1	SAMD00250060	Ralstonia solanacearum MAFF 301560	16295092	Ralstonia solanacearum	MAFF 301560	not applicable	not applicable			not applicable		not applicable			not applicable	not applicable	2	not applicable	not applicable															MAFF 301560			MAFF301560																															Genome sequences of Ralstonia solanacearum infecting ginger plants								
SAMD00250061	MAFF 241647	RAL_AA0160AA		GCF_015098595.1	SAMD00250061	Ralstonia solanacearum MAFF 241647	16295093	Ralstonia solanacearum	MAFF 241647	not applicable	not applicable			not applicable		not applicable			not applicable	not applicable	2	not applicable	not applicable															MAFF 241647			MAFF241647																															Genome sequences of Ralstonia solanacearum infecting ginger plants								
SAMD00250062	MAFF 241648	RAL_AA0159AA		GCF_015098755.1	SAMD00250062	Ralstonia solanacearum MAFF 241648	16295094	Ralstonia solanacearum	MAFF 241648	not applicable	not applicable			not applicable		not applicable			not applicable	not applicable	2	not applicable	not applicable															MAFF 241648			MAFF241648																															Genome sequences of Ralstonia solanacearum infecting ginger plants								
SAMD00256261				GCF_015698345.1	SAMD00256261	Genomic_DNA_A_complete	16814224	Ralstonia solanacearum	MAFF 211472	not applicable	not applicable	Zingiber officinale		not applicable		not applicable			not applicable	not applicable	not applicable	not applicable	not applicable															A_complete			RPSA											MAFF:211472																				Comparative genomic analysis of Ralstonia solanacearum								
SAMD00256262	MAFF 211479	RAL_AA0856AA		GCF_015698365.1	SAMD00256262	Genomic_DNA_B_complete	16814225	Ralstonia solanacearum	MAFF 211479	not applicable	not applicable	Zingiber officinale		not applicable		not applicable			not applicable	not applicable	not applicable	not applicable	not applicable															B_complete			RPSB											MAFF:211479																				Comparative genomic analysis of Ralstonia solanacearum								
SAMD00256263	MAFF 311693	RAL_AA0855AA		GCF_015698385.1	SAMD00256263	Genomic_DNA_D_complete	16814226	Ralstonia solanacearum	MAFF 311693	not applicable	not applicable	Curcuma aromatica		not applicable		not applicable			not applicable	not applicable	not applicable	not applicable	not applicable															D_complete			RPSD											MAFF:311693																				Comparative genomic analysis of Ralstonia solanacearum								
SAMD00657122	MAFF 211519	RAL_AA0016AA		GCF_037101315.1	SAMD00657122	Ralstonia pseudosolanacearum MAFF 211519	38237301	Ralstonia pseudosolanacearum	MAFF 211519	not applicable	not applicable	not applicable	not applicable		not applicable																							MAFF 211519			MAFF211519																																							
SAMD00657123	MAFF 211520	RAL_AA0015AA		GCF_037101325.1	SAMD00657123	Ralstonia pseudosolanacearum MAFF 211520	38237302	Ralstonia pseudosolanacearum	MAFF 211520	not applicable	not applicable	not applicable	not applicable		not applicable																							MAFF 211520			MAFF211520																																							
SAMD00657124	MAFF 211521	RAL_AA0014AA		GCF_037101335.1	SAMD00657124	Ralstonia pseudosolanacearum MAFF 211521	38237303	Ralstonia pseudosolanacearum	MAFF 211521	not applicable	not applicable	not applicable	not applicable		not applicable																							MAFF 211521			MAFF211521																																							
SAMD00657125	MAFF 301524	RAL_AA0013AA		GCF_037101345.1	SAMD00657125	Ralstonia pseudosolanacearum MAFF 301524	38237304	Ralstonia pseudosolanacearum	MAFF 301524	not applicable	not applicable	not applicable	not applicable		not applicable																							MAFF 301524			MAFF301524																																							
SAMD00657126	MAFF 301069	RAL_AA0012AA		GCF_037101355.1	SAMD00657126	Ralstonia pseudosolanacearum MAFF 301069	38237305	Ralstonia pseudosolanacearum	MAFF 301069	not applicable	not applicable	not applicable	not applicable		not applicable																							MAFF 301069			MAFF301069																																							
SAMD00657127	MAFF 211271	RAL_AA1757AA		GCF_037101365.1	SAMD00657127	Ralstonia pseudosolanacearum MAFF 211271	38237306	Ralstonia syzygii subsp. indonesiensis	MAFF 211271	not applicable	not applicable	not applicable	not applicable		not applicable																							MAFF 211271			MAFF211271																																							
SAMD00889216	MAFF 106244	RAL_AA1062AA		GCF_055396965.1	SAMD00889216	Ralstonia pseudosolanacearum MAFF 106244	48851964	Ralstonia pseudosolanacearum	MAFF 106244	1981	Japan:Nara	Solanum melongena		missing		missing			not applicable	missing	2	not applicable	not applicable															MAFF 106244		4111	MAFF106244			aerobe	parasite	Solanum melongena	autotroph																																	
SAMD01229170	MAFF 106251	RAL_AA1157AA		GCF_055396695.1	SAMD01229170	Ralstonia pseudosolanacearum MAFF 106251	49764383	Ralstonia pseudosolanacearum	MAFF 106251	1981	Japan:Osaka	Solanum melongena		missing		missing			not applicable	missing	2	not applicable	not applicable															MAFF 106251		4111	MAFF106251			aerobe	parasite	Solanum melongena	autotroph																																	
SAMD01229171	MAFF 724001	RAL_AA1156AA		GCF_055396595.1	SAMD01229171	Ralstonia pseudosolanacearum MAFF 724001	49764384	Ralstonia pseudosolanacearum	MAFF 724001	1982	Japan:Nara	Solanum tuberosum		missing		missing			not applicable	missing	2	not applicable	not applicable															MAFF 724001		4113	MAFF724001			aerobe	parasite	Solanum tuberosum	autotroph																																	
SAMD01229172	MAFF 724002	RAL_AA1139AA		GCF_055395975.1	SAMD01229172	Ralstonia pseudosolanacearum MAFF 724002	49764385	Ralstonia pseudosolanacearum	MAFF 724002	1982	Japan:Tottori	Solanum melongena		missing		missing			not applicable	missing	2	not applicable	not applicable															MAFF 724002		4111	MAFF724002			aerobe	parasite	Solanum melongena	autotroph																																	
SAMD01229173	MAFF 724003	RAL_AA1138AA		GCF_055395735.1	SAMD01229173	Ralstonia pseudosolanacearum MAFF 724003	49764386	Ralstonia pseudosolanacearum	MAFF 724003	1982	Japan:Okayama	Solanum melongena		missing		missing			not applicable	missing	2	not applicable	not applicable															MAFF 724003		4111	MAFF724003			aerobe	parasite	Solanum melongena	autotroph																																	
SAMD01229174	MAFF 106252	RAL_AA1137AA		GCF_055395355.1	SAMD01229174	Ralstonia pseudosolanacearum MAFF 106252	49764387	Ralstonia pseudosolanacearum	MAFF 106252	1982	Japan:Fukuoka	Solanum melongena		missing		missing			not applicable	missing	2	not applicable	not applicable															MAFF 106252		4111	MAFF106252			aerobe	parasite	Solanum melongena	autotroph																																	
SAMD01229175	MAFF 724004	RAL_AA1136AA		GCF_055395135.1	SAMD01229175	Ralstonia pseudosolanacearum MAFF 724004	49764388	Ralstonia pseudosolanacearum	MAFF 724004	1982	Japan:Hyogo	Solanum lycopersicum		missing		missing			not applicable	missing	2	not applicable	not applicable															MAFF 724004		4081	MAFF724004			aerobe	parasite	Solanum lycopersicum	autotroph																																	
SAMD01229176	MAFF 106253	RAL_AA1135AA		GCF_055394475.1	SAMD01229176	Ralstonia pseudosolanacearum MAFF 106253	49764389	Ralstonia pseudosolanacearum	MAFF 106253	1982	Japan:Hiroshima	Solanum melongena		missing		missing			not applicable	missing	2	not applicable	not applicable															MAFF 106253		4111	MAFF106253			aerobe	parasite	Solanum melongena	autotroph																																	
SAMD01229177	MAFF 724005	RAL_AA1134AA		GCF_055394085.1	SAMD01229177	Ralstonia pseudosolanacearum MAFF 724005	49764390	Ralstonia pseudosolanacearum	MAFF 724005	1982	Japan:Osaka	Solanum melongena		missing		missing			not applicable	missing	2	not applicable	not applicable															MAFF 724005		4111	MAFF724005			aerobe	parasite	Solanum melongena	autotroph																																	
SAMD01229178	MAFF 724008	RAL_AA1133AA		GCF_055393675.1	SAMD01229178	Ralstonia pseudosolanacearum MAFF 724008	49764391	Ralstonia pseudosolanacearum	MAFF 724008	1982	Japan:Shizuoka	Solanum lycopersicum		missing		missing			not applicable	missing	2	not applicable	not applicable															MAFF 724008		4081	MAFF724008			aerobe	parasite	Solanum lycopersicum	autotroph																																	
SAMD01229179	MAFF 106245	RAL_AA1132AA		GCF_055393435.1	SAMD01229179	Ralstonia pseudosolanacearum MAFF 106245	49764392	Ralstonia pseudosolanacearum	MAFF 106245	1982	Japan:Mie	Solanum lycopersicum		missing		missing			not applicable	missing	2	not applicable	not applicable															MAFF 106245		4081	MAFF106245			aerobe	parasite	Solanum lycopersicum	autotroph																																	
SAMD01229180	MAFF 724009	RAL_AA1131AA		GCF_055392825.1	SAMD01229180	Ralstonia pseudosolanacearum MAFF 724009	49764393	Ralstonia pseudosolanacearum	MAFF 724009	1982	Japan:Ibaraki	Solanum lycopersicum		missing		missing			not applicable	missing	2	not applicable	not applicable															MAFF 724009		4081	MAFF724009			aerobe	parasite	Solanum lycopersicum	autotroph																																	
SAMD01229181	MAFF 724010	RAL_AA1130AA		GCF_055392285.1	SAMD01229181	Ralstonia pseudosolanacearum MAFF 724010	49764394	Ralstonia pseudosolanacearum	MAFF 724010	1982	Japan:Gunma	Solanum melongena		missing		missing			not applicable	missing	2	not applicable	not applicable															MAFF 724010		4111	MAFF724010			aerobe	parasite	Solanum melongena	autotroph																																	
SAMD01229182	MAFF 311869	RAL_AA1129AA		GCF_055392065.1	SAMD01229182	Ralstonia pseudosolanacearum MAFF 311869	49764395	Ralstonia pseudosolanacearum	MAFF 311869	1982	Japan:Kochi	Solanum lycopersicum		missing		missing			not applicable	missing	2	not applicable	not applicable															MAFF 311869		4081	MAFF311869			aerobe	parasite	Solanum lycopersicum	autotroph																																	
SAMD01229183	MAFF 311870	RAL_AA1128AA		GCF_055391665.1	SAMD01229183	Ralstonia pseudosolanacearum MAFF 311870	49764396	Ralstonia pseudosolanacearum	MAFF 311870	1982	Japan:Kochi	Solanum lycopersicum		missing		missing			not applicable	missing	2	not applicable	not applicable															MAFF 311870		4081	MAFF311870			aerobe	parasite	Solanum lycopersicum	autotroph																																	
SAMD01229184	MAFF 311871	RAL_AA1127AA		GCF_055391285.1	SAMD01229184	Ralstonia pseudosolanacearum MAFF 311871	49764397	Ralstonia pseudosolanacearum	MAFF 311871	1982	Japan:Kochi	Solanum melongena		missing		missing			not applicable	missing	2	not applicable	not applicable															MAFF 311871		4111	MAFF311871			aerobe	parasite	Solanum melongena	autotroph																																	
SAMD01229185	MAFF 311872	RAL_AA1126AA		GCF_055390885.1	SAMD01229185	Ralstonia pseudosolanacearum MAFF 311872	49764398	Ralstonia pseudosolanacearum	MAFF 311872	1982	Japan:Kagoshima	Solanum lycopersicum		missing		missing			not applicable	missing	2	not applicable	not applicable															MAFF 311872		4081	MAFF311872			aerobe	parasite	Solanum lycopersicum	autotroph																																	
SAMD01229186				GCF_055390545.1	SAMD01229186	Ralstonia pseudosolanacearum MAFF 311873	49764399	Ralstonia pseudosolanacearum	MAFF 311873	1982	Japan:Saga	Solanum melongena		missing		missing			not applicable	missing	2	not applicable	not applicable															MAFF 311873		4111	MAFF311873			aerobe	parasite	Solanum melongena	autotroph																																	
SAMD01229187	MAFF 311874	RAL_AA1124AA		GCF_055390165.1	SAMD01229187	Ralstonia pseudosolanacearum MAFF 311874	49764400	Ralstonia pseudosolanacearum	MAFF 311874	1982	Japan:Osaka	Solanum lycopersicum		missing		missing			not applicable	missing	2	not applicable	not applicable															MAFF 311874		4081	MAFF311874			aerobe	parasite	Solanum lycopersicum	autotroph																																	
SAMD01229188				GCF_055389745.1	SAMD01229188	Ralstonia pseudosolanacearum MAFF 311875	49764401	Ralstonia pseudosolanacearum	MAFF 311875	1982	Japan:Shimane	Solanum lycopersicum		missing		missing			not applicable	missing	2	not applicable	not applicable															MAFF 311875		4081	MAFF311875			aerobe	parasite	Solanum lycopersicum	autotroph																																	
SAMD01229189	MAFF 106254	RAL_AA1106AA		GCF_055389375.1	SAMD01229189	Ralstonia pseudosolanacearum MAFF 106254	49764402	Ralstonia pseudosolanacearum	MAFF 106254	1982	Japan:Wakayama	Solanum melongena		missing		missing			not applicable	missing	2	not applicable	not applicable															MAFF 106254		4111	MAFF106254			aerobe	parasite	Solanum melongena	autotroph																																	
SAMD01229190	MAFF 311876	RAL_AA1105AA		GCF_055388985.1	SAMD01229190	Ralstonia pseudosolanacearum MAFF 311876	49764403	Ralstonia pseudosolanacearum	MAFF 311876	1982	Japan:Tokyo	Solanum melongena		missing		missing			not applicable	missing	2	not applicable	not applicable															MAFF 311876		4111	MAFF311876			aerobe	parasite	Solanum melongena	autotroph																																	
SAMD01229191	MAFF 311877	RAL_AA1104AA		GCF_055388585.1	SAMD01229191	Ralstonia pseudosolanacearum MAFF 311877	49764404	Ralstonia pseudosolanacearum	MAFF 311877	1982	Japan:Gunma	Solanum lycopersicum		missing		missing			not applicable	missing	2	not applicable	not applicable															MAFF 311877		4081	MAFF311877			aerobe	parasite	Solanum lycopersicum	autotroph																																	
SAMD01229192	MAFF 311878	RAL_AA1103AA		GCF_055388055.1	SAMD01229192	Ralstonia pseudosolanacearum MAFF 311878	49764405	Ralstonia pseudosolanacearum	MAFF 311878	1982	Japan:Saitama	Solanum melongena		missing		missing			not applicable	missing	1	not applicable	not applicable															MAFF 311878		4111	MAFF311878			aerobe	parasite	Solanum melongena	autotroph																																	
SAMD01229193	MAFF 311879	RAL_AA1102AA		GCF_055387825.1	SAMD01229193	Ralstonia pseudosolanacearum MAFF 311879	49764406	Ralstonia pseudosolanacearum	MAFF 311879	1982	Japan:Nagano	Solanum lycopersicum		missing		missing			not applicable	missing	2	not applicable	not applicable															MAFF 311879		4081	MAFF311879			aerobe	parasite	Solanum lycopersicum	autotroph																																	
SAMD01229194	MAFF 311880	RAL_AA1101AA		GCF_055387485.1	SAMD01229194	Ralstonia pseudosolanacearum MAFF 311880	49764407	Ralstonia pseudosolanacearum	MAFF 311880	1982	Japan:Yamaguchi	Solanum lycopersicum		missing		missing			not applicable	missing	2	not applicable	not applicable															MAFF 311880		4081	MAFF311880			aerobe	parasite	Solanum lycopersicum	autotroph																																	
SAMD01229195	MAFF 311881	RAL_AA1100AA		GCF_055387035.1	SAMD01229195	Ralstonia pseudosolanacearum MAFF 311881	49764408	Ralstonia pseudosolanacearum	MAFF 311881	1982	Japan:Yamaguchi	Solanum lycopersicum		missing		missing			not applicable	missing	2	not applicable	not applicable															MAFF 311881		4081	MAFF311881			aerobe	parasite	Solanum lycopersicum	autotroph																																	
SAMD01229196				GCF_055386735.1	SAMD01229196	Ralstonia pseudosolanacearum MAFF 311882	49764409	Ralstonia pseudosolanacearum	MAFF 311882	1982	Japan:Yamaguchi	Solanum lycopersicum		missing		missing			not applicable	missing	2	not applicable	not applicable															MAFF 311882		4081	MAFF311882			aerobe	parasite	Solanum lycopersicum	autotroph																																	
SAMD01229197	MAFF 311883	RAL_AA1098AA		GCF_055386225.1	SAMD01229197	Ralstonia pseudosolanacearum MAFF 311883	49764410	Ralstonia pseudosolanacearum	MAFF 311883	1982	Japan:Kanagawa	Solanum lycopersicum		missing		missing			not applicable	missing	2	not applicable	not applicable															MAFF 311883		4081	MAFF311883			aerobe	parasite	Solanum lycopersicum	autotroph																																	
SAMD01229198	MAFF 311884	RAL_AA1097AA		GCF_055385855.1	SAMD01229198	Ralstonia pseudosolanacearum MAFF 311884	49764411	Ralstonia pseudosolanacearum	MAFF 311884	1982	Japan:Yamanashi	Solanum melongena		missing		missing			not applicable	missing	2	not applicable	not applicable															MAFF 311884		4111	MAFF311884			aerobe	parasite	Solanum melongena	autotroph																																	
SAMD01229199	MAFF 311885	RAL_AA1096AA		GCF_055385485.1	SAMD01229199	Ralstonia pseudosolanacearum MAFF 311885	49764412	Ralstonia pseudosolanacearum	MAFF 311885	1982	Japan:Oita	Solanum lycopersicum		missing		missing			not applicable	missing	2	not applicable	not applicable															MAFF 311885		4081	MAFF311885			aerobe	parasite	Solanum lycopersicum	autotroph																																	
SAMD01229200	MAFF 311886	RAL_AA1095AA		GCF_055385175.1	SAMD01229200	Ralstonia pseudosolanacearum MAFF 311886	49764413	Ralstonia pseudosolanacearum	MAFF 311886	1982	Japan:Oita	Solanum lycopersicum		missing		missing			not applicable	missing	2	not applicable	not applicable															MAFF 311886		4081	MAFF311886			aerobe	parasite	Solanum lycopersicum	autotroph																																	
SAMD01229201	MAFF 311887	RAL_AA1094AA		GCF_055384715.1	SAMD01229201	Ralstonia pseudosolanacearum MAFF 311887	49764414	Ralstonia pseudosolanacearum	MAFF 311887	1982	Japan:Oita	Capsicum annuum		missing		missing			not applicable	missing	2	not applicable	not applicable															MAFF 311887		4072	MAFF311887			aerobe	parasite	Capsicum annuum	autotroph																																	
SAMD01229202	MAFF 311888	RAL_AA1093AA		GCF_055542735.1	SAMD01229202	Ralstonia pseudosolanacearum MAFF 311888	49764415	Ralstonia pseudosolanacearum	MAFF 311888	1982	Japan:Ehime	Solanum lycopersicum		missing		missing			not applicable	missing	2	not applicable	not applicable															MAFF 311888		4081	MAFF311888			aerobe	parasite	Solanum lycopersicum	autotroph																																	
SAMD01229203	MAFF 106255	RAL_AA1092AA		GCF_055383775.1	SAMD01229203	Ralstonia pseudosolanacearum MAFF 106255	49764416	Ralstonia pseudosolanacearum	MAFF 106255	1982	Japan:Kumamoto	Solanum lycopersicum		missing		missing			not applicable	missing	2	not applicable	not applicable															MAFF 106255		4081	MAFF106255			aerobe	parasite	Solanum lycopersicum	autotroph																																	
SAMD01229204	MAFF 311889	RAL_AA1155AA		GCF_055383415.1	SAMD01229204	Ralstonia pseudosolanacearum MAFF 311889	49764417	Ralstonia pseudosolanacearum	MAFF 311889	1982	Japan:Fukuoka	Solanum melongena		missing		missing			not applicable	missing	2	not applicable	not applicable															MAFF 311889		4111	MAFF311889			aerobe	parasite	Solanum melongena	autotroph																																	
SAMD01229205				GCF_055383015.1	SAMD01229205	Ralstonia pseudosolanacearum MAFF 311890	49764418	Ralstonia pseudosolanacearum	MAFF 311890	1982	Japan:Shizuoka	Solanum melongena		missing		missing			not applicable	missing	2	not applicable	not applicable															MAFF 311890		4111	MAFF311890			aerobe	parasite	Solanum melongena	autotroph																																	
SAMD01229206	MAFF 311891	RAL_AA1153AA		GCF_055382575.1	SAMD01229206	Ralstonia pseudosolanacearum MAFF 311891	49764419	Ralstonia pseudosolanacearum	MAFF 311891	1982	Japan:Aichi	Solanum lycopersicum		missing		missing			not applicable	missing	2	not applicable	not applicable															MAFF 311891		4081	MAFF311891			aerobe	parasite	Solanum lycopersicum	autotroph																																	
SAMD01229207	MAFF 311892	RAL_AA1152AA		GCF_055382075.1	SAMD01229207	Ralstonia pseudosolanacearum MAFF 311892	49764420	Ralstonia pseudosolanacearum	MAFF 311892	1982	Japan:Nagasaki	Solanum tuberosum		missing		missing			not applicable	missing	2	not applicable	not applicable															MAFF 311892		4113	MAFF311892			aerobe	parasite	Solanum tuberosum	autotroph																																	
SAMD01229208	MAFF 311893	RAL_AA1151AA		GCF_055381715.1	SAMD01229208	Ralstonia pseudosolanacearum MAFF 311893	49764421	Ralstonia pseudosolanacearum	MAFF 311893	1982	Japan:Kanagawa	Solanum lycopersicum		missing		missing			not applicable	missing	2	not applicable	not applicable															MAFF 311893		4081	MAFF311893			aerobe	parasite	Solanum lycopersicum	autotroph																																	
SAMD01229209				GCF_055381295.1	SAMD01229209	Ralstonia pseudosolanacearum MAFF 311894	49764422	Ralstonia pseudosolanacearum	MAFF 311894	1982	Japan:Shizuoka	Solanum lycopersicum		missing		missing			not applicable	missing	2	not applicable	not applicable															MAFF 311894		4081	MAFF311894			aerobe	parasite	Solanum lycopersicum	autotroph																																	
SAMD01229210	MAFF 311895	RAL_AA1149AA		GCF_055380885.1	SAMD01229210	Ralstonia pseudosolanacearum MAFF 311895	49764423	Ralstonia pseudosolanacearum	MAFF 311895	1983	Japan:Saga	Solanum melongena		missing		missing			not applicable	missing	2	not applicable	not applicable															MAFF 311895		4111	MAFF311895			aerobe	parasite	Solanum melongena	autotroph																																	
SAMD01229211	MAFF 311896	RAL_AA1148AA		GCF_055380435.1	SAMD01229211	Ralstonia pseudosolanacearum MAFF 311896	49764424	Ralstonia pseudosolanacearum	MAFF 311896	1983	Japan:Shizuoka	Solanum lycopersicum		missing		missing			not applicable	missing	2	not applicable	not applicable															MAFF 311896		4081	MAFF311896			aerobe	parasite	Solanum lycopersicum	autotroph																																	
SAMD01229212				GCF_055380045.1	SAMD01229212	Ralstonia pseudosolanacearum MAFF 311897	49764425	Ralstonia pseudosolanacearum	MAFF 311897	1983	Japan:Ehime	Solanum lycopersicum		missing		missing			not applicable	missing	2	not applicable	not applicable															MAFF 311897		4081	MAFF311897			aerobe	parasite	Solanum lycopersicum	autotroph																																	
SAMD01229213	MAFF 311898	RAL_AA1146AA		GCF_055379705.1	SAMD01229213	Ralstonia pseudosolanacearum MAFF 311898	49764426	Ralstonia pseudosolanacearum	MAFF 311898	1983	Japan:Kyoto	Solanum melongena		missing		missing			not applicable	missing	2	not applicable	not applicable															MAFF 311898		4111	MAFF311898			aerobe	parasite	Solanum melongena	autotroph																																	
SAMD01229214	MAFF 311899	RAL_AA1145AA		GCF_055379425.1	SAMD01229214	Ralstonia pseudosolanacearum MAFF 311899	49764427	Ralstonia pseudosolanacearum	MAFF 311899	1983	Japan:Fukui	Solanum lycopersicum		missing		missing			not applicable	missing	2	not applicable	not applicable															MAFF 311899		4081	MAFF311899			aerobe	parasite	Solanum lycopersicum	autotroph																																	
SAMD01229215	MAFF 106256	RAL_AA1144AA		GCF_055378945.1	SAMD01229215	Ralstonia pseudosolanacearum MAFF 106256	49764428	Ralstonia pseudosolanacearum	MAFF 106256	1983	Japan:Oita	Solanum melongena		missing		missing			not applicable	missing	2	not applicable	not applicable															MAFF 106256		4111	MAFF106256			aerobe	parasite	Solanum melongena	autotroph																																	
SAMD01229216	MAFF 311900	RAL_AA1143AA		GCF_055378695.1	SAMD01229216	Ralstonia pseudosolanacearum MAFF 311900	49764429	Ralstonia pseudosolanacearum	MAFF 311900	1983	Japan:Kyoto	Solanum melongena		missing		missing			not applicable	missing	2	not applicable	not applicable															MAFF 311900		4111	MAFF311900			aerobe	parasite	Solanum melongena	autotroph																																	
SAMD01229217				GCF_055378275.1	SAMD01229217	Ralstonia pseudosolanacearum MAFF 311901	49764430	Ralstonia pseudosolanacearum	MAFF 311901	1983	Japan:Kochi	Capsicum annuum		missing		missing			not applicable	missing	2	not applicable	not applicable															MAFF 311901		4072	MAFF311901			aerobe	parasite	Capsicum annuum	autotroph																																	
SAMD01229218	MAFF 106257	RAL_AA1141AA		GCF_055398245.1	SAMD01229218	Ralstonia pseudosolanacearum MAFF 106257	49764431	Ralstonia pseudosolanacearum	MAFF 106257	1983	Japan:Kochi	Solanum lycopersicum		missing		missing			not applicable	missing	2	not applicable	not applicable															MAFF 106257		4081	MAFF106257			aerobe	parasite	Solanum lycopersicum	autotroph																																	
SAMD01229219	MAFF 311902	RAL_AA1140AA		GCF_055398065.1	SAMD01229219	Ralstonia pseudosolanacearum MAFF 311902	49764432	Ralstonia pseudosolanacearum	MAFF 311902	1983	Japan:Kochi	Solanum lycopersicum		missing		missing			not applicable	missing	2	not applicable	not applicable															MAFF 311902		4081	MAFF311902			aerobe	parasite	Solanum lycopersicum	autotroph																																	
SAMD01229220	MAFF 106204	RAL_AA1091AA		GCF_055397765.1	SAMD01229220	Ralstonia pseudosolanacearum MAFF 106204	49764433	Ralstonia pseudosolanacearum	MAFF 106204	1983	Japan:Kochi	Solanum melongena		missing		missing			not applicable	missing	2	not applicable	not applicable															MAFF 106204		4111	MAFF106204			aerobe	parasite	Solanum melongena	autotroph																																	
SAMD01229221	MAFF 106205	RAL_AA1090AA		GCF_055397595.1	SAMD01229221	Ralstonia pseudosolanacearum MAFF 106205	49764434	Ralstonia pseudosolanacearum	MAFF 106205	1983	Japan:Kochi	Solanum melongena		missing		missing			not applicable	missing	2	not applicable	not applicable															MAFF 106205		4111	MAFF106205			aerobe	parasite	Solanum melongena	autotroph																																	
SAMD01229222	MAFF 106258	RAL_AA1089AA		GCF_055397415.1	SAMD01229222	Ralstonia pseudosolanacearum MAFF 106258	49764435	Ralstonia pseudosolanacearum	MAFF 106258	1983	Japan:Kochi	Solanum melongena		missing		missing			not applicable	missing	2	not applicable	not applicable															MAFF 106258		4111	MAFF106258			aerobe	parasite	Solanum melongena	autotroph																																	
SAMD01229223	MAFF 106206	RAL_AA1088AA		GCF_055397205.1	SAMD01229223	Ralstonia pseudosolanacearum MAFF 106206	49764436	Ralstonia pseudosolanacearum	MAFF 106206	1984	Japan:Fukuoka	Solanum melongena		missing		missing			not applicable	missing	2	not applicable	not applicable															MAFF 106206		4111	MAFF106206			aerobe	parasite	Solanum melongena	autotroph																																	
SAMD01229224	MAFF 106207	RAL_AA1087AA		GCF_055396955.1	SAMD01229224	Ralstonia pseudosolanacearum MAFF 106207	49764437	Ralstonia pseudosolanacearum	MAFF 106207	1984	Japan:Hiroshima	Solanum lycopersicum		missing		missing			not applicable	missing	2	not applicable	not applicable															MAFF 106207		4081	MAFF106207			aerobe	parasite	Solanum lycopersicum	autotroph																																	
SAMD01229225	MAFF 106208	RAL_AA1086AA		GCF_055396855.1	SAMD01229225	Ralstonia pseudosolanacearum MAFF 106208	49764438	Ralstonia pseudosolanacearum	MAFF 106208	1984	Japan:Hiroshima	Solanum melongena		missing		missing			not applicable	missing	2	not applicable	not applicable															MAFF 106208		4111	MAFF106208			aerobe	parasite	Solanum melongena	autotroph																																	
SAMD01229226	MAFF 106209	RAL_AA1085AA		GCF_055396565.1	SAMD01229226	Ralstonia pseudosolanacearum MAFF 106209	49764439	Ralstonia pseudosolanacearum	MAFF 106209	1984	Japan:Hiroshima	Solanum lycopersicum		missing		missing			not applicable	missing	2	not applicable	not applicable															MAFF 106209		4081	MAFF106209			aerobe	parasite	Solanum lycopersicum	autotroph																																	
SAMD01229227				GCF_055396295.1	SAMD01229227	Ralstonia pseudosolanacearum MAFF 106210	49764440	Ralstonia pseudosolanacearum	MAFF 106210	1984	Japan:Nara	Solanum melongena		missing		missing			not applicable	missing	2	not applicable	not applicable															MAFF 106210		4111	MAFF106210			aerobe	parasite	Solanum melongena	autotroph																																	
SAMD01229228	MAFF 106211	RAL_AA1083AA		GCF_055395705.1	SAMD01229228	Ralstonia pseudosolanacearum MAFF 106211	49764441	Ralstonia pseudosolanacearum	MAFF 106211	1984	Japan:Kyoto	Solanum melongena		missing		missing			not applicable	missing	2	not applicable	not applicable															MAFF 106211		4111	MAFF106211			aerobe	parasite	Solanum melongena	autotroph																																	
SAMD01229229	MAFF 106212	RAL_AA1082AA		GCF_055395325.1	SAMD01229229	Ralstonia pseudosolanacearum MAFF 106212	49764442	Ralstonia pseudosolanacearum	MAFF 106212	1984	Japan:Kyoto	Solanum lycopersicum		missing		missing			not applicable	missing	2	not applicable	not applicable															MAFF 106212		4081	MAFF106212			aerobe	parasite	Solanum lycopersicum	autotroph																																	
SAMD01229230	MAFF 106213	RAL_AA1081AA		GCF_055395105.1	SAMD01229230	Ralstonia pseudosolanacearum MAFF 106213	49764443	Ralstonia pseudosolanacearum	MAFF 106213	1985	Japan:Hyogo	Solanum melongena		missing		missing			not applicable	missing	2	not applicable	not applicable															MAFF 106213		4111	MAFF106213			aerobe	parasite	Solanum melongena	autotroph																																	
SAMD01229231	MAFF 106214	RAL_AA1080AA		GCF_055394465.1	SAMD01229231	Ralstonia pseudosolanacearum MAFF 106214	49764444	Ralstonia pseudosolanacearum	MAFF 106214	1985	Japan:Tottori	Solanum lycopersicum		missing		missing			not applicable	missing	2	not applicable	not applicable															MAFF 106214		4081	MAFF106214			aerobe	parasite	Solanum lycopersicum	autotroph																																	
SAMD01229232	MAFF 106215	RAL_AA1079AA		GCF_055394015.1	SAMD01229232	Ralstonia pseudosolanacearum MAFF 106215	49764445	Ralstonia pseudosolanacearum	MAFF 106215	1985	Japan:Nara	Solanum lycopersicum		missing		missing			not applicable	missing	2	not applicable	not applicable															MAFF 106215		4081	MAFF106215			aerobe	parasite	Solanum lycopersicum	autotroph																																	
SAMD01229233				GCF_055393665.1	SAMD01229233	Ralstonia pseudosolanacearum MAFF 106216	49764446	Ralstonia pseudosolanacearum	MAFF 106216	1985	Japan:Kyoto	Solanum melongena		missing		missing			not applicable	missing	2	not applicable	not applicable															MAFF 106216		4111	MAFF106216			aerobe	parasite	Solanum melongena	autotroph																																	
SAMD01229234	MAFF 106217	RAL_AA1077AA		GCF_055393385.1	SAMD01229234	Ralstonia pseudosolanacearum MAFF 106217	49764447	Ralstonia pseudosolanacearum	MAFF 106217	1987	Japan:Hiroshima	Solanum melongena		missing		missing			not applicable	missing	2	not applicable	not applicable															MAFF 106217		4111	MAFF106217			aerobe	parasite	Solanum melongena	autotroph																																	
SAMD01229235	MAFF 106218	RAL_AA1076AA		GCF_055392795.1	SAMD01229235	Ralstonia pseudosolanacearum MAFF 106218	49764448	Ralstonia pseudosolanacearum	MAFF 106218	2020	Japan:Mie	Solanum melongena		missing		missing			not applicable	missing	1	not applicable	not applicable															MAFF 106218		4111	MAFF106218			aerobe	parasite	Solanum melongena	autotroph																																	
SAMD01229236				GCF_055392275.1	SAMD01229236	Ralstonia pseudosolanacearum MAFF 311908	49764449	Ralstonia pseudosolanacearum	MAFF 311908	2007	Japan:Kyoto	Capsicum annuum		missing		missing			not applicable	missing	2	not applicable	not applicable															MAFF 311908		4072	MAFF311908			aerobe	parasite	Capsicum annuum	autotroph																																	
SAMD01229237	MAFF 311931	RAL_AA1122AA		GCF_055392015.1	SAMD01229237	Ralstonia pseudosolanacearum MAFF 311931	49764450	Ralstonia pseudosolanacearum	MAFF 311931	1995	Japan:Kyoto	Capsicum annuum		missing		missing			not applicable	missing	2	not applicable	not applicable															MAFF 311931		4072	MAFF311931			aerobe	parasite	Capsicum annuum	autotroph																																	
SAMD01229238	MAFF 311910	RAL_AA1121AA		GCF_055391615.1	SAMD01229238	Ralstonia pseudosolanacearum MAFF 311910	49764451	Ralstonia pseudosolanacearum	MAFF 311910	1997	Japan:Kochi	Capsicum annuum		missing		missing			not applicable	missing	2	not applicable	not applicable															MAFF 311910		4072	MAFF311910			aerobe	parasite	Capsicum annuum	autotroph																																	
SAMD01229239	MAFF 311909	RAL_AA1120AA		GCF_055391275.1	SAMD01229239	Ralstonia pseudosolanacearum MAFF 311909	49764452	Ralstonia pseudosolanacearum	MAFF 311909	1997	Japan:Kochi	Capsicum annuum		missing		missing			not applicable	missing	2	not applicable	not applicable															MAFF 311909		4072	MAFF311909			aerobe	parasite	Capsicum annuum	autotroph																																	
SAMD01229240	MAFF 211266	RAL_AA1119AA		GCF_055390875.1	SAMD01229240	Ralstonia pseudosolanacearum MAFF 211266	49764453	Ralstonia pseudosolanacearum	MAFF 211266	1973	Japan:Hiroshima	Solanum melongena		missing		missing			not applicable	missing	2	not applicable	not applicable															MAFF 211266		4111	MAFF211266			aerobe	parasite	Solanum melongena	autotroph																																	
SAMD01229241	MAFF 211282	RAL_AA1118AA		GCF_055390515.1	SAMD01229241	Ralstonia pseudosolanacearum MAFF 211282	49764454	Ralstonia pseudosolanacearum	MAFF 211282	1993	Japan:Kochi	Solanum melongena		missing		missing			not applicable	missing	2	not applicable	not applicable															MAFF 211282		4111	MAFF211282			aerobe	parasite	Solanum melongena	autotroph																																	
SAMD01229242	MAFF 331041	RAL_AA1117AA		GCF_055390135.1	SAMD01229242	Ralstonia pseudosolanacearum MAFF 331041	49764455	Ralstonia pseudosolanacearum	MAFF 331041	2011	Japan:Tochigi	Solanum lycopersicum		missing		missing			not applicable	missing	2	not applicable	not applicable															MAFF 331041		4081	MAFF331041			aerobe	parasite	Solanum lycopersicum	autotroph																																	
SAMD01229243	MAFF 331042	RAL_AA1116AA		GCF_055389715.1	SAMD01229243	Ralstonia pseudosolanacearum MAFF 331042	49764456	Ralstonia pseudosolanacearum	MAFF 331042	2011	Japan:Tochigi	Solanum melongena		missing		missing			not applicable	missing	2	not applicable	not applicable															MAFF 331042		4111	MAFF331042			aerobe	parasite	Solanum melongena	autotroph																																	
SAMD01229244	MAFF 331046	RAL_AA1115AA		GCF_055389345.1	SAMD01229244	Ralstonia pseudosolanacearum MAFF 331046	49764457	Ralstonia pseudosolanacearum	MAFF 331046	2011	Japan:Tochigi	Solanum lycopersicum		missing		missing			not applicable	missing	2	not applicable	not applicable															MAFF 331046		4081	MAFF331046			aerobe	parasite	Solanum lycopersicum	autotroph																																	
SAMD01229245	MAFF 311906	RAL_AA1114AA		GCF_055388975.1	SAMD01229245	Ralstonia pseudosolanacearum MAFF 311906	49764458	Ralstonia pseudosolanacearum	MAFF 311906	1997	Japan:Osaka	Solanum melongena		missing		missing			not applicable	missing	2	not applicable	not applicable															MAFF 311906		4111	MAFF311906			aerobe	parasite	Solanum melongena	autotroph																																	
SAMD01229246	MAFF 311907	RAL_AA1113AA		GCF_055388575.1	SAMD01229246	Ralstonia pseudosolanacearum MAFF 311907	49764459	Ralstonia pseudosolanacearum	MAFF 311907	1997	Japan:Osaka	Solanum melongena		missing		missing			not applicable	missing	2	not applicable	not applicable															MAFF 311907		4111	MAFF311907			aerobe	parasite	Solanum melongena	autotroph																																	
SAMD01229247	MAFF 311855	RAL_AA1112AA		GCF_055388045.1	SAMD01229247	Ralstonia pseudosolanacearum MAFF 311855	49764460	Ralstonia pseudosolanacearum	MAFF 311855	2017	Japan:Okayama	Solanum melongena		missing		missing			not applicable	missing	2	not applicable	not applicable															MAFF 311855		4111	MAFF311855			aerobe	parasite	Solanum melongena	autotroph																																	
SAMD01229248	MAFF 107632	RAL_AA1111AA		GCF_055387795.1	SAMD01229248	Ralstonia pseudosolanacearum MAFF 107632	49764461	Ralstonia pseudosolanacearum	MAFF 107632	1981	Japan:Nara	Solanum lycopersicum		missing		missing			not applicable	missing	2	not applicable	not applicable															MAFF 107632		4081	MAFF107632			aerobe	parasite	Solanum lycopersicum	autotroph																																	
SAMD01229249	MAFF 106259	RAL_AA1110AA		GCF_055387435.1	SAMD01229249	Ralstonia pseudosolanacearum MAFF 106259	49764462	Ralstonia pseudosolanacearum	MAFF 106259	1981	Japan:Osaka	Solanum melongena		missing		missing			not applicable	missing	2	not applicable	not applicable															MAFF 106259		4111	MAFF106259			aerobe	parasite	Solanum melongena	autotroph																																	
SAMD01229250	MAFF 106260	RAL_AA1109AA		GCF_055387005.1	SAMD01229250	Ralstonia pseudosolanacearum MAFF 106260	49764463	Ralstonia pseudosolanacearum	MAFF 106260	1982	Japan:Nara	Solanum lycopersicum		missing		missing			not applicable	missing	2	not applicable	not applicable															MAFF 106260		4081	MAFF106260			aerobe	parasite	Solanum lycopersicum	autotroph																																	
SAMD01229251	MAFF 106261	RAL_AA1108AA		GCF_055386725.1	SAMD01229251	Ralstonia pseudosolanacearum MAFF 106261	49764464	Ralstonia pseudosolanacearum	MAFF 106261	1982	Japan:Gunma	Solanum lycopersicum		missing		missing			not applicable	missing	2	not applicable	not applicable															MAFF 106261		4081	MAFF106261			aerobe	parasite	Solanum lycopersicum	autotroph																																	
SAMD01229252	MAFF 211268	RAL_AA1075AA		GCF_055386205.1	SAMD01229252	Ralstonia pseudosolanacearum MAFF 211268	49764465	Ralstonia pseudosolanacearum	MAFF 211268	1982	Japan:Kochi	Solanum melongena		missing		missing			not applicable	missing	2	not applicable	not applicable															MAFF 211268		4111	MAFF211268			aerobe	parasite	Solanum melongena	autotroph																																	
SAMD01229253				GCF_055385805.1	SAMD01229253	Ralstonia pseudosolanacearum MAFF 106263	49764466	Ralstonia pseudosolanacearum	MAFF 106263	1982	Japan:Kochi	Solanum melongena		missing		missing			not applicable	missing	2	not applicable	not applicable															MAFF 106263		4111	MAFF106263			aerobe	parasite	Solanum melongena	autotroph																																	
SAMD01229254	MAFF 211267	RAL_AA1073AA		GCF_055385455.1	SAMD01229254	Ralstonia pseudosolanacearum MAFF 211267	49764467	Ralstonia pseudosolanacearum	MAFF 211267	1982	Japan:Shimane	Solanum lycopersicum		missing		missing			not applicable	missing	2	not applicable	not applicable															MAFF 211267		4081	MAFF211267			aerobe	parasite	Solanum lycopersicum	autotroph																																	
SAMD01229255				GCF_055385165.1	SAMD01229255	Ralstonia pseudosolanacearum MAFF 106264	49764468	Ralstonia pseudosolanacearum	MAFF 106264	1982	Japan:Hyogo	Solanum lycopersicum		missing		missing			not applicable	missing	2	not applicable	not applicable															MAFF 106264		4081	MAFF106264			aerobe	parasite	Solanum lycopersicum	autotroph																																	
SAMD01229256	MAFF 106265	RAL_AA1071AA		GCF_055384705.1	SAMD01229256	Ralstonia pseudosolanacearum MAFF 106265	49764469	Ralstonia pseudosolanacearum	MAFF 106265	1982	Japan:Nagano	Solanum lycopersicum		missing		missing			not applicable	missing	1	not applicable	not applicable															MAFF 106265		4081	MAFF106265			aerobe	parasite	Solanum lycopersicum	autotroph																																	
SAMD01229257	MAFF 106266	RAL_AA1070AA		GCF_055384275.1	SAMD01229257	Ralstonia pseudosolanacearum MAFF 106266	49764470	Ralstonia pseudosolanacearum	MAFF 106266	1982	Japan:Shizuoka	Solanum lycopersicum		missing		missing			not applicable	missing	2	not applicable	not applicable															MAFF 106266		4081	MAFF106266			aerobe	parasite	Solanum lycopersicum	autotroph																																	
SAMD01229258	MAFF 106267	RAL_AA1069AA		GCF_055383745.1	SAMD01229258	Ralstonia pseudosolanacearum MAFF 106267	49764471	Ralstonia pseudosolanacearum	MAFF 106267	1983	Japan:Fukuoka	Solanum melongena		missing		missing			not applicable	missing	2	not applicable	not applicable															MAFF 106267		4111	MAFF106267			aerobe	parasite	Solanum melongena	autotroph																																	
SAMD01229259				GCF_055383385.1	SAMD01229259	Ralstonia pseudosolanacearum MAFF 106268	49764472	Ralstonia pseudosolanacearum	MAFF 106268	1983	Japan:Kochi	Solanum melongena		missing		missing			not applicable	missing	2	not applicable	not applicable															MAFF 106268		4111	MAFF106268			aerobe	parasite	Solanum melongena	autotroph																																	
SAMD01229260	MAFF 106269	RAL_AA1067AA		GCF_055382985.1	SAMD01229260	Ralstonia pseudosolanacearum MAFF 106269	49764473	Ralstonia pseudosolanacearum	MAFF 106269	1984	Japan:Shiga	Solanum lycopersicum		missing		missing			not applicable	missing	2	not applicable	not applicable															MAFF 106269		4081	MAFF106269			aerobe	parasite	Solanum lycopersicum	autotroph																																	
SAMD01229261	MAFF 211269	RAL_AA1066AA		GCF_055382505.1	SAMD01229261	Ralstonia pseudosolanacearum MAFF 211269	49764474	Ralstonia pseudosolanacearum	MAFF 211269	1985	Japan:Nara	Solanum melongena		missing		missing			not applicable	missing	2	not applicable	not applicable															MAFF 211269		4111	MAFF211269			aerobe	parasite	Solanum melongena	autotroph																																	
SAMD01229262	MAFF 311771	RAL_AA1065AA		GCF_055382065.1	SAMD01229262	Ralstonia pseudosolanacearum MAFF 311771	49764475	Ralstonia pseudosolanacearum	MAFF 311771	2017	Japan:Kumamoto	Solanum lycopersicum		missing		missing			not applicable	missing	2	not applicable	not applicable															MAFF 311771		4081	MAFF311771			aerobe	parasite	Solanum lycopersicum	autotroph																																	
SAMD01229263	MAFF 311772	RAL_AA1064AA		GCF_055381665.1	SAMD01229263	Ralstonia pseudosolanacearum MAFF 311772	49764476	Ralstonia pseudosolanacearum	MAFF 311772	2017	Japan:Saitama	Solanum lycopersicum		missing		missing			not applicable	missing	2	not applicable	not applicable															MAFF 311772		4081	MAFF311772			aerobe	parasite	Solanum lycopersicum	autotroph																																	
SAMD01229264				GCF_055381255.1	SAMD01229264	Ralstonia pseudosolanacearum MAFF 311800	49764477	Ralstonia pseudosolanacearum	MAFF 311800	2018	Japan:Shizuoka	Solanum lycopersicum		missing		missing			not applicable	missing	1	not applicable	not applicable															MAFF 311800		4081	MAFF311800			aerobe	parasite	Solanum lycopersicum	autotroph																																	
SAMD01900705	MAFF106604	RAL_AA1985AA			SAMD01900705	Ralstonia pseudosolanacearum strain MAFF106604 (race 1, biovar 3, phylotype I, sequevar 15)	61092709	Ralstonia pseudosolanacearum	MAFF106604	1993-10	Japan:Kumamoto, Yashiro	Solanum lycopersicum		not applicable		missing			not applicable	https://www.gene.affrc.go.jp/databases-micro_search_detail.php?maff=106604	missing	not applicable	not applicable															MAFF106604			RAP604																																							
SAMD01900706	MAFF211270	RAL_AA1984AA			SAMD01900706	Ralstonia pseudosolanacearum strain MAFF211270 (race 1, biovar N2, phylotype I, sequevar 15)	61092710	Ralstonia pseudosolanacearum	MAFF211270	1995-11	Japan:Shizuoka, Shimizu	Solanum lycopersicum		not applicable		missing			not applicable	https://www.gene.affrc.go.jp/databases-micro_search_detail.php?maff=211270	missing	not applicable	not applicable															MAFF211270			RAP270																																							
SAMEA10977830	LMG 10661	RAL_AA1758AA		GCF_919592095.1	SAMEA10977830	Ralstonia syzygii subsp. syzygii LMG 10661	23177848	Ralstonia syzygii subsp. syzygii	LMG 10661				Plant																									LMG 10661				LMG 10661						public	LM-UGent	2021-11-15T12:29:55Z	2021-11-15T12:29:55Z		ERC000011	LMG 10661	SAMEA10977830			type strain of Pseudomonas syzygii						LM-UGent																
SAMEA10977831	LMG 9673	RAL_AA0055AA		GCF_024925465.1;GCF_919586305.1	SAMEA10977831	Ralstonia pseudosolanacearum LMG 9673	23177849	Ralstonia pseudosolanacearum	LMG 9673				Plant																									LMG 9673				missing						public	LM-UGent	2021-11-15T12:29:55Z	2021-11-15T12:29:55Z		ERC000011	LMG 9673	SAMEA10977831			type strain of Ralstonia pseudosolanacearum						LM-UGent																
SAMEA118817294				GCA_965651225.1	SAMEA118817294	Metagenome-assembled genome: SRR17295755_binner123_Refined_77	50283881	Ralstonia solanacearum		2020-02-08			rhizosphere metagenome											tomato	soil													SRR17295755_binner123_Refined_77										public	EMG				ERC000047	SRR17295755_binner123_Refined_77								Ralstonia solanacearum										Compost is frequently served as the first reservoir for plants to recruit rhizosphere microbiome when used as growing substrate in the seedling nursery. In the present study, recruitment of rhizosphere microbiome from two composts by tomato, pepper, or maize was addressed by shotgun metagenomics and 16S rRNA amplicon sequencing. The 16S rRNA amplicon sequencing analysis showed that 41% of variation in the rhizosphere bacterial community was explained by compost, in contrast to 23% by plant species. Proteobacterial genera were commonly recruited by all three plant species with specific selections for Ralstonia by tomato and Enterobacteria by maize. These findings were confirmed by analysis of 16S rRNA retrieved from the shotgun metagenomics library. Approximately 70% of functional gene clusters differed more than seven-fold in abundance between rhizosphere and compost. Functional groups associated with the sensing and up-taking of C3 and C4 carboxylic acids, amino acids, monosaccharide, production of antimicrobial substances, and antibiotic resistance were over-represented in the rhizosphere. In summary, compost and plant species synergistically shaped the composition of the rhizosphere microbiome and selected for functional traits associated with the competition on root exudates.								
SAMEA118821850				GCA_965653545.1	SAMEA118821850	Metagenome-assembled genome: SRR29654720_concoct_25	50298033	Ralstonia solanacearum		2022-06-14			rhizosphere metagenome											tomato	soil													SRR29654720_concoct_25										public	EMG				ERC000047	SRR29654720_concoct_25								Ralstonia solanacearum										The study aims to investigate the effects of different fertilization practices during various growth stages of tomatoes on the abundance and dynamics of antibiotic resistance genes (ARGs) in the soil. Understanding the mechanisms behind these impacts is critical, as ARGs pose a significant threat to public health by promoting the development and spread of antibiotic-resistant bacteria. By examining the influence of organic, inorganic, and combined fertilization methods on ARG profiles, as well as considering factors such as microbial community composition and soil physicochemical properties, this research seeks to elucidate how fertilization strategies might mitigate or exacerbate the propagation of ARGs in agricultural environments. The findings from this study will provide valuable insights for developing sustainable farming practices that minimize the risk of ARG proliferation, thereby contributing to the broader effort of combating antibiotic resistance.								
SAMEA118939735				GCA_966250315.1	SAMEA118939735	Metagenome-assembled genome: SRR16817036_concoct_32	50634567	Ralstonia solanacearum		2019-08/2019-09			rhizosphere metagenome											tomato	soil													SRR16817036_concoct_32										public	EMG				ERC000047	SRR16817036_concoct_32								Ralstonia solanacearum										Amplicon and metagenomic sequencing of tomato progeny and its parents								
SAMEA2272112				GCF_000283475.1	SAMEA2272112	BioSample entry for genome collection GCA_000283475	2483798	Ralstonia solanacearum PSI07																														GCA_000283475										public	European Bioinformatics Institute	2013-12-19T12:09:22Z	2013-12-09T15:23:52Z		ERC000011	GCA_000283475	SAMEA2272112					2013-12-19	2013-12-09			EBI																
SAMEA2272127				GCF_000427195.1	SAMEA2272127	BioSample entry for genome collection GCA_000427195	2483813	Ralstonia solanacearum CMR15																														GCA_000427195										public	European Bioinformatics Institute	2013-12-19T12:09:22Z	2013-12-09T15:23:52Z		ERC000011	GCA_000427195	SAMEA2272127					2013-12-19	2013-12-09			EBI																
SAMEA2272283				GCF_000197855.1	SAMEA2272283	BioSample entry for genome collection GCA_000197855	2483951	Ralstonia solanacearum CFBP2957																														GCA_000197855										public	European Bioinformatics Institute	2013-12-19T12:09:21Z	2013-12-09T15:23:57Z		ERC000011	GCA_000197855	SAMEA2272283					2013-12-19	2013-12-09			EBI																
SAMEA2272760				GCF_000285815.1	SAMEA2272760	BioSample entry for genome collection GCA_000285815	2484387	Ralstonia solanacearum K60																														GCA_000285815										public	European Bioinformatics Institute	2013-12-19T12:09:22Z	2013-12-09T15:24:13Z		ERC000011	GCA_000285815	SAMEA2272760			type strain of Pseudomonas solanacearum		2013-12-19	2013-12-09			EBI																
SAMEA3137588				GCF_000825925.1	SAMEA3137588	CFBP1416	3225161	Ralstonia solanacearum	CFBP1416																																							public	CIRAD	2014-11-27T17:02:16Z	2014-11-21T13:29:15Z													CIRAD											ERC000011	CFBP1416	CFBP1416	ERS609445	ERS609445	
SAMEA3137589				GCF_000825905.1	SAMEA3137589	IBSBF1503	3225162	Ralstonia solanacearum	IBSBF1503																																							public	CIRAD	2014-11-27T17:02:16Z	2014-11-21T13:28:46Z													CIRAD											ERC000011	IBSBF1503	IBSBF1503	ERS609446	ERS609446	
SAMEA3137590				GCF_000825885.1	SAMEA3137590	CFBP6783	3225163	Ralstonia solanacearum	CFBP6783																																							public	CIRAD	2014-11-27T17:02:16Z	2014-11-21T13:28:15Z													CIRAD											ERC000011	CFBP6783	CFBP6783	ERS609449	ERS609449	
SAMEA3137591				GCF_000825865.1	SAMEA3137591	UW163	3225164	Ralstonia solanacearum	UW163																																							public	CIRAD	2014-11-27T17:02:16Z	2014-11-21T13:27:44Z													CIRAD											ERC000011	UW163	UW163	ERS609450	ERS609450	
SAMEA3137592				GCF_000825785.1	SAMEA3137592	B50	3225165	Ralstonia solanacearum	B50																																							public	CIRAD	2014-11-27T17:02:16Z	2014-11-21T13:27:08Z													CIRAD											ERC000011	B50	B50	ERS609451	ERS609451	
SAMEA3137593				GCF_000825805.1	SAMEA3137593	UW179	3225166	Ralstonia solanacearum	UW179																																							public	CIRAD	2014-11-27T17:02:16Z	2014-11-21T13:25:52Z													CIRAD											ERC000011	UW179	UW179	ERS609452	ERS609452	
SAMEA3137594				GCF_000825825.1	SAMEA3137594	CIP417	3225167	Ralstonia solanacearum	CIP417																																							public	CIRAD	2014-11-27T17:02:16Z	2014-11-21T13:24:17Z													CIRAD											ERC000011	CIP417	CIP417	ERS609453	ERS609453	
SAMEA3137596				GCF_000825845.1	SAMEA3137596	Grenada 9-1	3225168	Ralstonia solanacearum	Grenada 9-1																																							public	CIRAD	2014-11-27T17:02:16Z	2014-11-21T13:26:33Z													CIRAD											ERC000011	Grenada 9-1	Grenada 9-1	ERS609455	ERS609455	
SAMEA3138192				GCF_000009125.1	SAMEA3138192	GCA_000009125	3215638	Ralstonia pseudosolanacearum GMI1000	GMI1000																																							public	European Bioinformatics Institute	2014-11-20T12:20:15Z	2014-11-20T11:47:17Z							type strain of Ralstonia sequeirae						EBI											ERC000011	GCA_000009125	BioSample entry for genome collection GCA_000009125	ERS610127	ERS610127	
SAMEA3138396				GCF_000212635.3	SAMEA3138396	GCA_000212635	3215842	Ralstonia solanacearum MolK2	MolK2																																							public	European Bioinformatics Institute	2014-11-20T12:20:15Z	2014-11-20T11:47:22Z													EBI											ERC000011	GCA_000212635	BioSample entry for genome collection GCA_000212635	ERS610331	ERS610331	
SAMEA3158502				GCF_001050995.1	SAMEA3158502	CDGL01	3252640	Ralstonia solanacearum IPO1609	IPO1609	1996		cooking banana, cultivar Saba					Dr Asuncion Raymundo																															public	European Bioinformatics Institute	2014-12-03T17:04:27Z	2014-12-01T14:23:03Z													EBI											ERC000011	CDGL01	BioSample entry for WGS set CDGL	ERS620454	ERS620454	
SAMEA3218683				GCF_001373255.1	SAMEA3218683	Ralstonia solanacearum CFBP7014	3446996	Ralstonia solanacearum	CFBP7014																													CFBP7014										public	CIRAD	2015-03-24T17:04:21Z	2015-01-25T19:12:59Z		ERC000011	CFBP7014	SAMEA3218683									CIRAD																
SAMEA3218684				GCF_001373275.1	SAMEA3218684	Ralstonia solanacearum IBSBF1900	3446997	Ralstonia solanacearum	IBSBF1900																													IBSBF1900										public	CIRAD	2015-03-24T17:04:22Z	2015-01-25T19:12:59Z		ERC000011	IBSBF1900	SAMEA3218684									CIRAD																
SAMEA3218685				GCF_001373295.1	SAMEA3218685	Ralstonia solanacearum RS2	3446998	Ralstonia solanacearum	RS2																													RS2										public	CIRAD	2015-03-24T17:04:22Z	2015-01-25T19:12:59Z		ERC000011	RS2	SAMEA3218685									CIRAD																
SAMEA3218686				GCF_001373315.1	SAMEA3218686	Ralstonia solanacearum UW181	3446999	Ralstonia solanacearum	UW181																													UW181										public	CIRAD	2015-03-24T17:04:22Z	2015-01-25T19:12:59Z		ERC000011	UW181	SAMEA3218686									CIRAD																
SAMEA3292285				GCF_001373335.1	SAMEA3292285	Ralstonia solanacearum CFBP3858	3446995	Ralstonia solanacearum	CFBP3858																													CFBP3858										public	CIRAD	2015-03-24T17:04:21Z	2015-01-25T19:12:59Z		ERC000011	CFBP3858	SAMEA3292285									CIRAD																
SAMEA6864015	SAMEA6864015	RAL_AA0851AA			SAMEA6864015	ITC exposure	17194398	Ralstonia solanacearum					River Loddon																									Ancestral										public	YORK	2020-12-31T11:11:47Z	2020-05-28T17:02:07Z		ERC000011	Ancestral	SAMEA6864015					2020-12-31T11:11:47Z	2020-05-28T17:02:07Z	Ralstonia solanacearum																		
SAMEA6864016	SAMEA6864016	RAL_AA0850AA			SAMEA6864016	ITC exposure	17194399	Ralstonia solanacearum					River Loddon																									48Control1										public	YORK	2020-12-31T11:11:47Z	2020-05-28T17:02:07Z		ERC000011	48Control1	SAMEA6864016					2020-12-31T11:11:47Z	2020-05-28T17:02:07Z	Ralstonia solanacearum																		
SAMEA6864017	SAMEA6864017	RAL_AA0849AA			SAMEA6864017	ITC exposure	17194400	Ralstonia solanacearum					River Loddon																									48Control2										public	YORK	2020-12-31T11:11:47Z	2020-05-28T17:02:07Z		ERC000011	48Control2	SAMEA6864017					2020-12-31T11:11:47Z	2020-05-28T17:02:07Z	Ralstonia solanacearum																		
SAMEA6864018	SAMEA6864018	RAL_AA0848AA			SAMEA6864018	ITC exposure	17194401	Ralstonia solanacearum					River Loddon																									48Control3										public	YORK	2020-12-31T11:11:47Z	2020-05-28T17:02:07Z		ERC000011	48Control3	SAMEA6864018					2020-12-31T11:11:47Z	2020-05-28T17:02:07Z	Ralstonia solanacearum																		
SAMEA6864019	SAMEA6864019	RAL_AA0847AA			SAMEA6864019	ITC exposure	17194402	Ralstonia solanacearum					River Loddon																									48Control4										public	YORK	2020-12-31T11:11:47Z	2020-05-28T17:02:07Z		ERC000011	48Control4	SAMEA6864019					2020-12-31T11:11:47Z	2020-05-28T17:02:07Z	Ralstonia solanacearum																		
SAMEA6864020	SAMEA6864020	RAL_AA0846AA			SAMEA6864020	ITC exposure	17194403	Ralstonia solanacearum					River Loddon																									48Control5										public	YORK	2020-12-31T11:11:47Z	2020-05-28T17:02:07Z		ERC000011	48Control5	SAMEA6864020					2020-12-31T11:11:47Z	2020-05-28T17:02:07Z	Ralstonia solanacearum																		
SAMEA6864021	SAMEA6864021	RAL_AA0845AA			SAMEA6864021	ITC exposure	17194404	Ralstonia solanacearum					River Loddon																									48Control6										public	YORK	2020-12-31T11:11:47Z	2020-05-28T17:02:07Z		ERC000011	48Control6	SAMEA6864021					2020-12-31T11:11:47Z	2020-05-28T17:02:07Z	Ralstonia solanacearum																		
SAMEA6864022	SAMEA6864022	RAL_AA0844AA			SAMEA6864022	ITC exposure	17194405	Ralstonia solanacearum					River Loddon																									48Control7										public	YORK	2020-12-31T11:11:47Z	2020-05-28T17:02:07Z		ERC000011	48Control7	SAMEA6864022					2020-12-31T11:11:47Z	2020-05-28T17:02:07Z	Ralstonia solanacearum																		
SAMEA6864023	SAMEA6864023	RAL_AA0843AA			SAMEA6864023	ITC exposure	17194406	Ralstonia solanacearum					River Loddon																									48Control8										public	YORK	2020-12-31T11:11:47Z	2020-05-28T17:02:07Z		ERC000011	48Control8	SAMEA6864023					2020-12-31T11:11:47Z	2020-05-28T17:02:07Z	Ralstonia solanacearum																		
SAMEA6864024	SAMEA6864024	RAL_AA0842AA			SAMEA6864024	ITC exposure	17194407	Ralstonia solanacearum					River Loddon																									72Control1										public	YORK	2020-12-31T11:11:47Z	2020-05-28T17:02:07Z		ERC000011	72Control1	SAMEA6864024					2020-12-31T11:11:47Z	2020-05-28T17:02:07Z	Ralstonia solanacearum																		
SAMEA6864025	SAMEA6864025	RAL_AA0841AA			SAMEA6864025	ITC exposure	17194408	Ralstonia solanacearum					River Loddon																									72Control2										public	YORK	2020-12-31T11:11:47Z	2020-05-28T17:02:07Z		ERC000011	72Control2	SAMEA6864025					2020-12-31T11:11:47Z	2020-05-28T17:02:07Z	Ralstonia solanacearum																		
SAMEA6864026	SAMEA6864026	RAL_AA0840AA			SAMEA6864026	ITC exposure	17194409	Ralstonia solanacearum					River Loddon																									72Control3										public	YORK	2020-12-31T11:11:47Z	2020-05-28T17:02:07Z		ERC000011	72Control3	SAMEA6864026					2020-12-31T11:11:47Z	2020-05-28T17:02:07Z	Ralstonia solanacearum																		
SAMEA6864027	SAMEA6864027	RAL_AA0839AA			SAMEA6864027	ITC exposure	17194410	Ralstonia solanacearum					River Loddon																									72Control4										public	YORK	2020-12-31T11:11:47Z	2020-05-28T17:02:07Z		ERC000011	72Control4	SAMEA6864027					2020-12-31T11:11:47Z	2020-05-28T17:02:07Z	Ralstonia solanacearum																		
SAMEA6864028	SAMEA6864028	RAL_AA0838AA			SAMEA6864028	ITC exposure	17194411	Ralstonia solanacearum					River Loddon																									72Control5										public	YORK	2020-12-31T11:11:47Z	2020-05-28T17:02:07Z		ERC000011	72Control5	SAMEA6864028					2020-12-31T11:11:47Z	2020-05-28T17:02:07Z	Ralstonia solanacearum																		
SAMEA6864029	SAMEA6864029	RAL_AA0837AA			SAMEA6864029	ITC exposure	17194412	Ralstonia solanacearum					River Loddon																									72Control6										public	YORK	2020-12-31T11:11:47Z	2020-05-28T17:02:07Z		ERC000011	72Control6	SAMEA6864029					2020-12-31T11:11:47Z	2020-05-28T17:02:07Z	Ralstonia solanacearum																		
SAMEA6864030	SAMEA6864030	RAL_AA0836AA			SAMEA6864030	ITC exposure	17194413	Ralstonia solanacearum					River Loddon																									72Control7										public	YORK	2020-12-31T11:11:47Z	2020-05-28T17:02:07Z		ERC000011	72Control7	SAMEA6864030					2020-12-31T11:11:47Z	2020-05-28T17:02:07Z	Ralstonia solanacearum																		
SAMEA6864031	SAMEA6864031	RAL_AA0835AA			SAMEA6864031	ITC exposure	17194414	Ralstonia solanacearum					River Loddon																									72Control8										public	YORK	2020-12-31T11:11:47Z	2020-05-28T17:02:07Z		ERC000011	72Control8	SAMEA6864031					2020-12-31T11:11:47Z	2020-05-28T17:02:07Z	Ralstonia solanacearum																		
SAMEA6864032	SAMEA6864032	RAL_AA0834AA			SAMEA6864032	ITC exposure	17194415	Ralstonia solanacearum					River Loddon																									72ITC1										public	YORK	2020-12-31T11:11:47Z	2020-05-28T17:02:07Z		ERC000011	72ITC1	SAMEA6864032					2020-12-31T11:11:47Z	2020-05-28T17:02:07Z	Ralstonia solanacearum																		
SAMEA6864033	SAMEA6864033	RAL_AA0833AA			SAMEA6864033	ITC exposure	17194416	Ralstonia solanacearum					River Loddon																									72ITC2										public	YORK	2020-12-31T11:11:47Z	2020-05-28T17:02:07Z		ERC000011	72ITC2	SAMEA6864033					2020-12-31T11:11:47Z	2020-05-28T17:02:07Z	Ralstonia solanacearum																		
SAMEA6864034	SAMEA6864034	RAL_AA0832AA			SAMEA6864034	ITC exposure	17194417	Ralstonia solanacearum					River Loddon																									72ITC3										public	YORK	2020-12-31T11:11:47Z	2020-05-28T17:02:07Z		ERC000011	72ITC3	SAMEA6864034					2020-12-31T11:11:47Z	2020-05-28T17:02:07Z	Ralstonia solanacearum																		
SAMEA6864035	SAMEA6864035	RAL_AA0831AA			SAMEA6864035	ITC exposure	17194418	Ralstonia solanacearum					River Loddon																									72ITC4										public	YORK	2020-12-31T11:11:47Z	2020-05-28T17:02:07Z		ERC000011	72ITC4	SAMEA6864035					2020-12-31T11:11:47Z	2020-05-28T17:02:07Z	Ralstonia solanacearum																		
SAMEA6864036	SAMEA6864036	RAL_AA0830AA			SAMEA6864036	ITC exposure	17194419	Ralstonia solanacearum					River Loddon																									72ITC5										public	YORK	2020-12-31T11:11:47Z	2020-05-28T17:02:07Z		ERC000011	72ITC5	SAMEA6864036					2020-12-31T11:11:47Z	2020-05-28T17:02:07Z	Ralstonia solanacearum																		
SAMEA6864037	SAMEA6864037	RAL_AA0829AA			SAMEA6864037	ITC exposure	17194420	Ralstonia solanacearum					River Loddon																									72ITC6										public	YORK	2020-12-31T11:11:47Z	2020-05-28T17:02:07Z		ERC000011	72ITC6	SAMEA6864037					2020-12-31T11:11:47Z	2020-05-28T17:02:07Z	Ralstonia solanacearum																		
SAMEA6864038	SAMEA6864038	RAL_AA0827AA			SAMEA6864038	ITC exposure	17194421	Ralstonia solanacearum					River Loddon																									72ITC7										public	YORK	2020-12-31T11:11:47Z	2020-05-28T17:02:07Z		ERC000011	72ITC7	SAMEA6864038					2020-12-31T11:11:47Z	2020-05-28T17:02:07Z	Ralstonia solanacearum																		
SAMEA6864039	SAMEA6864039	RAL_AA0828AA			SAMEA6864039	ITC exposure	17194422	Ralstonia solanacearum					River Loddon																									72ITC8										public	YORK	2020-12-31T11:11:47Z	2020-05-28T17:02:07Z		ERC000011	72ITC8	SAMEA6864039					2020-12-31T11:11:47Z	2020-05-28T17:02:07Z	Ralstonia solanacearum																		
SAMN02152298				GCF_001855495.2	SAMN02152298	Generic sample from Ralstonia solanacearum	2152298	Ralstonia pseudosolanacearum CaRs-Mep	CaRs-Mep	2010-06-08	India:Wyanad Meppadi	small cardamom			Single Isolate																																												3														leaves							
SAMN02444146				GCF_000671335.1	SAMN02444146	General Sample for Ralstonia solanacearum eggplant isolate (Rs-09-161)	2444146	Ralstonia solanacearum eggplant isolate (Rs-09-161)	Rs-09-161	2009	India		eggplant																																																																			
SAMN02469793				GCF_002155245.1;GCF_000331875.1	SAMN02469793	Sample from Ralstonia solanacearum FJAT-91	2469793		FJAT-91																																																																							
SAMN02469797				GCF_000331895.1	SAMN02469797	Sample from Ralstonia solanacearum FJAT-1458	2469797		FJAT-1458																																																																							
SAMN02470050				GCF_000430925.2	SAMN02470050	Sample from Ralstonia solanacearum SD54	2470050		SD54																																																																							
SAMN02471768				GCF_000167955.1	SAMN02471768	Sample from Ralstonia solanacearum UW551	2471768		UW551																																																																							
SAMN02472178				GCF_000223115.1	SAMN02472178	Sample from Ralstonia solanacearum Y45	2472178		Y45																																																																							
SAMN02585053				GCF_000525615.2	SAMN02585053	General Sample for Ralstonia solanacearum P673	2585053	Ralstonia solanacearum P673	P673		USA: Florida		missing																																																																			
SAMN02602917				GCF_000671315.1	SAMN02602917	General Sample for Ralstonia solanacearum chilli isolate (Rs-10-244)	2602917	Ralstonia solanacearum	Rs-10-244	2010	India		Chilli																																																																			
SAMN02603298				GCF_000348545.1	SAMN02603298	Sample from Ralstonia pseudosolanacearum FQY_4	2603298		FQY_4																																																																							
SAMN02603411				GCF_000215325.1	SAMN02603411	Sample from Ralstonia solanacearum Po82	2603411		Po82																																																																							
SAMN02716068	P597	RAL_AA0960AA		GCF_001644805.2	SAMN02716068	Microbe sample from Ralstonia solanacearum strain P597	2716068	Ralstonia solanacearum	P597	1999	USA: Mid-Florida	Tomato	plant	not applicable			David Norman																																																															
SAMN02821162				GCF_000710695.1	SAMN02821162	Microbe sample from Ralstonia solanacearum	2821162	Ralstonia solanacearum	NCPPB 909	1961	Egypt	potato	NA		missing																																					NCPPB:909							2																					
SAMN02863150				GCF_000710135.2	SAMN02863150	Microbe sample from Ralstonia solanacearum	2863150	Ralstonia solanacearum	CFIA906	1962	India	potato			missing																																																																	
SAMN02999387	UTT-25	RAL_AA0981AA		GCF_002930085.2	SAMN02999387	MIGS Cultured Bacterial/Archaeal sample from Ralstonia solanacearum	2999387	Ralstonia solanacearum	UTT-25	2010-08-09	India: Uttarakhand, foot hills of Haldwani, Nainital	tomato		29.22 N 79.52 E		Genome report				TTC media and 28C	2																																						3						Bacteria wilted tomato plant form foot hills of Haldwani, Nainital	Soil		Foot hills of Haldwani, Nainital												
SAMN03009919				GCF_000749995.1	SAMN03009919	Microbe sample from Ralstonia solanacearum	3009919	Ralstonia solanacearum	23-10BR	missing	Brazil		Infected plant		missing																																																																	
SAMN03009966				GCF_000750575.1	SAMN03009966	Microbe sample from Ralstonia solanacearum	3009966	Ralstonia solanacearum	NCPPB 282	1950	Colombia	Solanum tuberosum	infected potato plant		missing																																					NCPPB:282																												
SAMN03009990				GCF_000750585.1	SAMN03009990	Microbe sample from Ralstonia solanacearum	3009990	Ralstonia solanacearum	POPS2	1980	China		infected plant		missing																																																																	
SAMN03197780				GCF_001065525.1	SAMN03197780	Pathogen: clinical or host-associated sample from Ralstonia solanacearum	3197780	Ralstonia solanacearum	58_RSOL	Unknown	USA: WA	Homo sapiens	missing	missing			UW clinical laboratory																			missing																																												
SAMN03256333	CIP120	RAL_AA0962AA		GCF_001644795.1	SAMN03256333	Microbe sample from Ralstonia solanacearum	3256333	Ralstonia solanacearum	CIP120	2004-10-23	Peru	potato			whole organism																																																																	
SAMN03256353	CFBP6783	RAL_AA0963AA		GCF_001644815.1	SAMN03256353	Microbe sample from Ralstonia solanacearum	3256353	Ralstonia solanacearum	CFBP6783	2002	Martinique	Heliconia			whole organism																																																																	
SAMN03256358				GCF_001644855.1	SAMN03256358	Microbe sample from Ralstonia solanacearum P799	3256358	Ralstonia solanacearum	CFBP3059	2004	Burkina Faso	Eggplant			whole organism																																																																	
SAMN03256359				GCF_001644865.1	SAMN03256359	Microbe sample from Ralstonia pseudosolanacearum P781	3256359	Ralstonia pseudosolanacearum	P781	2014	USA: Florida	Mandevilla			whole organism																																																																	
SAMN03402637				GCF_001299555.1	SAMN03402637	Ralstonia solanacearum UY031	3402637	Ralstonia solanacearum	UY031	2014	Uruguay	Solanum commersonii			whole organism																																																																	
SAMN03765174				GCF_001645725.1	SAMN03765174	Microbe sample from Ralstonia pseudosolanacearum	3765174	Ralstonia pseudosolanacearum	UW757	2014-12-26	Guatemala	Osteospermum	infected plant		cell culture																																																							1310165										
SAMN03765658				GCA_001267515.1	SAMN03765658	Microbe sample from Ralstonia solanacearum	3765658	Ralstonia solanacearum	YC45	2006-07-20	China	ginger			cell culture																																																																	
SAMN03837633				GCF_001891105.1	SAMN03837633	Microbe sample from Ralstonia pseudosolanacearum	3837633	Ralstonia pseudosolanacearum	EP1	2014-08-30	China	eggplant			true culture																																																																	
SAMN04123295				GCF_001587135.1	SAMN04123295	Ralstonia solanacearum str. UW163	4123295	Ralstonia solanacearum	UW163	1967	Peru: Nauta	plantain			cell culture																																																																	
SAMN04123299				GCF_001587155.1	SAMN04123299	Ralstonia solanacearum str. IBSBF1503	4123299	Ralstonia solanacearum	IBSBF1503	1999	Brazil	Cucumis sativus			cell culture																																																																	
SAMN04158631				GCF_001484095.1	SAMN04158631	Microbe sample from Ralstonia solanacearum	4158631	Ralstonia solanacearum	Rs-T02	2010-10-20	China: Nanning	Tomato	missing		Liquid culture		Gaoqing Yuan																																																															
SAMN04216070	UW365	RAL_AA0979AA		GCF_001696865.1	SAMN04216070	Ralstonia solanacearum str. UW365 (Race 3 Biovar 2)	4216070	Ralstonia solanacearum		1980	China		symptomatic potato plant	Missing			Li-Yuan He																			Bacterial wilt (aka potato brown rot)																																			Missing		tuber							
SAMN04216071	UW24	RAL_AA0978AA		GCF_001696855.1	SAMN04216071	Ralstonia solanacearum str. UW24 (Race 3 Biovar 2)	4216071	Ralstonia solanacearum		1951	Israel		symptomatic potato plant	Missing			Unknown scientist from Volcani Institute																			Bacterial wilt (aka potato brown rot)																																			Missing		unknown							
SAMN04216072	UW491	RAL_AA0977AA		GCF_001696845.1	SAMN04216072	Ralstonia solanacearum str. UW491 (Race 3 Biovar 2)	4216072	Ralstonia solanacearum		1950	Colombia		symptomatic potato plant	Missing			Missing																			Bacterial wilt (aka potato brown rot)																																			Missing		unknown							
SAMN04216073	UW551	RAL_AA0976AA		GCF_001696875.1	SAMN04216073	Ralstonia solanacearum str. UW551 (Race 3 Biovar 2)	4216073	Ralstonia solanacearum		2003	Kenya		symptomatic geranium 'Americana Dark Red' plant	Missing			Caitilyn Allen																			Bacterial wilt (aka Southern Wilt of Geranium)																																			Missing		stem							
SAMN04537371				GCF_001663415.1	SAMN04537371	Microbe sample from Ralstonia solanacearum	4537371	Ralstonia solanacearum	YC40-M	missing	China	Rhizoma kaempferiae			cell culture																																																																	
SAMN04538211				GCF_001586135.1	SAMN04538211	Ralstonia solanacearum isolated from Solanum tuberosum	4538211	Ralstonia solanacearum	KACC 10722	1998-03-01	South Korea: Jeju	Solanum tuberosum			cell culture																																					KACC:10722																												
SAMN04539710				GCF_001708525.1	SAMN04539710	Microbe sample from Ralstonia solanacearum	4539710	Ralstonia solanacearum	KACC 10709	1997-08-01	Korea: Gimcheon	Solanum tuberosum			cell culture																																																																	
SAMN05392572				GCF_001887535.1	SAMN05392572	The complete genome sequence of Ralstonia solanacearum FJAT-1458	5392572	Ralstonia solanacearum FJAT-1458	FJAT-1458	2008-06	China: Fujian province	tomato	tomato vessel		tissue sample																																																																	
SAMN05437153				GCF_002220465.1	SAMN05437153	Microbe sample from Ralstonia pseudosolanacearum	5437153	Ralstonia pseudosolanacearum	CQPS-1	2013	China:ChongQing	Tobacco			tissu sample																																																																	
SAMN05789166				GCF_001901665.1	SAMN05789166	Microbe sample from Ralstonia solanacearum	5789166	Ralstonia solanacearum	BBAC-C1	2012-06-20	USA: New Jersey	blueberry			Whole Organism																																																																	
SAMN05879716	PSS1308	RAL_AA0974AA		GCF_001870805.1	SAMN05879716	Microbe sample from Ralstonia solanacearum	5879716	Ralstonia solanacearum	PSS1308	not collected	Taiwan	potato			Pure culture																																																																	
SAMN05879717	PSS190	RAL_AA0973AA		GCF_001870825.1	SAMN05879717	Microbe sample from Ralstonia solanacearum	5879717	Ralstonia solanacearum	PSS190	not collected	Taiwan	potato			Pure culture																																																																	
SAMN05879718	PSS216	RAL_AA0972AA		GCF_001876975.1	SAMN05879718	Microbe sample from Ralstonia solanacearum	5879718	Ralstonia solanacearum	PSS216	not collected	Taiwan	potato			Pure culture																																																																	
SAMN05879719	PSS4	RAL_AA0971AA		GCF_001876985.1	SAMN05879719	Microbe sample from Ralstonia solanacearum	5879719	Ralstonia solanacearum	PSS4	not collected	Taiwan	potato			Pure culture																																																																	
SAMN05879720	RD15	RAL_AA0970AA		GCF_001854265.1	SAMN05879720	Microbe sample from Ralstonia solanacearum	5879720	Ralstonia solanacearum	RD15	not collected	Taiwan	potato			Pure culture																																																																	
SAMN05892025				GCA_001920885.2	SAMN05892025	FJAT-91 from Ralstonia solanacearum	5892025	Ralstonia solanacearum	FJAT-91	2015-01-01	China: Fujian	tomato			whole organism																																																																	
SAMN05892026				GCA_001920905.2	SAMN05892026	FJAT-452 from Ralstonia solanacearum	5892026	Ralstonia solanacearum	FJAT-452	2015-01-01	China: Fujian	eggplant			whole organism																																																																	
SAMN05892027				GCA_001920895.2	SAMN05892027	FJAT-462 from Ralstonia solanacearum	5892027	Ralstonia solanacearum	FJAT-462	2015-01-01	China: Fujian	chilli pepper			whole organism																																																																	
SAMN05942177	GRs-Sik	RAL_AA0966AA			SAMN05942177	Microbe sample from Ralstonia solanacearum	5942177	Ralstonia solanacearum	GRs-Sik	2009-11-04	India: Gangtok, Sikkim	Ginger	Rhizome		Whole organism																											Ralstonia solanacearum GRs-Sik																																						
SAMN06034710	GRs-Mep2	RAL_AA0965AA			SAMN06034710	Microbe sample from Ralstonia solanacearum	6034710	Ralstonia solanacearum	GRs-Mep2	2013-07-27	India: Mepadi, Wayanad	Ginger	Pseudostem		Whole organism																																																																	
SAMN06189571	P816	RAL_AA0929AA		GCF_003337165.1	SAMN06189571	Ralstonia solanacearum P816	6189571	Ralstonia solanacearum	P816	2016	USA: Florida	high bush blueberry	field		cell cultura		David Norman																																																															
SAMN06289803				GCF_002012345.1	SAMN06289803	Microbe sample from blood disease bacterium A2-HR MARDI	6289803	blood disease bacterium A2-HR MARDI	A2-HR MARDI	2013-02-01	Malaysia: Kuala Kangsar, Perak	banana	banana plantation infected with Banana Blood Disease	4.7754 N 100.8403 E	microorganism		MARDI																																																								infected banana plant							
SAMN06560052				GCF_002029885.1	SAMN06560052	Microbe sample from Ralstonia solanacearum	6560052	Ralstonia solanacearum	GEO_57	2014	Georgia: Akhaltsikhe	potato			cell culture																																																																	
SAMN06560053				GCF_002029895.1	SAMN06560053	Microbe sample from Ralstonia solanacearum	6560053	Ralstonia solanacearum	GEO_96	2015	Georgia: Khelvachauri	tomato			cell culture																																																																	
SAMN06560054				GCF_002029865.1	SAMN06560054	Microbe sample from Ralstonia solanacearum	6560054	Ralstonia solanacearum	GEO_99	2015	Georgia: Keda	pepper			cell culture																																																																	
SAMN06610220				GCF_002162015.1	SAMN06610220	Microbe sample from Ralstonia solanacearum	6610220	Ralstonia solanacearum	SEPPX05	2014	China: Poyang County, Shangrao	sesame seedling			cell culture																																																																	
SAMN06697627				GCF_002251695.1	SAMN06697627	MIGS Cultured Bacterial/Archaeal sample from Ralstonia solanacearum K60	6697627	Ralstonia solanacearum K60	K60	1953	USA:North Carolina	tomato	agricultural field	35.8 N 78.56 W		http://jb.asm.org/content/194/10/2742.full				http://plantpath.ifas.ufl.edu/rsol/Culturemedia.html	2																																					type strain of Pseudomonas solanacearum							Agricultural_Field	Plant		Field												
SAMN06697628				GCF_002251605.2	SAMN06697628	MIGS Cultured Bacterial/Archaeal sample from Ralstonia solanacearum	6697628	Ralstonia solanacearum	UW700	2010	USA:Virginia	tomato	agricultural field	37.59 N 75.78 W		None				http://plantpath.ifas.ufl.edu/rsol/Culturemedia.html	2																																												Agricultural_Field	Plant		Field												
SAMN06697629				GCF_002251655.1	SAMN06697629	MIGS Cultured Bacterial/Archaeal sample from Ralstonia solanacearum	6697629	Ralstonia solanacearum	UW551	2002	Kenya	Geranium	greenhouse	1 N 38 E		http://apsjournals.apsnet.org/doi/pdf/10.1094/PHYTO-95-0136				http://plantpath.ifas.ufl.edu/rsol/Culturemedia.html	2																																												Greenhouse	Plant		Greenhouse												
SAMN07176573				GCF_002501565.1	SAMN07176573	MIGS Cultured Bacterial/Archaeal sample from Ralstonia solanacearum	7176573	Ralstonia solanacearum	RS 488	2012-04-10	Brazil: Grandes Rios, Parana	Solanum lycopersicum	Tomato with bacterial wilt	24.1289 S 51.4797 W		genome report				Kelman medium	2															Ralstonia solanacearum																													agricultural field ENVO:00000114	plant		Tomato field												
SAMN07187861				GCF_003595305.1	SAMN07187861	MIGS Cultured Bacterial/Archaeal sample from Ralstonia pseudosolanacearum	7187861	Ralstonia pseudosolanacearum	RS 476	2011-12-20	Brazil: Dom Pedro, Maranhao	Solanum lycopersicum	Tomato with bacterial wilt symptoms	4.48333 S 44.45 W		genome report				Kelman medium	2															Ralstonia pseudosolanacearum																													agricultural field ENVO:00000114	plant		tomato crop												
SAMN07187863				GCF_003612975.2	SAMN07187863	MIGS Cultured Bacterial/Archaeal sample from Ralstonia solanacearum	7187863	Ralstonia solanacearum	CRMRs218	2014-05-18	Brazil: Camocim de Sao Felix, Pernambuco	Solanum virginianum	Eggplant plant with bacterial wilt symptoms	8.35932 S 35.7639 W		genome report				Kelman medium	2															Ralstonia pseudosolanacearum																													agricultural field ENVO:00000114	plant		tomato crop												
SAMN07189980				GCF_002549815.1	SAMN07189980	MIGS Cultured Bacterial/Archaeal sample from Ralstonia solanacearum	7189980	Ralstonia solanacearum	RS 489	2012-04-07	Brazil: Borrazopolis, Parana	Solanum lycopersicum	Tomato with bacterial wilt	23.9491 S 51.5415 W		genome report				Kelman medium	2															Ralstonia solanacearum																													agricultural field ENVO:00000114	plant		Tomato field												
SAMN07311587				GCF_003999715.1	SAMN07311587	Phylotype I Ralstonia Solanacearum HA4-1 which can infect potatoes	7311587	Ralstonia solanacearum	HA4-1	2010-08-20	China:Hubei,Hongan	peanut			cell culture																																																																	
SAMN07430682				GCF_003515445.1	SAMN07430682	Microbe sample from Ralstonia solanacearum	7430682	Ralstonia solanacearum	SL2064	1998-08-01	South Korea: Namjeju	Solanum tuberosum	Potato bacterial wilt		single cell		Seungdon Lee	IV																																							Seungdon Lee		2																					
SAMN07430683				GCF_003515425.1	SAMN07430683	Microbe sample from Ralstonia solanacearum	7430683	Ralstonia solanacearum	SL2312	1998-12-22	South Korea: Miryang	Solanum tuberosum	Potato bacterial wilt		single cell		Seungdon Lee	IV																																							Seungdon Lee		2																					
SAMN07430684				GCF_003515225.1	SAMN07430684	Microbe sample from Ralstonia solanacearum	7430684	Ralstonia solanacearum	SL2330	1999-02-03	South Korea: Namhae	Solanum tuberosum	Potato bacterial wilt		single cell		Seungdon Lee	I																																							Seungdon Lee		3																					
SAMN07430685				GCF_003515405.1	SAMN07430685	Microbe sample from Ralstonia solanacearum	7430685	Ralstonia solanacearum	SL2729	1999-05-21	South Korea: Miryang	Solanum tuberosum	Potato bacterial wilt		single cell		Seungdon Lee	I																																							Seungdon Lee		4																					
SAMN07430686				GCF_003515385.1	SAMN07430686	Microbe sample from Ralstonia solanacearum	7430686	Ralstonia solanacearum	SL3022	1999-09-29	South Korea: Gimhae	Solanum tuberosum	Potato bacterial wilt		single cell		Seungdon Lee	IV																																							Seungdon Lee		2																					
SAMN07430687				GCF_003515205.1	SAMN07430687	Microbe sample from Ralstonia solanacearum	7430687	Ralstonia solanacearum	SL3103	1999-09-29	South Korea: Haenam	Solanum tuberosum	Potato bacterial wilt		single cell		Seungdon Lee	I																																							Seungdon Lee		4																					
SAMN07430688				GCF_003515185.1	SAMN07430688	Microbe sample from Ralstonia solanacearum	7430688	Ralstonia solanacearum	SL3175	1999-10-11	South Korea: Namjeju	Solanum tuberosum	Potato bacterial wilt		single cell		Seungdon Lee	IV																																							Seungdon Lee		2																					
SAMN07430689				GCF_003515625.1	SAMN07430689	Microbe sample from Ralstonia solanacearum	7430689	Ralstonia solanacearum	SL3300	2000-05-19	South Korea: Namjeju	Solanum tuberosum	Potato bacterial wilt		single cell		Seungdon Lee	I																																							Seungdon Lee		4																					
SAMN07430690				GCF_003515365.1	SAMN07430690	Microbe sample from Ralstonia solanacearum	7430690	Ralstonia solanacearum	SL3730	2000-10-20	South Korea: Muan	Solanum tuberosum	Potato bacterial wilt		single cell		Seungdon Lee	I																																							Seungdon Lee		4																					
SAMN07430691				GCF_003515345.1	SAMN07430691	Microbe sample from Ralstonia solanacearum	7430691	Ralstonia solanacearum	SL3755	2000-10-20	South Korea: Boseong	Solanum tuberosum	Potato bacterial wilt		single cell		Seungdon Lee	I																																							Seungdon Lee		3																					
SAMN07430692				GCF_003515605.1	SAMN07430692	Microbe sample from Ralstonia solanacearum	7430692	Ralstonia solanacearum	SL3822	2000-10-20	South Korea: Bukjeju	Solanum tuberosum	Potato bacterial wilt		single cell		Seungdon Lee	I																																							Seungdon Lee		4																					
SAMN07430693				GCF_003515585.1	SAMN07430693	Microbe sample from Ralstonia solanacearum	7430693	Ralstonia solanacearum	SL3882	2001-05-03	South Korea: Haenam	Solanum tuberosum	Potato bacterial wilt		single cell		Seungdon Lee	I																																							Seungdon Lee		4																					
SAMN07430694				GCF_003515165.1	SAMN07430694	Microbe sample from Ralstonia solanacearum	7430694	Ralstonia solanacearum	T11	1999	South Korea: Gimhae	Solanum tuberosum	Potato bacterial wilt		single cell		Young Kee Lee	IV																																							Young Kee Lee		2																					
SAMN07430695				GCF_003515325.1	SAMN07430695	Microbe sample from Ralstonia solanacearum	7430695	Ralstonia solanacearum	T12	2003	South Korea: Namhae	Solanum tuberosum	Potato bacterial wilt		single cell		Young Kee Lee	IV																																							Young Kee Lee		2																					
SAMN07430696				GCF_003515305.1	SAMN07430696	Microbe sample from Ralstonia solanacearum	7430696	Ralstonia solanacearum	T25	2003	South Korea: Miryang	Solanum tuberosum	Potato bacterial wilt		single cell		Young Kee Lee	I																																							Young Kee Lee		3																					
SAMN07430697				GCF_003515565.1	SAMN07430697	Microbe sample from Ralstonia solanacearum	7430697	Ralstonia solanacearum	T42	2003	South Korea: Muan	Solanum tuberosum	Potato bacterial wilt		single cell		Young Kee Lee	I																																							Young Kee Lee		4																					
SAMN07430698				GCF_003515145.1	SAMN07430698	Microbe sample from Ralstonia solanacearum	7430698	Ralstonia solanacearum	T51	2003	South Korea: Boseong	Solanum tuberosum	Potato bacterial wilt		single cell		Young Kee Lee	IV																																							Young Kee Lee		2																					
SAMN07430699				GCF_003515545.1	SAMN07430699	Microbe sample from Ralstonia solanacearum	7430699	Ralstonia solanacearum	T60	2003	South Korea: Yeonggwang	Solanum tuberosum	Potato bacterial wilt		single cell		Young Kee Lee	I																																							Young Kee Lee		4																					
SAMN07430700				GCF_003515285.1	SAMN07430700	Microbe sample from Ralstonia solanacearum	7430700	Ralstonia solanacearum	T78	2001	South Korea: Gimje	Solanum tuberosum	Potato bacterial wilt		single cell		Young Kee Lee	I																																							Young Kee Lee		4																					
SAMN07430701				GCF_003515525.1	SAMN07430701	Microbe sample from Ralstonia solanacearum	7430701	Ralstonia solanacearum	T82	2003	South Korea: Gimje	Solanum tuberosum	Potato bacterial wilt		single cell		Young Kee Lee	IV																																							Young Kee Lee		2																					
SAMN07430702				GCF_003515505.1	SAMN07430702	Microbe sample from Ralstonia solanacearum	7430702	Ralstonia solanacearum	T95	2003	South Korea: Namjeju	Solanum tuberosum	Potato bacterial wilt		single cell		Young Kee Lee	IV																																							Young Kee Lee		2																					
SAMN07430703				GCF_003515265.1	SAMN07430703	Microbe sample from Ralstonia solanacearum	7430703	Ralstonia solanacearum	T98	2003	South Korea: Namjeju	Solanum tuberosum	Potato bacterial wilt		single cell		Young Kee Lee	IV																																							Young Kee Lee		2																					
SAMN07430704				GCF_003515485.1	SAMN07430704	Microbe sample from Ralstonia solanacearum	7430704	Ralstonia solanacearum	T101	2003	South Korea: Namjeju	Solanum tuberosum	Potato bacterial wilt		single cell		Young Kee Lee	IV																																							Young Kee Lee		2																					
SAMN07430705				GCF_003515465.1	SAMN07430705	Microbe sample from Ralstonia solanacearum	7430705	Ralstonia solanacearum	T110	2003	South Korea: Bukjeju	Solanum tuberosum	Potato bacterial wilt		single cell		Young Kee Lee	I																																							Young Kee Lee		3																					
SAMN07430706				GCF_003515245.1	SAMN07430706	Microbe sample from Ralstonia solanacearum	7430706	Ralstonia solanacearum	T117	2001	South Korea: Goesan	Solanum tuberosum	Potato bacterial wilt		single cell		Young Kee Lee	I																																							Young Kee Lee		4																					
SAMN07436295				GCF_003595325.1	SAMN07436295	Whole genome sequencing and comparative genomic analysis of a tomato strain of Ralstonia solanacearum 10319	7436295	Ralstonia pseudosolanacearum	T523	2008-03	Philippines: Los Banos	Solanum lycopersicum	bacterial wilt-infected tomatoes	14.166667 N 121.21666667 E		Primary publication				https://journals.uplb.edu.ph/index.php/PAS/article/view/157/155	1																							facultative																					Tropical rain forest	Soil		Agricultural soil		1310165										
SAMN08043155				GCF_002894795.1	SAMN08043155	Microbe sample from Ralstonia solanacearum	8043155	Ralstonia solanacearum	GEO_230	2013-10-30	Georgia	potato	missing		cell culture																																																																	
SAMN08043183				GCF_002894765.1	SAMN08043183	Microbe sample from Ralstonia solanacearum	8043183	Ralstonia solanacearum	GEO_6	2011-11-05	Georgia	potato			cell culture																																																																	
SAMN08043185				GCF_002894785.1	SAMN08043185	Microbe sample from Ralstonia solanacearum	8043185	Ralstonia solanacearum	GEO_81	2014-06-09	Georgia	potato			cell culture																																																																	
SAMN08046731				GCF_002894775.1	SAMN08046731	Microbe sample from Ralstonia solanacearum	8046731	Ralstonia solanacearum	GEO_304	2013-09-22	Georgia	potato			cell culture																																																																	
SAMN08048783				GCF_002894845.1	SAMN08048783	Microbe sample from Ralstonia solanacearum	8048783	Ralstonia solanacearum	GEO_55	2013-10-09	Georgia	potato			cell culture																																																																	
SAMN08180272				GCF_002894285.1	SAMN08180272	Ralstonia solanacearum isolate RSCM	8180272	Ralstonia solanacearum	RSCM	2016-05-20	China: Guangdong	Cucurbita maxima			culture		X.M., She and Z.F., He																																								X.M., She																							
SAMN08196801	P824	RAL_AA0927AA		GCF_003576625.1	SAMN08196801	Ralstonia solanacearum P824	8196801	Ralstonia solanacearum	P824	2017	USA: Florida	Vaccinium corymbosum			cell culture		David Norman																																								David Norman																							
SAMN08378579				GCF_008271875.1	SAMN08378579	Microbe sample from Ralstonia solanacearum	8378579	Ralstonia solanacearum	10314	2016-06-01	Philippines: Davao	Musa acuminata			single cell																																																																	
SAMN08378580				GCF_008271845.1	SAMN08378580	Microbe sample from Ralstonia solanacearum	8378580	Ralstonia solanacearum	10154	2016-06-01	Philippines	Solanum lycopersicum			single cell																																																																	
SAMN08378581				GCF_008271855.1	SAMN08378581	Microbe sample from Ralstonia solanacearum	8378581	Ralstonia solanacearum	10179	2016-06-01	Philippines	Solanum lycopersicum			single cell																																																																	
SAMN08378582				GCF_008271775.1	SAMN08378582	Microbe sample from Ralstonia solanacearum	8378582	Ralstonia solanacearum	10180	2016-06-01	Philippines	Solanum lycopersicum			single cell																																																																	
SAMN08378625				GCF_003590585.2	SAMN08378625	Microbe sample from Ralstonia solanacearum	8378625	Ralstonia solanacearum	IBSBF 2570	2012	Brazil: Sergipe, Northeastern region of Brazil	Musa sp.	Musa sp. plants with Moko disease, from state of Sergipe, Northeastern region of Brazil		pure culture																																																																	
SAMN08380407				GCF_003590625.2	SAMN08380407	Microbe sample from Ralstonia solanacearum	8380407	Ralstonia solanacearum	SFC	2012	Brazil: Sergipe, Northeastern region of Brazil	Musa sp.	Musa sp. plants with Moko disease, from state of Sergipe, Northeastern region of Brazil		pure culture																																																																	
SAMN08384893				GCF_003590605.1	SAMN08384893	Microbe sample from Ralstonia solanacearum	8384893	Ralstonia solanacearum	IBSBF 2571	2010	Brazil: Sergipe, Northeastern region of Brazil	Musa sp.	plants with Moko disease		pure culture																																																																	
SAMN08407853	P822	RAL_AA0928AA		GCF_003576005.1	SAMN08407853	Ralstonia solanacearum P822	8407853	Ralstonia solanacearum	P822	2017	USA: Florida	Blueberry			cell culture																																																																	
SAMN09425310				GCF_003256425.1	SAMN09425310	MIGS Cultured Bacterial/Archaeal sample from Ralstonia pseudosolanacearum	9425310	Ralstonia pseudosolanacearum	Cq01	2016-05-01	China: Nanning	Benincasa hispida		22.84 N 108.33 E		none				Nutrient Broth	1																																												farmland	soil		plain												
SAMN09425311				GCF_003256445.1	SAMN09425311	MIGS Cultured Bacterial/Archaeal sample from Ralstonia pseudosolanacearum	9425311	Ralstonia pseudosolanacearum	Bg07	2017-07-14	China: Qinzhou	Momordica charantia		22.18 N 108.58 E		none				Nutrient Broth	1																																												farmland	soil		plain												
SAMN09425312				GCF_003256405.1	SAMN09425312	MIGS Cultured Bacterial/Archaeal sample from Ralstonia pseudosolanacearum	9425312	Ralstonia pseudosolanacearum	Fm03	2016-07-21	China: Liuzhou	Siraitia grosvenorii		24.53 N 109.80 E		none				Nutrient Broth	1																																												farmland	soil		hills												
SAMN10351675				GCF_003725665.1	SAMN10351675	Microbe sample from Ralstonia pseudosolanacearum	10351675	Ralstonia pseudosolanacearum	Tg03	2017-05-29	China: Nanning	Luffa aegyptiaca	soil		cell culture																																																		farmland															
SAMN10366522				GCF_003860745.1	SAMN10366522	MIGS Cultured Bacterial/Archaeal sample from Ralstonia solanacearum	10366522	Ralstonia solanacearum	UA-1617	2014	Colombia: Andes, Quindio	Plantain		Missing		doi.org/10.1038/ismej.2011.160				doi.org/10.1038/ismej.2011.160	Missing																																												Tropical rainforest	Plant		Agroecosystem												
SAMN10366523				GCF_003860665.1	SAMN10366523	MIGS Cultured Bacterial/Archaeal sample from Ralstonia solanacearum	10366523	Ralstonia solanacearum	UA-1612	2014	Colombia: North caribbean, Magdalena	Banana		Missing		doi.org/10.1038/ismej.2011.161				doi.org/10.1038/ismej.2011.161	Missing																																												Tropical rainforest	Plant		Agroecosystem												
SAMN10366524				GCF_003860765.1	SAMN10366524	MIGS Cultured Bacterial/Archaeal sample from Ralstonia solanacearum	10366524	Ralstonia solanacearum	UA-1609	2014	Colombia: South caribbean, Uraba	Banana		Missing		doi.org/10.1038/ismej.2011.162				doi.org/10.1038/ismej.2011.162	Missing																																												Tropical rainforest	Plant		Agroecosystem												
SAMN10366525				GCF_003860685.1	SAMN10366525	MIGS Cultured Bacterial/Archaeal sample from Ralstonia solanacearum	10366525	Ralstonia solanacearum	UA-1611	2014	Colombia: North caribbean, Magdalena	Banana		Missing		doi.org/10.1038/ismej.2011.163				doi.org/10.1038/ismej.2011.163	Missing																																												Tropical rainforest	Plant		Agroecosystem												
SAMN10366526				GCF_003860705.1	SAMN10366526	MIGS Cultured Bacterial/Archaeal sample from Ralstonia solanacearum	10366526	Ralstonia solanacearum	UA-1591	2014	Colombia: Andes, Quindio	Plantain		Missing		doi.org/10.1038/ismej.2011.164				doi.org/10.1038/ismej.2011.164	Missing																																												Tropical rainforest	Plant		Agroecosystem												
SAMN10366527				GCF_003860725.1	SAMN10366527	MIGS Cultured Bacterial/Archaeal sample from Ralstonia solanacearum	10366527	Ralstonia solanacearum	UA-1579	2014	Colombia: South caribbean, Uraba	Banana		Missing		doi.org/10.1038/ismej.2011.165				doi.org/10.1038/ismej.2011.165	Missing																																												Tropical rainforest	Plant		Agroecosystem												
SAMN11352627				GCF_006088755.1	SAMN11352627	UW386	11352627	Ralstonia solanacearum	UW386	1979	Nigeria		soil		Cell Culture																																																																	
SAMN12500621				GCF_008000395.1	SAMN12500621	Microbe sample from Ralstonia pseudosolanacearum	12500621	Ralstonia pseudosolanacearum	VT0801	2013-06-30	Japan: Tsu City, Mie Prefecture	Solanum lycopersicum	soil		Cell culture																																																																	
SAMN13348487				GCF_014884725.1	SAMN13348487	Microbe sample from Ralstonia pseudosolanacearum	13348487	Ralstonia pseudosolanacearum	UW763	2017	Senegal		tomato		Whole organism																																																							1310165										
SAMN13348488				GCF_014884705.1	SAMN13348488	Microbe sample from Ralstonia pseudosolanacearum	13348488	Ralstonia pseudosolanacearum	RUN2279	2013	Madagascar		potato		Whole organism																																																							1310165										
SAMN13348489				GCF_014884685.1	SAMN13348489	Microbe sample from Ralstonia pseudosolanacearum	13348489	Ralstonia pseudosolanacearum	RUN2474	2013	Madagascar		potato		Whole organism																																																							1310165										
SAMN13503698				GCF_011420365.1	SAMN13503698	Microbe sample from Ralstonia solanacearum	13503698	Ralstonia solanacearum	Pe_1	2000	South Korea: Seosan	Capsicum annuum	leaf tissue		cell culture																																																																	
SAMN13503699				GCF_012062585.1	SAMN13503699	Microbe sample from Ralstonia solanacearum	13503699	Ralstonia solanacearum	Pe_2	2000	South Korea: Cheongwon	Capsicum annuum	leaf tissue		cell culture																																																																	
SAMN13503700				GCF_012062465.1	SAMN13503700	Microbe sample from Ralstonia solanacearum	13503700	Ralstonia solanacearum	Pe_3	2001	South Korea: Chungju	Capsicum annuum	leaf tissue		cell culture																																																																	
SAMN13503701				GCF_012062655.1	SAMN13503701	Microbe sample from Ralstonia solanacearum	13503701	Ralstonia solanacearum	Pe_4	2001	South Korea: Bukjeju	Capsicum annuum	leaf tissue		cell culture																																																																	
SAMN13503702				GCF_012062605.1	SAMN13503702	Microbe sample from Ralstonia solanacearum	13503702	Ralstonia solanacearum	Pe_9	2002	South Korea: Cheongyang	Capsicum annuum	leaf tissue		cell culture																																																																	
SAMN13503703				GCF_012062595.1	SAMN13503703	Microbe sample from Ralstonia solanacearum	13503703	Ralstonia solanacearum	Pe_13	2002	South Korea: Imsil	Capsicum annuum	leaf tissue		cell culture																																																																	
SAMN13503704				GCF_012062645.1	SAMN13503704	Microbe sample from Ralstonia solanacearum	13503704	Ralstonia solanacearum	Pe_15	2002	South Korea: Imsil	Capsicum annuum	leaf tissue		cell culture																																																																	
SAMN13503705				GCF_012271525.1	SAMN13503705	Microbe sample from Ralstonia solanacearum	13503705	Ralstonia solanacearum	Pe_18	2002	South Korea: Haenam	Capsicum annuum	leaf tissue		cell culture																																																																	
SAMN13503706				GCF_012271545.1	SAMN13503706	Microbe sample from Ralstonia solanacearum	13503706	Ralstonia solanacearum	Pe_24	2002	South Korea: Gongju	Capsicum annuum	leaf tissue		cell culture																																																																	
SAMN13503707				GCF_012271495.1	SAMN13503707	Microbe sample from Ralstonia solanacearum	13503707	Ralstonia solanacearum	Pe_26	2003	South Korea: Seosan	Capsicum annuum	leaf tissue		cell culture																																																																	
SAMN13503708				GCF_012062505.1	SAMN13503708	Microbe sample from Ralstonia solanacearum	13503708	Ralstonia solanacearum	Pe_27	2003	South Korea: Cheongwon	Capsicum annuum	leaf tissue		cell culture																																																																	
SAMN13503709				GCF_012271485.1	SAMN13503709	Microbe sample from Ralstonia solanacearum	13503709	Ralstonia solanacearum	Pe_28	1999	South Korea: Hwaseong	Capsicum annuum	leaf tissue		cell culture																																																																	
SAMN13503710				GCF_012271445.1	SAMN13503710	Microbe sample from Ralstonia solanacearum	13503710	Ralstonia solanacearum	Pe_30	2005	South Korea: Imsil	Capsicum annuum	leaf tissue		cell culture																																																																	
SAMN13503711				GCF_012062495.1	SAMN13503711	Microbe sample from Ralstonia solanacearum	13503711	Ralstonia solanacearum	Pe_39	2005	South Korea: Jeongeup	Capsicum annuum	leaf tissue		cell culture																																																																	
SAMN13503712				GCF_012271435.1	SAMN13503712	Microbe sample from Ralstonia solanacearum	13503712	Ralstonia solanacearum	Pe_42	2005	South Korea: Naju	Capsicum annuum	leaf tissue		cell culture																																																																	
SAMN13503713				GCF_012271415.1	SAMN13503713	Microbe sample from Ralstonia solanacearum	13503713	Ralstonia solanacearum	Pe_45	2005	South Korea: Gongju	Capsicum annuum	leaf tissue		cell culture																																																																	
SAMN13503714				GCF_012271385.1	SAMN13503714	Microbe sample from Ralstonia solanacearum	13503714	Ralstonia solanacearum	Pe_49	2005	South Korea: Cheongyang	Capsicum annuum	leaf tissue		cell culture																																																																	
SAMN13503715				GCF_012271355.1	SAMN13503715	Microbe sample from Ralstonia solanacearum	13503715	Ralstonia solanacearum	Pe_51	2005	South Korea: Taean	Capsicum annuum	leaf tissue		cell culture																																																																	
SAMN13503716				GCF_012271325.1	SAMN13503716	Microbe sample from Ralstonia solanacearum	13503716	Ralstonia solanacearum	Pe_52	2005	South Korea: Goesan	Capsicum annuum	leaf tissue		cell culture																																																																	
SAMN13503717				GCF_012271305.1	SAMN13503717	Microbe sample from Ralstonia solanacearum	13503717	Ralstonia solanacearum	Pe_56	2005	South Korea: Eumseong	Capsicum annuum	leaf tissue		cell culture																																																																	
SAMN13503718				GCF_012062545.1	SAMN13503718	Microbe sample from Ralstonia solanacearum	13503718	Ralstonia solanacearum	Pe_57	2005	South Korea: Cheongsong	Capsicum annuum	leaf tissue		cell culture																																																																	
SAMN13503719				GCF_012271315.1	SAMN13503719	Microbe sample from Ralstonia solanacearum	13503719	Ralstonia solanacearum	Pe_61	2005	South Korea: Goesan	Capsicum annuum	leaf tissue		cell culture																																																																	
SAMN13503720				GCF_012062825.1	SAMN13503720	Microbe sample from Ralstonia solanacearum	13503720	Ralstonia solanacearum	To_1	2008	South Korea: Hoengseong	Solanum lycopersicum	leaf tissue		cell culture																																																																	
SAMN13503721				GCF_012062785.1	SAMN13503721	Microbe sample from Ralstonia solanacearum	13503721	Ralstonia solanacearum	To_7	2008	South Korea: Hwacheon	Solanum lycopersicum	leaf tissue		cell culture																																																																	
SAMN13503722				GCF_012062775.1	SAMN13503722	Microbe sample from Ralstonia solanacearum	13503722	Ralstonia solanacearum	To_22	2008	South Korea: Cheorwon	Solanum lycopersicum	leaf tissue		cell culture																																																																	
SAMN13503723				GCF_012062765.1	SAMN13503723	Microbe sample from Ralstonia solanacearum	13503723	Ralstonia solanacearum	To_28	2008	South Korea: Yanggu	Solanum lycopersicum	leaf tissue		cell culture																																																																	
SAMN13503724				GCF_012062745.1	SAMN13503724	Microbe sample from Ralstonia solanacearum	13503724	Ralstonia solanacearum	To_36	2008	South Korea: Pyeongchang	Solanum lycopersicum	leaf tissue		cell culture																																																																	
SAMN13503725				GCF_012062685.1	SAMN13503725	Microbe sample from Ralstonia solanacearum	13503725	Ralstonia solanacearum	To_42	2008	South Korea: Chuncheon	Solanum lycopersicum	leaf tissue		cell culture																																																																	
SAMN13503726				GCF_012062725.1	SAMN13503726	Microbe sample from Ralstonia solanacearum	13503726	Ralstonia solanacearum	To_53	2008	South Korea: Hongcheon	Solanum lycopersicum	leaf tissue		cell culture																																																																	
SAMN13503727				GCF_012062695.1	SAMN13503727	Microbe sample from Ralstonia solanacearum	13503727	Ralstonia solanacearum	To_63	2008	South Korea: Bonghwa	Solanum lycopersicum	leaf tissue		cell culture																																																																	
SAMN13518540				GCF_018243215.1	SAMN13518540	Microbe sample from Ralstonia syzygii	13518540	Ralstonia syzygii	LLRS-1	2018-08-19	China: Yunnan province	tobacco	leaf veins (vascular strands)		cell culture																								IV																																									
SAMN13518656				GCF_018243235.1	SAMN13518656	Microbe sample from Ralstonia pseudosolanacearum	13518656	Ralstonia nicotianae	RS	2018-09-18	China: Yunnan province	tobacco	leaf veins (vascular strands)		cell culture																								I																			type strain of Ralstonia nicotianae																						
SAMN13633964				GCA_009832785.1	SAMN13633964	Microbe sample from Ralstonia solanacearum	13633964	Ralstonia solanacearum	CFBP 8697	2003	Iran	Potato	tuber		Single cell																																																																	
SAMN13639769				GCA_009832805.1	SAMN13639769	Microbe sample from Ralstonia solanacearum strain CFBP 8695	13639769	Ralstonia solanacearum	CFBP 8695	2017	Iran	Potato	tuber		Single cell																																																																	
SAMN14207021				GCF_012562465.1	SAMN14207021	Draft genome Rs_CIAT_078	14207021	Ralstonia solanacearum	CIAT_078	2004	Colombia	Plantain	stem		cell culture																																																																	
SAMN14262744				GCF_011290425.1	SAMN14262744	Microbe sample from Ralstonia solanacearum	14262744	Ralstonia solanacearum	204	2012-06-05	China:Guiyang and Nanxiong		isolated from the tobacco substrate		whole organism																																																																	
SAMN14262754				GCF_011290445.1	SAMN14262754	Microbe sample from Ralstonia solanacearum	14262754	Ralstonia solanacearum	203	2012-06-05	China:Guiyang and Nanxiong		isolated from the tobacco substrate		whole organism																																																																	
SAMN14262755				GCF_011290465.1	SAMN14262755	Microbe sample from Ralstonia solanacearum	14262755	Ralstonia solanacearum	202	2012-06-05	China:Guiyang and Nanxiong		isolated from the tobacco substrate		whole organism																																																																	
SAMN14262756				GCF_011290405.1	SAMN14262756	Microbe sample from Ralstonia solanacearum	14262756	Ralstonia solanacearum	B2	2012-06-05	China:Guiyang and Nanxiong		isolated from the tobacco substrate		whole organism																																																																	
SAMN14490830				GCF_023130835.1	SAMN14490830	Microbe sample from Ralstonia pseudosolanacearum	14490830	Ralstonia pseudosolanacearum	Cm01	2016-09-18	China	Chrysanthemum x morifolium	stem		cell culture																											not collected																																						
SAMN14490831				GCF_023130775.1	SAMN14490831	Microbe sample from Ralstonia pseudosolanacearum	14490831	Ralstonia pseudosolanacearum	Ec03	2016-06-23	China	Eucalyptus robusta	stem		cell culture																											not collected																																						
SAMN14490832				GCF_023130815.1	SAMN14490832	Microbe sample from Ralstonia pseudosolanacearum	14490832	Ralstonia pseudosolanacearum	Ep08	2016-06-12	China	Solanum virginianum	stem		cell culture																											not collected																																						
SAMN14490833				GCF_023130765.1	SAMN14490833	Microbe sample from Ralstonia pseudosolanacearum	14490833	Ralstonia pseudosolanacearum	Gg01	2016-06-24	China	Zingiber officinale	stem		cell culture																											not collected																																						
SAMN14490835				GCF_023130755.1	SAMN14490835	Microbe sample from Ralstonia pseudosolanacearum	14490835	Ralstonia pseudosolanacearum	Pn33	2017-07-14	China	Arachis hypogaea	stem		cell culture																											not collected																																						
SAMN14490836				GCF_023130735.1	SAMN14490836	Microbe sample from Ralstonia pseudosolanacearum	14490836	Ralstonia pseudosolanacearum	Pp26	2018-05-06	China	Capsicum annuum	stem		cell culture																											not collected																																						
SAMN14490837				GCF_023130685.1	SAMN14490837	Microbe sample from Ralstonia pseudosolanacearum	14490837	Ralstonia pseudosolanacearum	Pt01	2016-05-23	China	Solanum tuberosum	stem		cell culture																											not collected																																						
SAMN14490838				GCF_023130705.1	SAMN14490838	Microbe sample from Ralstonia pseudosolanacearum	14490838	Ralstonia pseudosolanacearum	Tb04	2015-05-18	China	Nicotiana tabacum	stem		cell culture																											not collected																																						
SAMN14490839				GCF_023130655.1	SAMN14490839	Microbe sample from Ralstonia pseudosolanacearum	14490839	Ralstonia pseudosolanacearum	Tb18	2016-06-28	China	Nicotiana tabacum	stem		cell culture																											not collected																																						
SAMN14523983				GCF_013306955.1	SAMN14523983	FJAT1303.F1	14523983	Ralstonia solanacearum	FJAT1303.F1	2019-11-06	China:Agricultural Bio-Resources Research Institute, Fujian Academy of Agricultural Sciences, Fuzhou	tomato	missing		cell culture																																									434																								
SAMN14523984				GCF_013306935.1	SAMN14523984	FJAT1303.F50	14523984	Ralstonia solanacearum	FJAT1303.F50	2019-12-25	China:Agricultural Bio-Resources Research Institute, Fujian Academy of Agricultural Sciences, Fuzhou	tomato	missing		cell culture																																									226																								
SAMN14523985				GCF_013306915.1	SAMN14523985	FJAT1303.F8	14523985	Ralstonia solanacearum	FJAT1303.F8	2019-11-13	China:Agricultural Bio-Resources Research Institute, Fujian Academy of Agricultural Sciences, Fuzhou	tomato	missing		cell culture																																									305																								
SAMN14523986				GCF_013306875.1	SAMN14523986	FJAT1452.F1	14523986	Ralstonia solanacearum	FJAT1452.F1	2019-11-06	China:Agricultural Bio-Resources Research Institute, Fujian Academy of Agricultural Sciences, Fuzhou	tomato	missing		cell culture																																									449																								
SAMN14523987				GCF_013306845.1	SAMN14523987	FJAT1452.F50	14523987	Ralstonia solanacearum	FJAT1452.F50	2019-12-25	China:Agricultural Bio-Resources Research Institute, Fujian Academy of Agricultural Sciences, Fuzhou	tomato	missing		cell culture																																									287																								
SAMN14523988				GCF_013306825.1	SAMN14523988	FJAT1458.F1	14523988	Ralstonia solanacearum	FJAT1458.F1	2019-11-06	China:Agricultural Bio-Resources Research Institute, Fujian Academy of Agricultural Sciences, Fuzhou	tomato	missing		cell culture																																									435																								
SAMN14523989				GCF_013306785.1	SAMN14523989	FJAT1458.F50	14523989	Ralstonia solanacearum	FJAT1458.F50	2019-12-25	China:Agricultural Bio-Resources Research Institute, Fujian Academy of Agricultural Sciences, Fuzhou	tomato	missing		cell culture																																									246																								
SAMN14523990				GCF_013306805.1	SAMN14523990	FJAT1463.F1	14523990	Ralstonia solanacearum	FJAT1463.F1	2019-11-11	China:Agricultural Bio-Resources Research Institute, Fujian Academy of Agricultural Sciences, Fuzhou	tomato	missing		cell culture																																									309																								
SAMN14523991				GCF_013306765.1	SAMN14523991	FJAT1463.F50	14523991	Ralstonia solanacearum	FJAT1463.F50	2019-12-25	China:Agricultural Bio-Resources Research Institute, Fujian Academy of Agricultural Sciences, Fuzhou	tomato	missing		cell culture																																									232																								
SAMN14523992				GCF_013306745.1	SAMN14523992	FJAT15244.F1	14523992	Ralstonia solanacearum	FJAT15244.F1	2019-11-06	China:Agricultural Bio-Resources Research Institute, Fujian Academy of Agricultural Sciences, Fuzhou	tomato	missing		cell culture																																									371																								
SAMN14523993				GCF_013306655.1	SAMN14523993	FJAT15244.F50	14523993	Ralstonia solanacearum	FJAT15244.F50	2019-12-25	China:Agricultural Bio-Resources Research Institute, Fujian Academy of Agricultural Sciences, Fuzhou	tomato	missing		cell culture																																									268																								
SAMN14523994				GCF_013306575.1	SAMN14523994	FJAT15249.F1	14523994	Ralstonia solanacearum	FJAT15249.F1	2019-11-06	China:Agricultural Bio-Resources Research Institute, Fujian Academy of Agricultural Sciences, Fuzhou	tomato	missing		cell culture																																									285																								
SAMN14523995				GCF_013306545.1	SAMN14523995	FJAT15249.F50	14523995	Ralstonia solanacearum	FJAT15249.F50	2019-12-25	China:Agricultural Bio-Resources Research Institute, Fujian Academy of Agricultural Sciences, Fuzhou	tomato	missing		cell culture																																									230																								
SAMN14523996				GCF_013306515.1	SAMN14523996	FJAT15252.F1	14523996	Ralstonia solanacearum	FJAT15252.F1	2019-11-06	China:Agricultural Bio-Resources Research Institute, Fujian Academy of Agricultural Sciences, Fuzhou	tomato	missing		cell culture																																									427																								
SAMN14523997				GCF_013306495.1	SAMN14523997	FJAT15252.F50	14523997	Ralstonia solanacearum	FJAT15252.F50	2019-12-25	China:Agricultural Bio-Resources Research Institute, Fujian Academy of Agricultural Sciences, Fuzhou	tomato	missing		cell culture																																									242																								
SAMN14523998				GCF_013306455.1	SAMN14523998	FJAT15304.F1	14523998	Ralstonia solanacearum	FJAT15304.F1	2019-11-06	China:Agricultural Bio-Resources Research Institute, Fujian Academy of Agricultural Sciences, Fuzhou	tomato	missing		cell culture																																									406																								
SAMN14523999				GCF_013306475.1	SAMN14523999	FJAT15304.F50	14523999	Ralstonia solanacearum	FJAT15304.F50	2019-12-25	China:Agricultural Bio-Resources Research Institute, Fujian Academy of Agricultural Sciences, Fuzhou	tomato	missing		cell culture																																									220																								
SAMN14524000				GCF_013306435.1	SAMN14524000	FJAT15304.F6	14524000	Ralstonia solanacearum	FJAT15304.F6	2019-11-11	China:Agricultural Bio-Resources Research Institute, Fujian Academy of Agricultural Sciences, Fuzhou	tomato	missing		cell culture																																									205																								
SAMN14524001				GCF_013306415.1	SAMN14524001	FJAT15340.F1	14524001	Ralstonia solanacearum	FJAT15340.F1	2019-11-06	China:Agricultural Bio-Resources Research Institute, Fujian Academy of Agricultural Sciences, Fuzhou	tomato	missing		cell culture																																									298																								
SAMN14524002				GCF_013306375.1	SAMN14524002	FJAT15340.F50	14524002	Ralstonia solanacearum	FJAT15340.F50	2019-12-25	China:Agricultural Bio-Resources Research Institute, Fujian Academy of Agricultural Sciences, Fuzhou	tomato	missing		cell culture																																									235																								
SAMN14524003				GCF_013306395.1	SAMN14524003	FJAT15340.F6	14524003	Ralstonia solanacearum	FJAT15340.F6	2019-11-11	China:Agricultural Bio-Resources Research Institute, Fujian Academy of Agricultural Sciences, Fuzhou	tomato	missing		cell culture																																									322																								
SAMN14524004				GCF_013306355.1	SAMN14524004	FJAT15353.F1	14524004	Ralstonia solanacearum	FJAT15353.F1	2019-11-06	China:Agricultural Bio-Resources Research Institute, Fujian Academy of Agricultural Sciences, Fuzhou	tomato	missing		cell culture																																									306																								
SAMN14524005				GCF_013306335.1	SAMN14524005	FJAT15353.F50	14524005	Ralstonia solanacearum	FJAT15353.F50	2019-12-25	China:Agricultural Bio-Resources Research Institute, Fujian Academy of Agricultural Sciences, Fuzhou	tomato	missing		cell culture																																									248																								
SAMN14524006				GCF_013306315.1	SAMN14524006	FJAT15353.F8	14524006	Ralstonia solanacearum	FJAT15353.F8	2019-11-13	China:Agricultural Bio-Resources Research Institute, Fujian Academy of Agricultural Sciences, Fuzhou	tomato	missing		cell culture																																									243																								
SAMN14524007				GCF_013306295.1	SAMN14524007	FJAT442.F1	14524007	Ralstonia solanacearum	FJAT442.F1	2019-11-06	China:Agricultural Bio-Resources Research Institute, Fujian Academy of Agricultural Sciences, Fuzhou	tomato	missing		cell culture																																									477																								
SAMN14524008				GCF_013306275.1	SAMN14524008	FJAT442.F50	14524008	Ralstonia solanacearum	FJAT442.F50	2019-12-25	China:Agricultural Bio-Resources Research Institute, Fujian Academy of Agricultural Sciences, Fuzhou	tomato	missing		cell culture																																									279																								
SAMN14524009				GCF_013306255.1	SAMN14524009	FJAT445.F1	14524009	Ralstonia solanacearum	FJAT445.F1	2019-11-06	China:Agricultural Bio-Resources Research Institute, Fujian Academy of Agricultural Sciences, Fuzhou	tomato	missing		cell culture																																									541																								
SAMN14524010				GCF_013306235.1	SAMN14524010	FJAT445.F50	14524010	Ralstonia solanacearum	FJAT445.F50	2019-12-25	China:Agricultural Bio-Resources Research Institute, Fujian Academy of Agricultural Sciences, Fuzhou	tomato	missing		cell culture																																									272																								
SAMN14524011				GCF_013306205.1	SAMN14524011	FJAT448.F1	14524011	Ralstonia solanacearum	FJAT448.F1	2019-11-06	China:Agricultural Bio-Resources Research Institute, Fujian Academy of Agricultural Sciences, Fuzhou	tomato	missing		cell culture																																									321																								
SAMN14524012				GCF_013306155.1	SAMN14524012	FJAT448.F50	14524012	Ralstonia solanacearum	FJAT448.F50	2019-12-25	China:Agricultural Bio-Resources Research Institute, Fujian Academy of Agricultural Sciences, Fuzhou	tomato	missing		cell culture																																									231																								
SAMN14524013				GCF_013306095.1	SAMN14524013	FJAT454.F1	14524013	Ralstonia solanacearum	FJAT454.F1	2019-11-06	China:Agricultural Bio-Resources Research Institute, Fujian Academy of Agricultural Sciences, Fuzhou	tomato	missing		cell culture																																									403																								
SAMN14524015				GCF_013306015.1	SAMN14524015	FJAT91.F50	14524015	Ralstonia solanacearum	FJAT91.F50	2019-12-25	China:Agricultural Bio-Resources Research Institute, Fujian Academy of Agricultural Sciences, Fuzhou	tomato	missing		cell culture																																									297																								
SAMN14683366				GCF_018733955.1	SAMN14683366	Microbe sample from Ralstonia solanacearum	14683366	Ralstonia solanacearum	RS24	2018-04-03	China: Guangdong Province	Solanum muricatum	stem		cell culture		X.M. She																				X.M.She																				X.M. She																stem							
SAMN15102643				GCF_013359535.1	SAMN15102643	MIGS Cultured Bacterial/Archaeal sample from Ralstonia solanacearum	15102643	Ralstonia solanacearum	UW848	2020	USA	Geranium	plant from greenhouse	37.8 N 95.7 W		in preparation			greenhouse	https://plantpath.ifas.ufl.edu/rsol/Culturemedia.html	1	plants	greenhouse													bacterial wilt disease																																												
SAMN15235522				GCF_014490805.1	SAMN15235522	FJAT454.F50-1	15235522	Ralstonia solanacearum	FJAT454.F50-1	2019-12-25	China:Agricultural Bio-Resources Research Institute, Fujian Academy of Agricultural Sciences, Fuzhou	tomato	missing		cell culture																											missing														295																								
SAMN15331471				GCF_013375715.1	SAMN15331471	Microbe sample from Ralstonia solanacearum	15331471	Ralstonia solanacearum	FJAT91-F1	2019-10-31	China	missing			cell clture																																																																	
SAMN15331499				GCF_013375735.1	SAMN15331499	Microbe sample from Ralstonia solanacearum	15331499	Ralstonia solanacearum	FJAT91-F8	2019-10-31	China	missing			cell clture																																																																	
SAMN15331500				GCF_013704765.1	SAMN15331500	Microbe sample from Ralstonia solanacearum	15331500	Ralstonia solanacearum	FJAT15244-F8	2019-10-31	China	missing			cell clture																																																																	
SAMN15371198				GCF_014210395.1	SAMN15371198	Microbe sample from Ralstonia solanacearum	15371198	Ralstonia solanacearum	CCRMRs277	2015	Brazil: Manicore, Amazonas	Banana	plant	5.8094 S 61.3006 W	cell culture				Agricultural field	28 degree celsius, Kelman with TZC medium		Banana plant	field													Moko disease																																												
SAMN15371199				GCF_014210375.1	SAMN15371199	Microbe sample from Ralstonia solanacearum	15371199	Ralstonia solanacearum	CCRMRs287	2015	Brazil: Benjamin Constant, Amazonas	Banana	plant	4.3833 S 70.0314 W	cell culture				Agricultural field	28 degree celsius, Kelman with TZC medium		Banana plant	field													Moko disease																																												
SAMN15371200				GCF_014210335.1	SAMN15371200	Microbe sample from Ralstonia solanacearum	15371200	Ralstonia solanacearum	CCRMRs304	2015	Brazil: Fonte Boa, Amazonas	Banana	plant	2.3052 S 66.533 W	cell culture				Agricultural field	28 degree celsius, Kelman with TZC medium		Banana plant	field													Moko disease																																												
SAMN15371201				GCF_014210345.1	SAMN15371201	Microbe sample from Ralstonia solanacearum	15371201	Ralstonia solanacearum	CCRMRsB7	2012	Brazil: Anama, Amazonas	Banana	plant	3.5803 S 61.4044 W	cell culture				Agricultural field	28 degree celsius, Kelman with TZC medium		Banana plant	field													Moko disease																																												
SAMN15623711				GCF_014041975.1	SAMN15623711	Microbe sample from Ralstonia solanacearum	15623711	Ralstonia solanacearum	YQ	2014-07	China: Zhejiang, Yueqing	Casuarina equisetifolia	plant tissue		plant tissue		Xinqi Zhang		plant biome																																						Xinqi Zhang																							
SAMN15722379	GMI1000	RAL_AA0096AA			SAMN15722379	Rs GMI1000 Haw35a1	15722379	Ralstonia pseudosolanacearum GMI1000	GMI1000	2014	France: Castanet Tolosan	Solanum lycopersicum cultivar Hawaii 7996			cell culture		A. Guidot																									Haw35a1																type strain of Ralstonia sequeirae													https://doi.org/10.1093/molbev/msu229									
SAMN15722380	GMI1000	RAL_AA0093AA			SAMN15722380	Rs GMI1000 Haw35a4	15722380	Ralstonia pseudosolanacearum GMI1000	GMI1000	2014	France: Castanet Tolosan	Solanum lycopersicum cultivar Hawaii 7996			cell culture		A. Guidot																									Haw35a4																type strain of Ralstonia sequeirae													https://doi.org/10.1093/molbev/msu229									
SAMN15722381	GMI1000	RAL_AA0098AA			SAMN15722381	Rs GMI1000 Haw35b1	15722381	Ralstonia pseudosolanacearum GMI1000	GMI1000	2014	France: Castanet Tolosan	Solanum lycopersicum cultivar Hawaii 7996			cell culture		A. Guidot																									Haw35b1																type strain of Ralstonia sequeirae													https://doi.org/10.1093/molbev/msu229									
SAMN15722382	GMI1000	RAL_AA0097AA			SAMN15722382	Rs GMI1000 Haw35b4	15722382	Ralstonia pseudosolanacearum GMI1000	GMI1000	2014	France: Castanet Tolosan	Solanum lycopersicum cultivar Hawaii 7996			cell culture		A. Guidot																									Haw35b4																type strain of Ralstonia sequeirae													https://doi.org/10.1093/molbev/msu229									
SAMN15722383	GMI1000	RAL_AA0095AA			SAMN15722383	Rs GMI1000 Haw35c1	15722383	Ralstonia pseudosolanacearum GMI1000	GMI1000	2014	France: Castanet Tolosan	Solanum lycopersicum cultivar Hawaii 7996			cell culture		A. Guidot																									Haw35c1																type strain of Ralstonia sequeirae													https://doi.org/10.1093/molbev/msu229									
SAMN15722384	GMI1000	RAL_AA0094AA			SAMN15722384	Rs GMI1000 Haw35c2	15722384	Ralstonia pseudosolanacearum GMI1000	GMI1000	2014	France: Castanet Tolosan	Solanum lycopersicum cultivar Hawaii 7996			cell culture		A. Guidot																									Haw35c2																type strain of Ralstonia sequeirae													https://doi.org/10.1093/molbev/msu229									
SAMN15722385	GMI1000	RAL_AA0092AA			SAMN15722385	Rs GMI1000 Haw35d3	15722385	Ralstonia pseudosolanacearum GMI1000	GMI1000	2014	France: Castanet Tolosan	Solanum lycopersicum cultivar Hawaii 7996			cell culture		A. Guidot																									Haw35d3																type strain of Ralstonia sequeirae													https://doi.org/10.1093/molbev/msu229									
SAMN15722386	GMI1000	RAL_AA0091AA			SAMN15722386	Rs GMI1000 Haw35d5	15722386	Ralstonia pseudosolanacearum GMI1000	GMI1000	2014	France: Castanet Tolosan	Solanum lycopersicum cultivar Hawaii 7996			cell culture		A. Guidot																									Haw35d5																type strain of Ralstonia sequeirae													https://doi.org/10.1093/molbev/msu229									
SAMN15722387	GMI1000	RAL_AA0090AA			SAMN15722387	Rs GMI1000 Haw35e1	15722387	Ralstonia pseudosolanacearum GMI1000	GMI1000	2014	France: Castanet Tolosan	Solanum lycopersicum cultivar Hawaii 7996			cell culture		A. Guidot																									Haw35e1																type strain of Ralstonia sequeirae													https://doi.org/10.1093/molbev/msu229									
SAMN15722388	GMI1000	RAL_AA0089AA			SAMN15722388	Rs GMI1000 Haw35e3	15722388	Ralstonia pseudosolanacearum GMI1000	GMI1000	2014	France: Castanet Tolosan	Solanum lycopersicum cultivar Hawaii 7996			cell culture		A. Guidot																									Haw35e3																type strain of Ralstonia sequeirae													https://doi.org/10.1093/molbev/msu229									
SAMN16125433	Lallmahomed 7	RAL_AA0087AA		GCF_015912375.1	SAMN16125433	Microbe sample from Ralstonia pseudosolanacearum	16125433	Ralstonia pseudosolanacearum	Lallmahomed 7	1973	Unknown	Nicotiana tabacum			cell culture																																																																	
SAMN16125434	Lallmahomed 13	RAL_AA0086AA		GCF_015912385.1	SAMN16125434	Microbe sample from Ralstonia pseudosolanacearum	16125434	Ralstonia pseudosolanacearum	Lallmahomed 13	1973	Unknown	Arachis hypogaea			cell culture																																																																	
SAMN16125435	Lallmahomed 16	RAL_AA0081AA		GCF_015912335.1	SAMN16125435	Microbe sample from Ralstonia pseudosolanacearum	16125435	Ralstonia pseudosolanacearum	Lallmahomed 16	1973	Unknown	Solanum virginianum			cell culture																																																																	
SAMN16125436	Lallmahomed 30	RAL_AA0080AA		GCF_015912315.1	SAMN16125436	Microbe sample from Ralstonia pseudosolanacearum	16125436	Ralstonia pseudosolanacearum	Lallmahomed 30	1973	Unknown	Solanum lycopersicum			cell culture																																																																	
SAMN16125437	Lallmahomed 54	RAL_AA0077AA		GCF_015912355.1	SAMN16125437	Microbe sample from Ralstonia pseudosolanacearum	16125437	Ralstonia pseudosolanacearum	Lallmahomed 54	1973	Unknown	Solanum nigrum			cell culture																																																																	
SAMN16125438	Lallmahomed 59	RAL_AA0073AA		GCF_015912285.1	SAMN16125438	Microbe sample from Ralstonia pseudosolanacearum	16125438	Ralstonia pseudosolanacearum	Lallmahomed 59	1973	Unknown	Casuarina equisetifolia			cell culture																																																																	
SAMN16125439	Lallmahomed 66	RAL_AA0072AA		GCF_015912275.1	SAMN16125439	Microbe sample from Ralstonia pseudosolanacearum	16125439	Ralstonia pseudosolanacearum	Lallmahomed 66	1973	Unknown	Arachis hypogaea			cell culture																																																																	
SAMN16125440	Lallmahomed 72	RAL_AA0071AA		GCF_015912245.1	SAMN16125440	Microbe sample from Ralstonia pseudosolanacearum	16125440	Ralstonia pseudosolanacearum	Lallmahomed 72	1973	Unknown	Arachis hypogaea			cell culture																																																																	
SAMN16125441	PD:2763	RAL_AA0861AA		GCF_015912235.1	SAMN16125441	Microbe sample from Ralstonia solanacearum	16125441	Ralstonia solanacearum	PD:2763	1995	Netherlands	Solanum tuberosum			cell culture																																																																	
SAMN16125442	NCPPB:790	RAL_AA0068AA		GCF_015912205.1	SAMN16125442	Microbe sample from Ralstonia pseudosolanacearum	16125442	Ralstonia pseudosolanacearum	NCPPB:790	1985	Costa Rica	Physalis angulata			cell culture																																					NCPPB:790																												
SAMN16125443	NCPPB:1579	RAL_AA0085AA		GCF_015912175.1	SAMN16125443	Microbe sample from Ralstonia pseudosolanacearum	16125443	Ralstonia pseudosolanacearum	NCPPB:1579	1961	Unknown	Zingiber officinale			cell culture																																					NCPPB:1579																												
SAMN16125444	PD:1255	RAL_AA0084AA		GCF_015912195.1	SAMN16125444	Microbe sample from Ralstonia pseudosolanacearum	16125444	Ralstonia pseudosolanacearum	PD:1255	1988	France	Anthurium andraeanum			cell culture																																																																	
SAMN16125445	PD:1419	RAL_AA0083AA		GCF_015912145.1	SAMN16125445	Microbe sample from Ralstonia pseudosolanacearum	16125445	Ralstonia pseudosolanacearum	PD:1419	Unknown	Unknown	Solanum tuberosum			cell culture																																																																	
SAMN16125446	PD:1254	RAL_AA0920AA		GCF_015912135.1	SAMN16125446	Microbe sample from Ralstonia solanacearum	16125446	Ralstonia solanacearum	PD:1254	1988	India	Solanum tuberosum			cell culture																																																																	
SAMN16125447	PD:1260	RAL_AA0919AA		GCF_015912085.1	SAMN16125447	Microbe sample from Ralstonia solanacearum	16125447	Ralstonia solanacearum	PD:1260	1988	France	Solanum tuberosum			cell culture																																																																	
SAMN16125448	PD:1408	RAL_AA0918AA		GCF_015912105.1	SAMN16125448	Microbe sample from Ralstonia solanacearum	16125448	Ralstonia solanacearum	PD:1408	1989	Chile	Solanum tuberosum			cell culture																																																																	
SAMN16125449	PD:1445	RAL_AA0917AA		GCF_015912065.1	SAMN16125449	Microbe sample from Ralstonia solanacearum	16125449	Ralstonia solanacearum	PD:1445	1959	Panama	Musa sp.			cell culture																																																																	
SAMN16125450	PD:1256	RAL_AA0082AA		GCF_015912055.1	SAMN16125450	Microbe sample from Ralstonia pseudosolanacearum	16125450	Ralstonia pseudosolanacearum	PD:1256	1988	France	Solanum virginianum			cell culture																																																																	
SAMN16125451	PD:2940	RAL_AA0916AA		GCF_015912035.1	SAMN16125451	Microbe sample from Ralstonia solanacearum	16125451	Ralstonia solanacearum	PD:2940	1996	Netherlands	Solanum tuberosum			cell culture																																																																	
SAMN16125452	PD:2941	RAL_AA0915AA		GCF_015912005.1	SAMN16125452	Microbe sample from Ralstonia solanacearum	16125452	Ralstonia solanacearum	PD:2941	1996	Netherlands	Solanum tuberosum			cell culture																																																																	
SAMN16125453	PD:2942	RAL_AA0914AA		GCF_015911985.1	SAMN16125453	Microbe sample from Ralstonia solanacearum	16125453	Ralstonia solanacearum	PD:2942	1996	Netherlands	Solanum tuberosum			cell culture																																																																	
SAMN16125454	IPO:1750	RAL_AA0913AA		GCF_015911975.1	SAMN16125454	Microbe sample from Ralstonia solanacearum	16125454	Ralstonia solanacearum	IPO:1750	Unknown	France	Solanum lycopersicum			cell culture																																																																	
SAMN16125455	CFBP:3581	RAL_AA0912AA		GCF_015911945.1	SAMN16125455	Microbe sample from Ralstonia solanacearum	16125455	Ralstonia solanacearum	CFBP:3581	Unknown	France	Solanum lycopersicum			cell culture																																					CFBP:3581																												
SAMN16125456	IPO:1752	RAL_AA0911AA		GCF_015911935.1	SAMN16125456	Microbe sample from Ralstonia solanacearum	16125456	Ralstonia solanacearum	IPO:1752	Unknown	Unknown	Solanum virginianum			cell culture																																																																	
SAMN16125457	IPO:1804	RAL_AA0910AA		GCF_015911895.1	SAMN16125457	Microbe sample from Ralstonia solanacearum	16125457	Ralstonia solanacearum	IPO:1804	1997	Netherlands		soil		cell culture																																																																	
SAMN16125458	IPO:1805	RAL_AA0909AA		GCF_015911875.1	SAMN16125458	Microbe sample from Ralstonia solanacearum	16125458	Ralstonia solanacearum	IPO:1805	1997	Netherlands	Solanum nigrum			cell culture																																																																	
SAMN16125459	IPO:1806	RAL_AA0908AA		GCF_015911905.1	SAMN16125459	Microbe sample from Ralstonia solanacearum	16125459	Ralstonia solanacearum	IPO:1806	1997	Netherlands	Solanum nigrum			cell culture																																																																	
SAMN16125460	IPO:1808	RAL_AA0907AA		GCF_015911835.1	SAMN16125460	Microbe sample from Ralstonia solanacearum	16125460	Ralstonia solanacearum	IPO:1808	1997	Netherlands	Solanum tuberosum			cell culture																																																																	
SAMN16125461	IPO:1809	RAL_AA0906AA		GCF_015911845.1	SAMN16125461	Microbe sample from Ralstonia solanacearum	16125461	Ralstonia solanacearum	IPO:1809	1997	Netherlands: Lemele, Overijssel		soil		cell culture																																																																	
SAMN16125462	IPO:1828	RAL_AA0905AA		GCF_015911795.1	SAMN16125462	Microbe sample from Ralstonia solanacearum	16125462	Ralstonia solanacearum	IPO:1828	Unknown	Unknown	Solanum tuberosum			cell culture																																																																	
SAMN16125463	PD:441	RAL_AA0904AA		GCF_015911785.1	SAMN16125463	Microbe sample from Ralstonia solanacearum	16125463	Ralstonia solanacearum	PD:441	1976	Sweden	Solanum tuberosum			cell culture																																																																	
SAMN16125464	IPO:3731	RAL_AA0903AA		GCF_015911775.1	SAMN16125464	Microbe sample from Ralstonia solanacearum	16125464	Ralstonia solanacearum	IPO:3731	2015	Kenya	Pelargonium			cell culture																																																																	
SAMN16125465				GCF_015911755.1	SAMN16125465	Microbe sample from Ralstonia pseudosolanacearum	16125465	Ralstonia pseudosolanacearum	PD:7123	Unknown	Unknown	Rosa sp.			cell culture																																																																	
SAMN16125466	PD:2625	RAL_AA0902AA		GCF_015911725.1	SAMN16125466	Microbe sample from Ralstonia solanacearum	16125466	Ralstonia solanacearum	PD:2625	1994	Turkey	Solanum tuberosum			cell culture																																																																	
SAMN16125467	PD:3049	RAL_AA0901AA		GCF_015911715.1	SAMN16125467	Microbe sample from Ralstonia solanacearum	16125467	Ralstonia solanacearum	PD:3049	1998	Egypt		water		cell culture																																																																	
SAMN16125468	PD:3115	RAL_AA0900AA		GCF_015911685.1	SAMN16125468	Microbe sample from Ralstonia solanacearum	16125468	Ralstonia solanacearum	PD:3115	1997	Netherlands		soil		cell culture																																																																	
SAMN16125469	PD:3121	RAL_AA0899AA		GCF_015911675.1	SAMN16125469	Microbe sample from Ralstonia solanacearum	16125469	Ralstonia solanacearum	PD:3121	1997	Netherlands		water		cell culture																																																																	
SAMN16125470				GCF_015911645.1	SAMN16125470	Microbe sample from Ralstonia pseudosolanacearum	16125470	Ralstonia pseudosolanacearum	PD:3196	1997	Netherlands	Curcuma longa			cell culture																																																																	
SAMN16125471	PD:3203	RAL_AA0898AA		GCF_015911625.1	SAMN16125471	Microbe sample from Ralstonia solanacearum	16125471	Ralstonia solanacearum	PD:3203	1996	Netherlands	Solanum lycopersicum			cell culture																																																																	
SAMN16125472	PD:3205	RAL_AA0078AA		GCF_015911615.1	SAMN16125472	Microbe sample from Ralstonia pseudosolanacearum	16125472	Ralstonia pseudosolanacearum	PD:3205	1997	Philippines	Anthurium andraeanum			cell culture																																																																	
SAMN16125473	PD:3222	RAL_AA0897AA		GCF_015911585.1	SAMN16125473	Microbe sample from Ralstonia solanacearum	16125473	Ralstonia solanacearum	PD:3222	1998	Ecuador	Anthurium andraeanum			cell culture																																																																	
SAMN16125474	PD 3223	RAL_AA0896AA		GCF_015911555.1	SAMN16125474	Microbe sample from Ralstonia solanacearum	16125474	Ralstonia solanacearum	PD 3223	1998	Greece	Solanum lycopersicum			cell culture																																																																	
SAMN16125475	PD 3269	RAL_AA0895AA		GCF_015911565.1	SAMN16125475	Microbe sample from Ralstonia solanacearum	16125475	Ralstonia solanacearum	PD 3269	1997	Slovenia	Solanum tuberosum			cell culture																																																																	
SAMN16125476	PD 3270	RAL_AA0894AA		GCF_015911515.1	SAMN16125476	Microbe sample from Ralstonia solanacearum	16125476	Ralstonia solanacearum	PD 3270	1998	Costa Rica	Solanum tuberosum			cell culture																																																																	
SAMN16125477	PD 3570	RAL_AA0076AA		GCF_015911505.1	SAMN16125477	Microbe sample from Ralstonia pseudosolanacearum	16125477	Ralstonia pseudosolanacearum	PD 3570	1999	Venezuela	Curcuma longa			cell culture																																																																	
SAMN16125478	PD 3634	RAL_AA0075AA		GCF_015911495.1	SAMN16125478	Microbe sample from Ralstonia pseudosolanacearum	16125478	Ralstonia pseudosolanacearum	PD 3634	1999	Kenya	Solanum tuberosum			cell culture																																																																	
SAMN16125479	PD 3668	RAL_AA0893AA		GCF_015911455.1	SAMN16125479	Microbe sample from Ralstonia solanacearum	16125479	Ralstonia solanacearum	PD 3668	1999	Netherlands	Solanum nigrum			cell culture																																																																	
SAMN16125480	PD 4027	RAL_AA0892AA		GCF_015911465.1	SAMN16125480	Microbe sample from Ralstonia solanacearum	16125480	Ralstonia solanacearum	PD 4027	2001	Netherlands	Pelargonium zonale caro			cell culture																																																																	
SAMN16125481	PD 4124	RAL_AA0891AA		GCF_015911415.1	SAMN16125481	Microbe sample from Ralstonia solanacearum	16125481	Ralstonia solanacearum	PD 4124	2001	Kenya	Pelargonium x hortorum dacapo			cell culture																																																																	
SAMN16125482	PD 4138	RAL_AA0074AA		GCF_015911375.1	SAMN16125482	Microbe sample from Ralstonia pseudosolanacearum	16125482	Ralstonia pseudosolanacearum	PD 4138	2001	Netherlands	Curcuma longa			cell culture																																																																	
SAMN16125483	PD 4321	RAL_AA0890AA		GCF_015911405.1	SAMN16125483	Microbe sample from Ralstonia solanacearum	16125483	Ralstonia solanacearum	PD 4321	1999	Portugal	Portulaca oleracea			cell culture																																																																	
SAMN16125484	NAK 159	RAL_AA0889AA		GCF_015911395.1	SAMN16125484	Microbe sample from Ralstonia solanacearum	16125484	Ralstonia solanacearum	NAK 159	Unknown	Unknown		surface water		cell culture																																																																	
SAMN16125485	NAK 161	RAL_AA0888AA		GCF_015911355.1	SAMN16125485	Microbe sample from Ralstonia solanacearum	16125485	Ralstonia solanacearum	NAK 161	Unknown	Unknown		surface water		cell culture																																																																	
SAMN16125486	NAK 162	RAL_AA0887AA		GCF_015911305.1	SAMN16125486	Microbe sample from Ralstonia solanacearum	16125486	Ralstonia solanacearum	NAK 162	Unknown	Unknown		surface water		cell culture																																																																	
SAMN16125487	NAK 163	RAL_AA0886AA		GCF_015911295.1	SAMN16125487	Microbe sample from Ralstonia solanacearum	16125487	Ralstonia solanacearum	NAK 163	Unknown	Unknown		surface water		cell culture																																																																	
SAMN16125488	NAK 164	RAL_AA0885AA		GCF_015911255.1	SAMN16125488	Microbe sample from Ralstonia solanacearum	16125488	Ralstonia solanacearum	NAK 164	Unknown	Unknown		surface water		cell culture																																																																	
SAMN16125489	NAK 165	RAL_AA0884AA		GCA_015911285.1	SAMN16125489	Microbe sample from Ralstonia solanacearum	16125489	Ralstonia solanacearum	NAK 165	Unknown	Unknown		surface water		cell culture																																																																	
SAMN16125490	NAK 166	RAL_AA0883AA		GCF_015911275.1	SAMN16125490	Microbe sample from Ralstonia solanacearum	16125490	Ralstonia solanacearum	NAK 166	Unknown	Unknown		surface water		cell culture																																																																	
SAMN16125491	NAK 170	RAL_AA0882AA		GCF_015911215.1	SAMN16125491	Microbe sample from Ralstonia solanacearum	16125491	Ralstonia solanacearum	NAK 170	Unknown	Unknown		surface water		cell culture																																																																	
SAMN16125492	NAK 180	RAL_AA0881AA		GCF_015911195.1	SAMN16125492	Microbe sample from Ralstonia solanacearum	16125492	Ralstonia solanacearum	NAK 180	Unknown	Unknown		surface water		cell culture																																																																	
SAMN16125493	NAK 198	RAL_AA0880AA		GCF_015911205.1	SAMN16125493	Microbe sample from Ralstonia solanacearum	16125493	Ralstonia solanacearum	NAK 198	Unknown	Unknown		surface water		cell culture																																																																	
SAMN16125494	NAK 199	RAL_AA0879AA		GCF_015911165.1	SAMN16125494	Microbe sample from Ralstonia solanacearum	16125494	Ralstonia solanacearum	NAK 199	Unknown	Unknown		surface water		cell culture																																																																	
SAMN16125495	NAK 201	RAL_AA0878AA		GCF_015911155.1	SAMN16125495	Microbe sample from Ralstonia solanacearum	16125495	Ralstonia solanacearum	NAK 201	Unknown	Unknown		surface water		cell culture																																																																	
SAMN16125496	NAK 202	RAL_AA0877AA		GCF_015911115.1	SAMN16125496	Microbe sample from Ralstonia solanacearum	16125496	Ralstonia solanacearum	NAK 202	Unknown	Unknown		surface water		cell culture																																																																	
SAMN16125497	NAK 204	RAL_AA0876AA		GCF_015911055.1	SAMN16125497	Microbe sample from Ralstonia solanacearum	16125497	Ralstonia solanacearum	NAK 204	Unknown	Unknown		surface water		cell culture																																																																	
SAMN16125498	NAK 210	RAL_AA0875AA		GCF_015911095.1	SAMN16125498	Microbe sample from Ralstonia solanacearum	16125498	Ralstonia solanacearum	NAK 210	Unknown	Unknown		surface water		cell culture																																																																	
SAMN16125499	NAK 213	RAL_AA0874AA		GCF_015911075.1	SAMN16125499	Microbe sample from Ralstonia solanacearum	16125499	Ralstonia solanacearum	NAK 213	Unknown	Unknown		surface water		cell culture																																																																	
SAMN16125500	NAK 214	RAL_AA0873AA		GCF_015911025.1	SAMN16125500	Microbe sample from Ralstonia solanacearum	16125500	Ralstonia solanacearum	NAK 214	Unknown	Unknown		surface water		cell culture																																																																	
SAMN16125501	NAK 215	RAL_AA0872AA		GCF_015911065.1	SAMN16125501	Microbe sample from Ralstonia solanacearum	16125501	Ralstonia solanacearum	NAK 215	Unknown	Unknown		surface water		cell culture																																																																	
SAMN16125502	NAK 216	RAL_AA0871AA		GCF_015911015.1	SAMN16125502	Microbe sample from Ralstonia solanacearum	16125502	Ralstonia solanacearum	NAK 216	Unknown	Unknown		surface water		cell culture																																																																	
SAMN16125503	NAK 7	RAL_AA0870AA		GCF_015910965.1	SAMN16125503	Microbe sample from Ralstonia solanacearum	16125503	Ralstonia solanacearum	NAK 7	Unknown	Unknown	Solanum tuberosum			cell culture																																																																	
SAMN16125504	PD 3278	RAL_AA0070AA		GCF_015910975.1	SAMN16125504	Microbe sample from Ralstonia pseudosolanacearum	16125504	Ralstonia pseudosolanacearum	PD 3278	Unknown	Unknown	Morus sp.			cell culture																																																																	
SAMN16125505	LMG 9673	RAL_AA0069AA		GCF_015910955.1	SAMN16125505	Microbe sample from Ralstonia pseudosolanacearum	16125505	Ralstonia pseudosolanacearum	LMG 9673	Unknown	Unknown	Pelargonium capitatum			cell culture																																					LMG:9673																												
SAMN16125506	PD 134	RAL_AA0869AA		GCF_015910925.1	SAMN16125506	Microbe sample from Ralstonia solanacearum	16125506	Ralstonia solanacearum	PD 134	Unknown	Unknown	Solanum tuberosum			cell culture																																																																	
SAMN16125507	PD 511	RAL_AA0868AA		GCF_015910915.1	SAMN16125507	Microbe sample from Ralstonia solanacearum	16125507	Ralstonia solanacearum	PD 511	Unknown	Unknown	Solanum lycopersicum			cell culture																																																																	
SAMN16125508	PD 1414	RAL_AA0867AA		GCF_015910875.1	SAMN16125508	Microbe sample from Ralstonia solanacearum	16125508	Ralstonia solanacearum	PD 1414	Unknown	Unknown	Solanum tuberosum			cell culture																																																																	
SAMN16125509	PD 1446	RAL_AA0866AA		GCF_015910885.1	SAMN16125509	Microbe sample from Ralstonia solanacearum	16125509	Ralstonia solanacearum	PD 1446	Unknown	Unknown	Helconica sp.			cell culture																																																																	
SAMN16125510	PD 1447	RAL_AA0865AA		GCF_015910855.1	SAMN16125510	Microbe sample from Ralstonia solanacearum	16125510	Ralstonia solanacearum	PD 1447	Unknown	Unknown	Musa sp.			cell culture																																																																	
SAMN16125511	PD 2762	RAL_AA0864AA		GCF_015910825.1	SAMN16125511	Microbe sample from Ralstonia solanacearum	16125511	Ralstonia solanacearum	PD 2762	Unknown	Unknown	Solanum tuberosum			cell culture																																																																	
SAMN16125512	PD 141	RAL_AA0863AA		GCF_015910795.1	SAMN16125512	Microbe sample from Ralstonia solanacearum	16125512	Ralstonia solanacearum	PD 141	1981	Unknown	Solanum lycopersicum			cell culture																																																																	
SAMN16125513	IPO 0715	RAL_AA0862AA		GCF_015910755.1	SAMN16125513	Microbe sample from Ralstonia solanacearum	16125513	Ralstonia solanacearum	IPO 0715	1983	Bangladesh	Solanum tuberosum			cell culture																																																																	
SAMN16125514	IPO 0738	RAL_AA0860AA		GCF_015910785.1	SAMN16125514	Microbe sample from Ralstonia solanacearum	16125514	Ralstonia solanacearum	IPO 0738	1983	Unknown	Solanum tuberosum			cell culture																																																																	
SAMN16125515	PD 445	RAL_AA0859AA		GCF_015910775.1	SAMN16125515	Microbe sample from Ralstonia solanacearum	16125515	Ralstonia solanacearum	PD 445	1989	Egypt	Solanum tuberosum			cell culture																																																																	
SAMN16125516				GCF_015910735.1	SAMN16125516	Microbe sample from Ralstonia pseudosolanacearum	16125516	Ralstonia pseudosolanacearum	NCPPB 216	Unknown	Unknown		Unknown		cell culture																																					NCPPB:216																												
SAMN16125517				GCF_015910695.1	SAMN16125517	Microbe sample from Ralstonia pseudosolanacearum	16125517	Ralstonia pseudosolanacearum	NCPPB 253	Unknown	Mauritius	Casuarina equisetifolia			cell culture																																					NCPPB:253																												
SAMN16125518				GCF_015910645.1	SAMN16125518	Microbe sample from Ralstonia syzygii	16125518	Ralstonia syzygii	NCPPB 3219	1982	Indonesia	Syzygium aromaticum			cell culture																																					NCPPB:3219																												
SAMN16125519				GCF_015910705.1	SAMN16125519	Microbe sample from Ralstonia solanacearum	16125519	Ralstonia solanacearum	NCPPB 325	1982	USA	Solanum lycopersicum			cell culture																																					NCPPB:325																												
SAMN16125520				GCF_015910655.1	SAMN16125520	Microbe sample from Ralstonia syzygii	16125520	Ralstonia syzygii	NCPPB 3445	Unknown	Unknown	Syzygium aromaticum			cell culture																																					NCPPB:3445																												
SAMN16125521				GCF_015910595.1	SAMN16125521	Microbe sample from Ralstonia syzygii	16125521	Ralstonia syzygii	NCPPB 3727	Unknown	Unknown	Musa sp.			cell culture																																					NCPPB:3727																												
SAMN16125522				GCF_015910635.1	SAMN16125522	Microbe sample from Ralstonia solanacearum	16125522	Ralstonia solanacearum	NCPPB 3985	1997	Peru	Solanum virginianum			cell culture																																					NCPPB:3985																												
SAMN16125523				GCF_015910515.1	SAMN16125523	Microbe sample from Ralstonia pseudosolanacearum	16125523	Ralstonia pseudosolanacearum	NCPPB 4029	1997	Sri Lanka	Solanum tuberosum			cell culture																																					NCPPB:4029																												
SAMN16396878				GCF_015999365.1	SAMN16396878	Microbe sample from Ralstonia solanacearum	16396878	Ralstonia solanacearum	362200	2016-05-10	China:Fujian	peanut			whole organism																																																																	
SAMN17266611				GCF_016743075.1	SAMN17266611	Pathogen: clinical or host-associated sample from Ralstonia syzygii subsp. celebesensis	17266611	Ralstonia syzygii subsp. celebesensis	UGMSS_Db01	2019	Indonesia: Yogyakarta	Musa balbisiana cultivar Kepok	isolated from infected banana fruit with green skin, the plantation is near the house	7.835059 S 110.388721 E			Ady Bayu Prakoso																			Blood Disease of Banana																																					banana fruit							
SAMN17601211				GCF_023518395.1	SAMN17601211	Microbe sample from Ralstonia pseudosolanacearum	17601211	Ralstonia pseudosolanacearum	PeaFJ1	not applicable	China	Arachis hypogaea	not applicable		tissue sample																											not applicable																																						
SAMN18316930				GCF_018540425.1	SAMN18316930	Microbe sample from Ralstonia solanacearum	18316930	Ralstonia solanacearum	SY1	2020-09-03	China: Guangdong	Pogostemon cablin	missing		Single strain																																																																	
SAMN19372447				GCF_018731965.1	SAMN19372447	Microbe sample from Ralstonia solanacearum	19372447	Ralstonia solanacearum	Rs-SY1	2014-12-01	China:Hainan		wilting pepper (C. annuum) stems in Sanya		cell culture																																																																	
SAMN19546226				GCA_018861195.1	SAMN19546226	MIGS Cultured Bacterial/Archaeal sample from Ralstonia solanacearum RS10	19546226	Ralstonia solanacearum	RS10	2018-08	China:Shandong	tobacco		35 N 117 E		genome report			Tobacco	NA medium	two	tobacco pith	tobacco pith																																																									
SAMN20308689				GCF_019737115.1	SAMN20308689	R. pseudosolanacearum was isolated from a wilt Cucumis sativus	20308689	Ralstonia pseudosolanacearum	T2C-Rasto	2021-04-26	Viet Nam:An Giang	Cucumis sativus		10.4500 N 105.3237 E		Primary publication			rice soil	https://www.ajol.info//index.php/njb/article/view/120839	not applicable	Plant	Agroecosystem																																																									
SAMN20349546				GCF_056815655.1	SAMN20349546	Pathogen: clinical or host-associated sample from Ralstonia solanacearum	20349546	Ralstonia solanacearum	Ancestor	not applicable	not applicable	not applicable	not applicable	not applicable			Carrie Alderley																			not applicable																																												
SAMN21464294				GCF_028177635.1	SAMN21464294	Microbe sample from Ralstonia solanacearum	21464294	Ralstonia solanacearum	CCRMRs91	2015	Brazil: Camocim de So Flix, PE	tomato	fruit	8.3586 S 35.7619 W	culture		Phytobacteriology Laboratory (LAFIBAC) of the Universidade Federal Rural de Pernambuco (UFRPE)																			bacterial wilt																																												
SAMN21464295				GCF_028177545.1	SAMN21464295	Microbe sample from Ralstonia solanacearum	21464295	Ralstonia solanacearum	CCRMRs317	2015	Brazil: Tef, AM	Banana	tree	3.3539 S 64.7108 W	culture		Phytobacteriology Laboratory (LAFIBAC) of the Universidade Federal Rural de Pernambuco (UFRPE)																			Moko's symptom																																												
SAMN21464296				GCF_028177505.1	SAMN21464296	Microbe sample from Ralstonia solanacearum	21464296	Ralstonia solanacearum	B75	2000	Brazil: Tef, AM	Banana	tree	3.3539 S 64.7108 W	culture		INPA - Instituto Nacional de Pesquisas da Amaznia																			Moko's symptom																																												
SAMN21464297				GCF_028177485.1	SAMN21464297	Microbe sample from Ralstonia solanacearum	21464297	Ralstonia solanacearum	CCRMRs279	2015	Brazil: Manicor, AM	Banana	tree	5.8089 S 61.3000 W	culture		Phytobacteriology Laboratory (LAFIBAC) of the Universidade Federal Rural de Pernambuco (UFRPE)																			Moko's symptom																																												
SAMN21464298				GCF_028177365.1	SAMN21464298	Microbe sample from Ralstonia solanacearum	21464298	Ralstonia solanacearum	B106	2000	Brazil: Benjamin Constant, AM	Banana	tree	4.3828 S 70.0308 W	culture		INPA - Instituto Nacional de Pesquisas da Amaznia																			Moko's symptom																																												
SAMN21464299				GCF_028177375.1	SAMN21464299	Microbe sample from Ralstonia solanacearum	21464299	Ralstonia solanacearum	CCRMRs314	2015	Brazil: Tef, AM	Banana	tree	3.3539 S 64.7108 W	culture		Phytobacteriology Laboratory (LAFIBAC) of the Universidade Federal Rural de Pernambuco (UFRPE)																			Moko's symptom																																												
SAMN21464300				GCF_028177325.1	SAMN21464300	Microbe sample from Ralstonia solanacearum	21464300	Ralstonia solanacearum	CCRMRs302	2015	Brazil: Fonte Boa, AM	Banana	tree	2.5139 S 66.0917 W	culture		Phytobacteriology Laboratory (LAFIBAC) of the Universidade Federal Rural de Pernambuco (UFRPE)																			Moko's symptom																																												
SAMN21464301				GCF_028177305.1	SAMN21464301	Microbe sample from Ralstonia solanacearum	21464301	Ralstonia solanacearum	CCRMRs283	2015	Brazil: Benjamin Constant, AM	Banana	tree	4.3828 S 70.0308 W	culture		Phytobacteriology Laboratory (LAFIBAC) of the Universidade Federal Rural de Pernambuco (UFRPE)																			Moko's symptom																																												
SAMN21464302				GCF_028177285.1	SAMN21464302	Microbe sample from Ralstonia solanacearum	21464302	Ralstonia solanacearum	CCRMRs223	2015	Brazil: Bezerros, PE	tomato	fruit	8.8900 S 36.4928 W	culture		Phytobacteriology Laboratory (LAFIBAC) of the Universidade Federal Rural de Pernambuco (UFRPE)																			bacterial wilt																																												
SAMN21464303				GCF_028177185.1	SAMN21464303	Microbe sample from Ralstonia solanacearum	21464303	Ralstonia solanacearum	B4	2000	Brazil: Anam, AM	Banana	tree	3.5800 S 61.4039 W	culture		INPA - Instituto Nacional de Pesquisas da Amaznia																			Moko's symptom																																												
SAMN21464305				GCF_028177135.1	SAMN21464305	Microbe sample from Ralstonia solanacearum	21464305	Ralstonia solanacearum	CCRMRs294	2015	Brazil: Benjamin Constant, AM	Banana	tree	4.3828 S 70.0308 W	culture		Phytobacteriology Laboratory (LAFIBAC) of the Universidade Federal Rural de Pernambuco (UFRPE)																			Moko's symptom																																												
SAMN21464307				GCF_028177125.1	SAMN21464307	Microbe sample from Ralstonia solanacearum	21464307	Ralstonia solanacearum	CCRMRs286	2015	Brazil: Benjamin Constant, AM	Banana	tree	4.3828 S 70.0308 W	culture		Phytobacteriology Laboratory (LAFIBAC) of the Universidade Federal Rural de Pernambuco (UFRPE)																			Moko's symptom																																												
SAMN21464309				GCF_028177115.1	SAMN21464309	Microbe sample from Ralstonia solanacearum	21464309	Ralstonia solanacearum	CCRMRs121	2015	Brazil: Belm de So Francisco, PE	tomato	fruit	8.7578 S 38.9639 W	culture		Phytobacteriology Laboratory (LAFIBAC) of the Universidade Federal Rural de Pernambuco (UFRPE)																			bacterial wilt																																												
SAMN21464310				GCF_028177105.1	SAMN21464310	Microbe sample from Ralstonia solanacearum	21464310	Ralstonia solanacearum	CCRMRs339	2015	Brazil: Coari, AM	Banana	tree	4.0850 S 63.1408 W	culture		Phytobacteriology Laboratory (LAFIBAC) of the Universidade Federal Rural de Pernambuco (UFRPE)																			Moko's symptom																																												
SAMN21855734				GCF_049888615.1	SAMN21855734	MIGS Cultured Bacterial/Archaeal sample from Ralstonia pseudosolanacearum	21855734	Ralstonia pseudosolanacearum	OSU5	2019	Cambodia: CE SAIN Agricultural Technology Park, Siem Reap District, Siem Reap Province	long bean		13.401642 N 103.791628 E		In preparation			Vegetable crop	Modified semi-selective South African medium (SMSA) and Casamino acid-peptone-glucose (CPG) medium with TZC (2,3,5-Triphenyltetrazolium chloride)	2	Plant xylem tissue	Mixed vegetable demonstration field													Bacterial wilt																																												
SAMN21855735				GCF_049888595.1	SAMN21855735	MIGS Cultured Bacterial/Archaeal sample from Ralstonia pseudosolanacearum	21855735	Ralstonia pseudosolanacearum	OSU6	2019	Cambodia: CE SAIN Agricultural Technology Park, Siem Reap District, Siem Reap Province	long bean		13.401642 N 103.791628 E		In preparation			Vegetable crop	Modified semi-selective South African medium (SMSA) and Casamino acid-peptone-glucose (CPG) medium with TZC (2,3,5-Triphenyltetrazolium chloride)	2	Plant xylem tissue	Mixed vegetable demonstration field													Bacterial wilt																																												
SAMN21855736				GCF_049888575.1	SAMN21855736	MIGS Cultured Bacterial/Archaeal sample from Ralstonia pseudosolanacearum	21855736	Ralstonia pseudosolanacearum	OSU10	2019	Cambodia: CE SAIN Agricultural Technology Park, Siem Reap District, Siem Reap Province	tomato		13.401642 N 103.791628 E		In preparation			Vegetable crop	Modified semi-selective South African medium (SMSA) and Casamino acid-peptone-glucose (CPG) medium with TZC (2,3,5-Triphenyltetrazolium chloride)	2	Plant xylem tissue	Mixed vegetable demonstration field													Bacterial wilt																																												
SAMN21855737				GCF_049888545.1	SAMN21855737	MIGS Cultured Bacterial/Archaeal sample from Ralstonia pseudosolanacearum	21855737	Ralstonia pseudosolanacearum	OSU11	2019	Cambodia: CE SAIN Agricultural Technology Park, Siem Reap District, Siem Reap Province	long bean		13.401642 N 103.791628 E		In preparation			Vegetable crop	Modified semi-selective South African medium (SMSA) and Casamino acid-peptone-glucose (CPG) medium with TZC (2,3,5-Triphenyltetrazolium chloride)	2	Plant xylem tissue	Mixed vegetable demonstration field													Bacterial wilt																																												
SAMN21855738				GCF_049888535.1	SAMN21855738	MIGS Cultured Bacterial/Archaeal sample from Ralstonia pseudosolanacearum	21855738	Ralstonia pseudosolanacearum	OSU12	2019	Cambodia: CE SAIN Agricultural Technology Park, Siem Reap District, Siem Reap Province	long bean		13.401642 N 103.791628 E		In preparation			Vegetable crop	Modified semi-selective South African medium (SMSA) and Casamino acid-peptone-glucose (CPG) medium with TZC (2,3,5-Triphenyltetrazolium chloride)	2	Plant xylem tissue	Mixed vegetable demonstration field													Bacterial wilt																																												
SAMN21855739				GCF_049888515.1	SAMN21855739	MIGS Cultured Bacterial/Archaeal sample from Ralstonia pseudosolanacearum	21855739	Ralstonia pseudosolanacearum	OSU22	2019	Cambodia: Kean Svay District, Kandal Province	tomato		11.5098832 N 105.0434697 E		In preparation			Vegetable crop	Modified semi-selective South African medium (SMSA) and Casamino acid-peptone-glucose (CPG) medium with TZC (2,3,5-Triphenyltetrazolium chloride)	2	Plant xylem tissue	Tomato field													Bacterial wilt																																												
SAMN21855740				GCF_049888495.1	SAMN21855740	MIGS Cultured Bacterial/Archaeal sample from Ralstonia pseudosolanacearum	21855740	Ralstonia pseudosolanacearum	OSU23	2019	Cambodia: Mongkol Borey District, Banteay Meanchey Province	tomato		13.4672518 N 102.6945971 E		In preparation			Vegetable crop	Modified semi-selective South African medium (SMSA) and Casamino acid-peptone-glucose (CPG) medium with TZC (2,3,5-Triphenyltetrazolium chloride)	2	Plant xylem tissue	Tomato field													Bacterial wilt																																												
SAMN21855741				GCF_049888475.1	SAMN21855741	MIGS Cultured Bacterial/Archaeal sample from Ralstonia pseudosolanacearum	21855741	Ralstonia pseudosolanacearum	OSU24	2019	Cambodia: CE SAIN Agricultural Technology Park, Siem Reap District, Siem Reap Province	hot pepper		13.401642 N 103.791628 E		In preparation			Vegetable crop	Modified semi-selective South African medium (SMSA) and Casamino acid-peptone-glucose (CPG) medium with TZC (2,3,5-Triphenyltetrazolium chloride)	2	Plant xylem tissue	Mixed vegetable demonstration field													Bacterial wilt																																												
SAMN21906699				GCF_026016705.1	SAMN21906699	Microbe sample from Ralstonia pseudosolanacearum	21906699	Ralstonia pseudosolanacearum	RS642	2020-05-18	China	sunflower			cell culture		X.M.,SHE																																																					1310165										
SAMN21906700				GCF_026016745.1	SAMN21906700	Microbe sample from Ralstonia pseudosolanacearum	21906700	Ralstonia pseudosolanacearum	RS647	2020-05-18	China	sunflower			cell culture		X.M.,SHE																																																					1310165										
SAMN21906701				GCF_026016725.1	SAMN21906701	Microbe sample from Ralstonia pseudosolanacearum	21906701	Ralstonia pseudosolanacearum	RS650	2020-05-18	China	sunflower			cell culture		X.M.,SHE																																																					1310165										
SAMN22170845				GCF_026016625.1	SAMN22170845	Microbe sample from Ralstonia pseudosolanacearum	22170845	Ralstonia pseudosolanacearum	RS638	2020-05-18	China	sunflower	stem		cell culture																																																							1310165										
SAMN22170846				GCF_026016645.1	SAMN22170846	Microbe sample from Ralstonia pseudosolanacearum	22170846	Ralstonia pseudosolanacearum	RS639	2020-05-18	China	sunflower	stem		cell culture		Xiaoman She																																																					1310165										
SAMN22367847				GCF_024460955.1	SAMN22367847	MIGS Cultured Bacterial/Archaeal sample from Ralstonia pseudosolanacearum	22367847	Ralstonia pseudosolanacearum	GRsMep	2013-10	India: Meppadi, Kerala	Zingiber officinale		11.34 N 76.9 E		Primary publication			Infected ginger plants	culture media-CPG	2	soil	Bacterial wilt infected ginger field																																																									
SAMN22566571	C65-1	RAL_AA0820AA			SAMN22566571	Microbe sample from Ralstonia solanacearum	22566571	Ralstonia solanacearum	C65-1	2019-03-22	China:Chongqing	Tobacco			cell culture		Southwest University																				Wei Ding																																											
SAMN22566572	C65-2	RAL_AA0819AA			SAMN22566572	Microbe sample from Ralstonia solanacearum	22566572	Ralstonia solanacearum	C65-2	2019-03-22	China:Chongqing	Tobacco			cell culture		Southwest University																				Wei Ding																																											
SAMN22566573	C65-3	RAL_AA0818AA			SAMN22566573	Microbe sample from Ralstonia solanacearum	22566573	Ralstonia solanacearum	C65-3	2019-03-22	China:Chongqing	Tobacco			cell culture		Southwest University																				Wei Ding																																											
SAMN22566574	C65-4	RAL_AA0817AA			SAMN22566574	Microbe sample from Ralstonia solanacearum	22566574	Ralstonia solanacearum	C65-4	2019-03-22	China:Chongqing	Tobacco			cell culture		Southwest University																				Wei Ding																																											
SAMN22566575	C65-5	RAL_AA0826AA			SAMN22566575	Microbe sample from Ralstonia solanacearum	22566575	Ralstonia solanacearum	C65-5	2019-03-22	China:Chongqing	Tobacco			cell culture		Southwest University																				Wei Ding																																											
SAMN22566576	C49-1	RAL_AA0825AA			SAMN22566576	Microbe sample from Ralstonia solanacearum	22566576	Ralstonia solanacearum	C49-1	2019-03-22	China:Chongqing	Tobacco			cell culture		Southwest University																				Wei Ding																																											
SAMN22566577	C49-2	RAL_AA0824AA			SAMN22566577	Microbe sample from Ralstonia solanacearum	22566577	Ralstonia solanacearum	C49-2	2019-03-22	China:Chongqing	Tobacco			cell culture		Southwest University																				Wei Ding																																											
SAMN22566578	C49-3	RAL_AA0823AA			SAMN22566578	Microbe sample from Ralstonia solanacearum	22566578	Ralstonia solanacearum	C49-3	2019-03-22	China:Chongqing	Tobacco			cell culture		Southwest University																				Wei Ding																																											
SAMN22566579	C49-4	RAL_AA0822AA			SAMN22566579	Microbe sample from Ralstonia solanacearum	22566579	Ralstonia solanacearum	C49-4	2019-03-22	China:Chongqing	Tobacco			cell culture		Southwest University																				Wei Ding																																											
SAMN22566580	C49-5	RAL_AA0821AA			SAMN22566580	Microbe sample from Ralstonia solanacearum	22566580	Ralstonia solanacearum	C49-5	2019-03-22	China:Chongqing	Tobacco			cell culture		Southwest University																				Wei Ding																																											
SAMN22612246	UW120	RAL_AA0816AA		GCF_023077635.1	SAMN22612246	Microbe sample from Ralstonia solanacearum	22612246	Ralstonia solanacearum	UW120	1961	Costa Rica		potato		whole organism																								IIB																																									
SAMN22612247				GCF_023077615.1	SAMN22612247	Microbe sample from Ralstonia solanacearum	22612247	Ralstonia solanacearum	UW134	1955	Kenya		potato		whole organism																								IIA																																									
SAMN22612248	UW145	RAL_AA0769AA		GCF_023077585.1	SAMN22612248	Microbe sample from Ralstonia solanacearum	22612248	Ralstonia solanacearum	UW145	1961	Australia		potato		whole organism																								IIB																																									
SAMN22612249	UW153	RAL_AA0758AA		GCF_023077555.1	SAMN22612249	Microbe sample from Ralstonia solanacearum	22612249	Ralstonia solanacearum	UW153	1962	Australia		potato		whole organism																								IIA																																									
SAMN22612250				GCF_023077575.1	SAMN22612250	Microbe sample from Ralstonia solanacearum	22612250	Ralstonia solanacearum	UW156	1962	Peru		plantain (French)		whole organism																								IIB																																									
SAMN22612251				GCF_023077535.1	SAMN22612251	Microbe sample from Ralstonia solanacearum	22612251	Ralstonia solanacearum	UW160	1962	Peru		plantain (French)		whole organism																								IIB-4																																									
SAMN22612252				GCF_023077515.1	SAMN22612252	Microbe sample from Ralstonia solanacearum	22612252	Ralstonia solanacearum	UW161	unknown	Peru		plantain (Chaco)		whole organism																								IIB																																									
SAMN22612253				GCF_023077495.1	SAMN22612253	Microbe sample from Ralstonia solanacearum	22612253	Ralstonia solanacearum	UW162	1963	Peru		plantain (French)		whole organism																								IIB																																									
SAMN22612254	UW175	RAL_AA0706AA		GCF_023077475.1	SAMN22612254	Microbe sample from Ralstonia solanacearum	22612254	Ralstonia solanacearum	UW175	1961	Colombia		Chato Plantain		whole organism																								IIB																																									
SAMN22612255	UW187	RAL_AA0696AA		GCF_023077435.1	SAMN22612255	Microbe sample from Ralstonia solanacearum	22612255	Ralstonia solanacearum	UW187	1963	USA		tomato		whole organism																								IIA																																									
SAMN22612256				GCF_023077445.1	SAMN22612256	Microbe sample from Ralstonia solanacearum	22612256	Ralstonia solanacearum	UW193	unknown	Peru		tomato (Criollo)		whole organism																								I																																									
SAMN22612257	UW198	RAL_AA0066AA		GCF_023077395.1	SAMN22612257	Microbe sample from Ralstonia pseudosolanacearum	22612257	Ralstonia pseudosolanacearum	UW198	1963	Philippines		potato		whole organism																								I																																									
SAMN22612258	UW210	RAL_AA0796AA		GCF_023077375.1	SAMN22612258	Microbe sample from Ralstonia solanacearum	22612258	Ralstonia solanacearum	UW210	1965	USA		tobacco		whole organism																								IIA																																									
SAMN22612259	UW220a	RAL_AA0785AA		GCF_023077415.1	SAMN22612259	Microbe sample from Ralstonia solanacearum	22612259	Ralstonia solanacearum	UW220a	unknown	India		potato		whole organism																								IIB																																									
SAMN22612260	UW220b	RAL_AA0777AA		GCF_023077355.1	SAMN22612260	Microbe sample from Ralstonia solanacearum	22612260	Ralstonia solanacearum	UW220b	1967	India		potato		whole organism																								IIB																																									
SAMN22612261	UW220c	RAL_AA0773AA		GCF_023077335.1	SAMN22612261	Microbe sample from Ralstonia solanacearum	22612261	Ralstonia solanacearum	UW220c	unknown	India		potato		whole organism																								IIB																																									
SAMN22612262	UW220e	RAL_AA0772AA		GCF_023077315.1	SAMN22612262	Microbe sample from Ralstonia solanacearum	22612262	Ralstonia solanacearum	UW220e	1967	India		potato		whole organism																								IIB																																									
SAMN22612264	UW224	RAL_AA0771AA		GCF_023077295.1	SAMN22612264	Microbe sample from Ralstonia solanacearum	22612264	Ralstonia solanacearum	UW224	1966	Kenya		potato		whole organism																								IIB																																									
SAMN22612265	UW225	RAL_AA0770AA		GCF_023077255.1	SAMN22612265	Microbe sample from Ralstonia solanacearum	22612265	Ralstonia solanacearum	UW225	unknown	Unknown		Unknown		whole organism																								IIB																																									
SAMN22612266				GCF_023077275.1	SAMN22612266	Microbe sample from Ralstonia solanacearum	22612266	Ralstonia solanacearum	UW229	1968	Brazil		potato		whole organism																								IIA																																									
SAMN22612267	UW23	RAL_AA0767AA		GCF_023077235.1	SAMN22612267	Microbe sample from Ralstonia solanacearum	22612267	Ralstonia solanacearum	UW23	1951	Israel		potato		whole organism																								IIB																																									
SAMN22612268	UW24	RAL_AA0766AA		GCF_023077195.1	SAMN22612268	Microbe sample from Ralstonia solanacearum	22612268	Ralstonia solanacearum	UW24	1951	Israel		potato		whole organism																								IIB																																									
SAMN22612269				GCF_021117135.1	SAMN22612269	Microbe sample from Ralstonia solanacearum	22612269	Ralstonia solanacearum	UW251	1972	Colombia		tobacco		whole organism																								IIA																																									
SAMN22612270	UW256	RAL_AA0764AA		GCF_023077175.1	SAMN22612270	Microbe sample from Ralstonia solanacearum	22612270	Ralstonia solanacearum	UW256	unknown	Costa Rica		potato		whole organism																								IIA																																									
SAMN22612271	UW257	RAL_AA0763AA		GCF_023077155.1	SAMN22612271	Microbe sample from Ralstonia solanacearum	22612271	Ralstonia solanacearum	UW257	unknown	Costa Rica		potato		whole organism																								IIB																																									
SAMN22612272				GCF_023077135.1	SAMN22612272	Microbe sample from Ralstonia solanacearum	22612272	Ralstonia solanacearum	UW258	1971	Costa Rica		potato		whole organism																								IV																																									
SAMN22612273				GCF_023077215.1	SAMN22612273	Microbe sample from Ralstonia solanacearum	22612273	Ralstonia solanacearum	UW260	1973	Peru		potato		whole organism																								IIB																																									
SAMN22612274	UW261	RAL_AA0760AA		GCF_023077115.1	SAMN22612274	Microbe sample from Ralstonia solanacearum	22612274	Ralstonia solanacearum	UW261	1974	Peru		potato		whole organism																								IIA																																									
SAMN22612275				GCF_023077095.1	SAMN22612275	Microbe sample from Ralstonia solanacearum	22612275	Ralstonia solanacearum	UW262	1973	Peru		potato		whole organism																								IIB																																									
SAMN22612276				GCF_023077075.1	SAMN22612276	Microbe sample from Ralstonia solanacearum	22612276	Ralstonia solanacearum	UW263	1975	Peru		potato		whole organism																								IIA																																									
SAMN22612277	UW272	RAL_AA0756AA		GCF_023077055.1	SAMN22612277	Microbe sample from Ralstonia solanacearum	22612277	Ralstonia solanacearum	UW272	1973	Costa Rica		potato		whole organism																								IIA																																									
SAMN22612278				GCF_023077035.1	SAMN22612278	Microbe sample from Ralstonia solanacearum	22612278	Ralstonia solanacearum	UW273	unknown	Costa Rica		potato		whole organism																								IIA																																									
SAMN22612279	CIP90_UW274	RAL_AA0754AA		GCF_023076975.1	SAMN22612279	Microbe sample from Ralstonia solanacearum	22612279	Ralstonia solanacearum	CIP90_UW274	unknown	Costa Rica		potato		whole organism																								IIB																																									
SAMN22612280	UW276	RAL_AA0753AA		GCF_023077005.1	SAMN22612280	Microbe sample from Ralstonia solanacearum	22612280	Ralstonia solanacearum	UW276	1977	Mexico		potato		whole organism																								IIB																																									
SAMN22612281				GCF_023076945.1	SAMN22612281	Microbe sample from Ralstonia solanacearum	22612281	Ralstonia solanacearum	UW28	1951	Cyprus		potato		whole organism																								IIB																																									
SAMN22612282	UW296	RAL_AA0751AA		GCF_023076985.1	SAMN22612282	Microbe sample from Ralstonia solanacearum	22612282	Ralstonia solanacearum	UW296	1977	Sri Lanka		potato		whole organism																								I																																									
SAMN22612283	UW298	RAL_AA0750AA		GCF_023076935.1	SAMN22612283	Microbe sample from Ralstonia solanacearum	22612283	Ralstonia solanacearum	UW298	1978	Philippines		potato		whole organism																								I																																									
SAMN22612284				GCF_023076895.1	SAMN22612284	Microbe sample from Ralstonia solanacearum	22612284	Ralstonia solanacearum	UW299	1976	Brazil		tomato		whole organism																								I																																									
SAMN22612285	UW330	RAL_AA0748AA		GCF_023076905.1	SAMN22612285	Microbe sample from Ralstonia solanacearum	22612285	Ralstonia solanacearum	UW330	1980	Guyana		plantain (Musa sp.)		whole organism																								IIA																																									
SAMN22612287				GCF_023076865.1	SAMN22612287	Microbe sample from Ralstonia solanacearum	22612287	Ralstonia solanacearum	10-1SC_UW344	1981	Brazil		potato		whole organism																								IIB																																									
SAMN22612288				GCF_023076855.1	SAMN22612288	Microbe sample from Ralstonia solanacearum	22612288	Ralstonia solanacearum	14-2SC_UW345	1981	Brazil		potato		whole organism																								IIA																																									
SAMN22612289				GCF_023076835.1	SAMN22612289	Microbe sample from Ralstonia solanacearum	22612289	Ralstonia solanacearum	15-3SC_UW346	1981	Brazil		potato		whole organism																								IIA																																									
SAMN22612290				GCF_023076805.1	SAMN22612290	Microbe sample from Ralstonia solanacearum	22612290	Ralstonia solanacearum	17-4SC_UW347	1981	Brazil		potato		whole organism																								IIB																																									
SAMN22612291				GCF_023076795.1	SAMN22612291	Microbe sample from Ralstonia solanacearum	22612291	Ralstonia solanacearum	19-3PR_UW348	1981	Brazil		potato		whole organism																								IIB																																									
SAMN22612292				GCF_023076755.1	SAMN22612292	Microbe sample from Ralstonia solanacearum	22612292	Ralstonia solanacearum	23-10BR_UW349	1981	Brazil		potato		whole organism																								IIB																																									
SAMN22612293	25-2SP_UW350	RAL_AA0739AA		GCF_023076775.1	SAMN22612293	Microbe sample from Ralstonia solanacearum	22612293	Ralstonia solanacearum	25-2SP_UW350	1981	Brazil		potato		whole organism																								IIA																																									
SAMN22612294				GCF_023076735.1	SAMN22612294	Microbe sample from Ralstonia solanacearum	22612294	Ralstonia solanacearum	26-3SP_UW351	1981	Brazil		potato		whole organism																								IIA																																									
SAMN22612295				GCF_023076635.1	SAMN22612295	Microbe sample from Ralstonia solanacearum	22612295	Ralstonia solanacearum	28-12BR_UW352	1981	Brazil		potato		whole organism																								I																																									
SAMN22612296				GCF_023076695.1	SAMN22612296	Microbe sample from Ralstonia solanacearum	22612296	Ralstonia solanacearum	40-4SP_UW354	1981	Brazil		potato		whole organism																								IIB																																									
SAMN22612297				GCF_023076655.1	SAMN22612297	Microbe sample from Ralstonia solanacearum	22612297	Ralstonia solanacearum	UW37	1956	Colombia		potato		whole organism																								IIB																																									
SAMN22612298	POPS1_UW379	RAL_AA0060AA		GCF_023076705.1	SAMN22612298	Microbe sample from Ralstonia pseudosolanacearum	22612298	Ralstonia pseudosolanacearum	POPS1_UW379	unknown	China		potato		whole organism																								I																																									
SAMN22612299	UW393	RAL_AA0733AA		GCF_023076675.1	SAMN22612299	Microbe sample from Ralstonia solanacearum	22612299	Ralstonia solanacearum	UW393	1986	South Africa		potato		whole organism																								I																																									
SAMN22612300	O12BS_UW407	RAL_AA0059AA		GCF_023076615.1	SAMN22612300	Microbe sample from Ralstonia pseudosolanacearum	22612300	Ralstonia pseudosolanacearum	O12BS_UW407	1965	Australia		potato		whole organism																								I																																									
SAMN22612301	O15A_UW408	RAL_AA0732AA		GCF_023076575.1	SAMN22612301	Microbe sample from Ralstonia solanacearum	22612301	Ralstonia solanacearum	O15A_UW408	1965	Australia		potato		whole organism																								IIB																																									
SAMN22612302	O223A_UW420	RAL_AA0731AA		GCF_023076545.1	SAMN22612302	Microbe sample from Ralstonia solanacearum	22612302	Ralstonia solanacearum	O223A_UW420	unknown	Australia		potato		whole organism																								IIB																																									
SAMN22612303	O249_UW425	RAL_AA0730AA		GCF_023076565.1	SAMN22612303	Microbe sample from Ralstonia solanacearum	22612303	Ralstonia solanacearum	O249_UW425	unknown	Australia		potato		whole organism																								IIB																																									
SAMN22612304	01020AS_UW437	RAL_AA0729AA		GCF_023076535.1	SAMN22612304	Microbe sample from Ralstonia solanacearum	22612304	Ralstonia solanacearum	01020AS_UW437	unknown	Australia		tomato		whole organism																								IIB																																									
SAMN22612305	O1059_UW442	RAL_AA0728AA		GCF_023076515.1	SAMN22612305	Microbe sample from Ralstonia solanacearum	22612305	Ralstonia solanacearum	O1059_UW442	unknown	Australia		potato		whole organism																								IIB																																									
SAMN22612306	CIP258_UW448	RAL_AA0726AA		GCF_023076435.1	SAMN22612306	Microbe sample from Ralstonia solanacearum	22612306	Ralstonia solanacearum	CIP258_UW448	unknown	Burundi		potato		whole organism																								IIB																																									
SAMN22612307	CIP259_UW449	RAL_AA0725AA		GCF_023076485.1	SAMN22612307	Microbe sample from Ralstonia solanacearum	22612307	Ralstonia solanacearum	CIP259_UW449	unknown	unknown		potato		whole organism																								IIB																																									
SAMN22612308	CIP61_UW451	RAL_AA0724AA		GCF_023076455.1	SAMN22612308	Microbe sample from Ralstonia solanacearum	22612308	Ralstonia solanacearum	CIP61_UW451	1976	Peru		potato		whole organism																								IIB																																									
SAMN22612309	CIP77_UW452	RAL_AA0723AA		GCF_023076475.1	SAMN22612309	Microbe sample from Ralstonia solanacearum	22612309	Ralstonia solanacearum	CIP77_UW452	1976	Peru		potato		whole organism																								IIA																																									
SAMN22612310				GCF_023076375.1	SAMN22612310	Microbe sample from Ralstonia solanacearum	22612310	Ralstonia solanacearum	CIP128_UW455	1977	Peru		potato		whole organism																								IV																																									
SAMN22612311				GCF_023076355.1	SAMN22612311	Microbe sample from Ralstonia solanacearum	22612311	Ralstonia solanacearum	CIP172_UW458	1979	Peru		potato		whole organism																								IIB																																									
SAMN22612312				GCF_023076335.1	SAMN22612312	Microbe sample from Ralstonia solanacearum	22612312	Ralstonia solanacearum	CIP211_UW461	1978	Brazil		potato		whole organism																								IIB																																									
SAMN22612313				GCF_023076295.1	SAMN22612313	Microbe sample from Ralstonia solanacearum	22612313	Ralstonia solanacearum	CIP217_UW462	1978	Brazil		potato		whole organism																								IIB																																									
SAMN22612314				GCF_023076395.1	SAMN22612314	Microbe sample from Ralstonia solanacearum	22612314	Ralstonia solanacearum	CIP218_UW463	1978	Brazil		potato		whole organism																								IIA																																									
SAMN22612315				GCF_023076415.1	SAMN22612315	Microbe sample from Ralstonia solanacearum	22612315	Ralstonia solanacearum	CIP221_UW464	1978	Brazil		potato		whole organism																								IIB																																									
SAMN22612316				GCF_023076315.1	SAMN22612316	Microbe sample from Ralstonia solanacearum	22612316	Ralstonia solanacearum	CIP224_UW466	1978	Brazil		potato		whole organism																								IIB																																									
SAMN22612317				GCF_023076265.1	SAMN22612317	Microbe sample from Ralstonia solanacearum	22612317	Ralstonia solanacearum	CIP226_UW467	1979	Brazil		potato		whole organism																								IIB																																									
SAMN22612318	CIP239_UW469	RAL_AA0713AA		GCF_023076255.1	SAMN22612318	Microbe sample from Ralstonia solanacearum	22612318	Ralstonia solanacearum	CIP239_UW469	1983	Brazil		potato		whole organism																								IIA																																									
SAMN22612319	CIP240_UW470	RAL_AA0712AA		GCF_023076235.1	SAMN22612319	Microbe sample from Ralstonia solanacearum	22612319	Ralstonia solanacearum	CIP240_UW470	1983	Brazil		potato		whole organism																								IIB																																									
SAMN22612320	CIP296_UW472	RAL_AA0058AA		GCF_023076195.1	SAMN22612320	Microbe sample from Ralstonia pseudosolanacearum	22612320	Ralstonia pseudosolanacearum	CIP296_UW472	1968	Nigeria		potato		whole organism																								III																																									
SAMN22612321	CIP300_UW473	RAL_AA0711AA		GCF_023076215.1	SAMN22612321	Microbe sample from Ralstonia solanacearum	22612321	Ralstonia solanacearum	CIP300_UW473	1988	Peru		potato		whole organism																								IIB																																									
SAMN22612322	CIP9_UW476	RAL_AA0710AA		GCF_023076155.1	SAMN22612322	Microbe sample from Ralstonia solanacearum	22612322	Ralstonia solanacearum	CIP9_UW476	1967	Costa Rica		plantain		whole organism																								IIB																																									
SAMN22612323				GCF_023076165.1	SAMN22612323	Microbe sample from Ralstonia solanacearum	22612323	Ralstonia solanacearum	CIP10_UW477	1979	Peru		potato		whole organism																								IIB																																									
SAMN22612324	CIP167_UW484	RAL_AA0708AA		GCF_023076075.1	SAMN22612324	Microbe sample from Ralstonia solanacearum	22612324	Ralstonia solanacearum	CIP167_UW484	1980	Peru		potato		whole organism																								IIB																																									
SAMN22612325	CIP177_UW485	RAL_AA0707AA		GCF_023076095.1	SAMN22612325	Microbe sample from Ralstonia solanacearum	22612325	Ralstonia solanacearum	CIP177_UW485	1979	Peru		potato		whole organism																								IIB																																									
SAMN22612326	CIP207_UW487	RAL_AA0705AA		GCF_023076105.1	SAMN22612326	Microbe sample from Ralstonia solanacearum	22612326	Ralstonia solanacearum	CIP207_UW487	1982	Peru		potato		whole organism																								IIB																																									
SAMN22612327	CIP214_UW488	RAL_AA0704AA		GCF_023076055.1	SAMN22612327	Microbe sample from Ralstonia solanacearum	22612327	Ralstonia solanacearum	CIP214_UW488	1978	Brazil		S. americanum		whole organism																								IIB																																									
SAMN22612328	CIP282_UW489	RAL_AA0703AA		GCF_023076035.1	SAMN22612328	Microbe sample from Ralstonia solanacearum	22612328	Ralstonia solanacearum	CIP282_UW489	1983	Chile		potato		whole organism																								IIB																																									
SAMN22612329	CIP238_UW490	RAL_AA0702AA		GCF_023076135.1	SAMN22612329	Microbe sample from Ralstonia solanacearum	22612329	Ralstonia solanacearum	CIP238_UW490	1983	Chile		potato		whole organism																								IIB																																									
SAMN22612330	NCPPB282_UW491	RAL_AA0701AA		GCF_023076005.1	SAMN22612330	Microbe sample from Ralstonia solanacearum	22612330	Ralstonia solanacearum	NCPPB282_UW491	1950	Colombia		potato		whole organism																								IIB																																									
SAMN22612331	CIP302_UW492	RAL_AA0700AA		GCF_023075995.1	SAMN22612331	Microbe sample from Ralstonia solanacearum	22612331	Ralstonia solanacearum	CIP302_UW492	1988	Peru		potato		whole organism																								IIB																																									
SAMN22612332	CIP309_UW494	RAL_AA0699AA		GCF_023075975.1	SAMN22612332	Microbe sample from Ralstonia solanacearum	22612332	Ralstonia solanacearum	CIP309_UW494	unknown	Colombia		potato		whole organism																								IIB																																									
SAMN22612333				GCF_023075915.1	SAMN22612333	Microbe sample from Ralstonia solanacearum	22612333	Ralstonia solanacearum	CIP310_UW495	unknown	Colombia		potato		whole organism																								IIB																																									
SAMN22612334				GCF_023075955.1	SAMN22612334	Microbe sample from Ralstonia solanacearum	22612334	Ralstonia solanacearum	CIP180_UW500	1981	Indonesia		potato		whole organism																								IIB																																									
SAMN22612335	CIP264_UW503	RAL_AA0057AA		GCF_023075905.1	SAMN22612335	Microbe sample from Ralstonia pseudosolanacearum	22612335	Ralstonia pseudosolanacearum	CIP264_UW503	1985	Indonesia		potato		whole organism																								I																																									
SAMN22612336	CIP265_UW504	RAL_AA0695AA		GCF_023075895.1	SAMN22612336	Microbe sample from Ralstonia solanacearum	22612336	Ralstonia solanacearum	CIP265_UW504	1985	Indonesia		potato		whole organism																								IIB																																									
SAMN22612337	CIP266_UW505	RAL_AA0056AA		GCF_023075875.1	SAMN22612337	Microbe sample from Ralstonia pseudosolanacearum	22612337	Ralstonia pseudosolanacearum	CIP266_UW505	1985	Indonesia		potato		whole organism																								I																																									
SAMN22612338	LNPV14-25_UW523	RAL_AA0694AA		GCF_023075835.1	SAMN22612338	Microbe sample from Ralstonia solanacearum	22612338	Ralstonia solanacearum	LNPV14-25_UW523	1995	France		tomato		whole organism																								IIB																																									
SAMN22612339	IPO1609_UW550	RAL_AA0693AA		GCF_023075825.1	SAMN22612339	Microbe sample from Ralstonia solanacearum	22612339	Ralstonia solanacearum	IPO1609_UW550	2003	Netherlands		potato		whole organism																								IIB																																									
SAMN22612340	UW552	RAL_AA0692AA		GCF_023075785.1	SAMN22612340	Microbe sample from Ralstonia solanacearum	22612340	Ralstonia solanacearum	UW552	2004	Guatemala		geranium		whole organism																								IIB																																									
SAMN22612341	UW557	RAL_AA0691AA		GCF_023075815.1	SAMN22612341	Microbe sample from Ralstonia solanacearum	22612341	Ralstonia solanacearum	UW557	2000	Guatemala		potato		whole organism																								IIB																																									
SAMN22612342	UW560	RAL_AA0690AA		GCF_023075775.1	SAMN22612342	Microbe sample from Ralstonia solanacearum	22612342	Ralstonia solanacearum	UW560	2000	Guatemala		potato		whole organism																								IIB																																									
SAMN22612343	UW573	RAL_AA0689AA		GCF_023075715.1	SAMN22612343	Microbe sample from Ralstonia solanacearum	22612343	Ralstonia solanacearum	UW573	2000	Guatemala		potato		whole organism																								IIB																																									
SAMN22612344	Rs123_UW585	RAL_AA0688AA		GCF_023075675.1	SAMN22612344	Microbe sample from Ralstonia solanacearum	22612344	Ralstonia solanacearum	Rs123_UW585	2004	USA		pepper		whole organism																								I																																									
SAMN22612345	Rs124_UW586	RAL_AA0687AA		GCF_023075685.1	SAMN22612345	Microbe sample from Ralstonia solanacearum	22612345	Ralstonia solanacearum	Rs124_UW586	2004	USA		Hydrangea		whole organism																								IIA																																									
SAMN22612346	UW592	RAL_AA0813AA		GCF_023075695.1	SAMN22612346	Microbe sample from Ralstonia solanacearum	22612346	Ralstonia solanacearum	UW592	2001	Guatemala		Banana		whole organism																								IIA																																									
SAMN22612347	UW599	RAL_AA0812AA		GCF_023075655.1	SAMN22612347	Microbe sample from Ralstonia solanacearum	22612347	Ralstonia solanacearum	UW599	2001	Guatemala		potato		whole organism																								IIB																																									
SAMN22612348	UW600	RAL_AA0811AA		GCF_023075635.1	SAMN22612348	Microbe sample from Ralstonia solanacearum	22612348	Ralstonia solanacearum	UW600	2001	Guatemala		potato		whole organism																								IIB																																									
SAMN22612349	UW604	RAL_AA0810AA		GCF_023075615.1	SAMN22612349	Microbe sample from Ralstonia solanacearum	22612349	Ralstonia solanacearum	UW604	2001	Guatemala		tomato		whole organism																								I																																									
SAMN22612350	UW611	RAL_AA0809AA		GCF_023075705.1	SAMN22612350	Microbe sample from Ralstonia solanacearum	22612350	Ralstonia solanacearum	UW611	2001	Guatemala		tomato		whole organism																								IIB																																									
SAMN22612351	UW613	RAL_AA0808AA		GCF_023075595.1	SAMN22612351	Microbe sample from Ralstonia solanacearum	22612351	Ralstonia solanacearum	UW613	2001	Guatemala		tomato		whole organism																								I																																									
SAMN22612352	ACH732_UW629	RAL_AA0807AA		GCF_023075575.1	SAMN22612352	Microbe sample from Ralstonia solanacearum	22612352	Ralstonia solanacearum	ACH732_UW629	1978	Australia		tomato		whole organism																								IV																																									
SAMN22612353	CIP239_RUN043_UW639	RAL_AA0806AA		GCF_023075555.1	SAMN22612353	Microbe sample from Ralstonia solanacearum	22612353	Ralstonia solanacearum	CIP239_RUN043_UW639	1983	Brazil		potato		whole organism																								IIA																																									
SAMN22612354	CIP301_UW641	RAL_AA0805AA		GCF_023075515.1	SAMN22612354	Microbe sample from Ralstonia solanacearum	22612354	Ralstonia solanacearum	CIP301_UW641	1988	Peru		potato		whole organism																								IIA																																									
SAMN22612355	CIP365_UW642	RAL_AA0067AA		GCF_023075535.1	SAMN22612355	Microbe sample from Ralstonia pseudosolanacearum	22612355	Ralstonia pseudosolanacearum	CIP365_UW642	1989	Philippines		potato		whole organism																								I																																									
SAMN22612356	RUN58_UW646	RAL_AA0804AA		GCF_023075475.1	SAMN22612356	Microbe sample from Ralstonia solanacearum	22612356	Ralstonia solanacearum	RUN58_UW646	unknown	Reunion		potato		whole organism																								IIA																																									
SAMN22612357	MAFF301552_UW651	RAL_AA0803AA		GCF_023075435.1	SAMN22612357	Microbe sample from Ralstonia solanacearum	22612357	Ralstonia solanacearum	MAFF301552_UW651	unknown	Japan		tomato		whole organism																								IV																																									
SAMN22612358	MAFF301558_UW652	RAL_AA0802AA		GCF_023075455.1	SAMN22612358	Microbe sample from Ralstonia solanacearum	22612358	Ralstonia solanacearum	MAFF301558_UW652	unknown	Japan		Potato (2T)		whole organism																								IV																																									
SAMN22612359	NCPPB332_UW654	RAL_AA0065AA		GCF_023075415.1	SAMN22612359	Microbe sample from Ralstonia pseudosolanacearum	22612359	Ralstonia pseudosolanacearum	NCPPB332_UW654	1954	Zimbabwe		potato		whole organism																								III																																									
SAMN22612360				GCF_023075395.1	SAMN22612360	Microbe sample from Ralstonia solanacearum	22612360	Ralstonia solanacearum	NCPPB3987_UW656	unknown	Brazil		Potato (2T)		whole organism																								IIB																																									
SAMN22612361	CFBP7029_UW665	RAL_AA0800AA		GCF_023075495.1	SAMN22612361	Microbe sample from Ralstonia solanacearum	22612361	Ralstonia solanacearum	CFBP7029_UW665	2005	Cameroon		tomato		whole organism																								IIB																																									
SAMN22612362	DGBBC1138_UW685	RAL_AA0064AA		GCF_023075375.1	SAMN22612362	Microbe sample from Ralstonia pseudosolanacearum	22612362	Ralstonia pseudosolanacearum	DGBBC1138_UW685	unknown	Guinea		potato		whole organism																								III																																									
SAMN22612363	T1-UY_UW688	RAL_AA0799AA		GCF_023075355.1	SAMN22612363	Microbe sample from Ralstonia solanacearum	22612363	Ralstonia solanacearum	T1-UY_UW688	2004	Uruguay		tomato		whole organism																								IIA																																									
SAMN22612364				GCF_023075335.1	SAMN22612364	Microbe sample from Ralstonia solanacearum	22612364	Ralstonia solanacearum	CIP240_RUN482_UW692	1983	Brazil		potato		whole organism																								IIB																																									
SAMN22612365				GCF_021117115.1	SAMN22612365	Microbe sample from Ralstonia solanacearum	22612365	Ralstonia solanacearum	CIP417_UW70	1960	Colombia		plantain		whole organism																								IIB																																									
SAMN22612366	AW1_UW701	RAL_AA0795AA		GCF_023075295.1	SAMN22612366	Microbe sample from Ralstonia solanacearum	22612366	Ralstonia solanacearum	AW1_UW701	1960	USA		tomato		whole organism																								IIA																																									
SAMN22612367				GCF_023075305.1	SAMN22612367	Microbe sample from Ralstonia solanacearum	22612367	Ralstonia solanacearum	UW71	1961	Colombia		potato		whole organism																								IIB																																									
SAMN22612368				GCF_021117095.1	SAMN22612368	Microbe sample from Ralstonia solanacearum	22612368	Ralstonia solanacearum	UW72	1961	Greece		potato		whole organism																								IIB																																									
SAMN22612369				GCF_023075275.1	SAMN22612369	Microbe sample from Ralstonia solanacearum	22612369	Ralstonia solanacearum	UW73	unknown	Sri Lanka		potato		whole organism																								IIB																																									
SAMN22612370	CFBP6727_UW736	RAL_AA0791AA		GCF_023075255.1	SAMN22612370	Microbe sample from Ralstonia solanacearum	22612370	Ralstonia solanacearum	CFBP6727_UW736	unknown	Indonesia		potato		whole organism																								IV																																									
SAMN22612371	UQRS280_UW738	RAL_AA0790AA		GCF_023075235.1	SAMN22612371	Microbe sample from Ralstonia solanacearum	22612371	Ralstonia solanacearum	UQRS280_UW738	unknown	Indonesia		tomato		whole organism																								IV																																									
SAMN22612372	UW74	RAL_AA0789AA		GCF_023075215.1	SAMN22612372	Microbe sample from Ralstonia solanacearum	22612372	Ralstonia solanacearum	UW74	unknown	Sri Lanka		potato		whole organism																								I																																									
SAMN22612373	UQRS637_UW745	RAL_AA0788AA		GCF_023075155.1	SAMN22612373	Microbe sample from Ralstonia solanacearum	22612373	Ralstonia solanacearum	UQRS637_UW745	unknown	unknown		Banana		whole organism																								I																																									
SAMN22612374	Rs540_UW751	RAL_AA0787AA		GCF_023075165.1	SAMN22612374	Microbe sample from Ralstonia solanacearum	22612374	Ralstonia solanacearum	Rs540_UW751	2019	Brazil		tomato		whole organism																								IIA																																									
SAMN22612375	Rs545_UW752	RAL_AA0786AA		GCF_023075175.1	SAMN22612375	Microbe sample from Ralstonia solanacearum	22612375	Ralstonia solanacearum	Rs545_UW752	2019	Brazil		tomato		whole organism																								IIA																																									
SAMN22612376				GCF_023075135.1	SAMN22612376	Microbe sample from Ralstonia solanacearum	22612376	Ralstonia solanacearum	IBSBF2001_UW756	unknown	Brazil		tomato		whole organism																								IIB																																									
SAMN22612377	RUN2587_UW776	RAL_AA0063AA		GCF_023075115.1	SAMN22612377	Microbe sample from Ralstonia pseudosolanacearum	22612377	Ralstonia pseudosolanacearum	RUN2587_UW776	2013	Madagascar		potato		whole organism																								III																																									
SAMN22612378	B9_UW794	RAL_AA0783AA		GCF_023075075.1	SAMN22612378	Microbe sample from Ralstonia solanacearum	22612378	Ralstonia solanacearum	B9_UW794	2018	Benin		Solanum macrocarpon		whole organism																								I																																									
SAMN22612379	B12_UW797	RAL_AA0782AA		GCF_023075095.1	SAMN22612379	Microbe sample from Ralstonia solanacearum	22612379	Ralstonia solanacearum	B12_UW797	2018	Benin		Solanum macrocarpon		whole organism																								I																																									
SAMN22612380				GCF_023075045.1	SAMN22612380	Microbe sample from Ralstonia solanacearum	22612380	Ralstonia solanacearum	UW80	1958	Colombia		potato (S. phuerja)		whole organism																								IIB																																									
SAMN22612381	B17_UW800	RAL_AA0062AA		GCF_023075035.1	SAMN22612381	Microbe sample from Ralstonia pseudosolanacearum	22612381	Ralstonia pseudosolanacearum	B17_UW800	2018	Benin		Solanum melongena		whole organism																								I																																									
SAMN22612382				GCF_023075015.1	SAMN22612382	Microbe sample from Ralstonia solanacearum	22612382	Ralstonia solanacearum	UW81	1961	Colombia		potato		whole organism																								I																																									
SAMN22612383	T25_UW811	RAL_AA0061AA		GCF_023074975.1	SAMN22612383	Microbe sample from Ralstonia pseudosolanacearum	22612383	Ralstonia pseudosolanacearum	T25_UW811	2018	Togo		tomato		whole organism																								I																																									
SAMN22612384				GCF_023074955.1	SAMN22612384	Microbe sample from Ralstonia solanacearum	22612384	Ralstonia solanacearum	UW82	1961	Colombia		potato		whole organism																								IIB																																									
SAMN22612385	B68_UW837	RAL_AA0778AA		GCF_023074935.1	SAMN22612385	Microbe sample from Ralstonia solanacearum	22612385	Ralstonia solanacearum	B68_UW837	2019	Brazil		tomato		whole organism																								IIA																																									
SAMN22612386	B70_UW839	RAL_AA0776AA		GCF_023074915.1	SAMN22612386	Microbe sample from Ralstonia solanacearum	22612386	Ralstonia solanacearum	B70_UW839	2019	Brazil		tomato		whole organism																								IIA																																									
SAMN22612387	B73_UW840	RAL_AA0686AA		GCF_023074895.1	SAMN22612387	Microbe sample from Ralstonia solanacearum	22612387	Ralstonia solanacearum	B73_UW840	2019	Brazil		tomato		whole organism																								IIA																																									
SAMN22612388	UW87	RAL_AA0775AA		GCF_023074995.1	SAMN22612388	Microbe sample from Ralstonia solanacearum	22612388	Ralstonia solanacearum	UW87	1963	Canada		tomato		whole organism																								IIA																																									
SAMN22612389				GCF_023074875.1	SAMN22612389	Microbe sample from Ralstonia solanacearum	22612389	Ralstonia solanacearum	UW88	1964	Brazil		tomato		whole organism																								IIA																																									
SAMN23101910				GCF_020923475.1	SAMN23101910	Microbe sample from Ralstonia solanacearum	23101910	Ralstonia solanacearum	FJ1003	2016-04-10	China	Tobacco			whole organism																																																																	
SAMN23345431				GCA_021229115.1	SAMN23345431	Microbe sample from Ralstonia pseudosolanacearum	23345431	Ralstonia pseudosolanacearum	MRS-5	2020-07-18	China:Guangzhou	mulberry	missing		Whole organism																																																																	
SAMN24702282				GCF_021462455.1	SAMN24702282	Microbe sample from Ralstonia solanacearum	24702282	Ralstonia solanacearum	P380	2020-06-01	China: Yunnan	tomato	rhizosphere soil		cell culture																																																																	
SAMN24896226				GCA_022808635.1	SAMN24896226	Microbe sample from Ralstonia pseudosolanacearum	24896226	Ralstonia pseudosolanacearum	WXQ_10	2019-07-16	China: Shandong Province, Eastern China	tobacco	agricultural environmental material	35.9820 N 119.7870 E	Tissue sample		Dr. YJ Yang																																																															
SAMN25611842				GCF_022095055.1	SAMN25611842	Pathogen: environmental/food/other sample from Ralstonia solanacearum	25611842	Ralstonia solanacearum	RsT01	2018-01-01	Colombia	Solanum lycopersicum	Tomato plant	4.08 N 73.11 W			Cdv																																																															
SAMN26550128				GCF_022625045.1	SAMN26550128	Microbe sample from Ralstonia pseudosolanacearum	26550128	Ralstonia pseudosolanacearum	SL1931	1998-06-03	South Korea: Seosan, Chungcheongnam-do		pepper stem		cell culture																																					KACC:10711																												
SAMN27356470	YO001	RAL_AA0551AA			SAMN27356470	MIGS Cultured Bacterial/Archaeal sample from Ralstonia solanacearum	27356470	Ralstonia solanacearum	missing			Potato				11823852								Xylem sap	Agricultural	Not applicable	NCPPB 1018	Seed	Angola	1	Africa	NA	NA	1961	https://plantpath.ifas.ufl.edu/rsol/Culturemedia.html#MediaReferences																																													
SAMN27356471	YO002	RAL_AA0550AA			SAMN27356471	MIGS Cultured Bacterial/Archaeal sample from Ralstonia solanacearum	27356471	Ralstonia solanacearum	missing			Potato				11823852								Xylem sap	Agricultural	Not applicable	NCPPB 1483	Seed	Australia	2	Oceania	NA	NA	1963	https://plantpath.ifas.ufl.edu/rsol/Culturemedia.html#MediaReferences																																													
SAMN27356472	YO003	RAL_AA0353AA			SAMN27356472	MIGS Cultured Bacterial/Archaeal sample from Ralstonia solanacearum	27356472	Ralstonia solanacearum	missing			Townsville stylo				11823852								Xylem sap	Agricultural	Not applicable	NCPPB 2245	Seed	Australia	3	Oceania	NA	NA	1969	https://plantpath.ifas.ufl.edu/rsol/Culturemedia.html#MediaReferences																																													
SAMN27356473	YO004	RAL_AA0463AA			SAMN27356473	MIGS Cultured Bacterial/Archaeal sample from Ralstonia solanacearum	27356473	Ralstonia solanacearum	missing			Potato				11823852								Xylem sap	Agricultural	Not applicable	NCPPB 3980	Seed	Australia	4	Oceania	NA	NA	1997	https://plantpath.ifas.ufl.edu/rsol/Culturemedia.html#MediaReferences																																													
SAMN27356474	YO005	RAL_AA0392AA			SAMN27356474	MIGS Cultured Bacterial/Archaeal sample from Ralstonia solanacearum	27356474	Ralstonia solanacearum	missing			Tobacco				11823852								Xylem sap	Agricultural	Not applicable	NCPPB 3992	Seed	Australia	5	Oceania	NA	NA	NA	https://plantpath.ifas.ufl.edu/rsol/Culturemedia.html#MediaReferences																																													
SAMN27356475	YO006	RAL_AA0352AA			SAMN27356475	MIGS Cultured Bacterial/Archaeal sample from Ralstonia solanacearum	27356475	Ralstonia solanacearum	missing			Ginger				11823852								Xylem sap	Agricultural	Not applicable	NCPPB 4001	Seed	Australia	6	Oceania	NA	NA	NA	https://plantpath.ifas.ufl.edu/rsol/Culturemedia.html#MediaReferences																																													
SAMN27356476	R280	RAL_AA0544AA			SAMN27356476	MIGS Cultured Bacterial/Archaeal sample from Ralstonia solanacearum	27356476	Ralstonia solanacearum	R280			Potato				11823852								Xylem sap	Agricultural	Not applicable	NA	Seed	Australia	7	Oceania	NA	NA	NA	https://plantpath.ifas.ufl.edu/rsol/Culturemedia.html#MediaReferences																																													
SAMN27356477	YO008	RAL_AA0533AA			SAMN27356477	MIGS Cultured Bacterial/Archaeal sample from Ralstonia solanacearum	27356477	Ralstonia solanacearum	missing			Potato				11823852								Xylem sap	Agricultural	Not applicable	NA	Seed	Bangladesh	8	Asia	NA	NA	2012	https://plantpath.ifas.ufl.edu/rsol/Culturemedia.html#MediaReferences																																													
SAMN27356478	YO009	RAL_AA0417AA			SAMN27356478	MIGS Cultured Bacterial/Archaeal sample from Ralstonia solanacearum	27356478	Ralstonia solanacearum	missing			Potato				11823852								Xylem sap	Agricultural	Not applicable	NA	Seed	Bangladesh	9	Asia	NA	NA	2012	https://plantpath.ifas.ufl.edu/rsol/Culturemedia.html#MediaReferences																																													
SAMN27356479	YO010	RAL_AA0409AA			SAMN27356479	MIGS Cultured Bacterial/Archaeal sample from Ralstonia solanacearum	27356479	Ralstonia solanacearum	missing			Potato				11823852								Xylem sap	Agricultural	Not applicable	NA	Seed	Bangladesh	10	Asia	NA	NA	2012	https://plantpath.ifas.ufl.edu/rsol/Culturemedia.html#MediaReferences																																													
SAMN27356480	YO011	RAL_AA0549AA			SAMN27356480	MIGS Cultured Bacterial/Archaeal sample from Ralstonia solanacearum	27356480	Ralstonia solanacearum	missing			Potato				11823852								Xylem sap	Agricultural	Not applicable	NA	Seed	Bangladesh	11	Asia	NA	NA	2014	https://plantpath.ifas.ufl.edu/rsol/Culturemedia.html#MediaReferences																																													
SAMN27356481	EURS 58	RAL_AA0515AA			SAMN27356481	MIGS Cultured Bacterial/Archaeal sample from Ralstonia solanacearum	27356481	Ralstonia solanacearum	EURS 58			Potato				11823852								Xylem sap	Agricultural	Not applicable	NA	Seed	Belgium	12	Europe	NA	NA	1993	https://plantpath.ifas.ufl.edu/rsol/Culturemedia.html#MediaReferences																																													
SAMN27356482	YO013	RAL_AA0506AA			SAMN27356482	MIGS Cultured Bacterial/Archaeal sample from Ralstonia solanacearum	27356482	Ralstonia solanacearum	missing			Potato				11823852								Xylem sap	Agricultural	Not applicable	NCPPB 0613	Seed	Brazil	13	South America	NA	NA	1958	https://plantpath.ifas.ufl.edu/rsol/Culturemedia.html#MediaReferences																																													
SAMN27356483	R296, UW90	RAL_AA0452AA			SAMN27356483	MIGS Cultured Bacterial/Archaeal sample from Ralstonia solanacearum	27356483	Ralstonia solanacearum	R296, UW90			Tobacco				11823852								Xylem sap	Agricultural	Not applicable	NA	Seed	Brazil	14	South America	NA	NA	1968	https://plantpath.ifas.ufl.edu/rsol/Culturemedia.html#MediaReferences																																													
SAMN27356484	YO015	RAL_AA0442AA			SAMN27356484	MIGS Cultured Bacterial/Archaeal sample from Ralstonia solanacearum	27356484	Ralstonia solanacearum	missing			Banana				11823852								Xylem sap	Agricultural	Not applicable	NCPPB 3649	Seed	Brazil	15	South America	NA	NA	1979	https://plantpath.ifas.ufl.edu/rsol/Culturemedia.html#MediaReferences																																													
SAMN27356485	YO016	RAL_AA0497AA			SAMN27356485	MIGS Cultured Bacterial/Archaeal sample from Ralstonia solanacearum	27356485	Ralstonia solanacearum	missing			Banana				11823852								Xylem sap	Agricultural	Not applicable	NCPPB 3650	Seed	Brazil	16	South America	NA	NA	1979	https://plantpath.ifas.ufl.edu/rsol/Culturemedia.html#MediaReferences																																													
SAMN27356486	YO017	RAL_AA0252AA			SAMN27356486	MIGS Cultured Bacterial/Archaeal sample from Ralstonia solanacearum	27356486	Ralstonia solanacearum	missing			Potato				11823852								Xylem sap	Agricultural	Not applicable	NCPPB 3868	Seed	Brazil	17	South America	NA	NA	1991	https://plantpath.ifas.ufl.edu/rsol/Culturemedia.html#MediaReferences																																													
SAMN27356487	YO018	RAL_AA0434AA			SAMN27356487	MIGS Cultured Bacterial/Archaeal sample from Ralstonia solanacearum	27356487	Ralstonia solanacearum	missing			Chili				11823852								Xylem sap	Agricultural	Not applicable	NCPPB 3864	Seed	Brazil	18	South America	NA	NA	1991	https://plantpath.ifas.ufl.edu/rsol/Culturemedia.html#MediaReferences																																													
SAMN27356488	YO019	RAL_AA0426AA			SAMN27356488	MIGS Cultured Bacterial/Archaeal sample from Ralstonia solanacearum	27356488	Ralstonia solanacearum	missing			Chili				11823852								Xylem sap	Agricultural	Not applicable	NCPPB 3862	Seed	Brazil	19	South America	NA	NA	1991	https://plantpath.ifas.ufl.edu/rsol/Culturemedia.html#MediaReferences																																													
SAMN27356489	YO020	RAL_AA0478AA			SAMN27356489	MIGS Cultured Bacterial/Archaeal sample from Ralstonia solanacearum	27356489	Ralstonia solanacearum	missing			Tomato				11823852								Xylem sap	Agricultural	Not applicable	NCPPB 3863	Seed	Brazil	20	South America	NA	NA	1991	https://plantpath.ifas.ufl.edu/rsol/Culturemedia.html#MediaReferences																																													
SAMN27356490	YO021	RAL_AA0473AA			SAMN27356490	MIGS Cultured Bacterial/Archaeal sample from Ralstonia solanacearum	27356490	Ralstonia solanacearum	missing			Potato				11823852								Xylem sap	Agricultural	Not applicable	NCPPB 3866	Seed	Brazil	21	South America	NA	NA	1993	https://plantpath.ifas.ufl.edu/rsol/Culturemedia.html#MediaReferences																																													
SAMN27356491	YO022	RAL_AA0472AA			SAMN27356491	MIGS Cultured Bacterial/Archaeal sample from Ralstonia solanacearum	27356491	Ralstonia solanacearum	missing			Potato				11823852								Xylem sap	Agricultural	Not applicable	NCPPB 3982	Seed	Chile	22	South America	NA	NA	NA	https://plantpath.ifas.ufl.edu/rsol/Culturemedia.html#MediaReferences																																													
SAMN27356492	YO023	RAL_AA0471AA			SAMN27356492	MIGS Cultured Bacterial/Archaeal sample from Ralstonia solanacearum	27356492	Ralstonia solanacearum	missing			Olive				11823852								Xylem sap	Agricultural	Not applicable	NCPPB 4006	Seed	China	23	Asia	NA	NA	NA	https://plantpath.ifas.ufl.edu/rsol/Culturemedia.html#MediaReferences																																													
SAMN27356493	YO024	RAL_AA0470AA			SAMN27356493	MIGS Cultured Bacterial/Archaeal sample from Ralstonia solanacearum	27356493	Ralstonia solanacearum	missing			Mulberry				11823852								Xylem sap	Agricultural	Not applicable	NCPPB 4007	Seed	China	24	Asia	NA	NA	NA	https://plantpath.ifas.ufl.edu/rsol/Culturemedia.html#MediaReferences																																													
SAMN27356494	YO025	RAL_AA0469AA			SAMN27356494	MIGS Cultured Bacterial/Archaeal sample from Ralstonia solanacearum	27356494	Ralstonia solanacearum	missing			Mulberry				11823852								Xylem sap	Agricultural	Not applicable	NCPPB 4012	Seed	China	25	Asia	NA	NA	NA	https://plantpath.ifas.ufl.edu/rsol/Culturemedia.html#MediaReferences																																													
SAMN27356496	YO027	RAL_AA0467AA			SAMN27356496	MIGS Cultured Bacterial/Archaeal sample from Ralstonia solanacearum	27356496	Ralstonia solanacearum	missing			Olive				11823852								Xylem sap	Agricultural	Not applicable	NCPPB 3994	Seed	China	27	Asia	NA	NA	NA	https://plantpath.ifas.ufl.edu/rsol/Culturemedia.html#MediaReferences																																													
SAMN27356497	YO028	RAL_AA0466AA			SAMN27356497	MIGS Cultured Bacterial/Archaeal sample from Ralstonia solanacearum	27356497	Ralstonia solanacearum	missing			Ginger				11823852								Xylem sap	Agricultural	Not applicable	NCPPB 3998	Seed	China	28	Asia	NA	NA	NA	https://plantpath.ifas.ufl.edu/rsol/Culturemedia.html#MediaReferences																																													
SAMN27356498	YO029	RAL_AA0465AA			SAMN27356498	MIGS Cultured Bacterial/Archaeal sample from Ralstonia solanacearum	27356498	Ralstonia solanacearum	missing			Ginger				11823852								Xylem sap	Agricultural	Not applicable	NCPPB 4003	Seed	China	29	Asia	NA	NA	NA	https://plantpath.ifas.ufl.edu/rsol/Culturemedia.html#MediaReferences																																													
SAMN27356499	YO030	RAL_AA0464AA			SAMN27356499	MIGS Cultured Bacterial/Archaeal sample from Ralstonia solanacearum	27356499	Ralstonia solanacearum	missing			Peanut				11823852								Xylem sap	Agricultural	Not applicable	NCPPB 4008	Seed	China	30	Asia	NA	NA	NA	https://plantpath.ifas.ufl.edu/rsol/Culturemedia.html#MediaReferences																																													
SAMN27356500	YO031	RAL_AA0462AA			SAMN27356500	MIGS Cultured Bacterial/Archaeal sample from Ralstonia solanacearum	27356500	Ralstonia solanacearum	missing			Potato				11823852								Xylem sap	Agricultural	Not applicable	NCPPB 282	Seed	Colombia	31	South America	NA	NA	1950	https://plantpath.ifas.ufl.edu/rsol/Culturemedia.html#MediaReferences																																													
SAMN27356501	YO032	RAL_AA0461AA			SAMN27356501	MIGS Cultured Bacterial/Archaeal sample from Ralstonia solanacearum	27356501	Ralstonia solanacearum	missing			Heliconia caribaea				11823852								Xylem sap	§	Not applicable	NCPPB 3594	Seed	Colombia	32	South America	NA	NA	1960	https://plantpath.ifas.ufl.edu/rsol/Culturemedia.html#MediaReferences																																													
SAMN27356502	R281, UW154	RAL_AA0460AA			SAMN27356502	MIGS Cultured Bacterial/Archaeal sample from Ralstonia solanacearum	27356502	Ralstonia solanacearum	R281, UW154			Tobacco				11823852								Xylem sap	Agricultural	Not applicable	NA	Seed	Colombia	33	South America	NA	NA	1966	https://plantpath.ifas.ufl.edu/rsol/Culturemedia.html#MediaReferences																																													
SAMN27356503	YO034	RAL_AA0241AA			SAMN27356503	MIGS Cultured Bacterial/Archaeal sample from Ralstonia solanacearum	27356503	Ralstonia solanacearum	missing			Heliconia sp.				11823852								Xylem sap	Agricultural	Not applicable	NCPPB 2154	Seed	Costa Rica	34	North America	NA	NA	1958	https://plantpath.ifas.ufl.edu/rsol/Culturemedia.html#MediaReferences																																													
SAMN27356505	YO036	RAL_AA0397AA			SAMN27356505	MIGS Cultured Bacterial/Archaeal sample from Ralstonia solanacearum	27356505	Ralstonia solanacearum	missing			Banana				11823852								Xylem sap	Agricultural	Not applicable	NCPPB 0788	Seed	Costa Rica	36	North America	NA	NA	1959	https://plantpath.ifas.ufl.edu/rsol/Culturemedia.html#MediaReferences																																													
SAMN27356506	YO037	RAL_AA0396AA			SAMN27356506	MIGS Cultured Bacterial/Archaeal sample from Ralstonia solanacearum	27356506	Ralstonia solanacearum	missing			Nightshade				11823852								Xylem sap	Agricultural	Not applicable	NCPPB 0790	Seed	Costa Rica	37	North America	NA	NA	1959	https://plantpath.ifas.ufl.edu/rsol/Culturemedia.html#MediaReferences																																													
SAMN27356507	YO038	RAL_AA0395AA			SAMN27356507	MIGS Cultured Bacterial/Archaeal sample from Ralstonia solanacearum	27356507	Ralstonia solanacearum	missing			False daisy				11823852								Xylem sap	Agricultural	Not applicable	NCPPB 0791	Seed	Costa Rica	38	North America	NA	NA	1959	https://plantpath.ifas.ufl.edu/rsol/Culturemedia.html#MediaReferences																																													
SAMN27356508	R285, UW256	RAL_AA0394AA			SAMN27356508	MIGS Cultured Bacterial/Archaeal sample from Ralstonia solanacearum	27356508	Ralstonia solanacearum	R285, UW256			Potato				11823852								Xylem sap	Agricultural	Not applicable	NA	Seed	Costa Rica	39	North America	NA	NA	1972	https://plantpath.ifas.ufl.edu/rsol/Culturemedia.html#MediaReferences																																													
SAMN27356509	YO040	RAL_AA0393AA			SAMN27356509	MIGS Cultured Bacterial/Archaeal sample from Ralstonia solanacearum	27356509	Ralstonia solanacearum	missing			Ginger				11823852								Xylem sap	Agricultural	Not applicable	NCPPB 4004	Seed	Costa Rica	40	North America	NA	NA	NA	https://plantpath.ifas.ufl.edu/rsol/Culturemedia.html#MediaReferences																																													
SAMN27356510	R286, UW275	RAL_AA0391AA			SAMN27356510	MIGS Cultured Bacterial/Archaeal sample from Ralstonia solanacearum	27356510	Ralstonia solanacearum	R286, UW275			M. perfoliatum				11823852								Xylem sap	Agricultural	Not applicable	NCPPB 3977	Seed	Costa Rica	41	North America	NA	NA	NA	https://plantpath.ifas.ufl.edu/rsol/Culturemedia.html#MediaReferences																																													
SAMN27356511	YO042	RAL_AA0390AA			SAMN27356511	MIGS Cultured Bacterial/Archaeal sample from Ralstonia solanacearum	27356511	Ralstonia solanacearum	missing			Pepper				11823852								Xylem sap	Agricultural	Not applicable	NCPPB 3993	Seed	Costa Rica	42	North America	NA	NA	NA	https://plantpath.ifas.ufl.edu/rsol/Culturemedia.html#MediaReferences																																													
SAMN27356512	R285	RAL_AA0389AA			SAMN27356512	MIGS Cultured Bacterial/Archaeal sample from Ralstonia solanacearum	27356512	Ralstonia solanacearum	R285			Potato				11823852								Xylem sap	Agricultural	Not applicable	NA	Seed	Costa Rica	43	North America	NA	NA	NA	https://plantpath.ifas.ufl.edu/rsol/Culturemedia.html#MediaReferences																																													
SAMN27356513	YO044	RAL_AA0388AA			SAMN27356513	MIGS Cultured Bacterial/Archaeal sample from Ralstonia solanacearum	27356513	Ralstonia solanacearum	missing			Potato				11823852								Xylem sap	Agricultural	Not applicable	NCPPB 643	Seed	Cyprus	44	Europe	NA	NA	1959	https://plantpath.ifas.ufl.edu/rsol/Culturemedia.html#MediaReferences																																													
SAMN27356514	YO045	RAL_AA0387AA			SAMN27356514	MIGS Cultured Bacterial/Archaeal sample from Ralstonia solanacearum	27356514	Ralstonia solanacearum	missing			Potato				11823852								Xylem sap	Agricultural	Not applicable	NCPPB 1584	Seed	Cyprus	45	Europe	NA	NA	1963	https://plantpath.ifas.ufl.edu/rsol/Culturemedia.html#MediaReferences																																													
SAMN27356515	YO046	RAL_AA0386AA			SAMN27356515	MIGS Cultured Bacterial/Archaeal sample from Ralstonia solanacearum	27356515	Ralstonia solanacearum	missing			Potato				11823852								Xylem sap	Agricultural	Not applicable	NCPPB 909	Seed	Egypt	46	Africa	NA	NA	1961	https://plantpath.ifas.ufl.edu/rsol/Culturemedia.html#MediaReferences																																													
SAMN27356516	YO047	RAL_AA0385AA			SAMN27356516	MIGS Cultured Bacterial/Archaeal sample from Ralstonia solanacearum	27356516	Ralstonia solanacearum	missing			Potato				11823852								Xylem sap	Agricultural	Not applicable	NCPPB 1115	Seed	Egypt	47	Africa	NA	NA	1961	https://plantpath.ifas.ufl.edu/rsol/Culturemedia.html#MediaReferences																																													
SAMN27356517	YO048	RAL_AA0384AA			SAMN27356517	MIGS Cultured Bacterial/Archaeal sample from Ralstonia solanacearum	27356517	Ralstonia solanacearum	missing			Potato				11823852								Xylem sap	Agricultural	Not applicable	NCPPB 1824	Seed	Egypt	48	Africa	NA	NA	1966	https://plantpath.ifas.ufl.edu/rsol/Culturemedia.html#MediaReferences																																													
SAMN27356518	A4933	RAL_AA0383AA			SAMN27356518	MIGS Cultured Bacterial/Archaeal sample from Ralstonia solanacearum	27356518	Ralstonia solanacearum	A4933			Potato				11823852								Xylem sap	Agricultural	Not applicable	NA	Seed	Egypt	50	Africa	NA	NA	1991	https://plantpath.ifas.ufl.edu/rsol/Culturemedia.html#MediaReferences																																													
SAMN27356519	A4973/3	RAL_AA0382AA			SAMN27356519	MIGS Cultured Bacterial/Archaeal sample from Ralstonia solanacearum	27356519	Ralstonia solanacearum	A4973/3			Potato				11823852								Xylem sap	Agricultural	Not applicable	NA	Seed	Egypt	51	Africa	NA	NA	1991	https://plantpath.ifas.ufl.edu/rsol/Culturemedia.html#MediaReferences																																													
SAMN27356520	A5008	RAL_AA0381AA			SAMN27356520	MIGS Cultured Bacterial/Archaeal sample from Ralstonia solanacearum	27356520	Ralstonia solanacearum	A5008			Potato				11823852								Xylem sap	Agricultural	Not applicable	NA	Seed	Egypt	52	Africa	NA	NA	1991	https://plantpath.ifas.ufl.edu/rsol/Culturemedia.html#MediaReferences																																													
SAMN27356521	A6180	RAL_AA0380AA			SAMN27356521	MIGS Cultured Bacterial/Archaeal sample from Ralstonia solanacearum	27356521	Ralstonia solanacearum	A6180			Potato				11823852								Xylem sap	Agricultural	Not applicable	NA	Seed	Egypt	53	Africa	NA	NA	1994	https://plantpath.ifas.ufl.edu/rsol/Culturemedia.html#MediaReferences																																													
SAMN27356522	B98	RAL_AA0379AA			SAMN27356522	MIGS Cultured Bacterial/Archaeal sample from Ralstonia solanacearum	27356522	Ralstonia solanacearum	B98			Potato				11823852								Xylem sap	Agricultural	Not applicable	NA	Seed	Egypt	54	Africa	NA	NA	1995	https://plantpath.ifas.ufl.edu/rsol/Culturemedia.html#MediaReferences																																													
SAMN27356523	A6184	RAL_AA0378AA			SAMN27356523	MIGS Cultured Bacterial/Archaeal sample from Ralstonia solanacearum	27356523	Ralstonia solanacearum	A6184			Potato				11823852								Xylem sap	Agricultural	Not applicable	NA	Seed	Egypt	60	Africa	NA	NA	1995	https://plantpath.ifas.ufl.edu/rsol/Culturemedia.html#MediaReferences																																													
SAMN27356524	A6188	RAL_AA0377AA			SAMN27356524	MIGS Cultured Bacterial/Archaeal sample from Ralstonia solanacearum	27356524	Ralstonia solanacearum	A6188			Potato				11823852								Xylem sap	Agricultural	Not applicable	NA	Seed	Egypt	62	Africa	NA	NA	1996	https://plantpath.ifas.ufl.edu/rsol/Culturemedia.html#MediaReferences																																													
SAMN27356525	A6191	RAL_AA0376AA			SAMN27356525	MIGS Cultured Bacterial/Archaeal sample from Ralstonia solanacearum	27356525	Ralstonia solanacearum	A6191			Potato				11823852								Xylem sap	Agricultural	Not applicable	NA	Seed	Egypt	63	Africa	NA	NA	1997	https://plantpath.ifas.ufl.edu/rsol/Culturemedia.html#MediaReferences																																													
SAMN27356526	A6235	RAL_AA0548AA			SAMN27356526	MIGS Cultured Bacterial/Archaeal sample from Ralstonia solanacearum	27356526	Ralstonia solanacearum	A6235			Potato				11823852								Xylem sap	Agricultural	Not applicable	NA	Seed	Egypt	64	Africa	NA	NA	1998	https://plantpath.ifas.ufl.edu/rsol/Culturemedia.html#MediaReferences																																													
SAMN27356527	YO065	RAL_AA0547AA			SAMN27356527	MIGS Cultured Bacterial/Archaeal sample from Ralstonia solanacearum	27356527	Ralstonia solanacearum	missing			Potato				11823852								Xylem sap	Agricultural	Not applicable	NA	Seed	Egypt	65	Africa	NA	NA	1998	https://plantpath.ifas.ufl.edu/rsol/Culturemedia.html#MediaReferences																																													
SAMN27356528	YO068	RAL_AA0546AA			SAMN27356528	MIGS Cultured Bacterial/Archaeal sample from Ralstonia solanacearum	27356528	Ralstonia solanacearum	missing			Water				11823852								Xylem sap	Agricultural	Not applicable	NA	Seed	Egypt	68	Africa	NA	NA	2002	https://plantpath.ifas.ufl.edu/rsol/Culturemedia.html#MediaReferences																																													
SAMN27356529	YO069	RAL_AA0545AA			SAMN27356529	MIGS Cultured Bacterial/Archaeal sample from Ralstonia solanacearum	27356529	Ralstonia solanacearum	missing			Water				11823852								Xylem sap	Agricultural	Not applicable	NA	Seed	Egypt	69	Africa	NA	NA	2002	https://plantpath.ifas.ufl.edu/rsol/Culturemedia.html#MediaReferences																																													
SAMN27356530	YO070	RAL_AA0543AA			SAMN27356530	MIGS Cultured Bacterial/Archaeal sample from Ralstonia solanacearum	27356530	Ralstonia solanacearum	missing			Potato				11823852								Xylem sap	Agricultural	Not applicable	NA	Seed	Egypt	70	Africa	NA	NA	2002	https://plantpath.ifas.ufl.edu/rsol/Culturemedia.html#MediaReferences																																													
SAMN27356531	YO071	RAL_AA0542AA			SAMN27356531	MIGS Cultured Bacterial/Archaeal sample from Ralstonia solanacearum	27356531	Ralstonia solanacearum	missing			Soil				11823852								Xylem sap	Agricultural	Not applicable	NA	Seed	Egypt	71	Africa	NA	NA	2002	https://plantpath.ifas.ufl.edu/rsol/Culturemedia.html#MediaReferences																																													
SAMN27356532	YO072	RAL_AA0541AA			SAMN27356532	MIGS Cultured Bacterial/Archaeal sample from Ralstonia solanacearum	27356532	Ralstonia solanacearum	missing			missing				11823852								Xylem sap	Agricultural	Not applicable	NA	Seed	Egypt	72	Africa	NA	NA	2002	https://plantpath.ifas.ufl.edu/rsol/Culturemedia.html#MediaReferences																																													
SAMN27356533	YO073	RAL_AA0540AA			SAMN27356533	MIGS Cultured Bacterial/Archaeal sample from Ralstonia solanacearum	27356533	Ralstonia solanacearum	missing			missing				11823852								Xylem sap	Agricultural	Not applicable	NA	Seed	Egypt	73	Africa	NA	NA	2002	https://plantpath.ifas.ufl.edu/rsol/Culturemedia.html#MediaReferences																																													
SAMN27356534	YO074	RAL_AA0539AA			SAMN27356534	MIGS Cultured Bacterial/Archaeal sample from Ralstonia solanacearum	27356534	Ralstonia solanacearum	missing			Potato				11823852								Xylem sap	Agricultural	Not applicable	NCPPB 1500	Seed	Fiji	74	Oceania	NA	NA	1963	https://plantpath.ifas.ufl.edu/rsol/Culturemedia.html#MediaReferences																																													
SAMN27356535	YO075	RAL_AA0538AA			SAMN27356535	MIGS Cultured Bacterial/Archaeal sample from Ralstonia solanacearum	27356535	Ralstonia solanacearum	missing			Potato				11823852								Xylem sap	Agricultural	Not applicable	NCPPB 1702	Seed	Fiji	75	Oceania	NA	NA	1964	https://plantpath.ifas.ufl.edu/rsol/Culturemedia.html#MediaReferences																																													
SAMN27356536	YO076	RAL_AA0537AA			SAMN27356536	MIGS Cultured Bacterial/Archaeal sample from Ralstonia solanacearum	27356536	Ralstonia solanacearum	missing			Pelargonium capitatum				11823852								Xylem sap	Agricultural	Not applicable	NCPPB 1029	Seed	France	76	Africa	NA	NA	1961	https://plantpath.ifas.ufl.edu/rsol/Culturemedia.html#MediaReferences																																													
SAMN27356537	YO077	RAL_AA0536AA			SAMN27356537	MIGS Cultured Bacterial/Archaeal sample from Ralstonia solanacearum	27356537	Ralstonia solanacearum	missing			Tomato				11823852								Xylem sap	Agricultural	Not applicable	NCPPB 2200	Seed	France	77	North America	NA	NA	1966	https://plantpath.ifas.ufl.edu/rsol/Culturemedia.html#MediaReferences																																													
SAMN27356538	YO079	RAL_AA0535AA			SAMN27356538	MIGS Cultured Bacterial/Archaeal sample from Ralstonia solanacearum	27356538	Ralstonia solanacearum	missing			Tomato				11823852								Xylem sap	Agricultural	Not applicable	NA	Seed	France	79	Europe	NA	NA	2011	https://plantpath.ifas.ufl.edu/rsol/Culturemedia.html#MediaReferences																																													
SAMN27356539	YO080	RAL_AA0534AA			SAMN27356539	MIGS Cultured Bacterial/Archaeal sample from Ralstonia solanacearum	27356539	Ralstonia solanacearum	missing			Tomato				11823852								Xylem sap	Agricultural	Not applicable	NCPPB 2204	Seed	Guyana	80	South America	NA	NA	1968	https://plantpath.ifas.ufl.edu/rsol/Culturemedia.html#MediaReferences																																													
SAMN27356540	YO082	RAL_AA0256AA			SAMN27356540	MIGS Cultured Bacterial/Archaeal sample from Ralstonia solanacearum	27356540	Ralstonia solanacearum	missing			Nightshade				11823852								Xylem sap	Agricultural	Not applicable	NCPPB 3181	Seed	Gambia	82	Africa	NA	NA	1978	https://plantpath.ifas.ufl.edu/rsol/Culturemedia.html#MediaReferences																																													
SAMN27356541	YO084	RAL_AA0532AA			SAMN27356541	MIGS Cultured Bacterial/Archaeal sample from Ralstonia solanacearum	27356541	Ralstonia solanacearum	missing			Tomato				11823852								Xylem sap	Agricultural	Not applicable	NA	Seed	Georgia	84	Asia	NA	NA	2011	https://plantpath.ifas.ufl.edu/rsol/Culturemedia.html#MediaReferences																																													
SAMN27356543	YO086	RAL_AA0530AA			SAMN27356543	MIGS Cultured Bacterial/Archaeal sample from Ralstonia solanacearum	27356543	Ralstonia solanacearum	missing			Potato				11823852								Xylem sap	Agricultural	Not applicable	NCPPB 1789	Seed	Greece	86	Europe	NA	NA	1965	https://plantpath.ifas.ufl.edu/rsol/Culturemedia.html#MediaReferences																																													
SAMN27356544	YO087	RAL_AA0529AA			SAMN27356544	MIGS Cultured Bacterial/Archaeal sample from Ralstonia solanacearum	27356544	Ralstonia solanacearum	missing			Potato				11823852								Xylem sap	Agricultural	Not applicable	NCPPB 2015	Seed	Greece	87	Europe	NA	NA	1967	https://plantpath.ifas.ufl.edu/rsol/Culturemedia.html#MediaReferences																																													
SAMN27356545	YO088	RAL_AA0528AA			SAMN27356545	MIGS Cultured Bacterial/Archaeal sample from Ralstonia solanacearum	27356545	Ralstonia solanacearum	missing			Banana				11823852								Xylem sap	Agricultural	Not applicable	NCPPB 3205	Seed	Guyana	88	South America	NA	NA	1979	https://plantpath.ifas.ufl.edu/rsol/Culturemedia.html#MediaReferences																																													
SAMN27356546	YO089	RAL_AA0527AA			SAMN27356546	MIGS Cultured Bacterial/Archaeal sample from Ralstonia solanacearum	27356546	Ralstonia solanacearum	missing			Banana				11823852								Xylem sap	Agricultural	Not applicable	NCPPB 0789	Seed	Honduras	89	North America	NA	NA	1959	https://plantpath.ifas.ufl.edu/rsol/Culturemedia.html#MediaReferences																																													
SAMN27356547	YO090	RAL_AA0526AA			SAMN27356547	MIGS Cultured Bacterial/Archaeal sample from Ralstonia solanacearum	27356547	Ralstonia solanacearum	missing			Potato				11823852								Xylem sap	Agricultural	Not applicable	NA	Seed	Hungary	90	Europe	NA	NA	2012	https://plantpath.ifas.ufl.edu/rsol/Culturemedia.html#MediaReferences																																													
SAMN27356548	YO091	RAL_AA0419AA			SAMN27356548	MIGS Cultured Bacterial/Archaeal sample from Ralstonia solanacearum	27356548	Ralstonia solanacearum	missing			Potato				11823852								Xylem sap	Agricultural	Not applicable	NA	Seed	Hungary	91	Europe	NA	NA	2012	https://plantpath.ifas.ufl.edu/rsol/Culturemedia.html#MediaReferences																																													
SAMN27356549	YO092	RAL_AA0418AA			SAMN27356549	MIGS Cultured Bacterial/Archaeal sample from Ralstonia solanacearum	27356549	Ralstonia solanacearum	missing			Potato				11823852								Xylem sap	Agricultural	Not applicable	NA	Seed	Hungary	92	Europe	NA	NA	2012	https://plantpath.ifas.ufl.edu/rsol/Culturemedia.html#MediaReferences																																													
SAMN27356550	YO093	RAL_AA0416AA			SAMN27356550	MIGS Cultured Bacterial/Archaeal sample from Ralstonia solanacearum	27356550	Ralstonia solanacearum	missing			Potato				11823852								Xylem sap	Agricultural	Not applicable	NA	Seed	Hungary	93	Europe	NA	NA	2012	https://plantpath.ifas.ufl.edu/rsol/Culturemedia.html#MediaReferences																																													
SAMN27356551	YO094	RAL_AA0415AA			SAMN27356551	MIGS Cultured Bacterial/Archaeal sample from Ralstonia solanacearum	27356551	Ralstonia solanacearum	missing			Potato				11823852								Xylem sap	Agricultural	Not applicable	NA	Seed	Hungary	94	Europe	NA	NA	2012	https://plantpath.ifas.ufl.edu/rsol/Culturemedia.html#MediaReferences																																													
SAMN27356552	YO095	RAL_AA0414AA			SAMN27356552	MIGS Cultured Bacterial/Archaeal sample from Ralstonia solanacearum	27356552	Ralstonia solanacearum	missing			Potato				11823852								Xylem sap	Agricultural	Not applicable	NA	Seed	Hungary	95	Europe	NA	NA	2012	https://plantpath.ifas.ufl.edu/rsol/Culturemedia.html#MediaReferences																																													
SAMN27356553	YO096	RAL_AA0413AA			SAMN27356553	MIGS Cultured Bacterial/Archaeal sample from Ralstonia solanacearum	27356553	Ralstonia solanacearum	missing			Potato				11823852								Xylem sap	Agricultural	Not applicable	NCPPB 1331	Seed	India	96	Asia	NA	NA	1962	https://plantpath.ifas.ufl.edu/rsol/Culturemedia.html#MediaReferences																																													
SAMN27356554	YO097	RAL_AA0210AA			SAMN27356554	MIGS Cultured Bacterial/Archaeal sample from Ralstonia solanacearum	27356554	Ralstonia solanacearum	missing			Potato				11823852								Xylem sap	Agricultural	Not applicable	NCPPB 1333	Seed	India	97	Asia	NA	NA	1962	https://plantpath.ifas.ufl.edu/rsol/Culturemedia.html#MediaReferences																																													
SAMN27356556	T327	RAL_AA0411AA			SAMN27356556	MIGS Cultured Bacterial/Archaeal sample from Ralstonia solanacearum	27356556	Ralstonia solanacearum	T327			Clove				11823852								Xylem sap	Agricultural	Not applicable	NCPPB 3792	Seed	Indonesia	100	Asia	NA	NA	1985	https://plantpath.ifas.ufl.edu/rsol/Culturemedia.html#MediaReferences																																													
SAMN27356557	S718	RAL_AA0351AA			SAMN27356557	MIGS Cultured Bacterial/Archaeal sample from Ralstonia solanacearum	27356557	Ralstonia solanacearum	S718			Potato				11823852								Xylem sap	Agricultural	Not applicable	NCPPB 3793	Seed	Indonesia	101	Asia	NA	NA	1985	https://plantpath.ifas.ufl.edu/rsol/Culturemedia.html#MediaReferences																																													
SAMN27356558	T334	RAL_AA0340AA	Ralstonia syszygii?		SAMN27356558	MIGS Cultured Bacterial/Archaeal sample from Ralstonia solanacearum	27356558	Ralstonia solanacearum	T334			Banana				11823852								Xylem sap	Agricultural	Not applicable	NCPPB 3725	Seed	Indonesia	102	Asia	NA	NA	1987	https://plantpath.ifas.ufl.edu/rsol/Culturemedia.html#MediaReferences																																													
SAMN27356559	T379	RAL_AA0410AA	Ralstonia syszygii?		SAMN27356559	MIGS Cultured Bacterial/Archaeal sample from Ralstonia solanacearum	27356559	Ralstonia solanacearum	T379			Banana				11823852								Xylem sap	Agricultural	Not applicable	NA	Seed	Indonesia	103	Asia	NA	NA	1987	https://plantpath.ifas.ufl.edu/rsol/Culturemedia.html#MediaReferences																																													
SAMN27356560	T389	RAL_AA0408AA	Ralstonia syszygii?		SAMN27356560	MIGS Cultured Bacterial/Archaeal sample from Ralstonia solanacearum	27356560	Ralstonia solanacearum	T389			Banana				11823852								Xylem sap	Agricultural	Not applicable	NCPPB 3726	Seed	Indonesia	104	Asia	NA	NA	1987	https://plantpath.ifas.ufl.edu/rsol/Culturemedia.html#MediaReferences																																													
SAMN27356561	T391	RAL_AA0407AA	Ralstonia syszygii?		SAMN27356561	MIGS Cultured Bacterial/Archaeal sample from Ralstonia solanacearum	27356561	Ralstonia solanacearum	T391			Banana				11823852								Xylem sap	Agricultural	Not applicable	NA	Seed	Indonesia	105	Asia	NA	NA	1987	https://plantpath.ifas.ufl.edu/rsol/Culturemedia.html#MediaReferences																																													
SAMN27356562	T394	RAL_AA0406AA	Ralstonia syszygii?		SAMN27356562	MIGS Cultured Bacterial/Archaeal sample from Ralstonia solanacearum	27356562	Ralstonia solanacearum	T394			Banana				11823852								Xylem sap	Agricultural	Not applicable	NCPPB 3727	Seed	Indonesia	106	Asia	NA	NA	1987	https://plantpath.ifas.ufl.edu/rsol/Culturemedia.html#MediaReferences																																													
SAMN27356563	T440	RAL_AA0405AA	Ralstonia syszygii?		SAMN27356563	MIGS Cultured Bacterial/Archaeal sample from Ralstonia solanacearum	27356563	Ralstonia solanacearum	T440			Banana				11823852								Xylem sap	Agricultural	Not applicable	NCPPB 3728	Seed	Indonesia	107	Asia	NA	NA	1987	https://plantpath.ifas.ufl.edu/rsol/Culturemedia.html#MediaReferences																																													
SAMN27356564	T328	RAL_AA0404AA			SAMN27356564	MIGS Cultured Bacterial/Archaeal sample from Ralstonia solanacearum	27356564	Ralstonia solanacearum	T328			Clove				11823852								Xylem sap	Agricultural	Not applicable	NA	Seed	Indonesia	108	Asia	NA	NA	1987	https://plantpath.ifas.ufl.edu/rsol/Culturemedia.html#MediaReferences																																													
SAMN27356565	T329	RAL_AA0403AA			SAMN27356565	MIGS Cultured Bacterial/Archaeal sample from Ralstonia solanacearum	27356565	Ralstonia solanacearum	T329			Clove				11823852								Xylem sap	Agricultural	Not applicable	NA	Seed	Indonesia	109	Asia	NA	NA	1987	https://plantpath.ifas.ufl.edu/rsol/Culturemedia.html#MediaReferences																																													
SAMN27356566	T326	RAL_AA0402AA			SAMN27356566	MIGS Cultured Bacterial/Archaeal sample from Ralstonia solanacearum	27356566	Ralstonia solanacearum	T326			Syzygium sp.				11823852								Xylem sap	Agricultural	Not applicable	NA	Seed	Indonesia	110	Asia	NA	NA	1987	https://plantpath.ifas.ufl.edu/rsol/Culturemedia.html#MediaReferences																																													
SAMN27356567	T305	RAL_AA0401AA			SAMN27356567	MIGS Cultured Bacterial/Archaeal sample from Ralstonia solanacearum	27356567	Ralstonia solanacearum	T305			Clove				11823852								Xylem sap	Agricultural	Not applicable	NCPPB 3794	Seed	Indonesia	111	Asia	NA	NA	1987	https://plantpath.ifas.ufl.edu/rsol/Culturemedia.html#MediaReferences																																													
SAMN27356568	YO112	RAL_AA0400AA			SAMN27356568	MIGS Cultured Bacterial/Archaeal sample from Ralstonia solanacearum	27356568	Ralstonia solanacearum	missing			Water				11823852								Xylem sap	Agricultural	Not applicable	NA	Seed	Ireland	112	Europe	NA	NA	2007	https://plantpath.ifas.ufl.edu/rsol/Culturemedia.html#MediaReferences																																													
SAMN27356569	YO113	RAL_AA0399AA			SAMN27356569	MIGS Cultured Bacterial/Archaeal sample from Ralstonia solanacearum	27356569	Ralstonia solanacearum	missing			Water				11823852								Xylem sap	Agricultural	Not applicable	NA	Seed	Ireland	113	Europe	NA	NA	2007	https://plantpath.ifas.ufl.edu/rsol/Culturemedia.html#MediaReferences																																													
SAMN27356570	YO114	RAL_AA0525AA			SAMN27356570	MIGS Cultured Bacterial/Archaeal sample from Ralstonia solanacearum	27356570	Ralstonia solanacearum	missing			Potato				11823852								Xylem sap	Agricultural	Not applicable	NA	Seed	Ireland	114	Europe	NA	NA	2007	https://plantpath.ifas.ufl.edu/rsol/Culturemedia.html#MediaReferences																																													
SAMN27356571	YO115	RAL_AA0524AA			SAMN27356571	MIGS Cultured Bacterial/Archaeal sample from Ralstonia solanacearum	27356571	Ralstonia solanacearum	missing			missing				11823852								Xylem sap	Agricultural	Not applicable	NA	Seed	Ireland	115	Europe	NA	NA	2007	https://plantpath.ifas.ufl.edu/rsol/Culturemedia.html#MediaReferences																																													
SAMN27356572	YO116	RAL_AA0523AA			SAMN27356572	MIGS Cultured Bacterial/Archaeal sample from Ralstonia solanacearum	27356572	Ralstonia solanacearum	missing			Tomato				11823852								Xylem sap	Agricultural	Not applicable	NA	Seed	Ireland	116	Europe	NA	NA	2007	https://plantpath.ifas.ufl.edu/rsol/Culturemedia.html#MediaReferences																																													
SAMN27356573	YO117	RAL_AA0522AA			SAMN27356573	MIGS Cultured Bacterial/Archaeal sample from Ralstonia solanacearum	27356573	Ralstonia solanacearum	missing			Tomato				11823852								Xylem sap	Agricultural	Not applicable	NA	Seed	Ireland	117	Europe	NA	NA	2007	https://plantpath.ifas.ufl.edu/rsol/Culturemedia.html#MediaReferences																																													
SAMN27356574	YO120	RAL_AA0521AA			SAMN27356574	MIGS Cultured Bacterial/Archaeal sample from Ralstonia solanacearum	27356574	Ralstonia solanacearum	missing			Potato				11823852								Xylem sap	Agricultural	Not applicable	NCPPB 173	Seed	Kenya	120	Africa	NA	NA	1945	https://plantpath.ifas.ufl.edu/rsol/Culturemedia.html#MediaReferences																																													
SAMN27356575	YO121	RAL_AA0520AA			SAMN27356575	MIGS Cultured Bacterial/Archaeal sample from Ralstonia solanacearum	27356575	Ralstonia solanacearum	missing			Potato				11823852								Xylem sap	Agricultural	Not applicable	NCPPB 1028	Seed	Kenya	121	Africa	NA	NA	1961	https://plantpath.ifas.ufl.edu/rsol/Culturemedia.html#MediaReferences																																													
SAMN27356576	YO122	RAL_AA0519AA			SAMN27356576	MIGS Cultured Bacterial/Archaeal sample from Ralstonia solanacearum	27356576	Ralstonia solanacearum	missing			Eggplant				11823852								Xylem sap	Agricultural	Not applicable	NCPPB 1045	Seed	Kenya	122	Africa	NA	NA	1961	https://plantpath.ifas.ufl.edu/rsol/Culturemedia.html#MediaReferences																																													
SAMN27356577	YO123	RAL_AA0518AA			SAMN27356577	MIGS Cultured Bacterial/Archaeal sample from Ralstonia solanacearum	27356577	Ralstonia solanacearum	missing			Tomato				11823852								Xylem sap	Agricultural	Not applicable	NCPPB 1049	Seed	Kenya	123	Africa	NA	NA	1961	https://plantpath.ifas.ufl.edu/rsol/Culturemedia.html#MediaReferences																																													
SAMN27356578	YO124	RAL_AA0517AA			SAMN27356578	MIGS Cultured Bacterial/Archaeal sample from Ralstonia solanacearum	27356578	Ralstonia solanacearum	missing			Water				11823852								Xylem sap	Agricultural	Not applicable	NCPPB 4215	Seed	Kenya	124	Africa	NA	NA	2001	https://plantpath.ifas.ufl.edu/rsol/Culturemedia.html#MediaReferences																																													
SAMN27356579	YO125	RAL_AA0516AA			SAMN27356579	MIGS Cultured Bacterial/Archaeal sample from Ralstonia solanacearum	27356579	Ralstonia solanacearum	missing			Pelargonium x hortorum				11823852								Xylem sap	Agricultural	Not applicable	NCPPB 4211	Seed	Kenya	125	Africa	NA	NA	2001	https://plantpath.ifas.ufl.edu/rsol/Culturemedia.html#MediaReferences																																													
SAMN27356580	YO126	RAL_AA0514AA			SAMN27356580	MIGS Cultured Bacterial/Archaeal sample from Ralstonia solanacearum	27356580	Ralstonia solanacearum	missing			Pelargonium x hortorum				11823852								Xylem sap	Agricultural	Not applicable	NCPPB 4212	Seed	Kenya	126	Africa	NA	NA	2001	https://plantpath.ifas.ufl.edu/rsol/Culturemedia.html#MediaReferences																																													
SAMN27356581	YO127	RAL_AA0513AA			SAMN27356581	MIGS Cultured Bacterial/Archaeal sample from Ralstonia solanacearum	27356581	Ralstonia solanacearum	missing			Water				11823852								Xylem sap	Agricultural	Not applicable	NCPPB 4213	Seed	Kenya	127	Africa	NA	NA	2001	https://plantpath.ifas.ufl.edu/rsol/Culturemedia.html#MediaReferences																																													
SAMN27356582	YO128	RAL_AA0512AA			SAMN27356582	MIGS Cultured Bacterial/Archaeal sample from Ralstonia solanacearum	27356582	Ralstonia solanacearum	missing			Soil				11823852								Xylem sap	Agricultural	Not applicable	NCPPB 4214	Seed	Kenya	128	Africa	NA	NA	2001	https://plantpath.ifas.ufl.edu/rsol/Culturemedia.html#MediaReferences																																													
SAMN27356583	YO129	RAL_AA0511AA			SAMN27356583	MIGS Cultured Bacterial/Archaeal sample from Ralstonia solanacearum	27356583	Ralstonia solanacearum	missing			Potato				11823852								Xylem sap	Agricultural	Not applicable	NCPPB 1489	Seed	Portugal: Madeira	129	Africa	NA	NA	1963	https://plantpath.ifas.ufl.edu/rsol/Culturemedia.html#MediaReferences																																													
SAMN27356584	YO130	RAL_AA0510AA			SAMN27356584	MIGS Cultured Bacterial/Archaeal sample from Ralstonia solanacearum	27356584	Ralstonia solanacearum	missing			Teak				11823852								Xylem sap	Agricultural	Not applicable	NCPPB 0792	Seed	Malaysia	130	Asia	NA	NA	1960	https://plantpath.ifas.ufl.edu/rsol/Culturemedia.html#MediaReferences																																													
SAMN27356585	YO131	RAL_AA0509AA			SAMN27356585	MIGS Cultured Bacterial/Archaeal sample from Ralstonia solanacearum	27356585	Ralstonia solanacearum	missing			Ginger				11823852								Xylem sap	Agricultural	Not applicable	NCPPB 1052	Seed	Malaysia	131	Asia	NA	NA	1961	https://plantpath.ifas.ufl.edu/rsol/Culturemedia.html#MediaReferences																																													
SAMN27356586	YO132	RAL_AA0508AA			SAMN27356586	MIGS Cultured Bacterial/Archaeal sample from Ralstonia solanacearum	27356586	Ralstonia solanacearum	missing			Potato				11823852								Xylem sap	Agricultural	Not applicable	NCPPB 1614	Seed	Malaysia	132	Asia	NA	NA	1964	https://plantpath.ifas.ufl.edu/rsol/Culturemedia.html#MediaReferences																																													
SAMN27356587	YO133	RAL_AA0294AA			SAMN27356587	MIGS Cultured Bacterial/Archaeal sample from Ralstonia solanacearum	27356587	Ralstonia solanacearum	missing			Tomato				11823852								Xylem sap	Agricultural	Not applicable	NCPPB 3190	Seed	Malaysia	133	Asia	NA	NA	1978	https://plantpath.ifas.ufl.edu/rsol/Culturemedia.html#MediaReferences																																													
SAMN27356588	YO134	RAL_AA0507AA			SAMN27356588	MIGS Cultured Bacterial/Archaeal sample from Ralstonia solanacearum	27356588	Ralstonia solanacearum	missing			Eggplant				11823852								Xylem sap	Agricultural	Not applicable	NCPPB 2199	Seed	Martinique	134	North America	NA	NA	1965	https://plantpath.ifas.ufl.edu/rsol/Culturemedia.html#MediaReferences																																													
SAMN27356589	YO135	RAL_AA0283AA			SAMN27356589	MIGS Cultured Bacterial/Archaeal sample from Ralstonia solanacearum	27356589	Ralstonia solanacearum	missing			Pine tree				11823852								Xylem sap	Agricultural	Not applicable	NCPPB 253	Seed	Mauritius	135	Africa	NA	NA	1949	https://plantpath.ifas.ufl.edu/rsol/Culturemedia.html#MediaReferences																																													
SAMN27356590	YO136	RAL_AA0505AA			SAMN27356590	MIGS Cultured Bacterial/Archaeal sample from Ralstonia solanacearum	27356590	Ralstonia solanacearum	missing			Broad bean				11823852								Xylem sap	Agricultural	Not applicable	NCPPB 0500	Seed	Mauritius	136	Africa	NA	NA	1956	https://plantpath.ifas.ufl.edu/rsol/Culturemedia.html#MediaReferences																																													
SAMN27356591	YO137	RAL_AA0504AA			SAMN27356591	MIGS Cultured Bacterial/Archaeal sample from Ralstonia solanacearum	27356591	Ralstonia solanacearum	missing			Cabbage				11823852								Xylem sap	Agricultural	Not applicable	NCPPB 0501	Seed	Mauritius	137	Africa	NA	NA	1956	https://plantpath.ifas.ufl.edu/rsol/Culturemedia.html#MediaReferences																																													
SAMN27356592	YO138	RAL_AA0459AA			SAMN27356592	MIGS Cultured Bacterial/Archaeal sample from Ralstonia solanacearum	27356592	Ralstonia solanacearum	missing			Dahlia sp.				11823852								Xylem sap	Agricultural	Not applicable	NCPPB 0503	Seed	Mauritius	138	Africa	NA	NA	1956	https://plantpath.ifas.ufl.edu/rsol/Culturemedia.html#MediaReferences																																													
SAMN27356593	YO139	RAL_AA0458AA			SAMN27356593	MIGS Cultured Bacterial/Archaeal sample from Ralstonia solanacearum	27356593	Ralstonia solanacearum	missing			Potato				11823852								Xylem sap	Agricultural	Not applicable	NCPPB 1621	Seed	Mauritius	139	Africa	NA	NA	1960	https://plantpath.ifas.ufl.edu/rsol/Culturemedia.html#MediaReferences																																													
SAMN27356594	YO140	RAL_AA0457AA			SAMN27356594	MIGS Cultured Bacterial/Archaeal sample from Ralstonia solanacearum	27356594	Ralstonia solanacearum	missing			Strelitzia reginae				11823852								Xylem sap	Agricultural	Not applicable	NCPPB 1484	Seed	Mauritius	140	Africa	NA	NA	1963	https://plantpath.ifas.ufl.edu/rsol/Culturemedia.html#MediaReferences																																													
SAMN27356595	YO141	RAL_AA0456AA			SAMN27356595	MIGS Cultured Bacterial/Archaeal sample from Ralstonia solanacearum	27356595	Ralstonia solanacearum	missing			Common bean				11823852								Xylem sap	Agricultural	Not applicable	NCPPB 1485	Seed	Mauritius	141	Africa	NA	NA	1963	https://plantpath.ifas.ufl.edu/rsol/Culturemedia.html#MediaReferences																																													
SAMN27356596	R287, UW278	RAL_AA0455AA			SAMN27356596	MIGS Cultured Bacterial/Archaeal sample from Ralstonia solanacearum	27356596	Ralstonia solanacearum	R287, UW278			Tomato				11823852								Xylem sap	Agricultural	Not applicable	NCPPB 3974	Seed	Mexico	142	North America	NA	NA	NA	https://plantpath.ifas.ufl.edu/rsol/Culturemedia.html#MediaReferences																																													
SAMN27356597	YO143	RAL_AA0200AA			SAMN27356597	MIGS Cultured Bacterial/Archaeal sample from Ralstonia solanacearum	27356597	Ralstonia solanacearum	missing			Potato				11823852								Xylem sap	Agricultural	Not applicable	NCPPB 3238	Seed	Netherlands	143	Europe	NA	NA	1982	https://plantpath.ifas.ufl.edu/rsol/Culturemedia.html#MediaReferences																																													
SAMN27356599	YO145	RAL_AA0453AA			SAMN27356599	MIGS Cultured Bacterial/Archaeal sample from Ralstonia solanacearum	27356599	Ralstonia solanacearum	missing			Potato				11823852								Xylem sap	Agricultural	Not applicable	NCPPB 1703	Seed	Nigeria	145	Europe	NA	NA	1965	https://plantpath.ifas.ufl.edu/rsol/Culturemedia.html#MediaReferences																																													
SAMN27356600	YO146	RAL_AA0451AA			SAMN27356600	MIGS Cultured Bacterial/Archaeal sample from Ralstonia solanacearum	27356600	Ralstonia solanacearum	missing			Potato				11823852								Xylem sap	Agricultural	Not applicable	NCPPB 2088	Seed	Nigeria	146	Africa	NA	NA	1968	https://plantpath.ifas.ufl.edu/rsol/Culturemedia.html#MediaReferences																																													
SAMN27356601	YO147	RAL_AA0450AA			SAMN27356601	MIGS Cultured Bacterial/Archaeal sample from Ralstonia solanacearum	27356601	Ralstonia solanacearum	missing			Potato				11823852								Xylem sap	Agricultural	Not applicable	NA	Seed	Pakistan	147	Asia	NA	NA	2011	https://plantpath.ifas.ufl.edu/rsol/Culturemedia.html#MediaReferences																																													
SAMN27356602	YO148	RAL_AA0449AA			SAMN27356602	MIGS Cultured Bacterial/Archaeal sample from Ralstonia solanacearum	27356602	Ralstonia solanacearum	missing			Potato				11823852								Xylem sap	Agricultural	Not applicable	NA	Seed	Pakistan	148	Asia	NA	NA	2011	https://plantpath.ifas.ufl.edu/rsol/Culturemedia.html#MediaReferences																																													
SAMN27356603	YO149	RAL_AA0448AA			SAMN27356603	MIGS Cultured Bacterial/Archaeal sample from Ralstonia solanacearum	27356603	Ralstonia solanacearum	missing			Tomato				11823852								Xylem sap	Agricultural	Not applicable	NCPPB 1123	Seed	Papua New Guinea	149	Oceania	NA	NA	1961	https://plantpath.ifas.ufl.edu/rsol/Culturemedia.html#MediaReferences																																													
SAMN27356604	YO150	RAL_AA0447AA			SAMN27356604	MIGS Cultured Bacterial/Archaeal sample from Ralstonia solanacearum	27356604	Ralstonia solanacearum	missing			Tomato				11823852								Xylem sap	Agricultural	Not applicable	NCPPB 1140	Seed	Papua New Guinea	150	Oceania	NA	NA	1961	https://plantpath.ifas.ufl.edu/rsol/Culturemedia.html#MediaReferences																																													
SAMN27356605	YO151	RAL_AA0446AA			SAMN27356605	MIGS Cultured Bacterial/Archaeal sample from Ralstonia solanacearum	27356605	Ralstonia solanacearum	missing			Potato				11823852								Xylem sap	Agricultural	Not applicable	NCPPB 2937	Seed	Papua New Guinea	151	Oceania	NA	NA	1975	https://plantpath.ifas.ufl.edu/rsol/Culturemedia.html#MediaReferences																																													
SAMN27356606	R578	RAL_AA0189AA			SAMN27356606	MIGS Cultured Bacterial/Archaeal sample from Ralstonia solanacearum	27356606	Ralstonia solanacearum	R578			Eggplant				11823852								Xylem sap	Agricultural	Not applicable	NCPPB 3985	Seed	Peru	152	South America	NA	NA	1987	https://plantpath.ifas.ufl.edu/rsol/Culturemedia.html#MediaReferences																																													
SAMN27356607	YO153	RAL_AA0445AA			SAMN27356607	MIGS Cultured Bacterial/Archaeal sample from Ralstonia solanacearum	27356607	Ralstonia solanacearum	missing			Potato				11823852								Xylem sap	Agricultural	Not applicable	NCPPB 3990	Seed	Peru	153	South America	NA	NA	1989	https://plantpath.ifas.ufl.edu/rsol/Culturemedia.html#MediaReferences																																													
SAMN27356608	R355	RAL_AA0444AA			SAMN27356608	MIGS Cultured Bacterial/Archaeal sample from Ralstonia solanacearum	27356608	Ralstonia solanacearum	R355			Tomato				11823852								Xylem sap	Agricultural	Not applicable	NA	Seed	Peru	154	South America	NA	NA	NA	https://plantpath.ifas.ufl.edu/rsol/Culturemedia.html#MediaReferences																																													
SAMN27356609	CIP301, R311	RAL_AA0443AA			SAMN27356609	MIGS Cultured Bacterial/Archaeal sample from Ralstonia solanacearum	27356609	Ralstonia solanacearum	CIP301, R311			Potato				11823852								Xylem sap	Agricultural	Not applicable	NA	Seed	Peru	155	South America	NA	NA	NA	https://plantpath.ifas.ufl.edu/rsol/Culturemedia.html#MediaReferences																																													
SAMN27356610	YO156	RAL_AA0441AA			SAMN27356610	MIGS Cultured Bacterial/Archaeal sample from Ralstonia solanacearum	27356610	Ralstonia solanacearum	missing			Tomato				11823852								Xylem sap	Agricultural	Not applicable	NCPPB 3996	Seed	Peru	156	South America	NA	NA	NA	https://plantpath.ifas.ufl.edu/rsol/Culturemedia.html#MediaReferences																																													
SAMN27356611	YO157	RAL_AA0440AA			SAMN27356611	MIGS Cultured Bacterial/Archaeal sample from Ralstonia solanacearum	27356611	Ralstonia solanacearum	missing			Banana				11823852								Xylem sap	Agricultural	Not applicable	NCPPB 2315	Seed	Peru	157	South America	NA	NA	NA	https://plantpath.ifas.ufl.edu/rsol/Culturemedia.html#MediaReferences																																													
SAMN27356612	YO158	RAL_AA0439AA			SAMN27356612	MIGS Cultured Bacterial/Archaeal sample from Ralstonia solanacearum	27356612	Ralstonia solanacearum	missing			Potato				11823852								Xylem sap	Agricultural	Not applicable	NCPPB 3986	Seed	Peru	158	South America	NA	NA	NA	https://plantpath.ifas.ufl.edu/rsol/Culturemedia.html#MediaReferences																																													
SAMN27356613	YO159	RAL_AA0438AA			SAMN27356613	MIGS Cultured Bacterial/Archaeal sample from Ralstonia solanacearum	27356613	Ralstonia solanacearum	missing			Banana				11823852								Xylem sap	Agricultural	Not applicable	NCPPB 3970	Seed	Philippines	159	Asia	NA	NA	1992	https://plantpath.ifas.ufl.edu/rsol/Culturemedia.html#MediaReferences																																													
SAMN27356614	YO160	RAL_AA0503AA			SAMN27356614	MIGS Cultured Bacterial/Archaeal sample from Ralstonia solanacearum	27356614	Ralstonia solanacearum	missing			Banana				11823852								Xylem sap	Agricultural	Not applicable	NCPPB 3971	Seed	Philippines	160	Asia	NA	NA	NA	https://plantpath.ifas.ufl.edu/rsol/Culturemedia.html#MediaReferences																																													
SAMN27356616	YO162	RAL_AA0501AA			SAMN27356616	MIGS Cultured Bacterial/Archaeal sample from Ralstonia solanacearum	27356616	Ralstonia solanacearum	missing			missing				11823852								Xylem sap	Agricultural	Not applicable	NA	Seed	Poland	162	Europe	NA	NA	2014	https://plantpath.ifas.ufl.edu/rsol/Culturemedia.html#MediaReferences																																													
SAMN27356617	YO163	RAL_AA0500AA			SAMN27356617	MIGS Cultured Bacterial/Archaeal sample from Ralstonia solanacearum	27356617	Ralstonia solanacearum	missing			Rose				11823852								Xylem sap	Agricultural	Not applicable	NA	Seed	Poland	163	Europe	NA	NA	2016	https://plantpath.ifas.ufl.edu/rsol/Culturemedia.html#MediaReferences																																													
SAMN27356618	YO164	RAL_AA0499AA			SAMN27356618	MIGS Cultured Bacterial/Archaeal sample from Ralstonia solanacearum	27356618	Ralstonia solanacearum	missing			Rose				11823852								Xylem sap	Agricultural	Not applicable	NA	Seed	Poland	164	Europe	NA	NA	2016	https://plantpath.ifas.ufl.edu/rsol/Culturemedia.html#MediaReferences																																													
SAMN27356619	YO165	RAL_AA0498AA			SAMN27356619	MIGS Cultured Bacterial/Archaeal sample from Ralstonia solanacearum	27356619	Ralstonia solanacearum	missing			Tomato				11823852								Xylem sap	Agricultural	Not applicable	NCPPB 1019	Seed	Portugal	165	Europe	NA	NA	1960	https://plantpath.ifas.ufl.edu/rsol/Culturemedia.html#MediaReferences																																													
SAMN27356620	EURS 79	RAL_AA0496AA			SAMN27356620	MIGS Cultured Bacterial/Archaeal sample from Ralstonia solanacearum	27356620	Ralstonia solanacearum	EURS 79			Potato				11823852								Xylem sap	Agricultural	Not applicable	NA	Seed	Portugal	166	Europe	NA	NA	1995	https://plantpath.ifas.ufl.edu/rsol/Culturemedia.html#MediaReferences																																													
SAMN27356622	YO168	RAL_AA0494AA			SAMN27356622	MIGS Cultured Bacterial/Archaeal sample from Ralstonia solanacearum	27356622	Ralstonia solanacearum	missing			Tomato				11823852								Xylem sap	Agricultural	Not applicable	NCPPB 1225	Seed	Puerto Rico	168	North America	NA	NA	1958	https://plantpath.ifas.ufl.edu/rsol/Culturemedia.html#MediaReferences																																													
SAMN27356623	YO169	RAL_AA0493AA			SAMN27356623	MIGS Cultured Bacterial/Archaeal sample from Ralstonia solanacearum	27356623	Ralstonia solanacearum	missing			Tomato				11823852								Xylem sap	Agricultural	Not applicable	NCPPB 1226	Seed	Puerto Rico	169	North America	NA	NA	1958	https://plantpath.ifas.ufl.edu/rsol/Culturemedia.html#MediaReferences																																													
SAMN27356624	YO170	RAL_AA0492AA			SAMN27356624	MIGS Cultured Bacterial/Archaeal sample from Ralstonia solanacearum	27356624	Ralstonia solanacearum	missing			Potato				11823852								Xylem sap	Agricultural	Not applicable	NA	Seed	Serbia	170	Europe	NA	NA	2012	https://plantpath.ifas.ufl.edu/rsol/Culturemedia.html#MediaReferences																																													
SAMN27356625	YO171	RAL_AA0491AA			SAMN27356625	MIGS Cultured Bacterial/Archaeal sample from Ralstonia solanacearum	27356625	Ralstonia solanacearum	missing			Potato				11823852								Xylem sap	Agricultural	Not applicable	NA	Seed	Serbia	171	Europe	NA	NA	2012	https://plantpath.ifas.ufl.edu/rsol/Culturemedia.html#MediaReferences																																													
SAMN27356626	YO173	RAL_AA0490AA			SAMN27356626	MIGS Cultured Bacterial/Archaeal sample from Ralstonia solanacearum	27356626	Ralstonia solanacearum	missing			Potato				11823852								Xylem sap	Agricultural	Not applicable	NA	Seed	Serbia	173	Europe	NA	NA	2012	https://plantpath.ifas.ufl.edu/rsol/Culturemedia.html#MediaReferences																																													
SAMN27356627	YO174	RAL_AA0489AA			SAMN27356627	MIGS Cultured Bacterial/Archaeal sample from Ralstonia solanacearum	27356627	Ralstonia solanacearum	missing			missing				11823852								Xylem sap	Agricultural	Not applicable	NA	Seed	Serbia	174	Europe	NA	NA	2013	https://plantpath.ifas.ufl.edu/rsol/Culturemedia.html#MediaReferences																																													
SAMN27356628	YO175	RAL_AA0488AA			SAMN27356628	MIGS Cultured Bacterial/Archaeal sample from Ralstonia solanacearum	27356628	Ralstonia solanacearum	missing			missing				11823852								Xylem sap	Agricultural	Not applicable	NA	Seed	Serbia	175	Europe	NA	NA	2013	https://plantpath.ifas.ufl.edu/rsol/Culturemedia.html#MediaReferences																																													
SAMN27356629	YO176	RAL_AA0487AA			SAMN27356629	MIGS Cultured Bacterial/Archaeal sample from Ralstonia solanacearum	27356629	Ralstonia solanacearum	missing			missing				11823852								Xylem sap	Agricultural	Not applicable	NA	Seed	Serbia	176	Europe	NA	NA	2013	https://plantpath.ifas.ufl.edu/rsol/Culturemedia.html#MediaReferences																																													
SAMN27356631	YO178	RAL_AA0485AA			SAMN27356631	MIGS Cultured Bacterial/Archaeal sample from Ralstonia solanacearum	27356631	Ralstonia solanacearum	missing			Tomato				11823852								Xylem sap	Agricultural	Not applicable	NCPPB 1763	Seed	Seychelles	178	Africa	NA	NA	1965	https://plantpath.ifas.ufl.edu/rsol/Culturemedia.html#MediaReferences																																													
SAMN27356632	SMT 69	RAL_AA0484AA			SAMN27356632	MIGS Cultured Bacterial/Archaeal sample from Ralstonia solanacearum	27356632	Ralstonia solanacearum	SMT 69			Potato				11823852								Xylem sap	Agricultural	Not applicable	NCPPB 4160	Seed	Spain	180	Europe	NA	NA	1996	https://plantpath.ifas.ufl.edu/rsol/Culturemedia.html#MediaReferences																																													
SAMN27356633	YO181	RAL_AA0483AA			SAMN27356633	MIGS Cultured Bacterial/Archaeal sample from Ralstonia solanacearum	27356633	Ralstonia solanacearum	missing			Potato				11823852								Xylem sap	Agricultural	Not applicable	NCPPB 1323	Seed	Sri Lanka	181	Asia	NA	NA	1962	https://plantpath.ifas.ufl.edu/rsol/Culturemedia.html#MediaReferences																																													
SAMN27356634	YO182	RAL_AA0482AA			SAMN27356634	MIGS Cultured Bacterial/Archaeal sample from Ralstonia solanacearum	27356634	Ralstonia solanacearum	missing			Tumeric				11823852								Xylem sap	Agricultural	Not applicable	NCPPB 3217	Seed	Sri Lanka	182	Asia	NA	NA	1980	https://plantpath.ifas.ufl.edu/rsol/Culturemedia.html#MediaReferences																																													
SAMN27356635	EURS 50	RAL_AA0481AA			SAMN27356635	MIGS Cultured Bacterial/Archaeal sample from Ralstonia solanacearum	27356635	Ralstonia solanacearum	EURS 50			Potato				11823852								Xylem sap	Agricultural	Not applicable	NCPPB 2505	Seed	Sweden	183	Europe	NA	NA	1972	https://plantpath.ifas.ufl.edu/rsol/Culturemedia.html#MediaReferences																																													
SAMN27356636	YO184	RAL_AA0437AA			SAMN27356636	MIGS Cultured Bacterial/Archaeal sample from Ralstonia solanacearum	27356636	Ralstonia solanacearum	missing			Solanum dulcamara				11823852								Xylem sap	Agricultural	Not applicable	NCPPB 2797	Seed	Sweden	184	Europe	NA	NA	1974	https://plantpath.ifas.ufl.edu/rsol/Culturemedia.html#MediaReferences																																													
SAMN27356637	YO185	RAL_AA0311AA			SAMN27356637	MIGS Cultured Bacterial/Archaeal sample from Ralstonia solanacearum	27356637	Ralstonia solanacearum	missing			Solanum dulcamara				11823852								Xylem sap	Agricultural	Not applicable	NCPPB 2796	Seed	Sweden	185	Europe	NA	NA	1975	https://plantpath.ifas.ufl.edu/rsol/Culturemedia.html#MediaReferences																																													
SAMN27356638	YO187	RAL_AA0436AA			SAMN27356638	MIGS Cultured Bacterial/Archaeal sample from Ralstonia solanacearum	27356638	Ralstonia solanacearum	missing			Ginger				11823852								Xylem sap	Agricultural	Not applicable	NCPPB 4000	Seed	Thailand	187	Asia	NA	NA	NA	https://plantpath.ifas.ufl.edu/rsol/Culturemedia.html#MediaReferences																																													
SAMN27356639	R299, UW30	RAL_AA0435AA			SAMN27356639	MIGS Cultured Bacterial/Archaeal sample from Ralstonia solanacearum	27356639	Ralstonia solanacearum	R299, UW30			Tomato				11823852								Xylem sap	Agricultural	Not applicable	NA	Seed	Trinidad and Tobago: Trinidad	188	South America	NA	NA	1957	https://plantpath.ifas.ufl.edu/rsol/Culturemedia.html#MediaReferences																																													
SAMN27356640	YO189	RAL_AA0433AA			SAMN27356640	MIGS Cultured Bacterial/Archaeal sample from Ralstonia solanacearum	27356640	Ralstonia solanacearum	missing			Banana				11823852								Xylem sap	Agricultural	Not applicable	NCPPB 0446	Seed	Trinidad and Tobago: Trinidad	189	South America	NA	NA	1957	https://plantpath.ifas.ufl.edu/rsol/Culturemedia.html#MediaReferences																																													
SAMN27356641	YO190	RAL_AA0432AA			SAMN27356641	MIGS Cultured Bacterial/Archaeal sample from Ralstonia solanacearum	27356641	Ralstonia solanacearum	missing			Tomato				11823852								Xylem sap	Agricultural	Not applicable	NCPPB 0616	Seed	Trinidad and Tobago: Trinidad	190	South America	NA	NA	1957	https://plantpath.ifas.ufl.edu/rsol/Culturemedia.html#MediaReferences																																													
SAMN27356643	YO192	RAL_AA0430AA			SAMN27356643	MIGS Cultured Bacterial/Archaeal sample from Ralstonia solanacearum	27356643	Ralstonia solanacearum	missing			Tomato				11823852								Xylem sap	Agricultural	Not applicable	NCPPB 2201	Seed	Trinidad and Tobago: Trinidad	192	South America	NA	NA	1968	https://plantpath.ifas.ufl.edu/rsol/Culturemedia.html#MediaReferences																																													
SAMN27356644	YO194	RAL_AA0429AA			SAMN27356644	MIGS Cultured Bacterial/Archaeal sample from Ralstonia solanacearum	27356644	Ralstonia solanacearum	missing			Peanut				11823852								Xylem sap	Agricultural	Not applicable	NCPPB 2484	Seed	Uganda	194	Africa	NA	NA	1969	https://plantpath.ifas.ufl.edu/rsol/Culturemedia.html#MediaReferences																																													
SAMN27356645	Race 3, Biovar 1	RAL_AA0428AA			SAMN27356645	MIGS Cultured Bacterial/Archaeal sample from Ralstonia solanacearum	27356645	Ralstonia solanacearum	Race 3, Biovar 1			Potato				30831858								Xylem sap	Agricultural	Not applicable	NCPPB 3854	Seed	United Kingdom	199	Europe	2	Oxfordshire	1992	https://plantpath.ifas.ufl.edu/rsol/Culturemedia.html#MediaReferences																																													
SAMN27356647	Race 3, Biovar 1	RAL_AA0425AA			SAMN27356647	MIGS Cultured Bacterial/Archaeal sample from Ralstonia solanacearum	27356647	Ralstonia solanacearum	Race 3, Biovar 1			Water				30831858								River water	Agricultural	Not applicable	NA	Riparian	United Kingdom	352	Europe	2	Berkshire	2014	https://plantpath.ifas.ufl.edu/rsol/Culturemedia.html#MediaReferences																																													
SAMN27356648	Race 3, Biovar 1	RAL_AA0424AA			SAMN27356648	MIGS Cultured Bacterial/Archaeal sample from Ralstonia solanacearum	27356648	Ralstonia solanacearum	Race 3, Biovar 1			Water				30831858								River water	Agricultural	Not applicable	NA	Riparian	United Kingdom	356	Europe	2	Cambridgeshire	2016	https://plantpath.ifas.ufl.edu/rsol/Culturemedia.html#MediaReferences																																													
SAMN27356649	Race 3, Biovar 1	RAL_AA0423AA			SAMN27356649	MIGS Cultured Bacterial/Archaeal sample from Ralstonia solanacearum	27356649	Ralstonia solanacearum	Race 3, Biovar 1			Water				30831858								River water	Agricultural	Not applicable	NA	Riparian	United Kingdom	357	Europe	2	Cambridgeshire	2016	https://plantpath.ifas.ufl.edu/rsol/Culturemedia.html#MediaReferences																																													
SAMN27356650	Race 3, Biovar 1	RAL_AA0422AA			SAMN27356650	MIGS Cultured Bacterial/Archaeal sample from Ralstonia solanacearum	27356650	Ralstonia solanacearum	Race 3, Biovar 1			Water				30831858								River water	Agricultural	Not applicable	NA	Riparian	United Kingdom	359	Europe	2	Norfolk	2016	https://plantpath.ifas.ufl.edu/rsol/Culturemedia.html#MediaReferences																																													
SAMN27356651	K60, R842	RAL_AA0305AA			SAMN27356651	MIGS Cultured Bacterial/Archaeal sample from Ralstonia solanacearum	27356651	Ralstonia solanacearum	K60, R842			Tomato				11823852								Seed	Agricultural	Not applicable	NCPPB 325, NCPPB 3973	Seed	USA	372	North America	2	NA	1953	https://plantpath.ifas.ufl.edu/rsol/Culturemedia.html#MediaReferences																																													
SAMN27356652	YO374	RAL_AA0421AA			SAMN27356652	MIGS Cultured Bacterial/Archaeal sample from Ralstonia solanacearum	27356652	Ralstonia solanacearum	missing			Tobacco				11823852								Seed	Agricultural	Not applicable	NCPPB 0338	Seed	USA	374	North America	2	NA	1954	https://plantpath.ifas.ufl.edu/rsol/Culturemedia.html#MediaReferences																																													
SAMN27356653	R300, UW27	RAL_AA0420AA			SAMN27356653	MIGS Cultured Bacterial/Archaeal sample from Ralstonia solanacearum	27356653	Ralstonia solanacearum	R300, UW27			Tobacco				11823852								Seed	Agricultural	Not applicable	NCPPB 4009	Seed	USA	375	North America	2	NA	1955	https://plantpath.ifas.ufl.edu/rsol/Culturemedia.html#MediaReferences																																													
SAMN27356654	YO376	RAL_AA0303AA			SAMN27356654	MIGS Cultured Bacterial/Archaeal sample from Ralstonia solanacearum	27356654	Ralstonia solanacearum	missing			Tomato				11823852								Seed	Agricultural	Not applicable	NCPPB 1580	Seed	USA	376	North America	2	NA	1959	https://plantpath.ifas.ufl.edu/rsol/Culturemedia.html#MediaReferences																																													
SAMN27356655	YO378	RAL_AA0480AA			SAMN27356655	MIGS Cultured Bacterial/Archaeal sample from Ralstonia solanacearum	27356655	Ralstonia solanacearum	missing			Ginger				11823852								Seed	Agricultural	Not applicable	NCPPB 1579	Seed	USA	378	North America	2	NA	1961	https://plantpath.ifas.ufl.edu/rsol/Culturemedia.html#MediaReferences																																													
SAMN27356656	YO379	RAL_AA0479AA			SAMN27356656	MIGS Cultured Bacterial/Archaeal sample from Ralstonia solanacearum	27356656	Ralstonia solanacearum	missing			Strelitzia reginae				11823852								Seed	Agricultural	Not applicable	NCPPB 1581	Seed	USA	379	North America	2	NA	1961	https://plantpath.ifas.ufl.edu/rsol/Culturemedia.html#MediaReferences																																													
SAMN27356657	UW551	RAL_AA0254AA			SAMN27356657	MIGS Cultured Bacterial/Archaeal sample from Ralstonia solanacearum	27356657	Ralstonia solanacearum	UW551			Pelargonium x hortorum				11823852								Seed	Agricultural	Not applicable	NCPPB 4362	Seed	USA	380	North America	2	NA	2003	https://plantpath.ifas.ufl.edu/rsol/Culturemedia.html#MediaReferences																																													
SAMN27356658	YO381	RAL_AA0477AA			SAMN27356658	MIGS Cultured Bacterial/Archaeal sample from Ralstonia solanacearum	27356658	Ralstonia solanacearum	missing			Banana				11823852								Seed	Agricultural	Not applicable	NCPPB 3969	Seed	Venezuela	381	South America	2	NA	missing	https://plantpath.ifas.ufl.edu/rsol/Culturemedia.html#MediaReferences																																													
SAMN27356659	YO382	RAL_AA0476AA			SAMN27356659	MIGS Cultured Bacterial/Archaeal sample from Ralstonia solanacearum	27356659	Ralstonia solanacearum	missing			Solanum panduriforme				11823852								Seed	Agricultural	Not applicable	NCPPB 0283	Seed	Zimbabwe	382	Africa	2	NA	1950	https://plantpath.ifas.ufl.edu/rsol/Culturemedia.html#MediaReferences																																													
SAMN27356660	YO383	RAL_AA0475AA			SAMN27356660	MIGS Cultured Bacterial/Archaeal sample from Ralstonia solanacearum	27356660	Ralstonia solanacearum	missing			Potato				11823852								Seed	Agricultural	Not applicable	NCPPB 0332	Seed	Zimbabwe	383	Africa	2	NA	1954	https://plantpath.ifas.ufl.edu/rsol/Culturemedia.html#MediaReferences																																													
SAMN27356661	YO384	RAL_AA0474AA			SAMN27356661	MIGS Cultured Bacterial/Archaeal sample from Ralstonia solanacearum	27356661	Ralstonia solanacearum	missing			Comfrey				11823852								Seed	Agricultural	Not applicable	NCPPB 0505	Seed	Zimbabwe	384	Africa	2	NA	1956	https://plantpath.ifas.ufl.edu/rsol/Culturemedia.html#MediaReferences																																													
SAMN27589866	P488	RAL_AA0375AA		GCF_023646615.1	SAMN27589866	Ralstonia solanacearum P488 isolated from pothos	27589866	Ralstonia solanacearum	P488	1996	USA: Florida	Pothos	missing	not collected			David Norman																			Bacterial wilt																																												
SAMN27589867	P545	RAL_AA0374AA		GCF_023700725.1	SAMN27589867	Ralstonia solanacearum P545 isolated from pothos	27589867	Ralstonia solanacearum	P545	1997	USA: Florida	Pothos	missing	not collected			David Norman																			Bacterial wilt																																												
SAMN27631874	P557	RAL_AA0371AA		GCF_023646585.1	SAMN27631874	P557	27631874	Ralstonia solanacearum	P557	1997	USA: Florida	Anthurium	missing	Not collected			David Norman																			Bacterial wilt																																												
SAMN27631875	P565	RAL_AA0370AA		GCF_023646575.1	SAMN27631875	P565	27631875	Ralstonia solanacearum	P565	1998	USA: Florida	Pothos	missing	Not collected			David Norman																			Bacterial wilt																																												
SAMN27631876	P575	RAL_AA0369AA		GCF_023646555.1	SAMN27631876	P575	27631876	Ralstonia solanacearum	P575	1999	USA: Florida	Pothos	missing	Not collected			David Norman																			Bacterial wilt																																												
SAMN27631877	P780	RAL_AA0368AA		GCF_023646535.1	SAMN27631877	P780	27631877	Ralstonia solanacearum	P780	2012	USA: Florida	Pothos	missing	Not collected			David Norman																			Bacterial wilt																																												
SAMN27631878	P840	RAL_AA0367AA		GCF_023646495.1	SAMN27631878	P840	27631878	Ralstonia solanacearum	P840	2017	USA: Florida	Pothos	missing	Not collected			David Norman																			Bacterial wilt																																												
SAMN27631879	RUN0003	RAL_AA0366AA		GCF_023646515.1	SAMN27631879	RUN0003	27631879	Ralstonia solanacearum	RUN0003	1999	Martinique	Anthurium	missing	Not collected			David Norman																			Bacterial wilt																																												
SAMN27631880	RUN0002	RAL_AA0365AA		GCF_023646475.1	SAMN27631880	RUN0002	27631880	Ralstonia solanacearum	RUN0002	2000	Martinique	Anthurium	missing	Not collected			David Norman																			Bacterial wilt																																												
SAMN27631881	P673	RAL_AA0364AA			SAMN27631881	P673	27631881	Ralstonia solanacearum	P673	2003	USA: Florida	Pothos	missing	Not collected			David Norman																			Bacterial wilt																																												
SAMN27631882	UW128	RAL_AA0373AA		GCF_023646455.1	SAMN27631882	UW128	27631882	Ralstonia solanacearum	UW128	1962	Peru	Plantain	missing	Not collected			Luis Sequiera																			Bacterial wilt																																												
SAMN27631883	UW170	RAL_AA0372AA		GCF_023646415.1	SAMN27631883	UW170	27631883	Ralstonia solanacearum	UW170	1961	Colombia	Heliconia	missing	Not collected			I. W. Buddenhagen																			Bacterial wilt																																												
SAMN28078141	UW132	RAL_AA1856AA		GCF_028464965.1	SAMN28078141	MIGS Cultured Bacterial/Archaeal sample from Ralstonia solanacearum	28078141	Ralstonia solanacearum	UW132	1962	Peru: Puerto Algeria	Musa x paradisiaca		missing		genome report			Cultivated plantation	http://lowepowerlab.ucdavis.edu/protocols/growing_ralstonia.html	2	xylem	Plantain tree													Ralstonia solanacearum																															room temperature		Waterstocks_UWMadison					Musa x paradisiaca (French plantain)						
SAMN28078142	UW158	RAL_AA1855AA		GCF_028464865.1	SAMN28078142	MIGS Cultured Bacterial/Archaeal sample from Ralstonia solanacearum	28078142	Ralstonia solanacearum	UW158	1962	Peru: Ramon Castilla	Musa acuminata		missing		10.1094/Phyto-60-506			Cultivated plantation	http://lowepowerlab.ucdavis.edu/protocols/growing_ralstonia.html	2	xylem	Plantain tree													Ralstonia solanacearum																															room temperature		Waterstocks_UWMadison					Musa acuminata Colla (AAA Group) 'Gros Michel'.						
SAMN28078143	UW171	RAL_AA1853AA		GCF_028464815.1	SAMN28078143	MIGS Cultured Bacterial/Archaeal sample from Ralstonia solanacearum	28078143	Ralstonia solanacearum	UW171	1961	Colombia	Heliconia sp.		3.6 N 73.3 W		10.1094/Phyto-60-506			tropical rainforest (educated guess)	http://lowepowerlab.ucdavis.edu/protocols/growing_ralstonia.html	2	xylem	Heliconia sp. tropical plant													Ralstonia solanacearum																															room temperature		Waterstocks_UWMadison											
SAMN28078144	UW172	RAL_AA1852AA		GCF_028464835.1	SAMN28078144	MIGS Cultured Bacterial/Archaeal sample from Ralstonia solanacearum	28078144	Ralstonia solanacearum	UW172	1961	Colombia	Heliconia sp.		3.6 N 73.3 W		10.1094/Phyto-60-506			tropical rainforest (educated guess)	http://lowepowerlab.ucdavis.edu/protocols/growing_ralstonia.html	2	xylem	Heliconia sp. tropical plant													Ralstonia solanacearum																															room temperature		Waterstocks_UWMadison					Heliconia sp.						
SAMN28078145	UW174	RAL_AA1851AA		GCF_028464785.1	SAMN28078145	MIGS Cultured Bacterial/Archaeal sample from Ralstonia solanacearum	28078145	Ralstonia solanacearum	UW174	1961	Colombia	Heliconia sp.		3.6 N 73.3 W		genome report			tropical rainforest (educated guess)	http://lowepowerlab.ucdavis.edu/protocols/growing_ralstonia.html	2	xylem	Heliconia sp. tropical plant													Ralstonia solanacearum																															room temperature		Waterstocks_UWMadison					Heliconia sp.						
SAMN28078146	UW176	RAL_AA1850AA		GCF_028464775.1	SAMN28078146	MIGS Cultured Bacterial/Archaeal sample from Ralstonia solanacearum	28078146	Ralstonia solanacearum	UW176	1961	Colombia	Musa x paradisiaca		3.6 N 73.3 W		10.1094/Phyto-60-506			Cultivated plantation	http://lowepowerlab.ucdavis.edu/protocols/growing_ralstonia.html	2	xylem	Plantain tree													Ralstonia solanacearum																															room temperature		Waterstocks_UWMadison					Musa x paradisiaca (Chato plantain)						
SAMN28078147	UW177	RAL_AA1849AA		GCF_028464765.1	SAMN28078147	MIGS Cultured Bacterial/Archaeal sample from Ralstonia solanacearum	28078147	Ralstonia solanacearum	UW177	1961	Colombia	Musa x paradisiaca		3.6 N 73.3 W		10.1094/Phyto-60-506			Cultivated plantation	http://lowepowerlab.ucdavis.edu/protocols/growing_ralstonia.html	2	xylem	Plantain tree													Ralstonia solanacearum																															room temperature		Waterstocks_UWMadison					Musa x paradisiaca (Chato plantain)						
SAMN28078148	UW180	RAL_AA1848AA		GCF_028464705.1	SAMN28078148	MIGS Cultured Bacterial/Archaeal sample from Ralstonia pseudosolanacearum	28078148	Ralstonia pseudosolanacearum	UW180	1961	Colombia	Musa x paradisiaca		3.6 N 73.3 W		10.1094/Phyto-60-506			Cultivated plantation	http://lowepowerlab.ucdavis.edu/protocols/growing_ralstonia.html	2	xylem	Plantain tree													Ralstonia solanacearum																															room temperature		Waterstocks_UWMadison	1310165				Musa x paradisiaca (Chato plantain)						
SAMN28078149	UW190	RAL_AA1847AA		GCF_028464665.1	SAMN28078149	MIGS Cultured Bacterial/Archaeal sample from Ralstonia solanacearum	28078149	Ralstonia solanacearum	UW190	1964	Peru	Musa x paradisiaca		missing		genome report			Cultivated plantation	http://lowepowerlab.ucdavis.edu/protocols/growing_ralstonia.html	2	xylem	Plantain tree													Ralstonia solanacearum																															room temperature		Waterstocks_UWMadison					Musa x paradisiaca (Inguire plantain)						
SAMN28078150	UW191	RAL_AA1846AA		GCF_028728295.1	SAMN28078150	MIGS Cultured Bacterial/Archaeal sample from Ralstonia solanacearum	28078150	Ralstonia solanacearum	UW191	1964	Peru	Musa x paradisiaca		missing		genome report			Cultivated plantation	http://lowepowerlab.ucdavis.edu/protocols/growing_ralstonia.html	2	xylem	Plantain tree													Ralstonia solanacearum																															room temperature		Waterstocks_UWMadison					Musa x paradisiaca (Inguire plantain)						
SAMN28078151	UW192	RAL_AA1854AA		GCF_028464745.1	SAMN28078151	MIGS Cultured Bacterial/Archaeal sample from Ralstonia solanacearum	28078151	Ralstonia solanacearum	UW192	1964	Peru	Musa x paradisiaca		missing		genome report			Cultivated plantation	http://lowepowerlab.ucdavis.edu/protocols/growing_ralstonia.html	2	xylem	Plantain tree													Ralstonia solanacearum																															room temperature		Waterstocks_UWMadison					Musa x paradisiaca (Inguire plantain)						
SAMN28078152	UW193	RAL_AA1845AA		GCF_028464715.1	SAMN28078152	MIGS Cultured Bacterial/Archaeal sample from Ralstonia pseudosolanacearum	28078152	Ralstonia pseudosolanacearum	UW193	1964	Peru	Solanum lycopersicum		missing		genome report			Cultivated field	http://lowepowerlab.ucdavis.edu/protocols/growing_ralstonia.html	2	xylem	tomato plant													Ralstonia solanacearum																															room temperature		Waterstocks_UWMadison	1310165										
SAMN28078154	UW5	RAL_AA0050AA		GCF_028728365.1	SAMN28078154	MIGS Cultured Bacterial/Archaeal sample from Ralstonia pseudosolanacearum	28078154	Ralstonia pseudosolanacearum	UW5	1955	Costa Rica	Heliconia sp.		8.90 N 82.92 W		10.1094/Phyto-60-506			tropical rainforest (educated guess)	http://lowepowerlab.ucdavis.edu/protocols/growing_ralstonia.html	2	xylem	Heliconia sp. tropical plant													Ralstonia solanacearum																															room temperature		Waterstocks_UWMadison	1310165										
SAMN28078155	UW41	RAL_AA0362AA			SAMN28078155	MIGS Cultured Bacterial/Archaeal sample from Ralstonia solanacearum	28078155	Ralstonia solanacearum	UW41	1960	Venezuela	Musa acuminata		6.4 N 66.6 W		genome report			Cultivated plantation	http://lowepowerlab.ucdavis.edu/protocols/growing_ralstonia.html	2	xylem	Banana tree													Ralstonia solanacearum																															room temperature		Waterstocks_UWMadison					Banana (Dwarf Cavendish)						
SAMN28078156	UW75	RAL_AA0361AA		GCF_028728185.1	SAMN28078156	MIGS Cultured Bacterial/Archaeal sample from Ralstonia solanacearum	28078156	Ralstonia solanacearum	UW75	1955	Costa Rica	Musa acuminata		8.90 N 82.92 W		genome report			Cultivated plantation	http://lowepowerlab.ucdavis.edu/protocols/growing_ralstonia.html	2	xylem	Banana tree													Ralstonia solanacearum																															room temperature		Waterstocks_UWMadison											
SAMN28078157	UW98	RAL_AA0360AA		GCF_028464675.1	SAMN28078157	MIGS Cultured Bacterial/Archaeal sample from Ralstonia solanacearum	28078157	Ralstonia solanacearum	UW98	1960	Costa Rica	Musa acuminata		9.7 N 83.7 W		genome report			Cultivated plantation	http://lowepowerlab.ucdavis.edu/protocols/growing_ralstonia.html	2	xylem	Banana tree													Ralstonia solanacearum																															room temperature		Waterstocks_UWMadison											
SAMN28078158	UW136	RAL_AA0359AA		GCF_028464595.1	SAMN28078158	MIGS Cultured Bacterial/Archaeal sample from Ralstonia solanacearum	28078158	Ralstonia solanacearum	UW136	1961	Costa Rica	Heliconia sp.		8.96 N 83.46 W		genome report			tropical rainforest (educated guess)	http://lowepowerlab.ucdavis.edu/protocols/growing_ralstonia.html	2	xylem	Heliconia sp. tropical plant													Ralstonia solanacearum																															room temperature		Waterstocks_UWMadison											
SAMN28078159	UW140	RAL_AA0358AA		GCF_028464615.1	SAMN28078159	MIGS Cultured Bacterial/Archaeal sample from Ralstonia solanacearum	28078159	Ralstonia solanacearum	UW140	1963	Costa Rica	Musa x paradisiaca		9.43 N 84.16 W		genome report			Cultivated plantation	http://lowepowerlab.ucdavis.edu/protocols/growing_ralstonia.html	2	xylem	Plantain tree													Ralstonia solanacearum																															room temperature		Waterstocks_UWMadison					Musa x paradisiaca (Chato plantain)						
SAMN29232630				GCA_024023015.1	SAMN29232630	Microbe sample from Ralstonia solanacearum	29232630	Ralstonia solanacearum	RS-N	2016-08-06	China: Nanjing, Jiangsu	tomato plant			single cell																																																																	
SAMN29421919	QL-Rs1115	RAL_AA0357AA			SAMN29421919	Pathogen: environmental/food/other sample from Ralstonia solanacearum	29421919	Ralstonia solanacearum	QL-Rs1115	2010	China: Nanjing		rhizosphere soil	32.03 N 118.57 E			Nanjing Agricultural University																																																															
SAMN29638280	Sw698	RAL_AA0053AA		GCF_025859635.1	SAMN29638280	Microbe sample from Ralstonia pseudosolanacearum	29638280	Ralstonia pseudosolanacearum	Sw698	1998	South Korea: Suwon		tomato bacterial wilt		single cell																																												4																					
SAMN29638281	Gj707	RAL_AA0052AA		GCF_025859615.1	SAMN29638281	Microbe sample from Ralstonia pseudosolanacearum	29638281	Ralstonia pseudosolanacearum	Gj707	1997	South Korea: Gwangju		tomato bacterial wilt		single cell																																												4																					
SAMN29638282	Cw717	RAL_AA0051AA		GCF_025859515.1	SAMN29638282	Microbe sample from Ralstonia pseudosolanacearum	29638282	Ralstonia pseudosolanacearum	Cw717	1997	South Korea: Cheorwon		tomato bacterial wilt		single cell																																												4																					
SAMN29673691	Bs715	RAL_AA0356AA		GCF_024802605.1	SAMN29673691	Microbe sample from Ralstonia solanacearum	29673691	Ralstonia solanacearum	Bs715	1998	South Korea: Suwon		Tomato bacterial wilt		single cell																																																																	
SAMN29673692	Wj644	RAL_AA0355AA		GCF_025884395.1	SAMN29673692	Microbe sample from Ralstonia solanacearum	29673692	Ralstonia solanacearum	Wj644	2015	South Korea: Wanju		Tomato bacterial wilt		single cell																																																																	
SAMN29673693	WR-1	RAL_AA0354AA		GCA_025884495.1	SAMN29673693	Microbe sample from Ralstonia solanacearum	29673693	Ralstonia solanacearum	WR-1	2019	South Korea: Wanju		Tomato bacterial wilt		single cell																																																																	
SAMN30821939	Race 3, Biovar 1	RAL_AA0250AA			SAMN30821939	MIGS Cultured Bacterial/Archaeal sample from Ralstonia solanacearum	30821939	Ralstonia solanacearum	Race 3, Biovar 1			Potato				30831858								Xylem sap	Agricultural	Not applicable	NA	Seed	United Kingdom	196	Europe	2	Oxfordshire	1992	https://plantpath.ifas.ufl.edu/rsol/Culturemedia.html#MediaReferences																																													
SAMN30821940	Race 3, Biovar 1	RAL_AA0249AA			SAMN30821940	MIGS Cultured Bacterial/Archaeal sample from Ralstonia solanacearum	30821940	Ralstonia solanacearum	Race 3, Biovar 1			Potato				30831858								Xylem sap	Agricultural	Not applicable	NA	Seed	United Kingdom	197	Europe	2	Oxfordshire	1992	https://plantpath.ifas.ufl.edu/rsol/Culturemedia.html#MediaReferences																																													
SAMN30821941	Race 3, Biovar 1	RAL_AA0248AA			SAMN30821941	MIGS Cultured Bacterial/Archaeal sample from Ralstonia solanacearum	30821941	Ralstonia solanacearum	Race 3, Biovar 1			Potato				30831858								Xylem sap	Agricultural	Not applicable	NA	Seed	United Kingdom	198	Europe	2	Oxfordshire	1992	https://plantpath.ifas.ufl.edu/rsol/Culturemedia.html#MediaReferences																																													
SAMN30821942	Race 3, Biovar 1	RAL_AA0247AA			SAMN30821942	MIGS Cultured Bacterial/Archaeal sample from Ralstonia solanacearum	30821942	Ralstonia solanacearum	Race 3, Biovar 1			Potato				30831858								Xylem sap	Agricultural	Not applicable	NCPPB 3855	Seed	United Kingdom	200	Europe	2	NA	1992	https://plantpath.ifas.ufl.edu/rsol/Culturemedia.html#MediaReferences																																													
SAMN30821943	Race 3, Biovar 1	RAL_AA0246AA			SAMN30821943	MIGS Cultured Bacterial/Archaeal sample from Ralstonia solanacearum	30821943	Ralstonia solanacearum	Race 3, Biovar 1			Potato				30831858								Xylem sap	Agricultural	Not applicable	NCPPB 3856	Seed	United Kingdom	201	Europe	2	NA	1992	https://plantpath.ifas.ufl.edu/rsol/Culturemedia.html#MediaReferences																																													
SAMN30821944	Race 3, Biovar 1	RAL_AA0245AA			SAMN30821944	MIGS Cultured Bacterial/Archaeal sample from Ralstonia solanacearum	30821944	Ralstonia solanacearum	Race 3, Biovar 1			Potato				30831858								Xylem sap	Agricultural	Not applicable	NCPPB 3858	Seed	United Kingdom	202	Europe	2	NA	1992	https://plantpath.ifas.ufl.edu/rsol/Culturemedia.html#MediaReferences																																													
SAMN30821945	Race 3, Biovar 1	RAL_AA0244AA			SAMN30821945	MIGS Cultured Bacterial/Archaeal sample from Ralstonia solanacearum	30821945	Ralstonia solanacearum	Race 3, Biovar 1			Potato				30831858								Xylem sap	Agricultural	Not applicable	NCPPB 3815	Seed	United Kingdom	203	Europe	2	NA	1992	https://plantpath.ifas.ufl.edu/rsol/Culturemedia.html#MediaReferences																																													
SAMN30821946	Race 3, Biovar 1	RAL_AA0243AA			SAMN30821946	MIGS Cultured Bacterial/Archaeal sample from Ralstonia solanacearum	30821946	Ralstonia solanacearum	Race 3, Biovar 1			Solanum dulcamara				30831858								River water	Agricultural	Not applicable	NA	Riparian	United Kingdom	205	Europe	2	Oxfordshire	1993	https://plantpath.ifas.ufl.edu/rsol/Culturemedia.html#MediaReferences																																													
SAMN30821947	Race 3, Biovar 1	RAL_AA0242AA			SAMN30821947	MIGS Cultured Bacterial/Archaeal sample from Ralstonia solanacearum	30821947	Ralstonia solanacearum	Race 3, Biovar 1			Solanum dulcamara				30831858								River water	Agricultural	Not applicable	NA	Riparian	United Kingdom	206	Europe	2	Oxfordshire	1993	https://plantpath.ifas.ufl.edu/rsol/Culturemedia.html#MediaReferences																																													
SAMN30821948	Race 3, Biovar 1	RAL_AA0240AA			SAMN30821948	MIGS Cultured Bacterial/Archaeal sample from Ralstonia solanacearum	30821948	Ralstonia solanacearum	Race 3, Biovar 1			Solanum dulcamara				30831858								River water	Agricultural	Not applicable	NA	Riparian	United Kingdom	207	Europe	2	Oxfordshire	1993	https://plantpath.ifas.ufl.edu/rsol/Culturemedia.html#MediaReferences																																													
SAMN30821949	Race 3, Biovar 1	RAL_AA0239AA			SAMN30821949	MIGS Cultured Bacterial/Archaeal sample from Ralstonia solanacearum	30821949	Ralstonia solanacearum	Race 3, Biovar 1			Solanum dulcamara				30831858								River water	Agricultural	Not applicable	NA	Riparian	United Kingdom	208	Europe	2	Oxfordshire	1993	https://plantpath.ifas.ufl.edu/rsol/Culturemedia.html#MediaReferences																																													
SAMN30821951	Race 3, Biovar 1	RAL_AA0237AA			SAMN30821951	MIGS Cultured Bacterial/Archaeal sample from Ralstonia solanacearum	30821951	Ralstonia solanacearum	Race 3, Biovar 1			Solanum dulcamara				30831858								River water	Agricultural	Not applicable	NA	Riparian	United Kingdom	210	Europe	2	Oxfordshire	1993	https://plantpath.ifas.ufl.edu/rsol/Culturemedia.html#MediaReferences																																													
SAMN30821952	Race 3, Biovar 1	RAL_AA0236AA			SAMN30821952	MIGS Cultured Bacterial/Archaeal sample from Ralstonia solanacearum	30821952	Ralstonia solanacearum	Race 3, Biovar 1			Solanum dulcamara				30831858								River water	Agricultural	Not applicable	NA	Riparian	United Kingdom	211	Europe	2	Oxfordshire	1993	https://plantpath.ifas.ufl.edu/rsol/Culturemedia.html#MediaReferences																																													
SAMN30821953	Race 3, Biovar 1	RAL_AA0235AA			SAMN30821953	MIGS Cultured Bacterial/Archaeal sample from Ralstonia solanacearum	30821953	Ralstonia solanacearum	Race 3, Biovar 1			Solanum dulcamara				30831858								River water	Agricultural	Not applicable	NA	Riparian	United Kingdom	212	Europe	2	Oxfordshire	1993	https://plantpath.ifas.ufl.edu/rsol/Culturemedia.html#MediaReferences																																													
SAMN30821954	Race 3, Biovar 1	RAL_AA0234AA			SAMN30821954	MIGS Cultured Bacterial/Archaeal sample from Ralstonia solanacearum	30821954	Ralstonia solanacearum	Race 3, Biovar 1			Solanum dulcamara				30831858								River water	Agricultural	Not applicable	NA	Riparian	United Kingdom	213	Europe	2	Oxfordshire	1993	https://plantpath.ifas.ufl.edu/rsol/Culturemedia.html#MediaReferences																																													
SAMN30821955	Race 3, Biovar 1	RAL_AA0233AA			SAMN30821955	MIGS Cultured Bacterial/Archaeal sample from Ralstonia solanacearum	30821955	Ralstonia solanacearum	Race 3, Biovar 1			Solanum dulcamara				30831858								River water	Agricultural	Not applicable	NA	Riparian	United Kingdom	214	Europe	2	Oxfordshire	1993	https://plantpath.ifas.ufl.edu/rsol/Culturemedia.html#MediaReferences																																													
SAMN30821956	Race 3, Biovar 1	RAL_AA0232AA			SAMN30821956	MIGS Cultured Bacterial/Archaeal sample from Ralstonia solanacearum	30821956	Ralstonia solanacearum	Race 3, Biovar 1			Solanum dulcamara				30831858								River water	Agricultural	Not applicable	NA	Riparian	United Kingdom	215	Europe	2	Oxfordshire	1993	https://plantpath.ifas.ufl.edu/rsol/Culturemedia.html#MediaReferences																																													
SAMN30821957	Race 3, Biovar 1	RAL_AA0231AA			SAMN30821957	MIGS Cultured Bacterial/Archaeal sample from Ralstonia solanacearum	30821957	Ralstonia solanacearum	Race 3, Biovar 1			Solanum dulcamara				30831858								River water	Agricultural	Not applicable	NA	Riparian	United Kingdom	216	Europe	2	Oxfordshire	1993	https://plantpath.ifas.ufl.edu/rsol/Culturemedia.html#MediaReferences																																													
SAMN30821958	Race 3, Biovar 1	RAL_AA0277AA			SAMN30821958	MIGS Cultured Bacterial/Archaeal sample from Ralstonia solanacearum	30821958	Ralstonia solanacearum	Race 3, Biovar 1			Solanum dulcamara				30831858								River water	Agricultural	Not applicable	NA	Riparian	United Kingdom	217	Europe	2	Oxfordshire	1993	https://plantpath.ifas.ufl.edu/rsol/Culturemedia.html#MediaReferences																																													
SAMN30821959	Race 3, Biovar 1	RAL_AA0276AA			SAMN30821959	MIGS Cultured Bacterial/Archaeal sample from Ralstonia solanacearum	30821959	Ralstonia solanacearum	Race 3, Biovar 1			Solanum dulcamara				30831858								River water	Agricultural	Not applicable	NA	Riparian	United Kingdom	218	Europe	2	Oxfordshire	1993	https://plantpath.ifas.ufl.edu/rsol/Culturemedia.html#MediaReferences																																													
SAMN30821960	Race 3, Biovar 1	RAL_AA0275AA			SAMN30821960	MIGS Cultured Bacterial/Archaeal sample from Ralstonia solanacearum	30821960	Ralstonia solanacearum	Race 3, Biovar 1			Solanum dulcamara				30831858								River water	Agricultural	Not applicable	NA	Riparian	United Kingdom	219	Europe	2	Oxfordshire	1993	https://plantpath.ifas.ufl.edu/rsol/Culturemedia.html#MediaReferences																																													
SAMN30821961	Race 3, Biovar 1	RAL_AA0274AA			SAMN30821961	MIGS Cultured Bacterial/Archaeal sample from Ralstonia solanacearum	30821961	Ralstonia solanacearum	Race 3, Biovar 1			Solanum dulcamara				30831858								River water	Agricultural	Not applicable	NA	Riparian	United Kingdom	220	Europe	2	Wiltshire	1994	https://plantpath.ifas.ufl.edu/rsol/Culturemedia.html#MediaReferences																																													
SAMN30821962	Race 3, Biovar 1	RAL_AA0273AA			SAMN30821962	MIGS Cultured Bacterial/Archaeal sample from Ralstonia solanacearum	30821962	Ralstonia solanacearum	Race 3, Biovar 1			Solanum dulcamara				30831858								River water	Agricultural	Not applicable	NA	Riparian	United Kingdom	221	Europe	2	Berkshire	1994	https://plantpath.ifas.ufl.edu/rsol/Culturemedia.html#MediaReferences																																													
SAMN30821963	Race 3, Biovar 1	RAL_AA0272AA			SAMN30821963	MIGS Cultured Bacterial/Archaeal sample from Ralstonia solanacearum	30821963	Ralstonia solanacearum	Race 3, Biovar 1			Solanum dulcamara				30831858								River water	Agricultural	Not applicable	NA	Riparian	United Kingdom	222	Europe	2	Oxfordshire	1994	https://plantpath.ifas.ufl.edu/rsol/Culturemedia.html#MediaReferences																																													
SAMN30821964	Race 3, Biovar 1	RAL_AA0271AA			SAMN30821964	MIGS Cultured Bacterial/Archaeal sample from Ralstonia solanacearum	30821964	Ralstonia solanacearum	Race 3, Biovar 1			Solanum dulcamara				30831858								River water	Agricultural	Not applicable	NA	Riparian	United Kingdom	223	Europe	2	Berkshire	1994	https://plantpath.ifas.ufl.edu/rsol/Culturemedia.html#MediaReferences																																													
SAMN30821965	Race 3, Biovar 1	RAL_AA0270AA			SAMN30821965	MIGS Cultured Bacterial/Archaeal sample from Ralstonia solanacearum	30821965	Ralstonia solanacearum	Race 3, Biovar 1			Solanum dulcamara				30831858								River water	Agricultural	Not applicable	NA	Riparian	United Kingdom	224	Europe	2	Oxfordshire	1994	https://plantpath.ifas.ufl.edu/rsol/Culturemedia.html#MediaReferences																																													
SAMN30821966	Race 3, Biovar 1	RAL_AA0269AA			SAMN30821966	MIGS Cultured Bacterial/Archaeal sample from Ralstonia solanacearum	30821966	Ralstonia solanacearum	Race 3, Biovar 1			Solanum dulcamara				30831858								River water	Agricultural	Not applicable	NA	Riparian	United Kingdom	225	Europe	2	Oxfordshire	1994	https://plantpath.ifas.ufl.edu/rsol/Culturemedia.html#MediaReferences																																													
SAMN30821967	Race 3, Biovar 1	RAL_AA0268AA			SAMN30821967	MIGS Cultured Bacterial/Archaeal sample from Ralstonia solanacearum	30821967	Ralstonia solanacearum	Race 3, Biovar 1			Solanum dulcamara				30831858								River water	Agricultural	Not applicable	NA	Riparian	United Kingdom	226	Europe	2	Oxfordshire	1994	https://plantpath.ifas.ufl.edu/rsol/Culturemedia.html#MediaReferences																																													
SAMN30821968	Race 3, Biovar 1	RAL_AA0266AA			SAMN30821968	MIGS Cultured Bacterial/Archaeal sample from Ralstonia solanacearum	30821968	Ralstonia solanacearum	Race 3, Biovar 1			Solanum dulcamara				30831858								River water	Agricultural	Not applicable	NA	Riparian	United Kingdom	227	Europe	2	Oxfordshire	1994	https://plantpath.ifas.ufl.edu/rsol/Culturemedia.html#MediaReferences																																													
SAMN30821969	Race 3, Biovar 1	RAL_AA0265AA			SAMN30821969	MIGS Cultured Bacterial/Archaeal sample from Ralstonia solanacearum	30821969	Ralstonia solanacearum	Race 3, Biovar 1			Solanum dulcamara				30831858								River water	Agricultural	Not applicable	NA	Riparian	United Kingdom	228	Europe	2	Oxfordshire	1994	https://plantpath.ifas.ufl.edu/rsol/Culturemedia.html#MediaReferences																																													
SAMN30821970	Race 3, Biovar 1	RAL_AA0264AA			SAMN30821970	MIGS Cultured Bacterial/Archaeal sample from Ralstonia solanacearum	30821970	Ralstonia solanacearum	Race 3, Biovar 1			Solanum dulcamara				30831858								River water	Agricultural	Not applicable	NA	Riparian	United Kingdom	229	Europe	2	Oxfordshire	1994	https://plantpath.ifas.ufl.edu/rsol/Culturemedia.html#MediaReferences																																													
SAMN30821971	Race 3, Biovar 1	RAL_AA0263AA			SAMN30821971	MIGS Cultured Bacterial/Archaeal sample from Ralstonia solanacearum	30821971	Ralstonia solanacearum	Race 3, Biovar 1			Solanum dulcamara				30831858								River water	Agricultural	Not applicable	NA	Riparian	United Kingdom	230	Europe	2	Berkshire	1994	https://plantpath.ifas.ufl.edu/rsol/Culturemedia.html#MediaReferences																																													
SAMN30821972	Race 3, Biovar 1	RAL_AA0262AA			SAMN30821972	MIGS Cultured Bacterial/Archaeal sample from Ralstonia solanacearum	30821972	Ralstonia solanacearum	Race 3, Biovar 1			Solanum dulcamara				30831858								River water	Agricultural	Not applicable	NA	Riparian	United Kingdom	231	Europe	2	Oxfordshire	1994	https://plantpath.ifas.ufl.edu/rsol/Culturemedia.html#MediaReferences																																													
SAMN30821973	Race 3, Biovar 1	RAL_AA0261AA			SAMN30821973	MIGS Cultured Bacterial/Archaeal sample from Ralstonia solanacearum	30821973	Ralstonia solanacearum	Race 3, Biovar 1			Solanum dulcamara				30831858								River water	Agricultural	Not applicable	NA	Riparian	United Kingdom	232	Europe	2	Oxfordshire	1994	https://plantpath.ifas.ufl.edu/rsol/Culturemedia.html#MediaReferences																																													
SAMN30821974	Race 3, Biovar 1	RAL_AA0260AA			SAMN30821974	MIGS Cultured Bacterial/Archaeal sample from Ralstonia solanacearum	30821974	Ralstonia solanacearum	Race 3, Biovar 1			Solanum dulcamara				30831858								River water	Agricultural	Not applicable	NA	Riparian	United Kingdom	233	Europe	2	Oxfordshire	1994	https://plantpath.ifas.ufl.edu/rsol/Culturemedia.html#MediaReferences																																													
SAMN30821975	Race 3, Biovar 1	RAL_AA0259AA			SAMN30821975	MIGS Cultured Bacterial/Archaeal sample from Ralstonia solanacearum	30821975	Ralstonia solanacearum	Race 3, Biovar 1			Solanum dulcamara				30831858								River water	Agricultural	Not applicable	NA	Riparian	United Kingdom	234	Europe	2	Oxfordshire	1994	https://plantpath.ifas.ufl.edu/rsol/Culturemedia.html#MediaReferences																																													
SAMN30821976	Race 3, Biovar 1	RAL_AA0258AA			SAMN30821976	MIGS Cultured Bacterial/Archaeal sample from Ralstonia solanacearum	30821976	Ralstonia solanacearum	Race 3, Biovar 1			Solanum dulcamara				30831858								River water	Agricultural	Not applicable	NA	Riparian	United Kingdom	235	Europe	2	Oxfordshire	1994	https://plantpath.ifas.ufl.edu/rsol/Culturemedia.html#MediaReferences																																													
SAMN30821977	Race 3, Biovar 1	RAL_AA0257AA			SAMN30821977	MIGS Cultured Bacterial/Archaeal sample from Ralstonia solanacearum	30821977	Ralstonia solanacearum	Race 3, Biovar 1			Solanum dulcamara				30831858								River water	Agricultural	Not applicable	NA	Riparian	United Kingdom	236	Europe	2	Oxfordshire	1994	https://plantpath.ifas.ufl.edu/rsol/Culturemedia.html#MediaReferences																																													
SAMN30821978	Race 3, Biovar 1	RAL_AA0255AA			SAMN30821978	MIGS Cultured Bacterial/Archaeal sample from Ralstonia solanacearum	30821978	Ralstonia solanacearum	Race 3, Biovar 1			Solanum dulcamara				30831858								River water	Agricultural	Not applicable	NA	Riparian	United Kingdom	237	Europe	2	Oxfordshire	1994	https://plantpath.ifas.ufl.edu/rsol/Culturemedia.html#MediaReferences																																													
SAMN30821979	Race 3, Biovar 1	RAL_AA0230AA			SAMN30821979	MIGS Cultured Bacterial/Archaeal sample from Ralstonia solanacearum	30821979	Ralstonia solanacearum	Race 3, Biovar 1			Solanum dulcamara				30831858								River water	Agricultural	Not applicable	NA	Riparian	United Kingdom	238	Europe	2	Oxfordshire	1994	https://plantpath.ifas.ufl.edu/rsol/Culturemedia.html#MediaReferences																																													
SAMN30821980	Race 3, Biovar 1	RAL_AA0229AA			SAMN30821980	MIGS Cultured Bacterial/Archaeal sample from Ralstonia solanacearum	30821980	Ralstonia solanacearum	Race 3, Biovar 1			Solanum dulcamara				30831858								River water	Agricultural	Not applicable	NA	Riparian	United Kingdom	239	Europe	2	Oxfordshire	1994	https://plantpath.ifas.ufl.edu/rsol/Culturemedia.html#MediaReferences																																													
SAMN30821981	Race 3, Biovar 1	RAL_AA0228AA			SAMN30821981	MIGS Cultured Bacterial/Archaeal sample from Ralstonia solanacearum	30821981	Ralstonia solanacearum	Race 3, Biovar 1			Solanum dulcamara				30831858								River water	Agricultural	Not applicable	NA	Riparian	United Kingdom	240	Europe	2	Oxfordshire	1994	https://plantpath.ifas.ufl.edu/rsol/Culturemedia.html#MediaReferences																																													
SAMN30821982	Race 3, Biovar 1	RAL_AA0227AA			SAMN30821982	MIGS Cultured Bacterial/Archaeal sample from Ralstonia solanacearum	30821982	Ralstonia solanacearum	Race 3, Biovar 1			Solanum dulcamara				30831858								River water	Agricultural	Not applicable	NA	Riparian	United Kingdom	241	Europe	2	Oxfordshire	1994	https://plantpath.ifas.ufl.edu/rsol/Culturemedia.html#MediaReferences																																													
SAMN30821983	Race 3, Biovar 1	RAL_AA0226AA			SAMN30821983	MIGS Cultured Bacterial/Archaeal sample from Ralstonia solanacearum	30821983	Ralstonia solanacearum	Race 3, Biovar 1			Solanum dulcamara				30831858								River water	Agricultural	Not applicable	NA	Riparian	United Kingdom	242	Europe	2	Oxfordshire	1994	https://plantpath.ifas.ufl.edu/rsol/Culturemedia.html#MediaReferences																																													
SAMN30821984	Race 3, Biovar 1	RAL_AA0225AA			SAMN30821984	MIGS Cultured Bacterial/Archaeal sample from Ralstonia solanacearum	30821984	Ralstonia solanacearum	Race 3, Biovar 1			Solanum dulcamara				30831858								River water	Agricultural	Not applicable	NA	Riparian	United Kingdom	243	Europe	2	Oxfordshire	1994	https://plantpath.ifas.ufl.edu/rsol/Culturemedia.html#MediaReferences																																													
SAMN30821985	Race 3, Biovar 1	RAL_AA0224AA			SAMN30821985	MIGS Cultured Bacterial/Archaeal sample from Ralstonia solanacearum	30821985	Ralstonia solanacearum	Race 3, Biovar 1			Solanum dulcamara				30831858								River water	Agricultural	Not applicable	NA	Riparian	United Kingdom	244	Europe	2	Oxfordshire	1994	https://plantpath.ifas.ufl.edu/rsol/Culturemedia.html#MediaReferences																																													
SAMN30821986	Race 3, Biovar 1	RAL_AA0223AA			SAMN30821986	MIGS Cultured Bacterial/Archaeal sample from Ralstonia solanacearum	30821986	Ralstonia solanacearum	Race 3, Biovar 1			Solanum dulcamara				30831858								River water	Agricultural	Not applicable	NA	Riparian	United Kingdom	245	Europe	2	Oxfordshire	1994	https://plantpath.ifas.ufl.edu/rsol/Culturemedia.html#MediaReferences																																													
SAMN30821987	Race 3, Biovar 1	RAL_AA0222AA			SAMN30821987	MIGS Cultured Bacterial/Archaeal sample from Ralstonia solanacearum	30821987	Ralstonia solanacearum	Race 3, Biovar 1			Solanum dulcamara				30831858								River water	Agricultural	Not applicable	NA	Riparian	United Kingdom	246	Europe	2	Berkshire	1994	https://plantpath.ifas.ufl.edu/rsol/Culturemedia.html#MediaReferences																																													
SAMN30821988	Race 3, Biovar 1	RAL_AA0220AA			SAMN30821988	MIGS Cultured Bacterial/Archaeal sample from Ralstonia solanacearum	30821988	Ralstonia solanacearum	Race 3, Biovar 1			Solanum dulcamara				30831858								River water	Agricultural	Not applicable	NA	Riparian	United Kingdom	247	Europe	2	Berkshire	1994	https://plantpath.ifas.ufl.edu/rsol/Culturemedia.html#MediaReferences																																													
SAMN30821989	Race 3, Biovar 1	RAL_AA0219AA			SAMN30821989	MIGS Cultured Bacterial/Archaeal sample from Ralstonia solanacearum	30821989	Ralstonia solanacearum	Race 3, Biovar 1			Solanum dulcamara				30831858								River water	Agricultural	Not applicable	NA	Riparian	United Kingdom	248	Europe	2	Oxfordshire	1994	https://plantpath.ifas.ufl.edu/rsol/Culturemedia.html#MediaReferences																																													
SAMN30821990	Race 3, Biovar 1	RAL_AA0218AA			SAMN30821990	MIGS Cultured Bacterial/Archaeal sample from Ralstonia solanacearum	30821990	Ralstonia solanacearum	Race 3, Biovar 1			Water				30831858								River water	Agricultural	Not applicable	NA	Riparian	United Kingdom	249	Europe	2	Hertfordshire	1995	https://plantpath.ifas.ufl.edu/rsol/Culturemedia.html#MediaReferences																																													
SAMN30821991	Race 3, Biovar 1	RAL_AA0217AA			SAMN30821991	MIGS Cultured Bacterial/Archaeal sample from Ralstonia solanacearum	30821991	Ralstonia solanacearum	Race 3, Biovar 1			Water				30831858								River water	Agricultural	Not applicable	NA	Riparian	United Kingdom	250	Europe	2	Hertfordshire	1995	https://plantpath.ifas.ufl.edu/rsol/Culturemedia.html#MediaReferences																																													
SAMN30821992	Race 3, Biovar 1	RAL_AA0216AA			SAMN30821992	MIGS Cultured Bacterial/Archaeal sample from Ralstonia solanacearum	30821992	Ralstonia solanacearum	Race 3, Biovar 1			Water				30831858								River water	Agricultural	Not applicable	NA	Riparian	United Kingdom	251	Europe	2	Hertfordshire	1995	https://plantpath.ifas.ufl.edu/rsol/Culturemedia.html#MediaReferences																																													
SAMN30821994	Race 3, Biovar 1	RAL_AA0214AA			SAMN30821994	MIGS Cultured Bacterial/Archaeal sample from Ralstonia solanacearum	30821994	Ralstonia solanacearum	Race 3, Biovar 1			Water				30831858								River water	Agricultural	Not applicable	NA	Riparian	United Kingdom	253	Europe	2	Wiltshire	1995	https://plantpath.ifas.ufl.edu/rsol/Culturemedia.html#MediaReferences																																													
SAMN30821995	Race 3, Biovar 1	RAL_AA0213AA			SAMN30821995	MIGS Cultured Bacterial/Archaeal sample from Ralstonia solanacearum	30821995	Ralstonia solanacearum	Race 3, Biovar 1			Water				30831858								River water	Agricultural	Not applicable	NA	Riparian	United Kingdom	254	Europe	2	Wiltshire	1995	https://plantpath.ifas.ufl.edu/rsol/Culturemedia.html#MediaReferences																																													
SAMN30821996	Race 3, Biovar 1	RAL_AA0212AA			SAMN30821996	MIGS Cultured Bacterial/Archaeal sample from Ralstonia solanacearum	30821996	Ralstonia solanacearum	Race 3, Biovar 1			Water				30831858								River water	Agricultural	Not applicable	NA	Riparian	United Kingdom	255	Europe	2	Wiltshire	1995	https://plantpath.ifas.ufl.edu/rsol/Culturemedia.html#MediaReferences																																													
SAMN30821997	Race 3, Biovar 1	RAL_AA0211AA			SAMN30821997	MIGS Cultured Bacterial/Archaeal sample from Ralstonia solanacearum	30821997	Ralstonia solanacearum	Race 3, Biovar 1			Water				30831858								River water	Agricultural	Not applicable	NA	Riparian	United Kingdom	256	Europe	2	Wiltshire	1995	https://plantpath.ifas.ufl.edu/rsol/Culturemedia.html#MediaReferences																																													
SAMN30821998	Race 3, Biovar 1	RAL_AA0209AA			SAMN30821998	MIGS Cultured Bacterial/Archaeal sample from Ralstonia solanacearum	30821998	Ralstonia solanacearum	Race 3, Biovar 1			Solanum dulcamara				30831858								River water	Agricultural	Not applicable	NA	Riparian	United Kingdom	257	Europe	2	Oxfordshire	1995	https://plantpath.ifas.ufl.edu/rsol/Culturemedia.html#MediaReferences																																													
SAMN30821999	Race 3, Biovar 1	RAL_AA0208AA			SAMN30821999	MIGS Cultured Bacterial/Archaeal sample from Ralstonia solanacearum	30821999	Ralstonia solanacearum	Race 3, Biovar 1			Water				30831858								River water	Agricultural	Not applicable	NA	Riparian	United Kingdom	258	Europe	2	Hertfordshire	1995	https://plantpath.ifas.ufl.edu/rsol/Culturemedia.html#MediaReferences																																													
SAMN30822001	Race 3, Biovar 1	RAL_AA0207AA			SAMN30822001	MIGS Cultured Bacterial/Archaeal sample from Ralstonia solanacearum	30822001	Ralstonia solanacearum	Race 3, Biovar 1			Solanum dulcamara				30831858								River water	Agricultural	Not applicable	NA	Riparian	United Kingdom	260	Europe	2	Greater London	1996	https://plantpath.ifas.ufl.edu/rsol/Culturemedia.html#MediaReferences																																													
SAMN30822002	Race 3, Biovar 1	RAL_AA0182AA			SAMN30822002	MIGS Cultured Bacterial/Archaeal sample from Ralstonia solanacearum	30822002	Ralstonia solanacearum	Race 3, Biovar 1			Solanum dulcamara				30831858								River water	Agricultural	Not applicable	NA	Riparian	United Kingdom	261	Europe	2	Buckinghamshire	1996	https://plantpath.ifas.ufl.edu/rsol/Culturemedia.html#MediaReferences																																													
SAMN30822004	Race 3, Biovar 1	RAL_AA0180AA			SAMN30822004	MIGS Cultured Bacterial/Archaeal sample from Ralstonia solanacearum	30822004	Ralstonia solanacearum	Race 3, Biovar 1			Solanum dulcamara				30831858								River water	Agricultural	Not applicable	NA	Riparian	United Kingdom	263	Europe	2	Surrey	1996	https://plantpath.ifas.ufl.edu/rsol/Culturemedia.html#MediaReferences																																													
SAMN30822005	Race 3, Biovar 1	RAL_AA0179AA			SAMN30822005	MIGS Cultured Bacterial/Archaeal sample from Ralstonia solanacearum	30822005	Ralstonia solanacearum	Race 3, Biovar 1			Solanum dulcamara				30831858								River water	Agricultural	Not applicable	NA	Riparian	United Kingdom	264	Europe	2	Surrey	1996	https://plantpath.ifas.ufl.edu/rsol/Culturemedia.html#MediaReferences																																													
SAMN30822007	Race 3, Biovar 1	RAL_AA0177AA			SAMN30822007	MIGS Cultured Bacterial/Archaeal sample from Ralstonia solanacearum	30822007	Ralstonia solanacearum	Race 3, Biovar 1			Solanum dulcamara				30831858								River water	Agricultural	Not applicable	NA	Riparian	United Kingdom	266	Europe	2	Greater London	1996	https://plantpath.ifas.ufl.edu/rsol/Culturemedia.html#MediaReferences																																													
SAMN30822008	Race 3, Biovar 1	RAL_AA0176AA			SAMN30822008	MIGS Cultured Bacterial/Archaeal sample from Ralstonia solanacearum	30822008	Ralstonia solanacearum	Race 3, Biovar 1			Potato				30831858								Xylem sap	Agricultural	Not applicable	NA	Seed	United Kingdom	267	Europe	2	Berkshire	1996	https://plantpath.ifas.ufl.edu/rsol/Culturemedia.html#MediaReferences																																													
SAMN30822009	Race 3, Biovar 1	RAL_AA0174AA			SAMN30822009	MIGS Cultured Bacterial/Archaeal sample from Ralstonia solanacearum	30822009	Ralstonia solanacearum	Race 3, Biovar 1			Water				30831858								River water	Agricultural	Not applicable	NA	Riparian	United Kingdom	268	Europe	2	Greater London	1996	https://plantpath.ifas.ufl.edu/rsol/Culturemedia.html#MediaReferences																																													
SAMN30822010	Race 3, Biovar 1	RAL_AA0173AA			SAMN30822010	MIGS Cultured Bacterial/Archaeal sample from Ralstonia solanacearum	30822010	Ralstonia solanacearum	Race 3, Biovar 1			Water				30831858								River water	Agricultural	Not applicable	NA	Riparian	United Kingdom	269	Europe	2	Surrey	1997	https://plantpath.ifas.ufl.edu/rsol/Culturemedia.html#MediaReferences																																													
SAMN30822011	Race 3, Biovar 1	RAL_AA0172AA			SAMN30822011	MIGS Cultured Bacterial/Archaeal sample from Ralstonia solanacearum	30822011	Ralstonia solanacearum	Race 3, Biovar 1			Water				30831858								River water	Agricultural	Not applicable	NA	Riparian	United Kingdom	270	Europe	2	Berkshire	1997	https://plantpath.ifas.ufl.edu/rsol/Culturemedia.html#MediaReferences																																													
SAMN30822012	Race 3, Biovar 1	RAL_AA0171AA			SAMN30822012	MIGS Cultured Bacterial/Archaeal sample from Ralstonia solanacearum	30822012	Ralstonia solanacearum	Race 3, Biovar 1			Water				30831858								River water	Agricultural	Not applicable	NA	Riparian	United Kingdom	271	Europe	2	Hampshire	1997	https://plantpath.ifas.ufl.edu/rsol/Culturemedia.html#MediaReferences																																													
SAMN30822013	Race 3, Biovar 1	RAL_AA0170AA			SAMN30822013	MIGS Cultured Bacterial/Archaeal sample from Ralstonia solanacearum	30822013	Ralstonia solanacearum	Race 3, Biovar 1			Water				30831858								River water	Agricultural	Not applicable	NA	Riparian	United Kingdom	272	Europe	2	Surrey	1997	https://plantpath.ifas.ufl.edu/rsol/Culturemedia.html#MediaReferences																																													
SAMN30822016	Race 3, Biovar 1	RAL_AA0167AA			SAMN30822016	MIGS Cultured Bacterial/Archaeal sample from Ralstonia solanacearum	30822016	Ralstonia solanacearum	Race 3, Biovar 1			Water				30831858								River water	Agricultural	Not applicable	NA	Riparian	United Kingdom	275	Europe	2	Bedfordshire	1997	https://plantpath.ifas.ufl.edu/rsol/Culturemedia.html#MediaReferences																																													
SAMN30822017	Race 3, Biovar 1	RAL_AA0166AA			SAMN30822017	MIGS Cultured Bacterial/Archaeal sample from Ralstonia solanacearum	30822017	Ralstonia solanacearum	Race 3, Biovar 1			Water				30831858								River water	Agricultural	Not applicable	NA	Riparian	United Kingdom	276	Europe	2	Bedfordshire	1997	https://plantpath.ifas.ufl.edu/rsol/Culturemedia.html#MediaReferences																																													
SAMN30822018	Race 3, Biovar 1	RAL_AA0165AA			SAMN30822018	MIGS Cultured Bacterial/Archaeal sample from Ralstonia solanacearum	30822018	Ralstonia solanacearum	Race 3, Biovar 1			Water				30831858								River water	Agricultural	Not applicable	NA	Riparian	United Kingdom	277	Europe	2	Bedfordshire	1997	https://plantpath.ifas.ufl.edu/rsol/Culturemedia.html#MediaReferences																																													
SAMN30822019	Race 3, Biovar 1	RAL_AA0350AA			SAMN30822019	MIGS Cultured Bacterial/Archaeal sample from Ralstonia solanacearum	30822019	Ralstonia solanacearum	Race 3, Biovar 1			Tomato				30831858								River water	Agricultural	Not applicable	NA	Riparian	United Kingdom	278	Europe	2	Bedfordshire	1997	https://plantpath.ifas.ufl.edu/rsol/Culturemedia.html#MediaReferences																																													
SAMN30822020	Race 3, Biovar 1	RAL_AA0349AA			SAMN30822020	MIGS Cultured Bacterial/Archaeal sample from Ralstonia solanacearum	30822020	Ralstonia solanacearum	Race 3, Biovar 1			Tomato				30831858								River water	Agricultural	Not applicable	NA	Riparian	United Kingdom	279	Europe	2	Bedfordshire	1997	https://plantpath.ifas.ufl.edu/rsol/Culturemedia.html#MediaReferences																																													
SAMN30822021	Race 3, Biovar 1	RAL_AA0348AA			SAMN30822021	MIGS Cultured Bacterial/Archaeal sample from Ralstonia solanacearum	30822021	Ralstonia solanacearum	Race 3, Biovar 1			Water				30831858								River water	Agricultural	Not applicable	NA	Riparian	United Kingdom	280	Europe	2	Bedfordshire	1997	https://plantpath.ifas.ufl.edu/rsol/Culturemedia.html#MediaReferences																																													
SAMN30822022	Race 3, Biovar 1	RAL_AA0347AA			SAMN30822022	MIGS Cultured Bacterial/Archaeal sample from Ralstonia solanacearum	30822022	Ralstonia solanacearum	Race 3, Biovar 1			Water				30831858								River water	Agricultural	Not applicable	NA	Riparian	United Kingdom	281	Europe	2	Cambridgeshire	1998	https://plantpath.ifas.ufl.edu/rsol/Culturemedia.html#MediaReferences																																													
SAMN30822023	Race 3, Biovar 1	RAL_AA0346AA			SAMN30822023	MIGS Cultured Bacterial/Archaeal sample from Ralstonia solanacearum	30822023	Ralstonia solanacearum	Race 3, Biovar 1			Water				30831858								River water	Agricultural	Not applicable	NA	Riparian	United Kingdom	282	Europe	2	Greater London	1998	https://plantpath.ifas.ufl.edu/rsol/Culturemedia.html#MediaReferences																																													
SAMN30822024	Race 3, Biovar 1	RAL_AA0345AA			SAMN30822024	MIGS Cultured Bacterial/Archaeal sample from Ralstonia solanacearum	30822024	Ralstonia solanacearum	Race 3, Biovar 1			Water				30831858								River water	Agricultural	Not applicable	NA	Riparian	United Kingdom	283	Europe	2	Bedfordshire	1998	https://plantpath.ifas.ufl.edu/rsol/Culturemedia.html#MediaReferences																																													
SAMN30822025	Race 3, Biovar 1	RAL_AA0344AA			SAMN30822025	MIGS Cultured Bacterial/Archaeal sample from Ralstonia solanacearum	30822025	Ralstonia solanacearum	Race 3, Biovar 1			Water				30831858								River water	Agricultural	Not applicable	NA	Riparian	United Kingdom	284	Europe	2	Northamptonshire	1999	https://plantpath.ifas.ufl.edu/rsol/Culturemedia.html#MediaReferences																																													
SAMN30822026	Race 3, Biovar 1	RAL_AA0343AA			SAMN30822026	MIGS Cultured Bacterial/Archaeal sample from Ralstonia solanacearum	30822026	Ralstonia solanacearum	Race 3, Biovar 1			Water				30831858								River water	Agricultural	Not applicable	NA	Riparian	United Kingdom	285	Europe	2	Northamptonshire	1999	https://plantpath.ifas.ufl.edu/rsol/Culturemedia.html#MediaReferences																																													
SAMN30822028	Race 3, Biovar 1	RAL_AA0341AA			SAMN30822028	MIGS Cultured Bacterial/Archaeal sample from Ralstonia solanacearum	30822028	Ralstonia solanacearum	Race 3, Biovar 1			Water				30831858								River water	Agricultural	Not applicable	NA	Riparian	United Kingdom	287	Europe	2	Kent	2000	https://plantpath.ifas.ufl.edu/rsol/Culturemedia.html#MediaReferences																																													
SAMN30822029	Race 3, Biovar 1	RAL_AA0339AA			SAMN30822029	MIGS Cultured Bacterial/Archaeal sample from Ralstonia solanacearum	30822029	Ralstonia solanacearum	Race 3, Biovar 1			Water				30831858								River water	Agricultural	Not applicable	NA	Riparian	United Kingdom	288	Europe	2	Scotland	2000	https://plantpath.ifas.ufl.edu/rsol/Culturemedia.html#MediaReferences																																													
SAMN30822030	Race 3, Biovar 1	RAL_AA0338AA			SAMN30822030	MIGS Cultured Bacterial/Archaeal sample from Ralstonia solanacearum	30822030	Ralstonia solanacearum	Race 3, Biovar 1			Water				30831858								River water	Agricultural	Not applicable	NA	Riparian	United Kingdom	289	Europe	2	Bedfordshire	2005	https://plantpath.ifas.ufl.edu/rsol/Culturemedia.html#MediaReferences																																													
SAMN30822031	Race 3, Biovar 1	RAL_AA0337AA			SAMN30822031	MIGS Cultured Bacterial/Archaeal sample from Ralstonia solanacearum	30822031	Ralstonia solanacearum	Race 3, Biovar 1			Water				30831858								River water	Agricultural	Not applicable	NA	Riparian	United Kingdom	290	Europe	2	Warwickshire	2005	https://plantpath.ifas.ufl.edu/rsol/Culturemedia.html#MediaReferences																																													
SAMN30822032	Race 3, Biovar 1	RAL_AA0336AA			SAMN30822032	MIGS Cultured Bacterial/Archaeal sample from Ralstonia solanacearum	30822032	Ralstonia solanacearum	Race 3, Biovar 1			Water				30831858								River water	Agricultural	Not applicable	NA	Riparian	United Kingdom	291	Europe	2	Gloucestershire	2005	https://plantpath.ifas.ufl.edu/rsol/Culturemedia.html#MediaReferences																																													
SAMN30822034	Race 3, Biovar 1	RAL_AA0334AA			SAMN30822034	MIGS Cultured Bacterial/Archaeal sample from Ralstonia solanacearum	30822034	Ralstonia solanacearum	Race 3, Biovar 1			Water				30831858								River water	Agricultural	Not applicable	NA	Riparian	United Kingdom	293	Europe	2	Gloucestershire	2005	https://plantpath.ifas.ufl.edu/rsol/Culturemedia.html#MediaReferences																																													
SAMN30822035	Race 3, Biovar 1	RAL_AA0333AA			SAMN30822035	MIGS Cultured Bacterial/Archaeal sample from Ralstonia solanacearum	30822035	Ralstonia solanacearum	Race 3, Biovar 1			Water				30831858								River water	Agricultural	Not applicable	NA	Riparian	United Kingdom	294	Europe	2	Worcestershire	2005	https://plantpath.ifas.ufl.edu/rsol/Culturemedia.html#MediaReferences																																													
SAMN30822036	Race 3, Biovar 1	RAL_AA0332AA			SAMN30822036	MIGS Cultured Bacterial/Archaeal sample from Ralstonia solanacearum	30822036	Ralstonia solanacearum	Race 3, Biovar 1			Water				30831858								River water	Agricultural	Not applicable	NA	Riparian	United Kingdom	295	Europe	2	Worcestershire	2005	https://plantpath.ifas.ufl.edu/rsol/Culturemedia.html#MediaReferences																																													
SAMN30822037	Race 3, Biovar 1	RAL_AA0331AA			SAMN30822037	MIGS Cultured Bacterial/Archaeal sample from Ralstonia solanacearum	30822037	Ralstonia solanacearum	Race 3, Biovar 1			Water				30831858								River water	Agricultural	Not applicable	NA	Riparian	United Kingdom	296	Europe	2	Gloucestershire	2005	https://plantpath.ifas.ufl.edu/rsol/Culturemedia.html#MediaReferences																																													
SAMN30822038	Race 3, Biovar 1	RAL_AA0330AA			SAMN30822038	MIGS Cultured Bacterial/Archaeal sample from Ralstonia solanacearum	30822038	Ralstonia solanacearum	Race 3, Biovar 1			Water				30831858								River water	Agricultural	Not applicable	NA	Riparian	United Kingdom	297	Europe	2	Bedfordshire	2005	https://plantpath.ifas.ufl.edu/rsol/Culturemedia.html#MediaReferences																																													
SAMN30822039	Race 3, Biovar 1	RAL_AA0328AA			SAMN30822039	MIGS Cultured Bacterial/Archaeal sample from Ralstonia solanacearum	30822039	Ralstonia solanacearum	Race 3, Biovar 1			Water				30831858								River water	Agricultural	Not applicable	NA	Riparian	United Kingdom	298	Europe	2	Cambridgeshire	2005	https://plantpath.ifas.ufl.edu/rsol/Culturemedia.html#MediaReferences																																													
SAMN30822042	Race 3, Biovar 1	RAL_AA0301AA			SAMN30822042	MIGS Cultured Bacterial/Archaeal sample from Ralstonia solanacearum	30822042	Ralstonia solanacearum	Race 3, Biovar 1			Potato				30831858								Xylem sap	Agricultural	Not applicable	NA	Seed	United Kingdom	301	Europe	2	Nottinghamshire	2005	https://plantpath.ifas.ufl.edu/rsol/Culturemedia.html#MediaReferences																																													
SAMN30822043	Race 3, Biovar 1	RAL_AA0300AA			SAMN30822043	MIGS Cultured Bacterial/Archaeal sample from Ralstonia solanacearum	30822043	Ralstonia solanacearum	Race 3, Biovar 1			Water				30831858								River water	Agricultural	Not applicable	NA	Riparian	United Kingdom	302	Europe	2	Lincolnshire	2006	https://plantpath.ifas.ufl.edu/rsol/Culturemedia.html#MediaReferences																																													
SAMN30822044	Race 3, Biovar 1	RAL_AA0299AA			SAMN30822044	MIGS Cultured Bacterial/Archaeal sample from Ralstonia solanacearum	30822044	Ralstonia solanacearum	Race 3, Biovar 1			Water				30831858								River water	Agricultural	Not applicable	NA	Riparian	United Kingdom	303	Europe	2	Carmarthenshire	2006	https://plantpath.ifas.ufl.edu/rsol/Culturemedia.html#MediaReferences																																													
SAMN30822046	Race 3, Biovar 1	RAL_AA0298AA			SAMN30822046	MIGS Cultured Bacterial/Archaeal sample from Ralstonia solanacearum	30822046	Ralstonia solanacearum	Race 3, Biovar 1			Water				30831858								River water	Agricultural	Not applicable	NA	Riparian	United Kingdom	305	Europe	2	Mid Glamorgan	2006	https://plantpath.ifas.ufl.edu/rsol/Culturemedia.html#MediaReferences																																													
SAMN30822047	Race 3, Biovar 1	RAL_AA0297AA			SAMN30822047	MIGS Cultured Bacterial/Archaeal sample from Ralstonia solanacearum	30822047	Ralstonia solanacearum	Race 3, Biovar 1			Water				30831858								River water	Agricultural	Not applicable	NA	Riparian	United Kingdom	306	Europe	2	Cambridgeshire	2006	https://plantpath.ifas.ufl.edu/rsol/Culturemedia.html#MediaReferences																																													
SAMN30822048	Race 3, Biovar 1	RAL_AA0296AA			SAMN30822048	MIGS Cultured Bacterial/Archaeal sample from Ralstonia solanacearum	30822048	Ralstonia solanacearum	Race 3, Biovar 1			Water				30831858								River water	Agricultural	Not applicable	NA	Riparian	United Kingdom	307	Europe	2	Cambridgeshire	2006	https://plantpath.ifas.ufl.edu/rsol/Culturemedia.html#MediaReferences																																													
SAMN30822049	Race 3, Biovar 1	RAL_AA0295AA			SAMN30822049	MIGS Cultured Bacterial/Archaeal sample from Ralstonia solanacearum	30822049	Ralstonia solanacearum	Race 3, Biovar 1			Water				30831858								River water	Agricultural	Not applicable	NA	Riparian	United Kingdom	308	Europe	2	Dorset	2006	https://plantpath.ifas.ufl.edu/rsol/Culturemedia.html#MediaReferences																																													
SAMN30822050	Race 3, Biovar 1	RAL_AA0293AA			SAMN30822050	MIGS Cultured Bacterial/Archaeal sample from Ralstonia solanacearum	30822050	Ralstonia solanacearum	Race 3, Biovar 1			Water				30831858								River water	Agricultural	Not applicable	NA	Riparian	United Kingdom	309	Europe	2	Dorset	2006	https://plantpath.ifas.ufl.edu/rsol/Culturemedia.html#MediaReferences																																													
SAMN30822051	Race 3, Biovar 1	RAL_AA0292AA			SAMN30822051	MIGS Cultured Bacterial/Archaeal sample from Ralstonia solanacearum	30822051	Ralstonia solanacearum	Race 3, Biovar 1			Water				30831858								River water	Agricultural	Not applicable	NA	Riparian	United Kingdom	310	Europe	2	Carmarthenshire	2006	https://plantpath.ifas.ufl.edu/rsol/Culturemedia.html#MediaReferences																																													
SAMN30822052	Race 3, Biovar 1	RAL_AA0291AA			SAMN30822052	MIGS Cultured Bacterial/Archaeal sample from Ralstonia solanacearum	30822052	Ralstonia solanacearum	Race 3, Biovar 1			Water				30831858								River water	Agricultural	Not applicable	NA	Riparian	United Kingdom	311	Europe	2	Carmarthenshire	2006	https://plantpath.ifas.ufl.edu/rsol/Culturemedia.html#MediaReferences																																													
SAMN30822054	Race 3, Biovar 1	RAL_AA0290AA			SAMN30822054	MIGS Cultured Bacterial/Archaeal sample from Ralstonia solanacearum	30822054	Ralstonia solanacearum	Race 3, Biovar 1			Water				30831858								River water	Agricultural	Not applicable	NA	Riparian	United Kingdom	313	Europe	2	West Midlands	2006	https://plantpath.ifas.ufl.edu/rsol/Culturemedia.html#MediaReferences																																													
SAMN30822055	Race 3, Biovar 1	RAL_AA0289AA			SAMN30822055	MIGS Cultured Bacterial/Archaeal sample from Ralstonia solanacearum	30822055	Ralstonia solanacearum	Race 3, Biovar 1			Water				30831858								River water	Agricultural	Not applicable	NA	Riparian	United Kingdom	314	Europe	2	Warwickshire	2006	https://plantpath.ifas.ufl.edu/rsol/Culturemedia.html#MediaReferences																																													
SAMN30822056	Race 3, Biovar 1	RAL_AA0288AA			SAMN30822056	MIGS Cultured Bacterial/Archaeal sample from Ralstonia solanacearum	30822056	Ralstonia solanacearum	Race 3, Biovar 1			Water				30831858								River water	Agricultural	Not applicable	NA	Riparian	United Kingdom	315	Europe	2	Warwickshire	2006	https://plantpath.ifas.ufl.edu/rsol/Culturemedia.html#MediaReferences																																													
SAMN30822057	Race 3, Biovar 1	RAL_AA0287AA			SAMN30822057	MIGS Cultured Bacterial/Archaeal sample from Ralstonia solanacearum	30822057	Ralstonia solanacearum	Race 3, Biovar 1			Water				30831858								River water	Agricultural	Not applicable	NA	Riparian	United Kingdom	316	Europe	2	Carmarthenshire	2006	https://plantpath.ifas.ufl.edu/rsol/Culturemedia.html#MediaReferences																																													
SAMN30822058	Race 3, Biovar 1	RAL_AA0286AA			SAMN30822058	MIGS Cultured Bacterial/Archaeal sample from Ralstonia solanacearum	30822058	Ralstonia solanacearum	Race 3, Biovar 1			Water				30831858								River water	Agricultural	Not applicable	NA	Riparian	United Kingdom	317	Europe	2	Carmarthenshire	2006	https://plantpath.ifas.ufl.edu/rsol/Culturemedia.html#MediaReferences																																													
SAMN30822059	Race 3, Biovar 1	RAL_AA0285AA			SAMN30822059	MIGS Cultured Bacterial/Archaeal sample from Ralstonia solanacearum	30822059	Ralstonia solanacearum	Race 3, Biovar 1			Water				30831858								River water	Agricultural	Not applicable	NA	Riparian	United Kingdom	318	Europe	2	Dorset	2006	https://plantpath.ifas.ufl.edu/rsol/Culturemedia.html#MediaReferences																																													
SAMN30822060	Race 3, Biovar 1	RAL_AA0284AA			SAMN30822060	MIGS Cultured Bacterial/Archaeal sample from Ralstonia solanacearum	30822060	Ralstonia solanacearum	Race 3, Biovar 1			Water				30831858								River water	Agricultural	Not applicable	NA	Riparian	United Kingdom	319	Europe	2	Mid Glamorgan	2006	https://plantpath.ifas.ufl.edu/rsol/Culturemedia.html#MediaReferences																																													
SAMN30822061	Race 3, Biovar 1	RAL_AA0282AA			SAMN30822061	MIGS Cultured Bacterial/Archaeal sample from Ralstonia solanacearum	30822061	Ralstonia solanacearum	Race 3, Biovar 1			Water				30831858								River water	Agricultural	Not applicable	NA	Riparian	United Kingdom	320	Europe	2	Bedfordshire	2006	https://plantpath.ifas.ufl.edu/rsol/Culturemedia.html#MediaReferences																																													
SAMN30822062	Race 3, Biovar 1	RAL_AA0281AA			SAMN30822062	MIGS Cultured Bacterial/Archaeal sample from Ralstonia solanacearum	30822062	Ralstonia solanacearum	Race 3, Biovar 1			Water				30831858								River water	Agricultural	Not applicable	NA	Riparian	United Kingdom	321	Europe	2	Warwickshire	2006	https://plantpath.ifas.ufl.edu/rsol/Culturemedia.html#MediaReferences																																													
SAMN30822063	Race 3, Biovar 1	RAL_AA0280AA			SAMN30822063	MIGS Cultured Bacterial/Archaeal sample from Ralstonia solanacearum	30822063	Ralstonia solanacearum	Race 3, Biovar 1			Water				30831858								River water	Agricultural	Not applicable	NA	Riparian	United Kingdom	322	Europe	2	Staffordshire	2006	https://plantpath.ifas.ufl.edu/rsol/Culturemedia.html#MediaReferences																																													
SAMN30822066	Race 3, Biovar 1	RAL_AA0279AA			SAMN30822066	MIGS Cultured Bacterial/Archaeal sample from Ralstonia solanacearum	30822066	Ralstonia solanacearum	Race 3, Biovar 1			Water				30831858								River water	Agricultural	Not applicable	NA	Riparian	United Kingdom	325	Europe	2	Warwickshire	2006	https://plantpath.ifas.ufl.edu/rsol/Culturemedia.html#MediaReferences																																													
SAMN30822067	Race 3, Biovar 1	RAL_AA0206AA			SAMN30822067	MIGS Cultured Bacterial/Archaeal sample from Ralstonia solanacearum	30822067	Ralstonia solanacearum	Race 3, Biovar 1			Water				30831858								River water	Agricultural	Not applicable	NA	Riparian	United Kingdom	326	Europe	2	Bedfordshire	2006	https://plantpath.ifas.ufl.edu/rsol/Culturemedia.html#MediaReferences																																													
SAMN30822068	Race 3, Biovar 1	RAL_AA0205AA			SAMN30822068	MIGS Cultured Bacterial/Archaeal sample from Ralstonia solanacearum	30822068	Ralstonia solanacearum	Race 3, Biovar 1			Water				30831858								River water	Agricultural	Not applicable	NA	Riparian	United Kingdom	327	Europe	2	Dorset	2006	https://plantpath.ifas.ufl.edu/rsol/Culturemedia.html#MediaReferences																																													
SAMN30822069	Race 3, Biovar 1	RAL_AA0204AA			SAMN30822069	MIGS Cultured Bacterial/Archaeal sample from Ralstonia solanacearum	30822069	Ralstonia solanacearum	Race 3, Biovar 1			Water				30831858								River water	Agricultural	Not applicable	NA	Riparian	United Kingdom	328	Europe	2	Carmarthenshire	2006	https://plantpath.ifas.ufl.edu/rsol/Culturemedia.html#MediaReferences																																													
SAMN30822070	Race 3, Biovar 1	RAL_AA0203AA			SAMN30822070	MIGS Cultured Bacterial/Archaeal sample from Ralstonia solanacearum	30822070	Ralstonia solanacearum	Race 3, Biovar 1			Water				30831858								River water	Agricultural	Not applicable	NA	Riparian	United Kingdom	329	Europe	2	Mid Glamorgan	2006	https://plantpath.ifas.ufl.edu/rsol/Culturemedia.html#MediaReferences																																													
SAMN30822071	Race 3, Biovar 1	RAL_AA0202AA			SAMN30822071	MIGS Cultured Bacterial/Archaeal sample from Ralstonia solanacearum	30822071	Ralstonia solanacearum	Race 3, Biovar 1			Water				30831858								River water	Agricultural	Not applicable	NA	Riparian	United Kingdom	330	Europe	2	Warwickshire	2006	https://plantpath.ifas.ufl.edu/rsol/Culturemedia.html#MediaReferences																																													
SAMN30822072	Race 3, Biovar 1	RAL_AA0201AA			SAMN30822072	MIGS Cultured Bacterial/Archaeal sample from Ralstonia solanacearum	30822072	Ralstonia solanacearum	Race 3, Biovar 1			Water				30831858								River water	Agricultural	Not applicable	NA	Riparian	United Kingdom	331	Europe	2	Carmarthenshire	2006	https://plantpath.ifas.ufl.edu/rsol/Culturemedia.html#MediaReferences																																													
SAMN30822073	Race 3, Biovar 1	RAL_AA0199AA			SAMN30822073	MIGS Cultured Bacterial/Archaeal sample from Ralstonia solanacearum	30822073	Ralstonia solanacearum	Race 3, Biovar 1			Water				30831858								River water	Agricultural	Not applicable	NA	Riparian	United Kingdom	332	Europe	2	Cambridgeshire	2006	https://plantpath.ifas.ufl.edu/rsol/Culturemedia.html#MediaReferences																																													
SAMN30822074	Race 3, Biovar 1	RAL_AA0198AA			SAMN30822074	MIGS Cultured Bacterial/Archaeal sample from Ralstonia solanacearum	30822074	Ralstonia solanacearum	Race 3, Biovar 1			Water				30831858								River water	Agricultural	Not applicable	NA	Riparian	United Kingdom	333	Europe	2	Carmarthenshire	2006	https://plantpath.ifas.ufl.edu/rsol/Culturemedia.html#MediaReferences																																													
SAMN30822075	Race 3, Biovar 1	RAL_AA0197AA			SAMN30822075	MIGS Cultured Bacterial/Archaeal sample from Ralstonia solanacearum	30822075	Ralstonia solanacearum	Race 3, Biovar 1			Water				30831858								River water	Agricultural	Not applicable	NA	Riparian	United Kingdom	334	Europe	2	Cambridgeshire	2006	https://plantpath.ifas.ufl.edu/rsol/Culturemedia.html#MediaReferences																																													
SAMN30822076	Race 3, Biovar 1	RAL_AA0196AA			SAMN30822076	MIGS Cultured Bacterial/Archaeal sample from Ralstonia solanacearum	30822076	Ralstonia solanacearum	Race 3, Biovar 1			Water				30831858								River water	Agricultural	Not applicable	NA	Riparian	United Kingdom	335	Europe	2	Hampshire	2007	https://plantpath.ifas.ufl.edu/rsol/Culturemedia.html#MediaReferences																																													
SAMN30822077	Race 3, Biovar 1	RAL_AA0195AA			SAMN30822077	MIGS Cultured Bacterial/Archaeal sample from Ralstonia solanacearum	30822077	Ralstonia solanacearum	Race 3, Biovar 1			Water				30831858								River water	Agricultural	Not applicable	NA	Riparian	United Kingdom	336	Europe	2	Cambridgeshire	2007	https://plantpath.ifas.ufl.edu/rsol/Culturemedia.html#MediaReferences																																													
SAMN30822078	Race 3, Biovar 1	RAL_AA0194AA			SAMN30822078	MIGS Cultured Bacterial/Archaeal sample from Ralstonia solanacearum	30822078	Ralstonia solanacearum	Race 3, Biovar 1			Water				30831858								River water	Agricultural	Not applicable	NA	Riparian	United Kingdom	337	Europe	2	Cambridgeshire	2007	https://plantpath.ifas.ufl.edu/rsol/Culturemedia.html#MediaReferences																																													
SAMN30822079	Race 3, Biovar 1	RAL_AA0193AA			SAMN30822079	MIGS Cultured Bacterial/Archaeal sample from Ralstonia solanacearum	30822079	Ralstonia solanacearum	Race 3, Biovar 1			Water				30831858								River water	Agricultural	Not applicable	NA	Riparian	United Kingdom	338	Europe	2	Surrey	2007	https://plantpath.ifas.ufl.edu/rsol/Culturemedia.html#MediaReferences																																													
SAMN30822080	Race 3, Biovar 1	RAL_AA0192AA			SAMN30822080	MIGS Cultured Bacterial/Archaeal sample from Ralstonia solanacearum	30822080	Ralstonia solanacearum	Race 3, Biovar 1			Water				30831858								River water	Agricultural	Not applicable	NA	Riparian	United Kingdom	339	Europe	2	Hampshire	2007	https://plantpath.ifas.ufl.edu/rsol/Culturemedia.html#MediaReferences																																													
SAMN30822081	Race 3, Biovar 1	RAL_AA0191AA			SAMN30822081	MIGS Cultured Bacterial/Archaeal sample from Ralstonia solanacearum	30822081	Ralstonia solanacearum	Race 3, Biovar 1			Water				30831858								River water	Agricultural	Not applicable	NA	Riparian	United Kingdom	340	Europe	2	Berkshire	2007	https://plantpath.ifas.ufl.edu/rsol/Culturemedia.html#MediaReferences																																													
SAMN30822082	Race 3, Biovar 1	RAL_AA0190AA			SAMN30822082	MIGS Cultured Bacterial/Archaeal sample from Ralstonia solanacearum	30822082	Ralstonia solanacearum	Race 3, Biovar 1			Water				30831858								River water	Agricultural	Not applicable	NA	Riparian	United Kingdom	341	Europe	2	Berkshire	2007	https://plantpath.ifas.ufl.edu/rsol/Culturemedia.html#MediaReferences																																													
SAMN30822083	Race 3, Biovar 1	RAL_AA0188AA			SAMN30822083	MIGS Cultured Bacterial/Archaeal sample from Ralstonia solanacearum	30822083	Ralstonia solanacearum	Race 3, Biovar 1			Water				30831858								River water	Agricultural	Not applicable	NA	Riparian	United Kingdom	342	Europe	2	Berkshire	2007	https://plantpath.ifas.ufl.edu/rsol/Culturemedia.html#MediaReferences																																													
SAMN30822085	Race 3, Biovar 1	RAL_AA0187AA			SAMN30822085	MIGS Cultured Bacterial/Archaeal sample from Ralstonia solanacearum	30822085	Ralstonia solanacearum	Race 3, Biovar 1			Water				30831858								River water	Agricultural	Not applicable	NA	Riparian	United Kingdom	344	Europe	2	Oxfordshire	2008	https://plantpath.ifas.ufl.edu/rsol/Culturemedia.html#MediaReferences																																													
SAMN30822086	Race 3, Biovar 1	RAL_AA0186AA			SAMN30822086	MIGS Cultured Bacterial/Archaeal sample from Ralstonia solanacearum	30822086	Ralstonia solanacearum	Race 3, Biovar 1			Solanum dulcamara				30831858								River water	Agricultural	Not applicable	NA	Riparian	United Kingdom	345	Europe	2	Oxfordshire	2008	https://plantpath.ifas.ufl.edu/rsol/Culturemedia.html#MediaReferences																																													
SAMN30822087	Race 3, Biovar 1	RAL_AA0185AA			SAMN30822087	MIGS Cultured Bacterial/Archaeal sample from Ralstonia solanacearum	30822087	Ralstonia solanacearum	Race 3, Biovar 1			Solanum dulcamara				30831858								River water	Agricultural	Not applicable	NA	Riparian	United Kingdom	346	Europe	2	Oxfordshire	2008	https://plantpath.ifas.ufl.edu/rsol/Culturemedia.html#MediaReferences																																													
SAMN30822088	Race 3, Biovar 1	RAL_AA0184AA			SAMN30822088	MIGS Cultured Bacterial/Archaeal sample from Ralstonia solanacearum	30822088	Ralstonia solanacearum	Race 3, Biovar 1			Solanum dulcamara				30831858								River water	Agricultural	Not applicable	NA	Riparian	United Kingdom	347	Europe	2	Oxfordshire	2008	https://plantpath.ifas.ufl.edu/rsol/Culturemedia.html#MediaReferences																																													
SAMN30822089	Race 3, Biovar 1	RAL_AA0183AA			SAMN30822089	MIGS Cultured Bacterial/Archaeal sample from Ralstonia solanacearum	30822089	Ralstonia solanacearum	Race 3, Biovar 1			Water				30831858								River water	Agricultural	Not applicable	NA	Riparian	United Kingdom	348	Europe	2	Oxfordshire	2008	https://plantpath.ifas.ufl.edu/rsol/Culturemedia.html#MediaReferences																																													
SAMN30822090	Race 3, Biovar 1	RAL_AA0326AA			SAMN30822090	MIGS Cultured Bacterial/Archaeal sample from Ralstonia solanacearum	30822090	Ralstonia solanacearum	Race 3, Biovar 1			Potato				30831858								Xylem sap	Agricultural	Not applicable	NA	Seed	United Kingdom	349	Europe	2	Cornwall	2009	https://plantpath.ifas.ufl.edu/rsol/Culturemedia.html#MediaReferences																																													
SAMN30822091	Race 3, Biovar 1	RAL_AA0325AA			SAMN30822091	MIGS Cultured Bacterial/Archaeal sample from Ralstonia solanacearum	30822091	Ralstonia solanacearum	Race 3, Biovar 1			Water				30831858								River water	Agricultural	Not applicable	NA	Riparian	United Kingdom	350	Europe	2	Berkshire	2013	https://plantpath.ifas.ufl.edu/rsol/Culturemedia.html#MediaReferences																																													
SAMN30822092	Race 3, Biovar 1	RAL_AA0324AA			SAMN30822092	MIGS Cultured Bacterial/Archaeal sample from Ralstonia solanacearum	30822092	Ralstonia solanacearum	Race 3, Biovar 1			Water				30831858								River water	Agricultural	Not applicable	NA	Riparian	United Kingdom	351	Europe	2	Berkshire	2013	https://plantpath.ifas.ufl.edu/rsol/Culturemedia.html#MediaReferences																																													
SAMN30822093	Race 3, Biovar 1	RAL_AA0323AA			SAMN30822093	MIGS Cultured Bacterial/Archaeal sample from Ralstonia solanacearum	30822093	Ralstonia solanacearum	Race 3, Biovar 1			Water				30831858								River water	Agricultural	Not applicable	NA	Riparian	United Kingdom	353	Europe	2	Berkshire	2014	https://plantpath.ifas.ufl.edu/rsol/Culturemedia.html#MediaReferences																																													
SAMN30822094	Race 3, Biovar 1	RAL_AA0321AA			SAMN30822094	MIGS Cultured Bacterial/Archaeal sample from Ralstonia solanacearum	30822094	Ralstonia solanacearum	Race 3, Biovar 1			Water				30831858								River water	Agricultural	Not applicable	NA	Riparian	United Kingdom	354	Europe	2	Berkshire	2015	https://plantpath.ifas.ufl.edu/rsol/Culturemedia.html#MediaReferences																																													
SAMN30822095	Race 3, Biovar 1	RAL_AA0320AA			SAMN30822095	MIGS Cultured Bacterial/Archaeal sample from Ralstonia solanacearum	30822095	Ralstonia solanacearum	Race 3, Biovar 1			Water				30831858								River water	Agricultural	Not applicable	NA	Riparian	United Kingdom	355	Europe	2	Berkshire	2015	https://plantpath.ifas.ufl.edu/rsol/Culturemedia.html#MediaReferences																																													
SAMN30822096	Race 3, Biovar 1	RAL_AA0319AA			SAMN30822096	MIGS Cultured Bacterial/Archaeal sample from Ralstonia solanacearum	30822096	Ralstonia solanacearum	Race 3, Biovar 1			Water				30831858								River water	Agricultural	Not applicable	NA	Riparian	United Kingdom	358	Europe	2	Norfolk	2016	https://plantpath.ifas.ufl.edu/rsol/Culturemedia.html#MediaReferences																																													
SAMN30822097	Race 3, Biovar 1	RAL_AA0318AA			SAMN30822097	MIGS Cultured Bacterial/Archaeal sample from Ralstonia solanacearum	30822097	Ralstonia solanacearum	Race 3, Biovar 1			Water				30831858								River water	Agricultural	Not applicable	NA	Riparian	United Kingdom	360	Europe	2	Norfolk	2017	https://plantpath.ifas.ufl.edu/rsol/Culturemedia.html#MediaReferences																																													
SAMN30822098	Race 3, Biovar 1	RAL_AA0317AA			SAMN30822098	MIGS Cultured Bacterial/Archaeal sample from Ralstonia solanacearum	30822098	Ralstonia solanacearum	Race 3, Biovar 1			Water				30831858								River water	Agricultural	Not applicable	NA	Riparian	United Kingdom	361	Europe	2	Norfolk	2017	https://plantpath.ifas.ufl.edu/rsol/Culturemedia.html#MediaReferences																																													
SAMN30822099	Race 3, Biovar 1	RAL_AA0316AA			SAMN30822099	MIGS Cultured Bacterial/Archaeal sample from Ralstonia solanacearum	30822099	Ralstonia solanacearum	Race 3, Biovar 1			Water				30831858								River water	Agricultural	Not applicable	NA	Riparian	United Kingdom	362	Europe	2	Cambridgeshire	2017	https://plantpath.ifas.ufl.edu/rsol/Culturemedia.html#MediaReferences																																													
SAMN30822100	Race 3, Biovar 1	RAL_AA0315AA			SAMN30822100	MIGS Cultured Bacterial/Archaeal sample from Ralstonia solanacearum	30822100	Ralstonia solanacearum	Race 3, Biovar 1			Water				30831858								River water	Agricultural	Not applicable	NA	Riparian	United Kingdom	363	Europe	2	Norfolk	2017	https://plantpath.ifas.ufl.edu/rsol/Culturemedia.html#MediaReferences																																													
SAMN30822101	Race 3, Biovar 1	RAL_AA0314AA			SAMN30822101	MIGS Cultured Bacterial/Archaeal sample from Ralstonia solanacearum	30822101	Ralstonia solanacearum	Race 3, Biovar 1			Water				30831858								River water	Agricultural	Not applicable	NA	Riparian	United Kingdom	364	Europe	2	Norfolk	2018	https://plantpath.ifas.ufl.edu/rsol/Culturemedia.html#MediaReferences																																													
SAMN30822102	Race 3, Biovar 1	RAL_AA0313AA			SAMN30822102	MIGS Cultured Bacterial/Archaeal sample from Ralstonia solanacearum	30822102	Ralstonia solanacearum	Race 3, Biovar 1			Water				30831858								River water	Agricultural	Not applicable	NA	Riparian	United Kingdom	365	Europe	2	Cambridgeshire	2018	https://plantpath.ifas.ufl.edu/rsol/Culturemedia.html#MediaReferences																																													
SAMN30822103	Race 3, Biovar 1	RAL_AA0312AA			SAMN30822103	MIGS Cultured Bacterial/Archaeal sample from Ralstonia solanacearum	30822103	Ralstonia solanacearum	Race 3, Biovar 1			Water				30831858								River water	Agricultural	Not applicable	NA	Riparian	United Kingdom	366	Europe	2	Norfolk	2018	https://plantpath.ifas.ufl.edu/rsol/Culturemedia.html#MediaReferences																																													
SAMN30822104	Race 3, Biovar 1	RAL_AA0310AA			SAMN30822104	MIGS Cultured Bacterial/Archaeal sample from Ralstonia solanacearum	30822104	Ralstonia solanacearum	Race 3, Biovar 1			Water				30831858								River water	Agricultural	Not applicable	NA	Riparian	United Kingdom	367	Europe	2	Cambridgeshire	2018	https://plantpath.ifas.ufl.edu/rsol/Culturemedia.html#MediaReferences																																													
SAMN30822105	Race 3, Biovar 1	RAL_AA0309AA			SAMN30822105	MIGS Cultured Bacterial/Archaeal sample from Ralstonia solanacearum	30822105	Ralstonia solanacearum	Race 3, Biovar 1			Water				30831858								River water	Agricultural	Not applicable	NA	Riparian	United Kingdom	368	Europe	2	Norfolk	2018	https://plantpath.ifas.ufl.edu/rsol/Culturemedia.html#MediaReferences																																													
SAMN30822106	Race 3, Biovar 1	RAL_AA0308AA			SAMN30822106	MIGS Cultured Bacterial/Archaeal sample from Ralstonia solanacearum	30822106	Ralstonia solanacearum	Race 3, Biovar 1			Water				30831858								River water	Agricultural	Not applicable	NA	Riparian	United Kingdom	369	Europe	2	Cambridgeshire	2018	https://plantpath.ifas.ufl.edu/rsol/Culturemedia.html#MediaReferences																																													
SAMN30822107	Race 3, Biovar 1	RAL_AA0307AA			SAMN30822107	MIGS Cultured Bacterial/Archaeal sample from Ralstonia solanacearum	30822107	Ralstonia solanacearum	Race 3, Biovar 1			Water				30831858								River water	Agricultural	Not applicable	NA	Riparian	United Kingdom	370	Europe	2	NA	missing	https://plantpath.ifas.ufl.edu/rsol/Culturemedia.html#MediaReferences																																													
SAMN30822108	Race 3, Biovar 1	RAL_AA0306AA			SAMN30822108	MIGS Cultured Bacterial/Archaeal sample from Ralstonia solanacearum	30822108	Ralstonia solanacearum	Race 3, Biovar 1			Water				30831858								River water	Agricultural	Not applicable	NA	Riparian	United Kingdom	371	Europe	2	NA	missing	https://plantpath.ifas.ufl.edu/rsol/Culturemedia.html#MediaReferences																																													
SAMN31865980				GCF_046529245.1	SAMN31865980	Microbe sample from Ralstonia pseudosolanacearum	31865980	Ralstonia pseudosolanacearum	MSG-1	2021-11	China: Guangxi, Nanning	Morus alba L.	Morus alba L.stem		cell culture																																																							1310165										
SAMN32082345				GCF_039623345.1	SAMN32082345	Pathogen: environmental/food/other sample from Ralstonia pseudosolanacearum	32082345	Ralstonia pseudosolanacearum	RS26	2016-05-26	China: Guangzhou		Cucurbita maxima	23.39 N 113.40 E			X.M. She																																																															
SAMN32399500				GCA_039623675.1	SAMN32399500	Pathogen: environmental/food/other sample from Ralstonia solanacearum	32399500	Ralstonia solanacearum	QL-Rs1115	2008-08	China: Nanjing		Tomato greenhouse	32.03 N 118.57 E			Nanjing Agricultural University																																																															
SAMN32543030				GCF_029220065.1	SAMN32543030	PSS4 PacBio sequence	32543030	Ralstonia pseudosolanacearum	PSS4	1988	Taiwan: Tainan	Solanum lycopersicum		not collected		not applicable			not collected	not applicable	1	not applicable	not collected																																																									
SAMN32543031				GCF_029220045.1	SAMN32543031	RUN2340 PacBio sequence	32543031	Ralstonia pseudosolanacearum	RUN2340	2013	Madagascar: Antsirabe	Solanum tuberosum		not collected		Revelomanantsoa et al., 2018; doi: 10.3389/fpls.2017.02258.			not collected	not applicable	1	not applicable	not collected																																															1310165										
SAMN32543032				GCF_029220025.1	SAMN32543032	CFBP2957 PacBio sequence	32543032	Ralstonia solanacearum CFBP2957	CFBP2957	1987	Martinique: (FWI), Case pilote	Solanum lycopersicum		not collected		not applicable			not collected	not applicable	1	not applicable	not collected																																																									
SAMN32543033				GCF_029220005.1	SAMN32543033	BA7 PacBio sequence	32543033	Ralstonia solanacearum	BA7	1984	Grenada	Musa sp. (Cavendish)		not collected		not applicable			not collected	not applicable	1	not applicable	not collected																																																									
SAMN32543034				GCF_029219985.1	SAMN32543034	MOLK2 PacBio sequence	32543034	Ralstonia solanacearum MolK2	MolK2	1991	Philippines: Davao	Musa sp.		not collected		not applicable			not collected	not applicable	1	not applicable	not collected																																																									
SAMN32543035				GCF_029219965.1	SAMN32543035	R24 PacBio sequence	32543035	Ralstonia syzygii R24	R24	missing	Indonesia	Syzygium aromaticum		not collected		not applicable			not collected	not applicable	1	not applicable	not collected																																																									
SAMN32543036				GCF_029219945.1	SAMN32543036	BDBR229 PacBio sequence	32543036	Ralstonia syzygii	BDBR229	1988	Indonesia: South Sulawesi	Musa sp.		not collected		not applicable			not collected	not applicable	1	not applicable	not collected																																																									
SAMN34223255	AN-0720	RAL_AA0158AA		GCF_041276365.1	SAMN34223255	Microbe sample from Ralstonia solanacearum	34223255	Ralstonia solanacearum	AN-0720	2020-07	Mexico: Coatepec de Harinas	Solanum lycopersicum	stem		Whole organism		Jess Hernndez Romano																				Jess Hernndez Romano																																											
SAMN35301405				GCF_030124305.1	SAMN35301405	Microbe sample from Ralstonia pseudosolanacearum	35301405	Ralstonia pseudosolanacearum	Cq05	2017-05	China: Nanning, Guangxi province	chiehqua			tissue sample																																																							1310165										
SAMN35347197				GCF_030406625.1	SAMN35347197	RALF-MA	35347197	Ralstonia pseudosolanacearum	RALF-MA	2020-01-01	Costa Rica	tomato		9.7489 N 83.7534 W		RALF-MA			plant-pathogen	Nutrient Agar	1	plant-pathogen	plant-pathogen																																																									
SAMN35347198	RALSA-MA	RAL_AA0157AA		GCF_030412035.1	SAMN35347198	RALSA-MA	35347198	Ralstonia solanacearum	RALSA-MA	2020-01-01	Costa Rica	tomato		9.7489 N 83.7534 W		RALSA-MA			plant-pathogen	Nutrient Agar	1	plant-pathogen	plant-pathogen																																																									
SAMN35628657				GCF_041363985.1	SAMN35628657	Microbe sample from Ralstonia pseudosolanacearum	35628657	Ralstonia pseudosolanacearum	RsTP2	2016-07	China: Jiangxi Province	Nicotiana tabacum	diseased seedlings		cell culture		Liwei Hu																																														Sequevar 13 belonged to Asian phylotype I																	
SAMN35628658				GCF_041363935.1	SAMN35628658	Microbe sample from Ralstonia pseudosolanacearum	35628658	Ralstonia pseudosolanacearum	RsTY2	2016-07	China: Jiangxi Province	Nicotiana tabacum	diseased seedlings		cell culture		Liwei Hu																																														Sequevar 13 belonged to Asian phylotype I																	
SAMN36081901	SM1850_UCD520	RAL_AA0031AA		GCF_030519255.1	SAMN36081901	Microbe sample from Ralstonia pseudosolanacearum	36081901	Ralstonia pseudosolanacearum	SM1850_UCD520	2012	Nepal: Birendranagar in the Chitwan district	Solanum virginianum			Cell culture		Nagendra Subedi, Sally Miller Lab, The Ohio State University																				Sally Miller Lab, The Ohio State University; Lowe-Power Lab, University of California Davis																										Phylotype I																	
SAMN36081902	SM1851_UCD521	RAL_AA0032AA		GCF_030519305.1	SAMN36081902	Microbe sample from Ralstonia pseudosolanacearum	36081902	Ralstonia pseudosolanacearum	SM1851_UCD521	2012	Nepal: Chitwan district	Solanum virginianum			Cell culture		Nagendra Subedi, Sally Miller Lab, The Ohio State University																				Sally Miller Lab, The Ohio State University; Lowe-Power Lab, University of California Davis																										Phylotype I																	
SAMN36081903	SM1858_UCD505	RAL_AA0033AA		GCF_030519275.1	SAMN36081903	Microbe sample from Ralstonia pseudosolanacearum	36081903	Ralstonia pseudosolanacearum	SM1858_UCD505	2012	Bangladesh: Jamalpur district	Solanum virginianum			Cell culture		Nagendra Subedi, Sally Miller Lab, The Ohio State University																				Sally Miller Lab, The Ohio State University; Lowe-Power Lab, University of California Davis																										Phylotype I																	
SAMN36081904	SM666_UCD496	RAL_AA0034AA		GCF_030519295.1	SAMN36081904	Microbe sample from Ralstonia pseudosolanacearum	36081904	Ralstonia pseudosolanacearum	SM666_UCD496	2012	Bangladesh: Jamalpur district	Solanum virginianum			Cell culture		Nagendra Subedi, Sally Miller Lab, The Ohio State University																				Sally Miller Lab, The Ohio State University; Lowe-Power Lab, University of California Davis																										Phylotype I																	
SAMN36081905	SM671_UCD503	RAL_AA0035AA		GCF_030519215.1	SAMN36081905	Microbe sample from Ralstonia pseudosolanacearum	36081905	Ralstonia pseudosolanacearum	SM671_UCD503	2012	Bangladesh: Jamalpur district	Solanum virginianum			Cell culture		Nagendra Subedi, Sally Miller Lab, The Ohio State University																				Sally Miller Lab, The Ohio State University; Lowe-Power Lab, University of California Davis																										Phylotype I																	
SAMN36081906	SM677_UCD518	RAL_AA0037AA		GCF_030519225.1	SAMN36081906	Microbe sample from Ralstonia pseudosolanacearum	36081906	Ralstonia pseudosolanacearum	SM677_UCD518	2012	Bangladesh: Narsingdi district	Solanum virginianum			Cell culture		Nagendra Subedi, Sally Miller Lab, The Ohio State University																				Sally Miller Lab, The Ohio State University; Lowe-Power Lab, University of California Davis																										Phylotype I																	
SAMN36081907	SM683_UCD502	RAL_AA0038AA		GCF_030519155.1	SAMN36081907	Microbe sample from Ralstonia pseudosolanacearum	36081907	Ralstonia pseudosolanacearum	SM683_UCD502	2012	Bangladesh: Narsingdi district	Solanum virginianum			Cell culture		Nagendra Subedi, Sally Miller Lab, The Ohio State University																				Sally Miller Lab, The Ohio State University; Lowe-Power Lab, University of California Davis																										Phylotype I																	
SAMN36081908	SM684_UCD504	RAL_AA0039AA		GCF_030519175.1	SAMN36081908	Microbe sample from Ralstonia pseudosolanacearum	36081908	Ralstonia pseudosolanacearum	SM684_UCD504	2012	Bangladesh: Narsingdi district	Solanum virginianum			Cell culture		Nagendra Subedi, Sally Miller Lab, The Ohio State University																				Sally Miller Lab, The Ohio State University; Lowe-Power Lab, University of California Davis																										Phylotype I																	
SAMN36081909	SM686_UCD506	RAL_AA0040AA		GCF_030519165.1	SAMN36081909	Microbe sample from Ralstonia pseudosolanacearum	36081909	Ralstonia pseudosolanacearum	SM686_UCD506	2012	Bangladesh: Narsingdi district	Solanum virginianum			Cell culture		Nagendra Subedi, Sally Miller Lab, The Ohio State University																				Sally Miller Lab, The Ohio State University; Lowe-Power Lab, University of California Davis																										Phylotype I																	
SAMN36081910	SM696_UCD519	RAL_AA0041AA		GCF_030519135.1	SAMN36081910	Microbe sample from Ralstonia pseudosolanacearum	36081910	Ralstonia pseudosolanacearum	SM696_UCD519	2012	Bangladesh: Jessore district	Solanum virginianum			Cell culture		Nagendra Subedi, Sally Miller Lab, The Ohio State University																				Sally Miller Lab, The Ohio State University; Lowe-Power Lab, University of California Davis																										Phylotype I																	
SAMN36081911	SM702_UCD515	RAL_AA0042AA		GCF_030519075.1	SAMN36081911	Microbe sample from Ralstonia pseudosolanacearum	36081911	Ralstonia pseudosolanacearum	SM702_UCD515	2012	Bangladesh: Jessore district	Solanum virginianum			Cell culture		Nagendra Subedi, Sally Miller Lab, The Ohio State University																				Sally Miller Lab, The Ohio State University; Lowe-Power Lab, University of California Davis																										Phylotype I																	
SAMN36081912	SM707_UCD512	RAL_AA0043AA		GCF_030519055.1	SAMN36081912	Microbe sample from Ralstonia pseudosolanacearum	36081912	Ralstonia pseudosolanacearum	SM707_UCD512	2012	Bangladesh: Comilla district	Solanum virginianum			Cell culture		Nagendra Subedi, Sally Miller Lab, The Ohio State University																				Sally Miller Lab, The Ohio State University; Lowe-Power Lab, University of California Davis																										Phylotype I																	
SAMN36081913	SM709_UCD514	RAL_AA0044AA		GCF_030519065.1	SAMN36081913	Microbe sample from Ralstonia pseudosolanacearum	36081913	Ralstonia pseudosolanacearum	SM709_UCD514	2012	Bangladesh: Comilla district	Solanum virginianum			Cell culture		Nagendra Subedi, Sally Miller Lab, The Ohio State University																				Sally Miller Lab, The Ohio State University; Lowe-Power Lab, University of California Davis																										Phylotype I																	
SAMN36081914	SM714_UCD497	RAL_AA0045AA		GCF_030519085.1	SAMN36081914	Microbe sample from Ralstonia pseudosolanacearum	36081914	Ralstonia pseudosolanacearum	SM714_UCD497	2012	Bangladesh: Comilla district	Capsicum sp.			Cell culture		Nagendra Subedi, Sally Miller Lab, The Ohio State University																				Sally Miller Lab, The Ohio State University; Lowe-Power Lab, University of California Davis																										Phylotype I																	
SAMN36081915	SM715_UCD499	RAL_AA0046AA		GCF_030519035.1	SAMN36081915	Microbe sample from Ralstonia pseudosolanacearum	36081915	Ralstonia pseudosolanacearum	SM715_UCD499	2012	Bangladesh: Comilla district	Capsicum sp.			Cell culture		Nagendra Subedi, Sally Miller Lab, The Ohio State University																				Sally Miller Lab, The Ohio State University; Lowe-Power Lab, University of California Davis																										Phylotype I																	
SAMN36081916	SM717_UCD507	RAL_AA0024AA		GCF_030518935.1	SAMN36081916	Microbe sample from Ralstonia pseudosolanacearum	36081916	Ralstonia pseudosolanacearum	SM717_UCD507	2012	Bangladesh: City of Brahmanbaria	Solanum virginianum			Cell culture		Nagendra Subedi, Sally Miller Lab, The Ohio State University																				Sally Miller Lab, The Ohio State University; Lowe-Power Lab, University of California Davis																										Phylotype I																	
SAMN36081917	SM718_UCD509	RAL_AA0025AA		GCF_030518995.1	SAMN36081917	Microbe sample from Ralstonia pseudosolanacearum	36081917	Ralstonia pseudosolanacearum	SM718_UCD509	2012	Bangladesh: City of Brahmanbaria	Solanum virginianum			Cell culture		Nagendra Subedi, Sally Miller Lab, The Ohio State University																				Sally Miller Lab, The Ohio State University; Lowe-Power Lab, University of California Davis																										Phylotype I																	
SAMN36081918	SM732_UCD517	RAL_AA0026AA		GCF_030518945.1	SAMN36081918	Microbe sample from Ralstonia pseudosolanacearum	36081918	Ralstonia pseudosolanacearum	SM732_UCD517	2012	Bangladesh: Tangail district	Solanum melongena grafted on Solanum sisymbriifolium rootstock			Cell culture		Nagendra Subedi, Sally Miller Lab, The Ohio State University																				Sally Miller Lab, The Ohio State University; Lowe-Power Lab, University of California Davis																										Phylotype I																	
SAMN36081919	SM734_UCD498	RAL_AA0027AA		GCF_030518985.1	SAMN36081919	Microbe sample from Ralstonia pseudosolanacearum	36081919	Ralstonia pseudosolanacearum	SM734_UCD498	2012	Bangladesh: Tangail district	Solanum virginianum			Cell culture		Nagendra Subedi, Sally Miller Lab, The Ohio State University																				Sally Miller Lab, The Ohio State University; Lowe-Power Lab, University of California Davis																										Phylotype I																	
SAMN36081920	SM735_UCD516	RAL_AA0028AA		GCF_030518955.1	SAMN36081920	Microbe sample from Ralstonia pseudosolanacearum	36081920	Ralstonia pseudosolanacearum	SM735_UCD516	2012	Bangladesh: City of Joydebpur	Solanum virginianum			Cell culture		Nagendra Subedi, Sally Miller Lab, The Ohio State University																				Sally Miller Lab, The Ohio State University; Lowe-Power Lab, University of California Davis																										Phylotype I																	
SAMN36081921	SM741_UCD511	RAL_AA0029AA		GCF_030518875.1	SAMN36081921	Microbe sample from Ralstonia pseudosolanacearum	36081921	Ralstonia pseudosolanacearum	SM741_UCD511	2012	Bangladesh: Bogra district	Solanum virginianum			Cell culture		Nagendra Subedi, Sally Miller Lab, The Ohio State University																				Sally Miller Lab, The Ohio State University; Lowe-Power Lab, University of California Davis																										Phylotype I																	
SAMN36081922	SM742_UCD513	RAL_AA0030AA		GCF_030518845.1	SAMN36081922	Microbe sample from Ralstonia pseudosolanacearum	36081922	Ralstonia pseudosolanacearum	SM742_UCD513	2012	Bangladesh: Bogra district	Solanum virginianum			Cell culture		Nagendra Subedi, Sally Miller Lab, The Ohio State University																				Sally Miller Lab, The Ohio State University; Lowe-Power Lab, University of California Davis																										Phylotype I																	
SAMN36081923				GCF_030518835.1	SAMN36081923	Microbe sample from Ralstonia pseudosolanacearum	36081923	Ralstonia pseudosolanacearum	SM743_UCD567	2012	Bangladesh: Syangja district	Solanum lycopersicum grafted on Solanum sisymbriifolium rootstock			Cell culture		Nagendra Subedi, Sally Miller Lab, The Ohio State University																				Sally Miller Lab, The Ohio State University; Lowe-Power Lab, University of California Davis																										Phylotype I																	
SAMN36081924	SM744_UCD522	RAL_AA0047AA		GCF_030518855.1	SAMN36081924	Microbe sample from Ralstonia pseudosolanacearum	36081924	Ralstonia pseudosolanacearum	SM744_UCD522	2012	Bangladesh: Syangja district	Solanum lycopersicum grafted on Solanum sisymbriifolium rootstock			Cell culture		Nagendra Subedi, Sally Miller Lab, The Ohio State University																				Sally Miller Lab, The Ohio State University; Lowe-Power Lab, University of California Davis																										Phylotype I																	
SAMN36081925	SM747_UCD508	RAL_AA0048AA		GCF_030518885.1	SAMN36081925	Microbe sample from Ralstonia pseudosolanacearum	36081925	Ralstonia pseudosolanacearum	SM747_UCD508	2012	Nepal: Birendranagar in the Chitwan district	Solanum virginianum			Cell culture		Nagendra Subedi, Sally Miller Lab, The Ohio State University																				Sally Miller Lab, The Ohio State University; Lowe-Power Lab, University of California Davis																										Phylotype I																	
SAMN36447502	DG-3	RAL_AA0049AA		GCF_047120255.1	SAMN36447502	Microbe sample from Ralstonia pseudosolanacearum	36447502	Ralstonia pseudosolanacearum	DG-3	2020-11-28	China:Guangdong,Dongguan	cherry tomato			cell culture																																																																	
SAMN37256210	GMI1000	RAL_AA0023AA			SAMN37256210	Microbe sample from Ralstonia pseudosolanacearum GMI1000	37256210	Ralstonia pseudosolanacearum GMI1000	GMI1000	2023-06-30	China	tomato	laboratory		Cell culture																											S2																type strain of Ralstonia sequeirae																						
SAMN37256211	GMI1000	RAL_AA0022AA			SAMN37256211	Microbe sample from Ralstonia pseudosolanacearum GMI1000	37256211	Ralstonia pseudosolanacearum GMI1000	GMI1000	2023-06-30	China	tomato	laboratory		Cell culture																											S3																type strain of Ralstonia sequeirae																						
SAMN37256212	GMI1000	RAL_AA0021AA			SAMN37256212	Microbe sample from Ralstonia pseudosolanacearum GMI1000	37256212	Ralstonia pseudosolanacearum GMI1000	GMI1000	2023-06-30	China	tomato	laboratory		Cell culture																											S6																type strain of Ralstonia sequeirae																						
SAMN37256213	GMI1000	RAL_AA0020AA			SAMN37256213	Microbe sample from Ralstonia pseudosolanacearum GMI1000	37256213	Ralstonia pseudosolanacearum GMI1000	GMI1000	2023-06-30	China	tomato	laboratory		Cell culture																											S7																type strain of Ralstonia sequeirae																						
SAMN37256214	GMI1000	RAL_AA0019AA			SAMN37256214	Microbe sample from Ralstonia pseudosolanacearum GMI1000	37256214	Ralstonia pseudosolanacearum GMI1000	GMI1000	2023-06-30	China	tomato	laboratory		Cell culture																											S8																type strain of Ralstonia sequeirae																						
SAMN37256215	GMI1000	RAL_AA0018AA			SAMN37256215	Microbe sample from Ralstonia pseudosolanacearum GMI1000	37256215	Ralstonia pseudosolanacearum GMI1000	GMI1000	2023-06-30	China	tomato	laboratory		Cell culture																											S15																type strain of Ralstonia sequeirae																						
SAMN37256216	GMI1000	RAL_AA0017AA			SAMN37256216	Microbe sample from Ralstonia pseudosolanacearum GMI1000	37256216	Ralstonia pseudosolanacearum GMI1000	GMI1000	2023-06-30	China	tomato	laboratory		Cell culture																											S20																type strain of Ralstonia sequeirae																						
SAMN37261781				GCF_049485675.1	SAMN37261781	MIGS Cultured Bacterial/Archaeal sample from Ralstonia pseudosolanacearum	37261781	Ralstonia pseudosolanacearum	RS848	2022-10	China: Guangzhou city	Blueberry		23.72 N 113.73 E		Ralstonia pseudosolanacearum GMI1000			Farmland	Roots and stems	3	Ordinary matrix soil	Facility greenhouse																																																									
SAMN37721522				GCF_052784355.1	SAMN37721522	Pathogen: environmental/food/other sample from Ralstonia pseudosolanacearum	37721522	Ralstonia pseudosolanacearum	XCqk	2018-01-28	China		mulberry	24.06 N 108.66 E			Yuan T																																																															
SAMN37824495				GCF_039822545.1	SAMN37824495	Microbe sample from Ralstonia pseudosolanacearum	37824495	Ralstonia pseudosolanacearum	B-N-A01	2019-10-06	China: Nanjing		laboratory derived mutant; originally from soil		cell culture																																																																	
SAMN37824498				GCA_039822525.1	SAMN37824498	Microbe sample from Ralstonia pseudosolanacearum	37824498	Ralstonia pseudosolanacearum	B-N-A04	2019-10-06	China: Nanjing		laboratory derived mutant; originally from soil		cell culture																																																																	
SAMN37824499				GCA_039822585.1	SAMN37824499	Microbe sample from Ralstonia pseudosolanacearum	37824499	Ralstonia pseudosolanacearum	B-N-S01	2019-10-06	China: Nanjing		laboratory derived mutant; originally from soil		cell culture																																																																	
SAMN37824500				GCA_039822505.1	SAMN37824500	Microbe sample from Ralstonia pseudosolanacearum	37824500	Ralstonia pseudosolanacearum	B-N-S02	2019-10-06	China: Nanjing		laboratory derived mutant; originally from soil		cell culture																																																																	
SAMN37824501				GCA_039822485.1	SAMN37824501	Microbe sample from Ralstonia pseudosolanacearum	37824501	Ralstonia pseudosolanacearum	B-N-S03	2019-10-06	China: Nanjing		laboratory derived mutant; originally from soil		cell culture																																																																	
SAMN37824502				GCF_039822405.1	SAMN37824502	Microbe sample from Ralstonia pseudosolanacearum	37824502	Ralstonia pseudosolanacearum	B-N-S04	2019-10-06	China: Nanjing		laboratory derived mutant; originally from soil		cell culture																																																																	
SAMN37824507				GCA_039822465.1	SAMN37824507	Microbe sample from Ralstonia pseudosolanacearum	37824507	Ralstonia pseudosolanacearum	D-N-A01	2019-10-06	China: Nanjing		laboratory derived mutant; originally from soil		cell culture																																																																	
SAMN37824509				GCA_039822445.1	SAMN37824509	Microbe sample from Ralstonia pseudosolanacearum	37824509	Ralstonia pseudosolanacearum	D-N-A03	2019-10-06	China: Nanjing		laboratory derived mutant; originally from soil		cell culture																																																																	
SAMN37824510				GCF_039822425.1	SAMN37824510	Microbe sample from Ralstonia pseudosolanacearum	37824510	Ralstonia pseudosolanacearum	D-N-A04	2019-10-06	China: Nanjing		laboratory derived mutant; originally from soil		cell culture																																																																	
SAMN37824514				GCF_039822385.1	SAMN37824514	Microbe sample from Ralstonia pseudosolanacearum	37824514	Ralstonia pseudosolanacearum	D-N-S04	2019-10-06	China: Nanjing		laboratory derived mutant; originally from soil		cell culture																																																																	
SAMN37824516				GCF_039822345.1	SAMN37824516	Microbe sample from Ralstonia pseudosolanacearum	37824516	Ralstonia pseudosolanacearum	D-P-A02	2019-10-06	China: Nanjing		laboratory derived mutant; originally from soil		cell culture																																																																	
SAMN37824519				GCF_039822305.1	SAMN37824519	Microbe sample from Ralstonia pseudosolanacearum	37824519	Ralstonia pseudosolanacearum	D-P-S01	2019-10-06	China: Nanjing		laboratory derived mutant; originally from soil		cell culture																																																																	
SAMN37824520				GCF_039822325.1	SAMN37824520	Microbe sample from Ralstonia pseudosolanacearum	37824520	Ralstonia pseudosolanacearum	D-P-S02	2019-10-06	China: Nanjing		laboratory derived mutant; originally from soil		cell culture																																																																	
SAMN37824521				GCA_039822365.1	SAMN37824521	Microbe sample from Ralstonia pseudosolanacearum	37824521	Ralstonia pseudosolanacearum	D-P-S03	2019-10-06	China: Nanjing		laboratory derived mutant; originally from soil		cell culture																																																																	
SAMN38159251	YJA2	RAL_AA1863AA			SAMN38159251	Microbe sample from Ralstonia pseudosolanacearum	38159251	Ralstonia pseudosolanacearum	YJA2	2018	China: Yangjiang, Guangdong	Casuarina			cell culture																																																																	
SAMN38159252	MMB5	RAL_AA1867AA			SAMN38159252	Microbe sample from Ralstonia pseudosolanacearum	38159252	Ralstonia pseudosolanacearum	MMB5	2018	China: Maoming, Guangdong	Casuarina			cell culture																																																																	
SAMN38159253	MMB7	RAL_AA1866AA			SAMN38159253	Microbe sample from Ralstonia pseudosolanacearum	38159253	Ralstonia pseudosolanacearum	MMB7	2018	China: Maoming, Guangdong	Casuarina			cell culture																																																																	
SAMN38159254	SWA6	RAL_AA1865AA			SAMN38159254	Microbe sample from Ralstonia pseudosolanacearum	38159254	Ralstonia pseudosolanacearum	SWA6	2018	China: Shanwei, Guangdong	Casuarina			cell culture																																																																	
SAMN38159255	SWC4	RAL_AA1864AA			SAMN38159255	Microbe sample from Ralstonia pseudosolanacearum	38159255	Ralstonia pseudosolanacearum	SWC4	2018	China: Shanwei, Guangdong	Casuarina			cell culture																																																																	
SAMN38159256	XWJ3	RAL_AA1862AA			SAMN38159256	Microbe sample from Ralstonia pseudosolanacearum	38159256	Ralstonia pseudosolanacearum	XWJ3	2018	China: Xuwen,Guangdong	Casuarina			cell culture																																																																	
SAMN38159257	XWI2	RAL_AA1861AA			SAMN38159257	Microbe sample from Ralstonia pseudosolanacearum	38159257	Ralstonia pseudosolanacearum	XWI2	2018	China: Xuwen, Guangdong	Casuarina			cell culture																																																																	
SAMN38159258	WYF3Z	RAL_AA1871AA			SAMN38159258	Microbe sample from Ralstonia pseudosolanacearum	38159258	Ralstonia pseudosolanacearum	WYF3Z	2018	China: Zhanjiang, Guangdong	Casuarina			cell culture																																																																	
SAMN38159259	WYG1S	RAL_AA1870AA			SAMN38159259	Microbe sample from Ralstonia pseudosolanacearum	38159259	Ralstonia pseudosolanacearum	WYG1S	2018	China: Zhanjiang, Guangdong	Casuarina			cell culture																																																																	
SAMN38159260	DHD47	RAL_AA1869AA			SAMN38159260	Microbe sample from Ralstonia pseudosolanacearum	38159260	Ralstonia pseudosolanacearum	DHD47	2018	China: Zhanjiang, Guangdong	Casuarina			cell culture																																																																	
SAMN38159261	NS25	RAL_AA1868AA			SAMN38159261	Microbe sample from Ralstonia pseudosolanacearum	38159261	Ralstonia pseudosolanacearum	NS25	2018	China: Zhanjiang, Guangdong	Casuarina			cell culture																																																																	
SAMN38366933				GCF_049887695.1	SAMN38366933	MIGS Cultured Bacterial/Archaeal sample from Ralstonia pseudosolanacearum	38366933	Ralstonia pseudosolanacearum	OSU1	2019	Cambodia: CE SAIN Agricultural Technology Park, Krong Siem Reab District, Siem Reap Province	tomato		13.401642 N 103.791628 E		In preparation			Vegetable crop	Modified semi-selective South African medium (SMSA) and Casamino acid-peptone-glucose (CPG) medium with TZC (2,3,5-Triphenyltetrazolium chloride)	2	Plant xylem tissue	Mixed vegetable demonstration field													Bacterial wilt																																												
SAMN38366934				GCF_049887715.1	SAMN38366934	MIGS Cultured Bacterial/Archaeal sample from Ralstonia pseudosolanacearum	38366934	Ralstonia pseudosolanacearum	OSU2	2019	Cambodia: CE SAIN Agricultural Technology Park, Krong Siem Reab District, Siem Reap Province	tomato		13.401642 N 103.791628 E		In preparation			Vegetable crop	Modified semi-selective South African medium (SMSA) and Casamino acid-peptone-glucose (CPG) medium with TZC (2,3,5-Triphenyltetrazolium chloride)	2	Plant xylem tissue	Mixed vegetable demonstration field													Bacterial wilt																																												
SAMN38366935				GCF_049887675.1	SAMN38366935	MIGS Cultured Bacterial/Archaeal sample from Ralstonia pseudosolanacearum	38366935	Ralstonia pseudosolanacearum	OSU3	2019	Cambodia: CE SAIN Agricultural Technology Park, Krong Siem Reab District, Siem Reap Province	tomato		13.401642 N 103.791628 E		In preparation			Vegetable crop	Modified semi-selective South African medium (SMSA) and Casamino acid-peptone-glucose (CPG) medium with TZC (2,3,5-Triphenyltetrazolium chloride)	2	Plant xylem tissue	Mixed vegetable demonstration field													Bacterial wilt																																												
SAMN38366936				GCF_049887635.1	SAMN38366936	MIGS Cultured Bacterial/Archaeal sample from Ralstonia pseudosolanacearum	38366936	Ralstonia pseudosolanacearum	OSU4	2019	Cambodia: CE SAIN Agricultural Technology Park, Krong Siem Reab District, Siem Reap Province	tomato		13.401642 N 103.791628 E		In preparation			Vegetable crop	Modified semi-selective South African medium (SMSA) and Casamino acid-peptone-glucose (CPG) medium with TZC (2,3,5-Triphenyltetrazolium chloride)	2	Plant xylem tissue	Mixed vegetable demonstration field													Bacterial wilt																																												
SAMN38366937				GCF_049887655.1	SAMN38366937	MIGS Cultured Bacterial/Archaeal sample from Ralstonia pseudosolanacearum	38366937	Ralstonia pseudosolanacearum	OSU7	2019	Cambodia: CE SAIN Agricultural Technology Park, Krong Siem Reab District, Siem Reap Province	tomato		13.401642 N 103.791628 E		In preparation			Vegetable crop	Modified semi-selective South African medium (SMSA) and Casamino acid-peptone-glucose (CPG) medium with TZC (2,3,5-Triphenyltetrazolium chloride)	2	Plant xylem tissue	Mixed vegetable demonstration field													Bacterial wilt																																												
SAMN38366938				GCF_049887615.1	SAMN38366938	MIGS Cultured Bacterial/Archaeal sample from Ralstonia pseudosolanacearum	38366938	Ralstonia pseudosolanacearum	OSU8	2019	Cambodia: CE SAIN Agricultural Technology Park, Krong Siem Reab District, Siem Reap Province	tomato		13.401642 N 103.791628 E		In preparation			Vegetable crop	Modified semi-selective South African medium (SMSA) and Casamino acid-peptone-glucose (CPG) medium with TZC (2,3,5-Triphenyltetrazolium chloride)	2	Plant xylem tissue	Mixed vegetable demonstration field													Bacterial wilt																																												
SAMN38366939				GCF_049887575.1	SAMN38366939	MIGS Cultured Bacterial/Archaeal sample from Ralstonia pseudosolanacearum	38366939	Ralstonia pseudosolanacearum	OSU9	2019	Cambodia: CE SAIN Agricultural Technology Park, Krong Siem Reab District, Siem Reap Province	tomato		13.401642 N 103.791628 E		In preparation			Vegetable crop	Modified semi-selective South African medium (SMSA) and Casamino acid-peptone-glucose (CPG) medium with TZC (2,3,5-Triphenyltetrazolium chloride)	2	Plant xylem tissue	Mixed vegetable demonstration field													Bacterial wilt																																												
SAMN38366940				GCF_049887585.1	SAMN38366940	MIGS Cultured Bacterial/Archaeal sample from Ralstonia pseudosolanacearum	38366940	Ralstonia pseudosolanacearum	OSU13	2019	Cambodia: CE SAIN Agricultural Technology Park, Krong Siem Reab District, Siem Reap Province	Bitter gourd		13.401642 N 103.791628 E		In preparation			Vegetable crop	Modified semi-selective South African medium (SMSA) and Casamino acid-peptone-glucose (CPG) medium with TZC (2,3,5-Triphenyltetrazolium chloride)	2	Plant xylem tissue	Mixed vegetable demonstration field													Bacterial wilt																																												
SAMN38366941				GCF_049887555.1	SAMN38366941	MIGS Cultured Bacterial/Archaeal sample from Ralstonia pseudosolanacearum	38366941	Ralstonia pseudosolanacearum	OSU14	2019	Cambodia: CE SAIN Agricultural Technology Park, Krong Siem Reab District, Siem Reap Province	Bitter gourd		13.401642 N 103.791628 E		In preparation			Vegetable crop	Modified semi-selective South African medium (SMSA) and Casamino acid-peptone-glucose (CPG) medium with TZC (2,3,5-Triphenyltetrazolium chloride)	2	Plant xylem tissue	Mixed vegetable demonstration field													Bacterial wilt																																												
SAMN38366942				GCF_049887525.1	SAMN38366942	MIGS Cultured Bacterial/Archaeal sample from Ralstonia pseudosolanacearum	38366942	Ralstonia pseudosolanacearum	OSU15	2019	Cambodia: CE SAIN Agricultural Technology Park, Krong Siem Reab District, Siem Reap Province	Bitter gourd		13.401642 N 103.791628 E		In preparation			Vegetable crop	Modified semi-selective South African medium (SMSA) and Casamino acid-peptone-glucose (CPG) medium with TZC (2,3,5-Triphenyltetrazolium chloride)	2	Plant xylem tissue	Mixed vegetable demonstration field													Bacterial wilt																																												
SAMN38366943				GCF_049887515.1	SAMN38366943	MIGS Cultured Bacterial/Archaeal sample from Ralstonia pseudosolanacearum	38366943	Ralstonia pseudosolanacearum	OSU16	2019	Cambodia: CE SAIN Agricultural Technology Park, Krong Siem Reab District, Siem Reap Province	Bitter gourd		13.401642 N 103.791628 E		In preparation			Vegetable crop	Modified semi-selective South African medium (SMSA) and Casamino acid-peptone-glucose (CPG) medium with TZC (2,3,5-Triphenyltetrazolium chloride)	2	Plant xylem tissue	Mixed vegetable demonstration field													Bacterial wilt																																												
SAMN38366944				GCF_049887495.1	SAMN38366944	MIGS Cultured Bacterial/Archaeal sample from Ralstonia pseudosolanacearum	38366944	Ralstonia pseudosolanacearum	OSU17	2019	Cambodia: CE SAIN Agricultural Technology Park, Krong Siem Reab District, Siem Reap Province	Long bean		13.401642 N 103.791628 E		In preparation			Vegetable crop	Modified semi-selective South African medium (SMSA) and Casamino acid-peptone-glucose (CPG) medium with TZC (2,3,5-Triphenyltetrazolium chloride)	2	Plant xylem tissue	Mixed vegetable demonstration field													Bacterial wilt																																												
SAMN38366945				GCF_049887475.1	SAMN38366945	MIGS Cultured Bacterial/Archaeal sample from Ralstonia pseudosolanacearum	38366945	Ralstonia pseudosolanacearum	OSU18	2019	Cambodia: CE SAIN Agricultural Technology Park, Krong Siem Reab District, Siem Reap Province	Long bean		13.401642 N 103.791628 E		In preparation			Vegetable crop	Modified semi-selective South African medium (SMSA) and Casamino acid-peptone-glucose (CPG) medium with TZC (2,3,5-Triphenyltetrazolium chloride)	2	Plant xylem tissue	Mixed vegetable demonstration field													Bacterial wilt																																												
SAMN38366946				GCF_049887455.1	SAMN38366946	MIGS Cultured Bacterial/Archaeal sample from Ralstonia pseudosolanacearum	38366946	Ralstonia pseudosolanacearum	OSU19	2019	Cambodia: CE SAIN Agricultural Technology Park, Krong Siem Reab District, Siem Reap Province	Long bean		13.401642 N 103.791628 E		In preparation			Vegetable crop	Modified semi-selective South African medium (SMSA) and Casamino acid-peptone-glucose (CPG) medium with TZC (2,3,5-Triphenyltetrazolium chloride)	2	Plant xylem tissue	Mixed vegetable demonstration field													Bacterial wilt																																												
SAMN38366947				GCF_049887435.1	SAMN38366947	MIGS Cultured Bacterial/Archaeal sample from Ralstonia pseudosolanacearum	38366947	Ralstonia pseudosolanacearum	OSU20	2019	Cambodia: CE SAIN Agricultural Technology Park, Krong Siem Reab District, Siem Reap Province	Long bean		13.401642 N 103.791628 E		In preparation			Vegetable crop	Modified semi-selective South African medium (SMSA) and Casamino acid-peptone-glucose (CPG) medium with TZC (2,3,5-Triphenyltetrazolium chloride)	2	Plant xylem tissue	Mixed vegetable demonstration field													Bacterial wilt																																												
SAMN38366948				GCF_049887375.1	SAMN38366948	MIGS Cultured Bacterial/Archaeal sample from Ralstonia pseudosolanacearum	38366948	Ralstonia pseudosolanacearum	OSU21	2019	Cambodia: CE SAIN Agricultural Technology Park, Krong Siem Reab District, Siem Reap Province	Bitter gourd		13.401642 N 103.791628 E		In preparation			Vegetable crop	Modified semi-selective South African medium (SMSA) and Casamino acid-peptone-glucose (CPG) medium with TZC (2,3,5-Triphenyltetrazolium chloride)	2	Plant xylem tissue	Mixed vegetable demonstration field													Bacterial wilt																																												
SAMN38450761				GCF_050916425.1	SAMN38450761	Ralstonia solanacearum isolated from Eucalyptus in Brazil	38450761	Ralstonia solanacearum	AHR56	2022-08-01	Brazil: Minas Gerais	Eucalyptus urophylla		17.9302 S 43.7908 W		Primary publication			tropical savanna	Tripheny tetrazolium chloride medium	1	plant tissue: stem	clonal greenhouse													bacterial wilt																																												
SAMN39646423				GCF_036628395.1	SAMN39646423	Ralstonia solanacearum	39646423	Ralstonia solanacearum species complex bacterium KE101	KE101	1973-01-01	Kenya	Capsicum annuum	missing		cell culture			1																																																														
SAMN39646424				GCF_036628455.1	SAMN39646424	Ralstonia solanacearum	39646424	Ralstonia solanacearum species complex bacterium KE055	KE055	1960-01-01	Kenya	Solanum tuberosum	missing		cell culture			IIA																																																														
SAMN39646425				GCF_036628435.1	SAMN39646425	Ralstonia solanacearum	39646425	Ralstonia solanacearum species complex bacterium KE056	KE056	1998-01-01	Kenya	Solanum tuberosum	missing		cell culture			III																																																														
SAMN39646426				GCF_036628375.1	SAMN39646426	Ralstonia solanacearum	39646426	Ralstonia solanacearum species complex bacterium ZIM076	ZIM076	1998-01-01	Zimbabwe	Capsicum annuum	missing		cell culture			III																																																														
SAMN39646427				GCF_036628415.1	SAMN39646427	Ralstonia solanacearum	39646427	Ralstonia solanacearum species complex bacterium KE711	KE711	2004-01-01	Kenya	Pelargonium	missing		cell culture			IIB																																																														
SAMN39646428				GCF_036628355.1	SAMN39646428	Ralstonia solanacearum	39646428	Ralstonia solanacearum species complex bacterium KE449	KE449	2003-01-01	Kenya	Pelargonium	missing		cell culture			IIB																																																														
SAMN39646429				GCF_036628335.1	SAMN39646429	Ralstonia solanacearum	39646429	Ralstonia solanacearum species complex bacterium KE100	KE100	1974-01-01	Kenya	Capsicum annuum	missing		cell culture			I																																																														
SAMN39646430				GCF_036628315.1	SAMN39646430	Ralstonia solanacearum	39646430	Ralstonia solanacearum species complex bacterium RW470	RW470	1998-01-01	Rwanda	Solanum tuberosum	missing		cell culture			IIB																																																														
SAMN39714303				GCA_037956285.1	SAMN39714303	Microbe sample from Ralstonia solanacearum	39714303	Ralstonia solanacearum	gd-2	missing	China:Fujian	tobacco			whole organism																																																																	
SAMN39822550	UCD576	RAL_AA0156AA		GCF_036553425.1	SAMN39822550	MIGS Cultured Bacterial/Archaeal sample from Ralstonia solanacearum	39822550	Ralstonia solanacearum	UCD576	2023-04	USA: Alabama	Solanum lycopersicum		32.31 N 86.90 W		t.b.d.			cropland biome	https://github.com/lowepowerlab/protocols/blob/main/media.md#modified-semi-selective-south-africa-medium	2	endosphere	tomato plant													Ralstonia wilt disease																																												
SAMN39822551	UW853_UCD541	RAL_AA0155AA		GCF_036543205.1	SAMN39822551	MIGS Cultured Bacterial/Archaeal sample from Ralstonia solanacearum	39822551	Ralstonia solanacearum	UW853_UCD541	2022-07	USA: Alabama	Solanum lycopersicum		32.31 N 86.90 W		t.b.d.			cropland biome	https://github.com/lowepowerlab/protocols/blob/main/media.md#modified-semi-selective-south-africa-medium	2	endosphere	tomato plant													Ralstonia wilt disease																																												
SAMN40440902				GCF_040537795.1	SAMN40440902	Microbe sample from Ralstonia pseudosolanacearum SM1863_UCD523_TZ3	40440902	Ralstonia pseudosolanacearum	TZ3	2019	Tanzania: Lushoto, Tanga	Pepper		4.965088 S 38.501587 E		genome report			Smallholder farm	http://rave.ohiolink.edu/etdc/view?acc_num=osu1620742066050469	2	xylem	Pepper																																																									
SAMN40440903				GCF_040537745.1	SAMN40440903	Microbe sample from Ralstonia pseudosolanacearum SM1864_UCD524_TZ4	40440903	Ralstonia pseudosolanacearum	TZ4	2019	Tanzania: Lushoto, Tanga	Tomato		4.965088 S 38.501587 E		genome report			Smallholder farm	http://rave.ohiolink.edu/etdc/view?acc_num=osu1620742066050469	2	xylem	Tomato																																																									
SAMN40440904				GCF_040537735.1	SAMN40440904	Microbe sample from Ralstonia pseudosolanacearum SM1865_UCD525_TZ5	40440904	Ralstonia pseudosolanacearum	TZ5	2019	Tanzania: Mlali, Morogoro	Tomato		6.9549287 S 37.5347993 E		genome report			Smallholder farm	http://rave.ohiolink.edu/etdc/view?acc_num=osu1620742066050469	2	xylem	Tomato																																																									
SAMN40440905				GCF_040537775.1	SAMN40440905	Microbe sample from Ralstonia pseudosolanacearum SM1866_UCD526_TZ6	40440905	Ralstonia pseudosolanacearum	TZ6	2019	Tanzania: Lushoto, Tanga	Pepper		4.965088 S 38.501587 E		genome report			Smallholder farm	http://rave.ohiolink.edu/etdc/view?acc_num=osu1620742066050469	2	xylem	Pepper																																																									
SAMN40440906				GCF_040537695.1	SAMN40440906	Microbe sample from Ralstonia pseudosolanacearum SM1867_UCD527_TZ8	40440906	Ralstonia pseudosolanacearum	TZ8	2019	Tanzania: Lushoto, Tanga	Pepper		4.965088 S 38.501587 E		genome report			Smallholder farm	http://rave.ohiolink.edu/etdc/view?acc_num=osu1620742066050469	2	xylem	Pepper																																																									
SAMN40440907				GCF_040537705.1	SAMN40440907	Microbe sample from Ralstonia pseudosolanacearum SM1868_UCD528_TZ9	40440907	Ralstonia pseudosolanacearum	TZ9	2019	Tanzania: Lushoto, Tanga	Tomato		4.965088 S 38.501587 E		genome report			Smallholder farm	http://rave.ohiolink.edu/etdc/view?acc_num=osu1620742066050469	2	xylem	Tomato																																																									
SAMN40440908				GCF_040537655.1	SAMN40440908	Microbe sample from Ralstonia pseudosolanacearum SM1869_UCD529_TZ11	40440908	Ralstonia pseudosolanacearum	TZ11	2019	Tanzania: Lushoto, Tanga	Tomato		4.965088 S 38.501587 E		genome report			Smallholder farm	http://rave.ohiolink.edu/etdc/view?acc_num=osu1620742066050469	2	xylem	Tomato																																																									
SAMN40440909				GCF_040537635.1	SAMN40440909	Microbe sample from Ralstonia pseudosolanacearum SM1871_UCD531_TZ17	40440909	Ralstonia pseudosolanacearum	TZ17	2019	Tanzania: Lushoto, Tanga	Tomato		4.965088 S 38.501587 E		genome report			Smallholder farm	http://rave.ohiolink.edu/etdc/view?acc_num=osu1620742066050469	2	xylem	Tomato																																																									
SAMN40440910				GCF_040537645.1	SAMN40440910	Microbe sample from Ralstonia pseudosolanacearum SM1872_UCD532_TZ19	40440910	Ralstonia pseudosolanacearum	TZ19	2019	Tanzania: Lushoto, Tanga	Tomato		4.965088 S 38.501587 E		genome report			Smallholder farm	http://rave.ohiolink.edu/etdc/view?acc_num=osu1620742066050469	2	xylem	Tomato																																																									
SAMN40440911				GCF_040537575.1	SAMN40440911	Microbe sample from Ralstonia pseudosolanacearum SM1873_UCD533_TZ20	40440911	Ralstonia pseudosolanacearum	TZ20	2019	Tanzania: Lushoto, Tanga	Pepper		4.965088 S 38.501587 E		genome report			Smallholder farm	http://rave.ohiolink.edu/etdc/view?acc_num=osu1620742066050469	2	xylem	Pepper																																																									
SAMN40440912				GCF_040537585.1	SAMN40440912	Microbe sample from Ralstonia pseudosolanacearum SM1876_UCD536_TZ33	40440912	Ralstonia pseudosolanacearum	TZ33	2019	Tanzania: Inyala, Mbeya	Tomato		8.8570365 S 33.6385577 E		genome report			Smallholder farm	http://rave.ohiolink.edu/etdc/view?acc_num=osu1620742066050469	2	xylem	Tomato																																																									
SAMN40440913				GCF_040537595.1	SAMN40440913	Microbe sample from Ralstonia pseudosolanacearum SM1877_UCD537_TZ34	40440913	Ralstonia pseudosolanacearum	TZ34	2019	Tanzania: Mshewe, Mbeya	Pepper		8.858 S 33.276 E		genome report			Smallholder farm	http://rave.ohiolink.edu/etdc/view?acc_num=osu1620742066050469	2	xylem	Pepper																																																									
SAMN40440914				GCF_040537535.1	SAMN40440914	Microbe sample from Ralstonia pseudosolanacearum SM1878_UCD538_TZ35	40440914	Ralstonia pseudosolanacearum	TZ35	2019	Tanzania: Mshewe, Mbeya	Pepper		8.858 S 33.276 E		genome report			Smallholder farm	http://rave.ohiolink.edu/etdc/view?acc_num=osu1620742066050469	2	xylem	Pepper																																																									
SAMN40440915				GCF_040537495.1	SAMN40440915	Microbe sample from Ralstonia pseudosolanacearum SM1879_UCD539_Tz21	40440915	Ralstonia pseudosolanacearum	TZ21	2019	Tanzania: Image, Iringa	Tomato		7.773094 S 35.699120 E		genome report			Smallholder farm	http://rave.ohiolink.edu/etdc/view?acc_num=osu1620742066050469	2	xylem	Tomato																																																									
SAMN40440916				GCF_040537485.1	SAMN40440916	Microbe sample from Ralstonia pseudosolanacearum SM1880_UCD540_Tz22	40440916	Ralstonia pseudosolanacearum	TZ22	2019	Tanzania: Image, Iringa	Tomato		7.773094 S 35.699120 E		genome report			Smallholder farm	http://rave.ohiolink.edu/etdc/view?acc_num=osu1620742066050469	2	xylem	Tomato																																																									
SAMN40440917				GCF_040537555.1	SAMN40440917	Microbe sample from Ralstonia pseudosolanacearum SM1881_UCD612_TZ10	40440917	Ralstonia pseudosolanacearum	TZ10	2019	Tanzania: Lushoto, Tanga	Pepper		4.965088 S 38.501587 E		genome report			Smallholder farm	http://rave.ohiolink.edu/etdc/view?acc_num=osu1620742066050469	2	xylem	Pepper																																																									
SAMN40440918				GCF_040537455.1	SAMN40440918	Microbe sample from Ralstonia pseudosolanacearum SM1883_UCD615_TZ15	40440918	Ralstonia pseudosolanacearum	TZ15	2019	Tanzania: Lushoto, Tanga	Tomato		4.965088 S 38.501587 E		genome report			Smallholder farm	http://rave.ohiolink.edu/etdc/view?acc_num=osu1620742066050469	2	xylem	Tomato																																																									
SAMN40440919				GCF_040537475.1	SAMN40440919	Microbe sample from Ralstonia pseudosolanacearum SM1884_UCD616_TZ26	40440919	Ralstonia pseudosolanacearum	TZ26	2019	Tanzania: Inyala, Mbeya	Tomato		8.8570365 S 33.6385577 E		genome report			Smallholder farm	http://rave.ohiolink.edu/etdc/view?acc_num=osu1620742066050469	2	xylem	Tomato																																																									
SAMN40440920				GCF_040537435.1	SAMN40440920	Microbe sample from Ralstonia pseudosolanacearum SM1885_UCD618_TZ27	40440920	Ralstonia pseudosolanacearum	TZ27	2019	Tanzania: Image, Iringa	Tomato		7.773094 S 35.699120 E		genome report			Smallholder farm	http://rave.ohiolink.edu/etdc/view?acc_num=osu1620742066050469	2	xylem	Tomato																																																									
SAMN40518000	PD 7642	RAL_AA0154AA		GCF_037653055.1	SAMN40518000	Microbe sample from Ralstonia solanacearum	40518000	Ralstonia solanacearum	PD 7642	2009	Netherlands		surface water		cell culture																																																																	
SAMN40518001	PD 7643	RAL_AA0153AA		GCF_037892735.1	SAMN40518001	Microbe sample from Ralstonia solanacearum	40518001	Ralstonia solanacearum	PD 7643	2009	Netherlands		surface water		cell culture																																																																	
SAMN40518002	PD 7644	RAL_AA0142AA		GCF_037653735.1	SAMN40518002	Microbe sample from Ralstonia solanacearum	40518002	Ralstonia solanacearum	PD 7644	2009	Netherlands		surface water		cell culture																																																																	
SAMN40518003	PD 7389	RAL_AA0136AA		GCF_037653715.1	SAMN40518003	Microbe sample from Ralstonia solanacearum	40518003	Ralstonia solanacearum	PD 7389	2018	Netherlands	Solanum tuberosum			cell culture																																																																	
SAMN40518004	PD 7670	RAL_AA0135AA		GCF_037653775.1	SAMN40518004	Microbe sample from Ralstonia solanacearum	40518004	Ralstonia solanacearum	PD 7670	2017	Netherlands		surface water		cell culture																																																																	
SAMN40518005	PD 7671	RAL_AA0134AA		GCF_037653835.1	SAMN40518005	Microbe sample from Ralstonia solanacearum	40518005	Ralstonia solanacearum	PD 7671	2017	Netherlands		surface water		cell culture																																																																	
SAMN40518006	PD 7672	RAL_AA0133AA		GCF_037653395.1	SAMN40518006	Microbe sample from Ralstonia solanacearum	40518006	Ralstonia solanacearum	PD 7672	2017	Netherlands		surface water		cell culture																																																																	
SAMN40518007	PD 7645	RAL_AA0132AA		GCF_037653325.1	SAMN40518007	Microbe sample from Ralstonia solanacearum	40518007	Ralstonia solanacearum	PD 7645	2018	Netherlands		surface water		cell culture																																																																	
SAMN40518008	PD 7647	RAL_AA0131AA		GCF_037653355.1	SAMN40518008	Microbe sample from Ralstonia solanacearum	40518008	Ralstonia solanacearum	PD 7647	2018	Netherlands		surface water		cell culture																																																																	
SAMN40518009	PD 7648	RAL_AA0130AA		GCF_037653695.1	SAMN40518009	Microbe sample from Ralstonia solanacearum	40518009	Ralstonia solanacearum	PD 7648	2018	Netherlands		surface water		cell culture																																																																	
SAMN40518010	PD 7576	RAL_AA0152AA		GCF_037653535.1	SAMN40518010	Microbe sample from Ralstonia solanacearum	40518010	Ralstonia solanacearum	PD 7576	2019	Netherlands	Solanum tuberosum			cell culture																																																																	
SAMN40518011	PD 7677	RAL_AA0151AA		GCF_037653615.1	SAMN40518011	Microbe sample from Ralstonia solanacearum	40518011	Ralstonia solanacearum	PD 7677	2019	Netherlands		surface water		cell culture																																																																	
SAMN40518012	PD 8570	RAL_AA0150AA		GCF_037653195.1	SAMN40518012	Microbe sample from Ralstonia solanacearum	40518012	Ralstonia solanacearum	PD 8570	2019	Netherlands		surface water		cell culture																																																																	
SAMN40518013	PD 8568	RAL_AA0149AA		GCF_037653005.1	SAMN40518013	Microbe sample from Ralstonia solanacearum	40518013	Ralstonia solanacearum	PD 8568	2019	Netherlands		surface water		cell culture																																																																	
SAMN40518014	PD 8569	RAL_AA0148AA		GCF_037653495.1	SAMN40518014	Microbe sample from Ralstonia solanacearum	40518014	Ralstonia solanacearum	PD 8569	2019	Netherlands		surface water		cell culture																																																																	
SAMN40518015	PD 8571	RAL_AA0147AA		GCF_037653575.1	SAMN40518015	Microbe sample from Ralstonia solanacearum	40518015	Ralstonia solanacearum	PD 8571	2019	Netherlands		surface water		cell culture																																																																	
SAMN40518016	PD 7711	RAL_AA0146AA		GCF_037653435.1	SAMN40518016	Microbe sample from Ralstonia solanacearum	40518016	Ralstonia solanacearum	PD 7711	2019	Netherlands		surface water		cell culture																																																																	
SAMN40518017	PD 7578	RAL_AA0145AA		GCF_037653275.1	SAMN40518017	Microbe sample from Ralstonia solanacearum	40518017	Ralstonia solanacearum	PD 7578	2019	Netherlands	Solanum tuberosum			cell culture																																																																	
SAMN40518018	PD 8567	RAL_AA0144AA		GCF_037652855.1	SAMN40518018	Microbe sample from Ralstonia solanacearum	40518018	Ralstonia solanacearum	PD 8567	2019	Netherlands	Solanum tuberosum			cell culture																																																																	
SAMN40518019	PD 7579	RAL_AA0143AA		GCF_037652875.1	SAMN40518019	Microbe sample from Ralstonia solanacearum	40518019	Ralstonia solanacearum	PD 7579	2019	Netherlands	Solanum tuberosum			cell culture																																																																	
SAMN40518020	PD 7394	RAL_AA0141AA		GCF_037653155.1	SAMN40518020	Microbe sample from Ralstonia solanacearum	40518020	Ralstonia solanacearum	PD 7394	2018	Netherlands	Rosa sp.			cell culture																																																																	
SAMN40518021	PD 7397	RAL_AA0140AA		GCF_037653075.1	SAMN40518021	Microbe sample from Ralstonia solanacearum	40518021	Ralstonia solanacearum	PD 7397	2018	Netherlands	Rosa sp.			cell culture																																																																	
SAMN40518022	PD 7414	RAL_AA0139AA		GCF_037653095.1	SAMN40518022	Microbe sample from Ralstonia solanacearum	40518022	Ralstonia solanacearum	PD 7414	2018	Netherlands	Rosa sp.			cell culture																																																																	
SAMN40518023	PD 8566	RAL_AA0138AA		GCF_037652935.1	SAMN40518023	Microbe sample from Ralstonia solanacearum	40518023	Ralstonia solanacearum	PD 8566	2018	Netherlands	Rosa sp.			cell culture																																																																	
SAMN40518024	PD 7421	RAL_AA0137AA		GCF_037653205.1	SAMN40518024	Microbe sample from Ralstonia solanacearum	40518024	Ralstonia solanacearum	PD 7421	2018	Netherlands	Rosa sp.			cell culture																																																																	
SAMN40518025	PD 8565	RAL_AA0011AA		GCF_037938245.1	SAMN40518025	Microbe sample from Ralstonia pseudosolanacearum	40518025	Ralstonia pseudosolanacearum	PD 8565	2018	Netherlands	Rosa sp.			cell culture																																																																	
SAMN40702563	Ancestor	RAL_AA0129AA			SAMN40702563	Microbe sample from Ralstonia solanacearum	40702563	Ralstonia solanacearum	Ancestor	2023-01-01	China: Guangxi		Coevolution study		cell culture																											Ancrstor GMI1000																																						
SAMN40702564	G8-1	RAL_AA0128AA			SAMN40702564	Microbe sample from Ralstonia solanacearum	40702564	Ralstonia solanacearum	G8-1	2023-01-01	China: Guangxi		Coevolution study		Mixed culture																											GMI1000 evolution control																																						
SAMN40702565	G8-2	RAL_AA0117AA			SAMN40702565	Microbe sample from Ralstonia solanacearum	40702565	Ralstonia solanacearum	G8-2	2023-01-01	China: Guangxi		Coevolution study		Mixed culture																											GMI1000 evolution control																																						
SAMN40702566	G8-3	RAL_AA0111AA			SAMN40702566	Microbe sample from Ralstonia solanacearum	40702566	Ralstonia solanacearum	G8-3	2023-01-01	China: Guangxi		Coevolution study		Mixed culture																											GMI1000 evolution control																																						
SAMN40702567	G8-4	RAL_AA0110AA			SAMN40702567	Microbe sample from Ralstonia solanacearum	40702567	Ralstonia solanacearum	G8-4	2023-01-01	China: Guangxi		Coevolution study		Mixed culture																											GMI1000 evolution control																																						
SAMN40702568	G16-1	RAL_AA0109AA			SAMN40702568	Microbe sample from Ralstonia solanacearum	40702568	Ralstonia solanacearum	G16-1	2023-01-01	China: Guangxi		Coevolution study		Mixed culture																											GMI1000 evolution control																																						
SAMN40702569	G16-2	RAL_AA0108AA			SAMN40702569	Microbe sample from Ralstonia solanacearum	40702569	Ralstonia solanacearum	G16-2	2023-01-01	China: Guangxi		Coevolution study		Mixed culture																											GMI1000 evolution control																																						
SAMN40702570	G16-3	RAL_AA0107AA			SAMN40702570	Microbe sample from Ralstonia solanacearum	40702570	Ralstonia solanacearum	G16-3	2023-01-01	China: Guangxi		Coevolution study		Mixed culture																											GMI1000 evolution control																																						
SAMN40702571	G16-4	RAL_AA0106AA			SAMN40702571	Microbe sample from Ralstonia solanacearum	40702571	Ralstonia solanacearum	G16-4	2023-01-01	China: Guangxi		Coevolution study		Mixed culture																											GMI1000 evolution control																																						
SAMN40702572	G-R4-1	RAL_AA0105AA			SAMN40702572	Microbe sample from Ralstonia solanacearum	40702572	Ralstonia solanacearum	G-R4-1	2023-01-01	China: Guangxi		Coevolution study		Mixed culture																											GMI1000 and phage coevolution																																						
SAMN40702573	G-R4-2	RAL_AA0127AA			SAMN40702573	Microbe sample from Ralstonia solanacearum	40702573	Ralstonia solanacearum	G-R4-2	2023-01-01	China: Guangxi		Coevolution study		Mixed culture																											GMI1000 and phage coevolution																																						
SAMN40702574	G-R4-3	RAL_AA0126AA			SAMN40702574	Microbe sample from Ralstonia solanacearum	40702574	Ralstonia solanacearum	G-R4-3	2023-01-01	China: Guangxi		Coevolution study		Mixed culture																											GMI1000 and phage coevolution																																						
SAMN40702575	G-R4-4	RAL_AA0125AA			SAMN40702575	Microbe sample from Ralstonia solanacearum	40702575	Ralstonia solanacearum	G-R4-4	2023-01-01	China: Guangxi		Coevolution study		Mixed culture																											GMI1000 and phage coevolution																																						
SAMN40702576	G-R8-1	RAL_AA0124AA			SAMN40702576	Microbe sample from Ralstonia solanacearum	40702576	Ralstonia solanacearum	G-R8-1	2023-01-01	China: Guangxi		Coevolution study		Mixed culture																											GMI1000 and phage coevolution																																						
SAMN40702577	G-R8-2	RAL_AA0123AA			SAMN40702577	Microbe sample from Ralstonia solanacearum	40702577	Ralstonia solanacearum	G-R8-2	2023-01-01	China: Guangxi		Coevolution study		Mixed culture																											GMI1000 and phage coevolution																																						
SAMN40702578	G-R8-3	RAL_AA0122AA			SAMN40702578	Microbe sample from Ralstonia solanacearum	40702578	Ralstonia solanacearum	G-R8-3	2023-01-01	China: Guangxi		Coevolution study		Mixed culture																											GMI1000 and phage coevolution																																						
SAMN40702579	G-R8-4	RAL_AA0121AA			SAMN40702579	Microbe sample from Ralstonia solanacearum	40702579	Ralstonia solanacearum	G-R8-4	2023-01-01	China: Guangxi		Coevolution study		Mixed culture																											GMI1000 and phage coevolution																																						
SAMN40702580	G-R12-1	RAL_AA0120AA			SAMN40702580	Microbe sample from Ralstonia solanacearum	40702580	Ralstonia solanacearum	G-R12-1	2023-01-01	China: Guangxi		Coevolution study		Mixed culture																											GMI1000 and phage coevolution																																						
SAMN40702581	G-R12-2	RAL_AA0119AA			SAMN40702581	Microbe sample from Ralstonia solanacearum	40702581	Ralstonia solanacearum	G-R12-2	2023-01-01	China: Guangxi		Coevolution study		Mixed culture																											GMI1000 and phage coevolution																																						
SAMN40702582	G-R12-3	RAL_AA0118AA			SAMN40702582	Microbe sample from Ralstonia solanacearum	40702582	Ralstonia solanacearum	G-R12-3	2023-01-01	China: Guangxi		Coevolution study		Mixed culture																											GMI1000 and phage coevolution																																						
SAMN40702583	G-R12-4	RAL_AA0116AA			SAMN40702583	Microbe sample from Ralstonia solanacearum	40702583	Ralstonia solanacearum	G-R12-4	2023-01-01	China: Guangxi		Coevolution study		Mixed culture																											GMI1000 and phage coevolution																																						
SAMN40702584	G-R16-1	RAL_AA0115AA			SAMN40702584	Microbe sample from Ralstonia solanacearum	40702584	Ralstonia solanacearum	G-R16-1	2023-01-01	China: Guangxi		Coevolution study		Mixed culture																											GMI1000 and phage coevolution																																						
SAMN40702585	G-R16-2	RAL_AA0114AA			SAMN40702585	Microbe sample from Ralstonia solanacearum	40702585	Ralstonia solanacearum	G-R16-2	2023-01-01	China: Guangxi		Coevolution study		Mixed culture																											GMI1000 and phage coevolution																																						
SAMN40702586	G-R16-3	RAL_AA0113AA			SAMN40702586	Microbe sample from Ralstonia solanacearum	40702586	Ralstonia solanacearum	G-R16-3	2023-01-01	China: Guangxi		Coevolution study		Mixed culture																											GMI1000 and phage coevolution																																						
SAMN40702587	G-R16-4	RAL_AA0112AA			SAMN40702587	Microbe sample from Ralstonia solanacearum	40702587	Ralstonia solanacearum	G-R16-4	2023-01-01	China: Guangxi		Coevolution study		Mixed culture																											GMI1000 and phage coevolution																																						
SAMN41264334				GCF_039693335.1	SAMN41264334	barcode01	41264334	Ralstonia solanacearum	068_2	2023-05-01	Ecuador	Musa sp.			cell culture																																																																	
SAMN41264335				GCF_039692545.1	SAMN41264335	barcode02	41264335	Ralstonia solanacearum	077-080_1	2023-05-06	Ecuador	Musa sp.			cell culture																																																																	
SAMN41397082				GCF_050470505.1	SAMN41397082	S42_bc2001	41397082	Ralstonia solanacearum	Rs5	2000	USA		tomato		bacterial culture																																																																	
SAMN41665399				GCF_040429625.1	SAMN41665399	Microbe sample from Ralstonia solanacearum	41665399	Ralstonia pseudosolanacearum	EN1	2022-10-15	China	tobacco	in Enshi, Hubei		cell culture																																																							1310165										
SAMN41796063	GBBC3080	RAL_AA0010AA		GCF_040183095.1	SAMN41796063	MIGS Cultured Bacterial/Archaeal sample from Ralstonia pseudosolanacearum	41796063	Ralstonia pseudosolanacearum	GBBC3080	2015	Belgium: Londerzeel	Rosa sp.		51.000000 N 4.290000 E		ILVO Plant Healt bacterial collection			ENVO_03600087	https://apsjournals.apsnet.org/doi/10.1094/PDIS-09-17-1345-RE	2	PO_0009002	PO_0009047																																																									
SAMN42180103	NCPPB 3725	RAL_AA1756AA		GCF_041734965.1	SAMN42180103	Genome sequencing of Ralstonia syzygii subsp. celebesensis Safni et al. 2014 NCPPB 3725	42180103	Ralstonia syzygii subsp. celebesensis	NCPPB 3725	1987	Indonesia:West Java	Musa			Cell culture		S. Eden-Green T334X																																			NCPPB:3725																												
SAMN42180104	NCPPB 3726	RAL_AA1755AA			SAMN42180104	Genome sequencing of Ralstonia syzygii subsp. celebesensis Safni et al. 2014 NCPPB 3726	42180104	Ralstonia syzygii subsp. celebesensis	NCPPB 3726	1988	Indonesia:South Sulawesi	Musa			Cell culture		S. Eden-Green T389X																																			NCPPB:3726						type strain of Ralstonia haywardii subsp. celebensis																						
SAMN42180105	NCPPB 3727	RAL_AA1754AA		GCF_041734835.1	SAMN42180105	Genome sequencing of Ralstonia syzygii subsp. celebesensis Safni et al. 2014 NCPPB 3727	42180105	Ralstonia syzygii subsp. celebesensis	NCPPB 3727	1988	Indonesia:South Sulawesi	Musa			Cell culture		S. Eden-Green T394X																																			NCPPB:3727																												
SAMN42180106	NCPPB 3728	RAL_AA1753AA		GCF_041228115.3	SAMN42180106	Genome sequencing of Ralstonia syzygii subsp. celebesensis Safni et al. 2014 NCPPB 3728	42180106	Ralstonia syzygii subsp. celebesensis	NCPPB 3728	Not collected	Indonesia:North Sulawesi	Musa			Cell culture		S. Eden-Green T440X																																			NCPPB:3728																												
SAMN42716486				GCF_041023715.1	SAMN42716486	Pathogen: environmental/food/other sample from Ralstonia solanacearum	42716486	Ralstonia solanacearum	RsP01	2019	Colombia		Plantain / Banana	3.54625 N 73.70687 W			Agrosavia																																																															
SAMN42899247				GCF_041027275.1	SAMN42899247	MIGS Cultured Bacterial/Archaeal sample from Ralstonia solanacearum	42899247	Ralstonia solanacearum	B74	2015-04-03	Brazil: Tefe	Musa sp.		3.30405555 S 64.69663888 W		primary publication			Amazon forest biome	https://apsjournals.apsnet.org/doi/pdf/10.1094/PHYTO-12-13-0334-R	2	infected plant material	smallholder plantation																																																									
SAMN42899248				GCF_041027265.1	SAMN42899248	MIGS Cultured Bacterial/Archaeal sample from Ralstonia solanacearum	42899248	Ralstonia solanacearum	B75	2015-04-03	Brazil: Tefe	Musa sp.		3.30419444 S 64.69669444 W		primary publication			Amazon forest biome	https://apsjournals.apsnet.org/doi/pdf/10.1094/PHYTO-12-13-0334-R	2	infected plant material	smallholder plantation																																																									
SAMN43269446				GCF_045038165.1	SAMN43269446	MIGS Cultured Bacterial/Archaeal sample from Ralstonia pseudosolanacearum	43269446	Ralstonia pseudosolanacearum	RUN0320	2006	Madagascar: Atsinanana	Capsicum annuum		not collected		Rasoamanana et al., 2023; doi.org/10.1128/aem.01632-22			not collected	not applicable	1	not applicable	not collected																																																									
SAMN43269447				GCF_045038125.1	SAMN43269447	MIGS Cultured Bacterial/Archaeal sample from Ralstonia pseudosolanacearum	43269447	Ralstonia pseudosolanacearum	RUN3149	2013	Madagascar: Analamanga	Solanum tuberosum		not collected		Rasoamanana et al., 2023; doi.org/10.1128/aem.01632-22			not collected	not applicable	1	not applicable	not collected																																																									
SAMN43269448				GCF_045038135.1	SAMN43269448	MIGS Cultured Bacterial/Archaeal sample from Ralstonia pseudosolanacearum	43269448	Ralstonia pseudosolanacearum	RUN3223	2013	Madagascar: Itasy	Solanum lycopersicum		not collected		Rasoamanana et al., 2023; doi.org/10.1128/aem.01632-22			not collected	not applicable	1	not applicable	not collected																																																									
SAMN43269449				GCF_045038115.1	SAMN43269449	MIGS Cultured Bacterial/Archaeal sample from Ralstonia pseudosolanacearum	43269449	Ralstonia pseudosolanacearum	RUN5935	2018	Madagascar: Atsinanana	Capsicum annuum		not collected		Rasoamanana et al., 2023; doi.org/10.1128/aem.01632-22			not collected	not applicable	1	not applicable	not collected																																																									
SAMN43269450				GCF_045038085.1	SAMN43269450	MIGS Cultured Bacterial/Archaeal sample from Ralstonia pseudosolanacearum	43269450	Ralstonia pseudosolanacearum	RUN6285	2019	Madagascar: Betsiboka	Solanum aethiopicum		not collected		Rasoamanana et al., 2023; doi.org/10.1128/aem.01632-22			not collected	not applicable	1	not applicable	not collected																																																									
SAMN43269451				GCF_045038075.1	SAMN43269451	MIGS Cultured Bacterial/Archaeal sample from Ralstonia pseudosolanacearum	43269451	Ralstonia pseudosolanacearum	RUN6340	2019	Madagascar: Sofia	Solanum lycopersicum		not collected		Rasoamanana et al., 2023; doi.org/10.1128/aem.01632-22			not collected	not applicable	1	not applicable	not collected																																																									
SAMN43269452				GCF_045038065.1	SAMN43269452	MIGS Cultured Bacterial/Archaeal sample from Ralstonia pseudosolanacearum	43269452	Ralstonia pseudosolanacearum	RUN6499	2019	Madagascar: Sofia	Solanum aethiopicum		not collected		Rasoamanana et al., 2023; doi.org/10.1128/aem.01632-22			not collected	not applicable	1	not applicable	not collected																																																									
SAMN43269453				GCF_045038055.1	SAMN43269453	MIGS Cultured Bacterial/Archaeal sample from Ralstonia pseudosolanacearum	43269453	Ralstonia pseudosolanacearum	RUN6534	2019	Madagascar: Alaotra Mangoro	Capsicum annuum		not collected		Rasoamanana et al., 2023; doi.org/10.1128/aem.01632-22			not collected	not applicable	1	not applicable	not collected																																																									
SAMN43281545				GCF_042434295.1	SAMN43281545	Microbe sample from Ralstonia solanacearum	43281545	Ralstonia solanacearum	NCAIM B.01459	2020	missing		missing		cell culture																																											type strain of Pseudomonas solanacearum																						
SAMN43281666				GCF_042432065.1	SAMN43281666	Microbe sample from Ralstonia solanacearum	43281666	Ralstonia solanacearum	ICMP 5712	2019	missing		missing		cell culture																																											type strain of Pseudomonas solanacearum																						
SAMN43282129				GCF_042648205.1	SAMN43282129	Microbe sample from Ralstonia solanacearum	43282129	Ralstonia solanacearum	ICMP 5712	2020	missing		missing		cell culture																																											type strain of Pseudomonas solanacearum																						
SAMN43282212				GCF_042647065.1	SAMN43282212	Microbe sample from Ralstonia solanacearum	43282212	Ralstonia solanacearum	NCAIM B.01459	2020	missing		missing		cell culture																																											type strain of Pseudomonas solanacearum																						
SAMN43282365				GCF_042685665.1	SAMN43282365	Microbe sample from Ralstonia solanacearum	43282365	Ralstonia solanacearum	ICMP 5712	2020	missing		missing		cell culture																																											type strain of Pseudomonas solanacearum																						
SAMN43282463				GCA_042684045.1	SAMN43282463	Microbe sample from Ralstonia solanacearum	43282463	Ralstonia solanacearum	ICMP 5712	2021	missing		missing		cell culture																																											type strain of Pseudomonas solanacearum																						
SAMN43303032				GCF_041714705.1	SAMN43303032	barcode04	43303032	Ralstonia solanacearum	071-2	2024-05-20	Ecuador	Musa sp.			cell culture																																																																	
SAMN43303033				GCF_041714725.1	SAMN43303033	barcode05	43303033	Ralstonia solanacearum	095-3	2024-05-20	Ecuador	Musa sp.			cell culture																																																																	
SAMN43303034				GCF_041714715.1	SAMN43303034	barcode07	43303034	Ralstonia solanacearum	102-3	2024-05-20	Ecuador	Musa sp.			cell culture																																																																	
SAMN43303035				GCF_041714685.1	SAMN43303035	barcode20	43303035	Ralstonia solanacearum	115-4	2024-05-20	Ecuador	Musa sp.			cell culture																																																																	
SAMN43303036				GCF_041714695.1	SAMN43303036	barcode21	43303036	Ralstonia solanacearum	144-1	2024-05-20	Ecuador	Musa sp.			cell culture																																																																	
SAMN43407545				GCF_042494895.1	SAMN43407545	Microbe sample from Ralstonia syzygii	43407545	Ralstonia syzygii	Br19	2024	Brazil: Bahia	Eucalyptus urophylla	stem		Plant																											missing																																						
SAMN43428450				GCA_059009725.1	SAMN43428450	SA_22-263	43428450	Ralstonia solanacearum		2022-10-12	USA: Virginia, Buckingham	Tomato	stem	37.2410 N 80.3990 W		not applicable			missing			missing	missing																			22-263		not applicable																																				
SAMN43909832				GCF_057584535.1	SAMN43909832	MIGS Cultured Bacterial/Archaeal sample from Ralstonia pseudosolanacearum S-05	43909832	Ralstonia pseudosolanacearum	S-05	2012	Guam	Casuarina equisetifolia		13.4502076 N 144.7874584 E		genome report			Casuarina equisetifolia	28	1	Casuarina equisetifolia	Casuarina equisetifolia																																																									
SAMN43909896				GCF_057584525.1	SAMN43909896	Ralstonia pseudosolanacearum S-14	43909896	Ralstonia pseudosolanacearum	S_14	2012	Guam	Casuarina equisetifolia		13.4502076 N 144.7874584 E		genome report			Casuarina equisetifolia	28	1	Casuarina equisetifolia	Casuarina equisetifolia																																																									
SAMN43909898				GCF_057584515.1	SAMN43909898	Ralstonia pseudosolanacearum	43909898	Ralstonia pseudosolanacearum	19-170	2019	Guam	Casuarina equisetifolia		13.4502076 N 144.7874584 E		genome report			Casuarina equisetifolia	28	1	Casuarina equisetifolia	Casuarina equisetifolia																																																									
SAMN43909931				GCF_057584505.1	SAMN43909931	Ralstonia pseudosolanacearum 19-200	43909931	Ralstonia pseudosolanacearum	19-200	2019	Guam	Casuarina equisetifolia		13.4502076 N 144.7874584 E		genome report			Casuarina equisetifolia	28	1	Casuarina equisetifolia	Casuarina equisetifolia																																																									
SAMN43909937				GCF_057584495.1	SAMN43909937	Ralstonia pseudosolanacearum 19-228	43909937	Ralstonia pseudosolanacearum	19_228	2019	Guam	Casuarina equisetifolia		13.4502076 N 144.7874584 E		genome report			Casuarina equisetifolia	28	1	Casuarina equisetifolia	Casuarina equisetifolia																																																									
SAMN44366232				GCF_048164835.1	SAMN44366232	Microbe sample from Ralstonia pseudosolanacearum	44366232	Ralstonia pseudosolanacearum	NIB_Z_3685	2023	Slovenia	Zingiber officinale			Symptomatic plant material																																																																	
SAMN44414988				GCA_044788395.1	SAMN44414988	Microbe sample from Ralstonia solanacearum	44414988	Ralstonia solanacearum	MLY102	2023-07-16	China: Guizhou		diseased tobacco stalk	25.08 N 104.90 E	cell culture		Yong Liu																									missing																																						
SAMN44467445				GCF_047509085.1	SAMN44467445	MIGS Cultured Bacterial/Archaeal sample from Ralstonia pseudosolanacearum	44467445	Ralstonia pseudosolanacearum	UMN24-1	2024-08-01	USA: Minnesota			46.00 N 94.00 W		First Report is forthcoming from Khokhani lab		I	agricultural ecosystem [ENVO:00000077]	https://github.com/lowepowerlab/protocols/blob/main/growing_ralstonia.md	2	plant-associated environment [ENVO:01001001]	Farm [ENVO:00000078]													Bacterial wilt disease							Ginger (Zingiber officinale)																																					
SAMN44628588				GCA_049537075.1	SAMN44628588	MIGS Cultured Bacterial/Archaeal sample from Ralstonia nicotianae	44628588	Ralstonia nicotianae	19BS09	2019-08-02	China: Yunnan, Lincang	Nicotiana tabacum		23.695833 N 100.038611 E		Liu JY, Zhang JF, Wu HL, Chen Z, Li SY, Li HM, Zhang CP, Zhou YQ, Lu CH. Proposal to classify Ralstonia solanacearum phylotype I strains as Ralstonia nicotianae sp. nov., and a genomic comparison between members of the genus Ralstonia. Front Microbiol 2023; 14:1135872.			highland	28 centigrades on TTC plate for 36-48 h	2	bacterial wilt of tobacco	mountain area													bacterial wilt of tobacco							tobacco																																					
SAMN44628589				GCA_049537035.1	SAMN44628589	MIGS Cultured Bacterial/Archaeal sample from Ralstonia nicotianae	44628589	Ralstonia nicotianae	19BS10	2019-08-02	China: Yunnan, Lincang	Nicotiana tabacum		23.651389 N 100.068056 E		Liu JY, Zhang JF, Wu HL, Chen Z, Li SY, Li HM, Zhang CP, Zhou YQ, Lu CH. Proposal to classify Ralstonia solanacearum phylotype I strains as Ralstonia nicotianae sp. nov., and a genomic comparison between members of the genus Ralstonia. Front Microbiol 2023; 14:1135873.			highland	28 centigrades on TTC plate for 36-48 h	2	bacterial wilt of tobacco	mountain area													bacterial wilt of tobacco							tobacco																																					
SAMN44628590				GCA_049537055.1	SAMN44628590	MIGS Cultured Bacterial/Archaeal sample from Ralstonia nicotianae	44628590	Ralstonia nicotianae	19BS11	2019-08-02	China: Yunnan, Lincang	Nicotiana tabacum		23.651389 N 100.067222 E		Liu JY, Zhang JF, Wu HL, Chen Z, Li SY, Li HM, Zhang CP, Zhou YQ, Lu CH. Proposal to classify Ralstonia solanacearum phylotype I strains as Ralstonia nicotianae sp. nov., and a genomic comparison between members of the genus Ralstonia. Front Microbiol 2023; 14:1135874.			highland	28 centigrades on TTC plate for 36-48 h	2	bacterial wilt of tobacco	mountain area													bacterial wilt of tobacco							tobacco																																					
SAMN44628591				GCA_049537015.1	SAMN44628591	MIGS Cultured Bacterial/Archaeal sample from Ralstonia nicotianae	44628591	Ralstonia nicotianae	19BS13	2019-08-02	China: Yunnan, Lincang	Nicotiana tabacum		23.644722 N 100.094444 E		Liu JY, Zhang JF, Wu HL, Chen Z, Li SY, Li HM, Zhang CP, Zhou YQ, Lu CH. Proposal to classify Ralstonia solanacearum phylotype I strains as Ralstonia nicotianae sp. nov., and a genomic comparison between members of the genus Ralstonia. Front Microbiol 2023; 14:1135875.			highland	28 centigrades on TTC plate for 36-48 h	2	bacterial wilt of tobacco	mountain area													bacterial wilt of tobacco							tobacco																																					
SAMN44628592				GCA_049536975.1	SAMN44628592	MIGS Cultured Bacterial/Archaeal sample from Ralstonia nicotianae	44628592	Ralstonia nicotianae	19BSCN10	2019-08-13	China: Yunnan, Baoshan	Nicotiana tabacum		24.057222 N 99.788889 E		Liu JY, Zhang JF, Wu HL, Chen Z, Li SY, Li HM, Zhang CP, Zhou YQ, Lu CH. Proposal to classify Ralstonia solanacearum phylotype I strains as Ralstonia nicotianae sp. nov., and a genomic comparison between members of the genus Ralstonia. Front Microbiol 2023; 14:1135876.			highland	28 centigrades on TTC plate for 36-48 h	2	bacterial wilt of tobacco	mountain area													bacterial wilt of tobacco							tobacco																																					
SAMN44628593				GCA_049536995.1	SAMN44628593	MIGS Cultured Bacterial/Archaeal sample from Ralstonia nicotianae	44628593	Ralstonia nicotianae	19BSCN11	2019-08-13	China: Yunnan, Baoshan	Nicotiana tabacum		24.056667 N 99.789167 E		Liu JY, Zhang JF, Wu HL, Chen Z, Li SY, Li HM, Zhang CP, Zhou YQ, Lu CH. Proposal to classify Ralstonia solanacearum phylotype I strains as Ralstonia nicotianae sp. nov., and a genomic comparison between members of the genus Ralstonia. Front Microbiol 2023; 14:1135877.			highland	28 centigrades on TTC plate for 36-48 h	2	bacterial wilt of tobacco	mountain area													bacterial wilt of tobacco							tobacco																																					
SAMN44628594				GCA_049536955.1	SAMN44628594	MIGS Cultured Bacterial/Archaeal sample from Ralstonia nicotianae	44628594	Ralstonia nicotianae	19BSCN16	2019-08-13	China: Yunnan, Baoshan	Nicotiana tabacum		24.865556 N 99.633889 E		Liu JY, Zhang JF, Wu HL, Chen Z, Li SY, Li HM, Zhang CP, Zhou YQ, Lu CH. Proposal to classify Ralstonia solanacearum phylotype I strains as Ralstonia nicotianae sp. nov., and a genomic comparison between members of the genus Ralstonia. Front Microbiol 2023; 14:1135878.			highland	28 centigrades on TTC plate for 36-48 h	2	bacterial wilt of tobacco	mountain area													bacterial wilt of tobacco							tobacco																																					
SAMN44628595				GCA_049536915.1	SAMN44628595	MIGS Cultured Bacterial/Archaeal sample from Ralstonia nicotianae	44628595	Ralstonia nicotianae	19BSCN17	2019-08-13	China: Yunnan, Baoshan	Nicotiana tabacum		24.865556 N 99.634167 E		Liu JY, Zhang JF, Wu HL, Chen Z, Li SY, Li HM, Zhang CP, Zhou YQ, Lu CH. Proposal to classify Ralstonia solanacearum phylotype I strains as Ralstonia nicotianae sp. nov., and a genomic comparison between members of the genus Ralstonia. Front Microbiol 2023; 14:1135879.			highland	28 centigrades on TTC plate for 36-48 h	2	bacterial wilt of tobacco	mountain area													bacterial wilt of tobacco							tobacco																																					
SAMN44628596				GCA_049536935.1	SAMN44628596	MIGS Cultured Bacterial/Archaeal sample from Ralstonia nicotianae	44628596	Ralstonia nicotianae	19BSCNKJ09	2019-08-14	China: Yunnan, Baoshan	Nicotiana tabacum		24.916944 N 99.416944 E		Liu JY, Zhang JF, Wu HL, Chen Z, Li SY, Li HM, Zhang CP, Zhou YQ, Lu CH. Proposal to classify Ralstonia solanacearum phylotype I strains as Ralstonia nicotianae sp. nov., and a genomic comparison between members of the genus Ralstonia. Front Microbiol 2023; 14:1135880.			highland	28 centigrades on TTC plate for 36-48 h	2	bacterial wilt of tobacco	mountain area													bacterial wilt of tobacco							tobacco																																					
SAMN44628597				GCA_049536855.1	SAMN44628597	MIGS Cultured Bacterial/Archaeal sample from Ralstonia nicotianae	44628597	Ralstonia nicotianae	19BSJF03	2019-08-14	China: Yunnan, Baoshan	Nicotiana tabacum		24.738889 N 99.533056 E		Liu JY, Zhang JF, Wu HL, Chen Z, Li SY, Li HM, Zhang CP, Zhou YQ, Lu CH. Proposal to classify Ralstonia solanacearum phylotype I strains as Ralstonia nicotianae sp. nov., and a genomic comparison between members of the genus Ralstonia. Front Microbiol 2023; 14:1135881.			highland	28 centigrades on TTC plate for 36-48 h	2	bacterial wilt of tobacco	mountain area													bacterial wilt of tobacco							tobacco																																					
SAMN44628598				GCA_049536895.1	SAMN44628598	MIGS Cultured Bacterial/Archaeal sample from Ralstonia nicotianae	44628598	Ralstonia nicotianae	19BSJF04	2019-08-14	China: Yunnan, Baoshan	Nicotiana tabacum		24.738889 N 99.533056 E		Liu JY, Zhang JF, Wu HL, Chen Z, Li SY, Li HM, Zhang CP, Zhou YQ, Lu CH. Proposal to classify Ralstonia solanacearum phylotype I strains as Ralstonia nicotianae sp. nov., and a genomic comparison between members of the genus Ralstonia. Front Microbiol 2023; 14:1135882.			highland	28 centigrades on TTC plate for 36-48 h	2	bacterial wilt of tobacco	mountain area													bacterial wilt of tobacco							tobacco																																					
SAMN44628599				GCA_049536875.1	SAMN44628599	MIGS Cultured Bacterial/Archaeal sample from Ralstonia nicotianae	44628599	Ralstonia nicotianae	19BSLY13	2019-08-12	China: Yunnan, Baoshan	Nicotiana tabacum		24.999167 N 99.373333 E		Liu JY, Zhang JF, Wu HL, Chen Z, Li SY, Li HM, Zhang CP, Zhou YQ, Lu CH. Proposal to classify Ralstonia solanacearum phylotype I strains as Ralstonia nicotianae sp. nov., and a genomic comparison between members of the genus Ralstonia. Front Microbiol 2023; 14:1135883.			highland	28 centigrades on TTC plate for 36-48 h	2	bacterial wilt of tobacco	mountain area													bacterial wilt of tobacco							tobacco																																					
SAMN44628600				GCA_049536835.1	SAMN44628600	MIGS Cultured Bacterial/Archaeal sample from Ralstonia nicotianae	44628600	Ralstonia nicotianae	19BSLY21	2019-08-12	China: Yunnan, Baoshan	Nicotiana tabacum		24.938611 N 99.307222 E		Liu JY, Zhang JF, Wu HL, Chen Z, Li SY, Li HM, Zhang CP, Zhou YQ, Lu CH. Proposal to classify Ralstonia solanacearum phylotype I strains as Ralstonia nicotianae sp. nov., and a genomic comparison between members of the genus Ralstonia. Front Microbiol 2023; 14:1135884.			highland	28 centigrades on TTC plate for 36-48 h	2	bacterial wilt of tobacco	mountain area													bacterial wilt of tobacco							tobacco																																					
SAMN44628601				GCA_049536815.1	SAMN44628601	MIGS Cultured Bacterial/Archaeal sample from Ralstonia nicotianae	44628601	Ralstonia nicotianae	19BSTCGD03	2019-08-27	China: Yunnan, Baoshan	Nicotiana tabacum		25.419570 N 98.452700 E		Liu JY, Zhang JF, Wu HL, Chen Z, Li SY, Li HM, Zhang CP, Zhou YQ, Lu CH. Proposal to classify Ralstonia solanacearum phylotype I strains as Ralstonia nicotianae sp. nov., and a genomic comparison between members of the genus Ralstonia. Front Microbiol 2023; 14:1135885.			highland	28 centigrades on TTC plate for 36-48 h	2	bacterial wilt of tobacco	mountain area													bacterial wilt of tobacco							tobacco																																					
SAMN44628602				GCA_049536795.1	SAMN44628602	MIGS Cultured Bacterial/Archaeal sample from Ralstonia nicotianae	44628602	Ralstonia nicotianae	19DHMY-2	2019-05-24	China: Yunnan, Dehong	Nicotiana tabacum		24.556944 N 98.252222 E		Liu JY, Zhang JF, Wu HL, Chen Z, Li SY, Li HM, Zhang CP, Zhou YQ, Lu CH. Proposal to classify Ralstonia solanacearum phylotype I strains as Ralstonia nicotianae sp. nov., and a genomic comparison between members of the genus Ralstonia. Front Microbiol 2023; 14:1135886.			highland	28 centigrades on TTC plate for 36-48 h	2	bacterial wilt of tobacco	mountain area													bacterial wilt of tobacco							tobacco																																					
SAMN44628603				GCA_049536775.1	SAMN44628603	MIGS Cultured Bacterial/Archaeal sample from Ralstonia nicotianae	44628603	Ralstonia nicotianae	19DHMY-4	2019-05-24	China: Yunnan, Dehong	Nicotiana tabacum		24.560000 N 98.259167 E		Liu JY, Zhang JF, Wu HL, Chen Z, Li SY, Li HM, Zhang CP, Zhou YQ, Lu CH. Proposal to classify Ralstonia solanacearum phylotype I strains as Ralstonia nicotianae sp. nov., and a genomic comparison between members of the genus Ralstonia. Front Microbiol 2023; 14:1135887.			highland	28 centigrades on TTC plate for 36-48 h	2	bacterial wilt of tobacco	mountain area													bacterial wilt of tobacco							tobacco																																					
SAMN44628604				GCA_049536755.1	SAMN44628604	MIGS Cultured Bacterial/Archaeal sample from Ralstonia nicotianae	44628604	Ralstonia nicotianae	19FQDS0301	2019-08-27	China: Yunnan, Lincang	Nicotiana tabacum		24.750800 N 99.876200 E		Liu JY, Zhang JF, Wu HL, Chen Z, Li SY, Li HM, Zhang CP, Zhou YQ, Lu CH. Proposal to classify Ralstonia solanacearum phylotype I strains as Ralstonia nicotianae sp. nov., and a genomic comparison between members of the genus Ralstonia. Front Microbiol 2023; 14:1135888.			highland	28 centigrades on TTC plate for 36-48 h	2	bacterial wilt of tobacco	mountain area													bacterial wilt of tobacco							tobacco																																					
SAMN44628605				GCA_049536735.1	SAMN44628605	MIGS Cultured Bacterial/Archaeal sample from Ralstonia nicotianae	44628605	Ralstonia nicotianae	19FQXW0301	2019-08-27	China: Yunnan, Lincang	Nicotiana tabacum		24.668600 N 100.066900 E		Liu JY, Zhang JF, Wu HL, Chen Z, Li SY, Li HM, Zhang CP, Zhou YQ, Lu CH. Proposal to classify Ralstonia solanacearum phylotype I strains as Ralstonia nicotianae sp. nov., and a genomic comparison between members of the genus Ralstonia. Front Microbiol 2023; 14:1135889.			highland	28 centigrades on TTC plate for 36-48 h	2	bacterial wilt of tobacco	mountain area													bacterial wilt of tobacco							tobacco																																					
SAMN44628606				GCA_049536715.1	SAMN44628606	MIGS Cultured Bacterial/Archaeal sample from Ralstonia nicotianae	44628606	Ralstonia nicotianae	19FQYP0301	2019-08-27	China: Yunnan, Lincang	Nicotiana tabacum		24.420900 N 99.551100 E		Liu JY, Zhang JF, Wu HL, Chen Z, Li SY, Li HM, Zhang CP, Zhou YQ, Lu CH. Proposal to classify Ralstonia solanacearum phylotype I strains as Ralstonia nicotianae sp. nov., and a genomic comparison between members of the genus Ralstonia. Front Microbiol 2023; 14:1135890.			highland	28 centigrades on TTC plate for 36-48 h	2	bacterial wilt of tobacco	mountain area													bacterial wilt of tobacco							tobacco																																					
SAMN44628607				GCA_049536695.1	SAMN44628607	MIGS Cultured Bacterial/Archaeal sample from Ralstonia nicotianae	44628607	Ralstonia nicotianae	19GMGH0301	2019-08-21	China: Yunnan, Lincang	Nicotiana tabacum		23.375300 N 99.281400 E		Liu JY, Zhang JF, Wu HL, Chen Z, Li SY, Li HM, Zhang CP, Zhou YQ, Lu CH. Proposal to classify Ralstonia solanacearum phylotype I strains as Ralstonia nicotianae sp. nov., and a genomic comparison between members of the genus Ralstonia. Front Microbiol 2023; 14:1135891.			highland	28 centigrades on TTC plate for 36-48 h	2	bacterial wilt of tobacco	mountain area													bacterial wilt of tobacco							tobacco																																					
SAMN44628608				GCA_049536675.1	SAMN44628608	MIGS Cultured Bacterial/Archaeal sample from Ralstonia nicotianae	44628608	Ralstonia nicotianae	19GMGH0303	2019-08-21	China: Yunnan, Lincang	Nicotiana tabacum		23.455300 N 99.565800 E		Liu JY, Zhang JF, Wu HL, Chen Z, Li SY, Li HM, Zhang CP, Zhou YQ, Lu CH. Proposal to classify Ralstonia solanacearum phylotype I strains as Ralstonia nicotianae sp. nov., and a genomic comparison between members of the genus Ralstonia. Front Microbiol 2023; 14:1135892.			highland	28 centigrades on TTC plate for 36-48 h	2	bacterial wilt of tobacco	mountain area													bacterial wilt of tobacco							tobacco																																					
SAMN44628609				GCA_049536655.1	SAMN44628609	MIGS Cultured Bacterial/Archaeal sample from Ralstonia nicotianae	44628609	Ralstonia nicotianae	19GNWZ01	2019-08-13	China: Yunnan, Wenshan	Nicotiana tabacum		23.809430 N 104.662940 E		Liu JY, Zhang JF, Wu HL, Chen Z, Li SY, Li HM, Zhang CP, Zhou YQ, Lu CH. Proposal to classify Ralstonia solanacearum phylotype I strains as Ralstonia nicotianae sp. nov., and a genomic comparison between members of the genus Ralstonia. Front Microbiol 2023; 14:1135893.			highland	28 centigrades on TTC plate for 36-48 h	2	bacterial wilt of tobacco	mountain area													bacterial wilt of tobacco							tobacco																																					
SAMN44628610				GCA_049536635.1	SAMN44628610	MIGS Cultured Bacterial/Archaeal sample from Ralstonia nicotianae	44628610	Ralstonia nicotianae	19GNYLJ03	2019-08-13	China: Yunnan, Wenshan	Nicotiana tabacum		24.056180 N 105.228660 E		Liu JY, Zhang JF, Wu HL, Chen Z, Li SY, Li HM, Zhang CP, Zhou YQ, Lu CH. Proposal to classify Ralstonia solanacearum phylotype I strains as Ralstonia nicotianae sp. nov., and a genomic comparison between members of the genus Ralstonia. Front Microbiol 2023; 14:1135894.			highland	28 centigrades on TTC plate for 36-48 h	2	bacterial wilt of tobacco	mountain area													bacterial wilt of tobacco							tobacco																																					
SAMN44628611				GCA_049536615.1	SAMN44628611	MIGS Cultured Bacterial/Archaeal sample from Ralstonia nicotianae	44628611	Ralstonia nicotianae	19HH18	2019-07-30	China: Yunnan, Honghe	Nicotiana tabacum		24.148056 N 103.331944 E		Liu JY, Zhang JF, Wu HL, Chen Z, Li SY, Li HM, Zhang CP, Zhou YQ, Lu CH. Proposal to classify Ralstonia solanacearum phylotype I strains as Ralstonia nicotianae sp. nov., and a genomic comparison between members of the genus Ralstonia. Front Microbiol 2023; 14:1135895.			highland	28 centigrades on TTC plate for 36-48 h	2	bacterial wilt of tobacco	mountain area													bacterial wilt of tobacco							tobacco																																					
SAMN44628612				GCA_049536595.1	SAMN44628612	MIGS Cultured Bacterial/Archaeal sample from Ralstonia nicotianae	44628612	Ralstonia nicotianae	19HH27	2019-07-30	China: Yunnan, Honghe	Nicotiana tabacum		24.157500 N 103.209444 E		Liu JY, Zhang JF, Wu HL, Chen Z, Li SY, Li HM, Zhang CP, Zhou YQ, Lu CH. Proposal to classify Ralstonia solanacearum phylotype I strains as Ralstonia nicotianae sp. nov., and a genomic comparison between members of the genus Ralstonia. Front Microbiol 2023; 14:1135896.			highland	28 centigrades on TTC plate for 36-48 h	2	bacterial wilt of tobacco	mountain area													bacterial wilt of tobacco							tobacco																																					
SAMN44628613				GCA_049536575.1	SAMN44628613	MIGS Cultured Bacterial/Archaeal sample from Ralstonia nicotianae	44628613	Ralstonia nicotianae	19LC02	2019-06-17	China: Yunnan, Lincang	Nicotiana tabacum		23.739444 N 100.030278 E		Liu JY, Zhang JF, Wu HL, Chen Z, Li SY, Li HM, Zhang CP, Zhou YQ, Lu CH. Proposal to classify Ralstonia solanacearum phylotype I strains as Ralstonia nicotianae sp. nov., and a genomic comparison between members of the genus Ralstonia. Front Microbiol 2023; 14:1135897.			highland	28 centigrades on TTC plate for 36-48 h	2	bacterial wilt of tobacco	mountain area													bacterial wilt of tobacco							tobacco																																					
SAMN44628614				GCA_049536555.1	SAMN44628614	MIGS Cultured Bacterial/Archaeal sample from Ralstonia nicotianae	44628614	Ralstonia nicotianae	19LC03	2019-06-17	China: Yunnan, Lincang	Nicotiana tabacum		23.738333 N 100.033333 E		Liu JY, Zhang JF, Wu HL, Chen Z, Li SY, Li HM, Zhang CP, Zhou YQ, Lu CH. Proposal to classify Ralstonia solanacearum phylotype I strains as Ralstonia nicotianae sp. nov., and a genomic comparison between members of the genus Ralstonia. Front Microbiol 2023; 14:1135898.			highland	28 centigrades on TTC plate for 36-48 h	2	bacterial wilt of tobacco	mountain area													bacterial wilt of tobacco							tobacco																																					
SAMN44628615				GCA_049536535.1	SAMN44628615	MIGS Cultured Bacterial/Archaeal sample from Ralstonia nicotianae	44628615	Ralstonia nicotianae	19LC17	2019-06-18	China: Yunnan, Lincang	Nicotiana tabacum		23.159444 N 99.105278 E		Liu JY, Zhang JF, Wu HL, Chen Z, Li SY, Li HM, Zhang CP, Zhou YQ, Lu CH. Proposal to classify Ralstonia solanacearum phylotype I strains as Ralstonia nicotianae sp. nov., and a genomic comparison between members of the genus Ralstonia. Front Microbiol 2023; 14:1135899.			highland	28 centigrades on TTC plate for 36-48 h	2	bacterial wilt of tobacco	mountain area													bacterial wilt of tobacco							tobacco																																					
SAMN44628616				GCA_049536515.1	SAMN44628616	MIGS Cultured Bacterial/Archaeal sample from Ralstonia nicotianae	44628616	Ralstonia nicotianae	19LC19	2019-06-18	China: Yunnan, Lincang	Nicotiana tabacum		23.159444 N 99.105278 E		Liu JY, Zhang JF, Wu HL, Chen Z, Li SY, Li HM, Zhang CP, Zhou YQ, Lu CH. Proposal to classify Ralstonia solanacearum phylotype I strains as Ralstonia nicotianae sp. nov., and a genomic comparison between members of the genus Ralstonia. Front Microbiol 2023; 14:1135900.			highland	28 centigrades on TTC plate for 36-48 h	2	bacterial wilt of tobacco	mountain area													bacterial wilt of tobacco							tobacco																																					
SAMN44628617				GCA_049536495.1	SAMN44628617	MIGS Cultured Bacterial/Archaeal sample from Ralstonia nicotianae	44628617	Ralstonia nicotianae	19LC20	2019-06-18	China: Yunnan, Lincang	Nicotiana tabacum		23.159444 N 99.105278 E		Liu JY, Zhang JF, Wu HL, Chen Z, Li SY, Li HM, Zhang CP, Zhou YQ, Lu CH. Proposal to classify Ralstonia solanacearum phylotype I strains as Ralstonia nicotianae sp. nov., and a genomic comparison between members of the genus Ralstonia. Front Microbiol 2023; 14:1135901.			highland	28 centigrades on TTC plate for 36-48 h	2	bacterial wilt of tobacco	mountain area													bacterial wilt of tobacco							tobacco																																					
SAMN44628618				GCA_049536475.1	SAMN44628618	MIGS Cultured Bacterial/Archaeal sample from Ralstonia nicotianae	44628618	Ralstonia nicotianae	19LC21	2019-06-18	China: Yunnan, Lincang	Nicotiana tabacum		23.159444 N 99.105278 E		Liu JY, Zhang JF, Wu HL, Chen Z, Li SY, Li HM, Zhang CP, Zhou YQ, Lu CH. Proposal to classify Ralstonia solanacearum phylotype I strains as Ralstonia nicotianae sp. nov., and a genomic comparison between members of the genus Ralstonia. Front Microbiol 2023; 14:1135902.			highland	28 centigrades on TTC plate for 36-48 h	2	bacterial wilt of tobacco	mountain area													bacterial wilt of tobacco							tobacco																																					
SAMN44628619				GCA_049536455.1	SAMN44628619	MIGS Cultured Bacterial/Archaeal sample from Ralstonia nicotianae	44628619	Ralstonia nicotianae	19LCAH0301	2019-08-19	China: Yunnan, Lincang	Nicotiana tabacum		24.222200 N 100.074400 E		Liu JY, Zhang JF, Wu HL, Chen Z, Li SY, Li HM, Zhang CP, Zhou YQ, Lu CH. Proposal to classify Ralstonia solanacearum phylotype I strains as Ralstonia nicotianae sp. nov., and a genomic comparison between members of the genus Ralstonia. Front Microbiol 2023; 14:1135903.			highland	28 centigrades on TTC plate for 36-48 h	2	bacterial wilt of tobacco	mountain area													bacterial wilt of tobacco							tobacco																																					
SAMN44628620				GCA_049536435.1	SAMN44628620	MIGS Cultured Bacterial/Archaeal sample from Ralstonia nicotianae	44628620	Ralstonia nicotianae	19LCC01	2019-06-19	China: Yunnan, Lincang	Nicotiana tabacum		23.233611 N 99.331111 E		Liu JY, Zhang JF, Wu HL, Chen Z, Li SY, Li HM, Zhang CP, Zhou YQ, Lu CH. Proposal to classify Ralstonia solanacearum phylotype I strains as Ralstonia nicotianae sp. nov., and a genomic comparison between members of the genus Ralstonia. Front Microbiol 2023; 14:1135904.			highland	28 centigrades on TTC plate for 36-48 h	2	bacterial wilt of tobacco	mountain area													bacterial wilt of tobacco							tobacco																																					
SAMN44628621				GCA_049536415.1	SAMN44628621	MIGS Cultured Bacterial/Archaeal sample from Ralstonia nicotianae	44628621	Ralstonia nicotianae	19LCC04	2019-06-19	China: Yunnan, Lincang	Nicotiana tabacum		23.230833 N 99.327222 E		Liu JY, Zhang JF, Wu HL, Chen Z, Li SY, Li HM, Zhang CP, Zhou YQ, Lu CH. Proposal to classify Ralstonia solanacearum phylotype I strains as Ralstonia nicotianae sp. nov., and a genomic comparison between members of the genus Ralstonia. Front Microbiol 2023; 14:1135905.			highland	28 centigrades on TTC plate for 36-48 h	2	bacterial wilt of tobacco	mountain area													bacterial wilt of tobacco							tobacco																																					
SAMN44628622				GCA_049536395.1	SAMN44628622	MIGS Cultured Bacterial/Archaeal sample from Ralstonia nicotianae	44628622	Ralstonia nicotianae	19LCCF0302	2019-08-19	China: Yunnan, Lincang	Nicotiana tabacum		24.173400 N 100.122300 E		Liu JY, Zhang JF, Wu HL, Chen Z, Li SY, Li HM, Zhang CP, Zhou YQ, Lu CH. Proposal to classify Ralstonia solanacearum phylotype I strains as Ralstonia nicotianae sp. nov., and a genomic comparison between members of the genus Ralstonia. Front Microbiol 2023; 14:1135906.			highland	28 centigrades on TTC plate for 36-48 h	2	bacterial wilt of tobacco	mountain area													bacterial wilt of tobacco							tobacco																																					
SAMN44628623				GCA_049536375.1	SAMN44628623	MIGS Cultured Bacterial/Archaeal sample from Ralstonia nicotianae	44628623	Ralstonia nicotianae	19LCGM1	2019-08-19	China: Yunnan, Lincang	Nicotiana tabacum		23.762789 N 99.758686 E		Liu JY, Zhang JF, Wu HL, Chen Z, Li SY, Li HM, Zhang CP, Zhou YQ, Lu CH. Proposal to classify Ralstonia solanacearum phylotype I strains as Ralstonia nicotianae sp. nov., and a genomic comparison between members of the genus Ralstonia. Front Microbiol 2023; 14:1135907.			highland	28 centigrades on TTC plate for 36-48 h	2	bacterial wilt of tobacco	mountain area													bacterial wilt of tobacco							tobacco																																					
SAMN44628624				GCA_049536355.1	SAMN44628624	MIGS Cultured Bacterial/Archaeal sample from Ralstonia nicotianae	44628624	Ralstonia nicotianae	19LCGM2	2019-08-19	China: Yunnan, Lincang	Nicotiana tabacum		23.720437 N 99.601642 E		Liu JY, Zhang JF, Wu HL, Chen Z, Li SY, Li HM, Zhang CP, Zhou YQ, Lu CH. Proposal to classify Ralstonia solanacearum phylotype I strains as Ralstonia nicotianae sp. nov., and a genomic comparison between members of the genus Ralstonia. Front Microbiol 2023; 14:1135908.			highland	28 centigrades on TTC plate for 36-48 h	2	bacterial wilt of tobacco	mountain area													bacterial wilt of tobacco							tobacco																																					
SAMN44628625				GCA_049536335.1	SAMN44628625	MIGS Cultured Bacterial/Archaeal sample from Ralstonia nicotianae	44628625	Ralstonia nicotianae	19MB01	2019-08-02	China: Yunnan, Lincang	Nicotiana tabacum		23.746389 N 100.034167 E		Liu JY, Zhang JF, Wu HL, Chen Z, Li SY, Li HM, Zhang CP, Zhou YQ, Lu CH. Proposal to classify Ralstonia solanacearum phylotype I strains as Ralstonia nicotianae sp. nov., and a genomic comparison between members of the genus Ralstonia. Front Microbiol 2023; 14:1135909.			highland	28 centigrades on TTC plate for 36-48 h	2	bacterial wilt of tobacco	mountain area													bacterial wilt of tobacco							tobacco																																					
SAMN44628626				GCA_049536315.1	SAMN44628626	MIGS Cultured Bacterial/Archaeal sample from Ralstonia nicotianae	44628626	Ralstonia nicotianae	19MB03-8	2019-08-02	China: Yunnan, Lincang	Nicotiana tabacum		23.749722 N 100.032222 E		Liu JY, Zhang JF, Wu HL, Chen Z, Li SY, Li HM, Zhang CP, Zhou YQ, Lu CH. Proposal to classify Ralstonia solanacearum phylotype I strains as Ralstonia nicotianae sp. nov., and a genomic comparison between members of the genus Ralstonia. Front Microbiol 2023; 14:1135910.			highland	28 centigrades on TTC plate for 36-48 h	2	bacterial wilt of tobacco	mountain area													bacterial wilt of tobacco							tobacco																																					
SAMN44628627				GCA_049536295.1	SAMN44628627	MIGS Cultured Bacterial/Archaeal sample from Ralstonia nicotianae	44628627	Ralstonia nicotianae	19MB05-2	2019-08-02	China: Yunnan, Lincang	Nicotiana tabacum		23.735556 N 100.043056 E		Liu JY, Zhang JF, Wu HL, Chen Z, Li SY, Li HM, Zhang CP, Zhou YQ, Lu CH. Proposal to classify Ralstonia solanacearum phylotype I strains as Ralstonia nicotianae sp. nov., and a genomic comparison between members of the genus Ralstonia. Front Microbiol 2023; 14:1135911.			highland	28 centigrades on TTC plate for 36-48 h	2	bacterial wilt of tobacco	mountain area													bacterial wilt of tobacco							tobacco																																					
SAMN44628628				GCA_049536275.1	SAMN44628628	MIGS Cultured Bacterial/Archaeal sample from Ralstonia nicotianae	44628628	Ralstonia nicotianae	19MB05-4	2019-08-02	China: Yunnan, Lincang	Nicotiana tabacum		23.735556 N 100.043056 E		Liu JY, Zhang JF, Wu HL, Chen Z, Li SY, Li HM, Zhang CP, Zhou YQ, Lu CH. Proposal to classify Ralstonia solanacearum phylotype I strains as Ralstonia nicotianae sp. nov., and a genomic comparison between members of the genus Ralstonia. Front Microbiol 2023; 14:1135912.			highland	28 centigrades on TTC plate for 36-48 h	2	bacterial wilt of tobacco	mountain area													bacterial wilt of tobacco							tobacco																																					
SAMN44628629				GCA_049536255.1	SAMN44628629	MIGS Cultured Bacterial/Archaeal sample from Ralstonia nicotianae	44628629	Ralstonia nicotianae	19MGMB01	2019-08-01	China: Yunnan, Wenshan	Nicotiana tabacum		22.961810 N 104.421928 E		Liu JY, Zhang JF, Wu HL, Chen Z, Li SY, Li HM, Zhang CP, Zhou YQ, Lu CH. Proposal to classify Ralstonia solanacearum phylotype I strains as Ralstonia nicotianae sp. nov., and a genomic comparison between members of the genus Ralstonia. Front Microbiol 2023; 14:1135913.			highland	28 centigrades on TTC plate for 36-48 h	2	bacterial wilt of tobacco	mountain area													bacterial wilt of tobacco							tobacco																																					
SAMN44628630				GCA_049536215.1	SAMN44628630	MIGS Cultured Bacterial/Archaeal sample from Ralstonia nicotianae	44628630	Ralstonia nicotianae	19MLJX01	2019-09-03	China: Yunnan, Qujing	Nicotiana tabacum		25.313610 N 103.444788 E		Liu JY, Zhang JF, Wu HL, Chen Z, Li SY, Li HM, Zhang CP, Zhou YQ, Lu CH. Proposal to classify Ralstonia solanacearum phylotype I strains as Ralstonia nicotianae sp. nov., and a genomic comparison between members of the genus Ralstonia. Front Microbiol 2023; 14:1135914.			highland	28 centigrades on TTC plate for 36-48 h	2	bacterial wilt of tobacco	mountain area													bacterial wilt of tobacco							tobacco																																					
SAMN44628631				GCA_049536235.1	SAMN44628631	MIGS Cultured Bacterial/Archaeal sample from Ralstonia nicotianae	44628631	Ralstonia nicotianae	19PEJG04	2019-06-12	China: Yunnan, Puer	Nicotiana tabacum		23.702222 N 100.630556 E		Liu JY, Zhang JF, Wu HL, Chen Z, Li SY, Li HM, Zhang CP, Zhou YQ, Lu CH. Proposal to classify Ralstonia solanacearum phylotype I strains as Ralstonia nicotianae sp. nov., and a genomic comparison between members of the genus Ralstonia. Front Microbiol 2023; 14:1135915.			highland	28 centigrades on TTC plate for 36-48 h	2	bacterial wilt of tobacco	mountain area													bacterial wilt of tobacco							tobacco																																					
SAMN44628632				GCA_049536195.1	SAMN44628632	MIGS Cultured Bacterial/Archaeal sample from Ralstonia nicotianae	44628632	Ralstonia nicotianae	19PEJG06	2019-06-12	China: Yunnan, Puer	Nicotiana tabacum		23.703889 N 100.630000 E		Liu JY, Zhang JF, Wu HL, Chen Z, Li SY, Li HM, Zhang CP, Zhou YQ, Lu CH. Proposal to classify Ralstonia solanacearum phylotype I strains as Ralstonia nicotianae sp. nov., and a genomic comparison between members of the genus Ralstonia. Front Microbiol 2023; 14:1135916.			highland	28 centigrades on TTC plate for 36-48 h	2	bacterial wilt of tobacco	mountain area													bacterial wilt of tobacco							tobacco																																					
SAMN44628633				GCA_049536175.1	SAMN44628633	MIGS Cultured Bacterial/Archaeal sample from Ralstonia nicotianae	44628633	Ralstonia nicotianae	19PENE07	2019-06-10	China: Yunnan, Puer	Nicotiana tabacum		23.035556 N 100.923333 E		Liu JY, Zhang JF, Wu HL, Chen Z, Li SY, Li HM, Zhang CP, Zhou YQ, Lu CH. Proposal to classify Ralstonia solanacearum phylotype I strains as Ralstonia nicotianae sp. nov., and a genomic comparison between members of the genus Ralstonia. Front Microbiol 2023; 14:1135917.			highland	28 centigrades on TTC plate for 36-48 h	2	bacterial wilt of tobacco	mountain area													bacterial wilt of tobacco							tobacco																																					
SAMN44628634				GCA_049536155.1	SAMN44628634	MIGS Cultured Bacterial/Archaeal sample from Ralstonia nicotianae	44628634	Ralstonia nicotianae	19PENE09	2019-06-10	China: Yunnan, Puer	Nicotiana tabacum		23.035556 N 100.923056 E		Liu JY, Zhang JF, Wu HL, Chen Z, Li SY, Li HM, Zhang CP, Zhou YQ, Lu CH. Proposal to classify Ralstonia solanacearum phylotype I strains as Ralstonia nicotianae sp. nov., and a genomic comparison between members of the genus Ralstonia. Front Microbiol 2023; 14:1135918.			highland	28 centigrades on TTC plate for 36-48 h	2	bacterial wilt of tobacco	mountain area													bacterial wilt of tobacco							tobacco																																					
SAMN44628635				GCA_049536135.1	SAMN44628635	MIGS Cultured Bacterial/Archaeal sample from Ralstonia nicotianae	44628635	Ralstonia nicotianae	19PEYP06-2	2019-06-11	China: Yunnan, Puer	Nicotiana tabacum		23.366944 N 100.312500 E		Liu JY, Zhang JF, Wu HL, Chen Z, Li SY, Li HM, Zhang CP, Zhou YQ, Lu CH. Proposal to classify Ralstonia solanacearum phylotype I strains as Ralstonia nicotianae sp. nov., and a genomic comparison between members of the genus Ralstonia. Front Microbiol 2023; 14:1135919.			highland	28 centigrades on TTC plate for 36-48 h	2	bacterial wilt of tobacco	mountain area													bacterial wilt of tobacco							tobacco																																					
SAMN44628636				GCA_049536115.1	SAMN44628636	MIGS Cultured Bacterial/Archaeal sample from Ralstonia nicotianae	44628636	Ralstonia nicotianae	19PEYP12	2019-06-11	China: Yunnan, Puer	Nicotiana tabacum		23.364167 N 100.316389 E		Liu JY, Zhang JF, Wu HL, Chen Z, Li SY, Li HM, Zhang CP, Zhou YQ, Lu CH. Proposal to classify Ralstonia solanacearum phylotype I strains as Ralstonia nicotianae sp. nov., and a genomic comparison between members of the genus Ralstonia. Front Microbiol 2023; 14:1135920.			highland	28 centigrades on TTC plate for 36-48 h	2	bacterial wilt of tobacco	mountain area													bacterial wilt of tobacco							tobacco																																					
SAMN44628637				GCA_049536095.1	SAMN44628637	MIGS Cultured Bacterial/Archaeal sample from Ralstonia nicotianae	44628637	Ralstonia nicotianae	19PEYP15	2019-06-11	China: Yunnan, Puer	Nicotiana tabacum		23.343889 N 100.391944 E		Liu JY, Zhang JF, Wu HL, Chen Z, Li SY, Li HM, Zhang CP, Zhou YQ, Lu CH. Proposal to classify Ralstonia solanacearum phylotype I strains as Ralstonia nicotianae sp. nov., and a genomic comparison between members of the genus Ralstonia. Front Microbiol 2023; 14:1135921.			highland	28 centigrades on TTC plate for 36-48 h	2	bacterial wilt of tobacco	mountain area													bacterial wilt of tobacco							tobacco																																					
SAMN44628638				GCA_049536075.1	SAMN44628638	MIGS Cultured Bacterial/Archaeal sample from Ralstonia nicotianae	44628638	Ralstonia nicotianae	19SDRH03	2019-08-27	China: Yunnan, Baoshan	Nicotiana tabacum		24.776193 N 99.172523 E		Liu JY, Zhang JF, Wu HL, Chen Z, Li SY, Li HM, Zhang CP, Zhou YQ, Lu CH. Proposal to classify Ralstonia solanacearum phylotype I strains as Ralstonia nicotianae sp. nov., and a genomic comparison between members of the genus Ralstonia. Front Microbiol 2023; 14:1135922.			highland	28 centigrades on TTC plate for 36-48 h	2	bacterial wilt of tobacco	mountain area													bacterial wilt of tobacco							tobacco																																					
SAMN44628639				GCA_049536055.1	SAMN44628639	MIGS Cultured Bacterial/Archaeal sample from Ralstonia nicotianae	44628639	Ralstonia nicotianae	19SJDW030	2019-08-16	China: Yunnan, Lincang	Nicotiana tabacum		23.375301 N 100.023000 E		Liu JY, Zhang JF, Wu HL, Chen Z, Li SY, Li HM, Zhang CP, Zhou YQ, Lu CH. Proposal to classify Ralstonia solanacearum phylotype I strains as Ralstonia nicotianae sp. nov., and a genomic comparison between members of the genus Ralstonia. Front Microbiol 2023; 14:1135923.			highland	28 centigrades on TTC plate for 36-48 h	2	bacterial wilt of tobacco	mountain area													bacterial wilt of tobacco							tobacco																																					
SAMN44628640				GCA_049536035.1	SAMN44628640	MIGS Cultured Bacterial/Archaeal sample from Ralstonia nicotianae	44628640	Ralstonia nicotianae	19TCQS3	2019-08-27	China: Yunnan, Baoshan	Nicotiana tabacum		25.28291 N 98.60044 E		Liu JY, Zhang JF, Wu HL, Chen Z, Li SY, Li HM, Zhang CP, Zhou YQ, Lu CH. Proposal to classify Ralstonia solanacearum phylotype I strains as Ralstonia nicotianae sp. nov., and a genomic comparison between members of the genus Ralstonia. Front Microbiol 2023; 14:1135924.			highland	28 centigrades on TTC plate for 36-48 h	2	bacterial wilt of tobacco	mountain area													bacterial wilt of tobacco							tobacco																																					
SAMN44628641				GCA_049536015.1	SAMN44628641	MIGS Cultured Bacterial/Archaeal sample from Ralstonia nicotianae	44628641	Ralstonia nicotianae	19WSMT03	2019-08-01	China: Yunnan, Wenshan	Nicotiana tabacum		24.980556 N 104.139722 E		Liu JY, Zhang JF, Wu HL, Chen Z, Li SY, Li HM, Zhang CP, Zhou YQ, Lu CH. Proposal to classify Ralstonia solanacearum phylotype I strains as Ralstonia nicotianae sp. nov., and a genomic comparison between members of the genus Ralstonia. Front Microbiol 2023; 14:1135925.			highland	28 centigrades on TTC plate for 36-48 h	2	bacterial wilt of tobacco	mountain area													bacterial wilt of tobacco							tobacco																																					
SAMN44628642				GCA_049535995.1	SAMN44628642	MIGS Cultured Bacterial/Archaeal sample from Ralstonia nicotianae	44628642	Ralstonia nicotianae	19WSPB01	2019-08-01	China: Yunnan, Wenshan	Nicotiana tabacum		23.209083 N 104.059803 E		Liu JY, Zhang JF, Wu HL, Chen Z, Li SY, Li HM, Zhang CP, Zhou YQ, Lu CH. Proposal to classify Ralstonia solanacearum phylotype I strains as Ralstonia nicotianae sp. nov., and a genomic comparison between members of the genus Ralstonia. Front Microbiol 2023; 14:1135926.			highland	28 centigrades on TTC plate for 36-48 h	2	bacterial wilt of tobacco	mountain area													bacterial wilt of tobacco							tobacco																																					
SAMN44628643				GCA_049535975.1	SAMN44628643	MIGS Cultured Bacterial/Archaeal sample from Ralstonia nicotianae	44628643	Ralstonia nicotianae	19XSBN01-3	2019-11-06	China: Yunnan, Xishuangbanna	Nicotiana tabacum		21.971045 N 100.757500 E		Liu JY, Zhang JF, Wu HL, Chen Z, Li SY, Li HM, Zhang CP, Zhou YQ, Lu CH. Proposal to classify Ralstonia solanacearum phylotype I strains as Ralstonia nicotianae sp. nov., and a genomic comparison between members of the genus Ralstonia. Front Microbiol 2023; 14:1135927.			highland	28 centigrades on TTC plate for 36-48 h	2	bacterial wilt of tobacco	mountain area													bacterial wilt of tobacco							tobacco																																					
SAMN44628644				GCA_049535935.1	SAMN44628644	MIGS Cultured Bacterial/Archaeal sample from Ralstonia nicotianae	44628644	Ralstonia nicotianae	19XSBN01-4	2019-11-06	China: Yunnan, Xishuangbanna	Nicotiana tabacum		21.971045 N 100.757500 E		Liu JY, Zhang JF, Wu HL, Chen Z, Li SY, Li HM, Zhang CP, Zhou YQ, Lu CH. Proposal to classify Ralstonia solanacearum phylotype I strains as Ralstonia nicotianae sp. nov., and a genomic comparison between members of the genus Ralstonia. Front Microbiol 2023; 14:1135928.			highland	28 centigrades on TTC plate for 36-48 h	2	bacterial wilt of tobacco	mountain area													bacterial wilt of tobacco							tobacco																																					
SAMN44628645				GCA_049535955.1	SAMN44628645	MIGS Cultured Bacterial/Archaeal sample from Ralstonia nicotianae	44628645	Ralstonia nicotianae	19XSBN01-8	2019-11-06	China: Yunnan, Xishuangbanna	Nicotiana tabacum		21.971045 N 100.757500 E		Liu JY, Zhang JF, Wu HL, Chen Z, Li SY, Li HM, Zhang CP, Zhou YQ, Lu CH. Proposal to classify Ralstonia solanacearum phylotype I strains as Ralstonia nicotianae sp. nov., and a genomic comparison between members of the genus Ralstonia. Front Microbiol 2023; 14:1135929.			highland	28 centigrades on TTC plate for 36-48 h	2	bacterial wilt of tobacco	mountain area													bacterial wilt of tobacco							tobacco																																					
SAMN44628646				GCA_049535915.1	SAMN44628646	MIGS Cultured Bacterial/Archaeal sample from Ralstonia nicotianae	44628646	Ralstonia nicotianae	19YDDB0301-2	2019-08-21	China: Yunnan, Lincang	Nicotiana tabacum		24.010000 N 99.250000 E		Liu JY, Zhang JF, Wu HL, Chen Z, Li SY, Li HM, Zhang CP, Zhou YQ, Lu CH. Proposal to classify Ralstonia solanacearum phylotype I strains as Ralstonia nicotianae sp. nov., and a genomic comparison between members of the genus Ralstonia. Front Microbiol 2023; 14:1135930.			highland	28 centigrades on TTC plate for 36-48 h	2	bacterial wilt of tobacco	mountain area													bacterial wilt of tobacco							tobacco																																					
SAMN44628647				GCA_049535875.1	SAMN44628647	MIGS Cultured Bacterial/Archaeal sample from Ralstonia nicotianae	44628647	Ralstonia nicotianae	20BSTC01	2020-05-11	China: Yunnan, Baoshan	Nicotiana tabacum		24.696944 N 98.560000 E		Liu JY, Zhang JF, Wu HL, Chen Z, Li SY, Li HM, Zhang CP, Zhou YQ, Lu CH. Proposal to classify Ralstonia solanacearum phylotype I strains as Ralstonia nicotianae sp. nov., and a genomic comparison between members of the genus Ralstonia. Front Microbiol 2023; 14:1135931.			highland	28 centigrades on TTC plate for 36-48 h	2	bacterial wilt of tobacco	mountain area													bacterial wilt of tobacco							tobacco																																					
SAMN44628648				GCA_049535895.1	SAMN44628648	MIGS Cultured Bacterial/Archaeal sample from Ralstonia nicotianae	44628648	Ralstonia nicotianae	20DHLH02Y3	2020-06-03	China: Yunnan, Dehong	Nicotiana tabacum		24.871944 N 98.373056 E		Liu JY, Zhang JF, Wu HL, Chen Z, Li SY, Li HM, Zhang CP, Zhou YQ, Lu CH. Proposal to classify Ralstonia solanacearum phylotype I strains as Ralstonia nicotianae sp. nov., and a genomic comparison between members of the genus Ralstonia. Front Microbiol 2023; 14:1135932.			highland	28 centigrades on TTC plate for 36-48 h	2	bacterial wilt of tobacco	mountain area													bacterial wilt of tobacco							tobacco																																					
SAMN44628649				GCA_049535815.1	SAMN44628649	MIGS Cultured Bacterial/Archaeal sample from Ralstonia nicotianae	44628649	Ralstonia nicotianae	20DHLH04Y1	2020-06-03	China: Yunnan, Dehong	Nicotiana tabacum		24.871667 N 98.373056 E		Liu JY, Zhang JF, Wu HL, Chen Z, Li SY, Li HM, Zhang CP, Zhou YQ, Lu CH. Proposal to classify Ralstonia solanacearum phylotype I strains as Ralstonia nicotianae sp. nov., and a genomic comparison between members of the genus Ralstonia. Front Microbiol 2023; 14:1135933.			highland	28 centigrades on TTC plate for 36-48 h	2	bacterial wilt of tobacco	mountain area													bacterial wilt of tobacco							tobacco																																					
SAMN44628650				GCA_049535835.1	SAMN44628650	MIGS Cultured Bacterial/Archaeal sample from Ralstonia nicotianae	44628650	Ralstonia nicotianae	20DHLH05J3	2020-06-03	China: Yunnan, Dehong	Nicotiana tabacum		24.871667 N 98.373056 E		Liu JY, Zhang JF, Wu HL, Chen Z, Li SY, Li HM, Zhang CP, Zhou YQ, Lu CH. Proposal to classify Ralstonia solanacearum phylotype I strains as Ralstonia nicotianae sp. nov., and a genomic comparison between members of the genus Ralstonia. Front Microbiol 2023; 14:1135934.			highland	28 centigrades on TTC plate for 36-48 h	2	bacterial wilt of tobacco	mountain area													bacterial wilt of tobacco							tobacco																																					
SAMN44628651				GCA_049535855.1	SAMN44628651	MIGS Cultured Bacterial/Archaeal sample from Ralstonia nicotianae	44628651	Ralstonia nicotianae	20JT02	2020-06-11	China: Yunnan, Baoshan	Nicotiana tabacum		25.399444 N 98.634722 E		Liu JY, Zhang JF, Wu HL, Chen Z, Li SY, Li HM, Zhang CP, Zhou YQ, Lu CH. Proposal to classify Ralstonia solanacearum phylotype I strains as Ralstonia nicotianae sp. nov., and a genomic comparison between members of the genus Ralstonia. Front Microbiol 2023; 14:1135935.			highland	28 centigrades on TTC plate for 36-48 h	2	bacterial wilt of tobacco	mountain area													bacterial wilt of tobacco							tobacco																																					
SAMN44628652				GCA_049535795.1	SAMN44628652	MIGS Cultured Bacterial/Archaeal sample from Ralstonia nicotianae	44628652	Ralstonia nicotianae	20JT06-3	2020-06-11	China: Yunnan, Baoshan	Nicotiana tabacum		25.399722 N 98.632778 E		Liu JY, Zhang JF, Wu HL, Chen Z, Li SY, Li HM, Zhang CP, Zhou YQ, Lu CH. Proposal to classify Ralstonia solanacearum phylotype I strains as Ralstonia nicotianae sp. nov., and a genomic comparison between members of the genus Ralstonia. Front Microbiol 2023; 14:1135936.			highland	28 centigrades on TTC plate for 36-48 h	2	bacterial wilt of tobacco	mountain area													bacterial wilt of tobacco							tobacco																																					
SAMN44628653				GCA_049535775.1	SAMN44628653	MIGS Cultured Bacterial/Archaeal sample from Ralstonia nicotianae	44628653	Ralstonia nicotianae	20MLHX-4	2020-08-07	China: Yunnan, Honghe	Nicotiana tabacum		24.424444 N 103.378056 E		Liu JY, Zhang JF, Wu HL, Chen Z, Li SY, Li HM, Zhang CP, Zhou YQ, Lu CH. Proposal to classify Ralstonia solanacearum phylotype I strains as Ralstonia nicotianae sp. nov., and a genomic comparison between members of the genus Ralstonia. Front Microbiol 2023; 14:1135937.			highland	28 centigrades on TTC plate for 36-48 h	2	bacterial wilt of tobacco	mountain area													bacterial wilt of tobacco							tobacco																																					
SAMN44628654				GCA_049535755.1	SAMN44628654	MIGS Cultured Bacterial/Archaeal sample from Ralstonia nicotianae	44628654	Ralstonia nicotianae	20PEMJ04	2020-08-28	China: Yunnan, Puer	Nicotiana tabacum		23.280833 N 101.387222 E		Liu JY, Zhang JF, Wu HL, Chen Z, Li SY, Li HM, Zhang CP, Zhou YQ, Lu CH. Proposal to classify Ralstonia solanacearum phylotype I strains as Ralstonia nicotianae sp. nov., and a genomic comparison between members of the genus Ralstonia. Front Microbiol 2023; 14:1135938.			highland	28 centigrades on TTC plate for 36-48 h	2	bacterial wilt of tobacco	mountain area													bacterial wilt of tobacco							tobacco																																					
SAMN44628655				GCA_049535735.1	SAMN44628655	MIGS Cultured Bacterial/Archaeal sample from Ralstonia nicotianae	44628655	Ralstonia nicotianae	20PEZY02	2020-08-28	China: Yunnan, Puer	Nicotiana tabacum		23.492222 N 101.172778 E		Liu JY, Zhang JF, Wu HL, Chen Z, Li SY, Li HM, Zhang CP, Zhou YQ, Lu CH. Proposal to classify Ralstonia solanacearum phylotype I strains as Ralstonia nicotianae sp. nov., and a genomic comparison between members of the genus Ralstonia. Front Microbiol 2023; 14:1135939.			highland	28 centigrades on TTC plate for 36-48 h	2	bacterial wilt of tobacco	mountain area													bacterial wilt of tobacco							tobacco																																					
SAMN44628656				GCA_049535715.1	SAMN44628656	MIGS Cultured Bacterial/Archaeal sample from Ralstonia nicotianae	44628656	Ralstonia nicotianae	21CXWD07	2021-08-06	China: Yunnan, Chuxiong	Nicotiana tabacum		25.416389 N 102.364444 E		Liu JY, Zhang JF, Wu HL, Chen Z, Li SY, Li HM, Zhang CP, Zhou YQ, Lu CH. Proposal to classify Ralstonia solanacearum phylotype I strains as Ralstonia nicotianae sp. nov., and a genomic comparison between members of the genus Ralstonia. Front Microbiol 2023; 14:1135940.			highland	28 centigrades on TTC plate for 36-48 h	2	bacterial wilt of tobacco	mountain area													bacterial wilt of tobacco							tobacco																																					
SAMN44628657				GCA_049535695.1	SAMN44628657	MIGS Cultured Bacterial/Archaeal sample from Ralstonia nicotianae	44628657	Ralstonia nicotianae	21LCBSO1GD	2021-07-08	China: Yunnan, Lincang	Nicotiana tabacum		23.754444 N 100.030833 E		Liu JY, Zhang JF, Wu HL, Chen Z, Li SY, Li HM, Zhang CP, Zhou YQ, Lu CH. Proposal to classify Ralstonia solanacearum phylotype I strains as Ralstonia nicotianae sp. nov., and a genomic comparison between members of the genus Ralstonia. Front Microbiol 2023; 14:1135941.			highland	28 centigrades on TTC plate for 36-48 h	2	bacterial wilt of tobacco	mountain area													bacterial wilt of tobacco							tobacco																																					
SAMN44628658				GCA_049535675.1	SAMN44628658	MIGS Cultured Bacterial/Archaeal sample from Ralstonia nicotianae	44628658	Ralstonia nicotianae	21LCCY01	2021-05-13	China: Yunnan, Lincang	Nicotiana tabacum		23.225278 N 99.272778 E		Liu JY, Zhang JF, Wu HL, Chen Z, Li SY, Li HM, Zhang CP, Zhou YQ, Lu CH. Proposal to classify Ralstonia solanacearum phylotype I strains as Ralstonia nicotianae sp. nov., and a genomic comparison between members of the genus Ralstonia. Front Microbiol 2023; 14:1135942.			highland	28 centigrades on TTC plate for 36-48 h	2	bacterial wilt of tobacco	mountain area													bacterial wilt of tobacco							tobacco																																					
SAMN44628659				GCA_049535635.1	SAMN44628659	MIGS Cultured Bacterial/Archaeal sample from Ralstonia nicotianae	44628659	Ralstonia nicotianae	21LCCY05	2021-05-13	China: Yunnan, Lincang	Nicotiana tabacum		23.235000 N 99.330556 E		Liu JY, Zhang JF, Wu HL, Chen Z, Li SY, Li HM, Zhang CP, Zhou YQ, Lu CH. Proposal to classify Ralstonia solanacearum phylotype I strains as Ralstonia nicotianae sp. nov., and a genomic comparison between members of the genus Ralstonia. Front Microbiol 2023; 14:1135943.			highland	28 centigrades on TTC plate for 36-48 h	2	bacterial wilt of tobacco	mountain area													bacterial wilt of tobacco							tobacco																																					
SAMN44628660				GCA_049535655.1	SAMN44628660	MIGS Cultured Bacterial/Archaeal sample from Ralstonia nicotianae	44628660	Ralstonia nicotianae	21WSQB01Y	2021-06-25	China: Yunnan, Wenshan	Nicotiana tabacum		24.200278 N 104.155000 E		Liu JY, Zhang JF, Wu HL, Chen Z, Li SY, Li HM, Zhang CP, Zhou YQ, Lu CH. Proposal to classify Ralstonia solanacearum phylotype I strains as Ralstonia nicotianae sp. nov., and a genomic comparison between members of the genus Ralstonia. Front Microbiol 2023; 14:1135944.			highland	28 centigrades on TTC plate for 36-48 h	2	bacterial wilt of tobacco	mountain area													bacterial wilt of tobacco							tobacco																																					
SAMN44628661				GCA_049535615.1	SAMN44628661	MIGS Cultured Bacterial/Archaeal sample from Ralstonia nicotianae	44628661	Ralstonia nicotianae	21WSYSQ2	2021-06-25	China: Yunnan, Wenshan	Nicotiana tabacum		23.781389 N 103.775278 E		Liu JY, Zhang JF, Wu HL, Chen Z, Li SY, Li HM, Zhang CP, Zhou YQ, Lu CH. Proposal to classify Ralstonia solanacearum phylotype I strains as Ralstonia nicotianae sp. nov., and a genomic comparison between members of the genus Ralstonia. Front Microbiol 2023; 14:1135945.			highland	28 centigrades on TTC plate for 36-48 h	2	bacterial wilt of tobacco	mountain area													bacterial wilt of tobacco							tobacco																																					
SAMN44628662				GCA_049535595.1	SAMN44628662	MIGS Cultured Bacterial/Archaeal sample from Ralstonia nicotianae	44628662	Ralstonia nicotianae	21YXXP02-1J	2021-05-31	China: Yunnan, Yuxi	Nicotiana tabacum		23.981667 N 101.721389 E		Liu JY, Zhang JF, Wu HL, Chen Z, Li SY, Li HM, Zhang CP, Zhou YQ, Lu CH. Proposal to classify Ralstonia solanacearum phylotype I strains as Ralstonia nicotianae sp. nov., and a genomic comparison between members of the genus Ralstonia. Front Microbiol 2023; 14:1135946.			highland	28 centigrades on TTC plate for 36-48 h	2	bacterial wilt of tobacco	mountain area													bacterial wilt of tobacco							tobacco																																					
SAMN44628663				GCA_049535575.1	SAMN44628663	MIGS Cultured Bacterial/Archaeal sample from Ralstonia nicotianae	44628663	Ralstonia nicotianae	22BSLY-1	2022-09-19	China: Yunnan, Baoshan	Nicotiana tabacum		25.050833 N 99.176667 E		Liu JY, Zhang JF, Wu HL, Chen Z, Li SY, Li HM, Zhang CP, Zhou YQ, Lu CH. Proposal to classify Ralstonia solanacearum phylotype I strains as Ralstonia nicotianae sp. nov., and a genomic comparison between members of the genus Ralstonia. Front Microbiol 2023; 14:1135947.			highland	28 centigrades on TTC plate for 36-48 h	2	bacterial wilt of tobacco	mountain area													bacterial wilt of tobacco							tobacco																																					
SAMN44628664				GCA_049535535.1	SAMN44628664	MIGS Cultured Bacterial/Archaeal sample from Ralstonia nicotianae	44628664	Ralstonia nicotianae	22BSNL-1	2022-09-19	China: Yunnan, Baoshan	Nicotiana tabacum		24.978437 N 98.848495 E		Liu JY, Zhang JF, Wu HL, Chen Z, Li SY, Li HM, Zhang CP, Zhou YQ, Lu CH. Proposal to classify Ralstonia solanacearum phylotype I strains as Ralstonia nicotianae sp. nov., and a genomic comparison between members of the genus Ralstonia. Front Microbiol 2023; 14:1135948.			highland	28 centigrades on TTC plate for 36-48 h	2	bacterial wilt of tobacco	mountain area													bacterial wilt of tobacco							tobacco																																					
SAMN44628665				GCA_049535555.1	SAMN44628665	MIGS Cultured Bacterial/Archaeal sample from Ralstonia nicotianae	44628665	Ralstonia nicotianae	22BSNL-6	2022-09-19	China: Yunnan, Baoshan	Nicotiana tabacum		24.978437 N 98.848495 E		Liu JY, Zhang JF, Wu HL, Chen Z, Li SY, Li HM, Zhang CP, Zhou YQ, Lu CH. Proposal to classify Ralstonia solanacearum phylotype I strains as Ralstonia nicotianae sp. nov., and a genomic comparison between members of the genus Ralstonia. Front Microbiol 2023; 14:1135949.			highland	28 centigrades on TTC plate for 36-48 h	2	bacterial wilt of tobacco	mountain area													bacterial wilt of tobacco							tobacco																																					
SAMN44628666				GCA_049535515.1	SAMN44628666	MIGS Cultured Bacterial/Archaeal sample from Ralstonia nicotianae	44628666	Ralstonia nicotianae	22LCQN07-1	2022-07-21	China: Yunnan, Lincang	Nicotiana tabacum		23.600965 N 100.107797 E		Liu JY, Zhang JF, Wu HL, Chen Z, Li SY, Li HM, Zhang CP, Zhou YQ, Lu CH. Proposal to classify Ralstonia solanacearum phylotype I strains as Ralstonia nicotianae sp. nov., and a genomic comparison between members of the genus Ralstonia. Front Microbiol 2023; 14:1135950.			highland	28 centigrades on TTC plate for 36-48 h	2	bacterial wilt of tobacco	mountain area													bacterial wilt of tobacco							tobacco																																					
SAMN44628667				GCA_049535475.1	SAMN44628667	MIGS Cultured Bacterial/Archaeal sample from Ralstonia nicotianae	44628667	Ralstonia nicotianae	22T2MLS-1	2022-07-08	China: Yunnan, Wenshan	Nicotiana tabacum		24.133889 N 104.160833 E		Liu JY, Zhang JF, Wu HL, Chen Z, Li SY, Li HM, Zhang CP, Zhou YQ, Lu CH. Proposal to classify Ralstonia solanacearum phylotype I strains as Ralstonia nicotianae sp. nov., and a genomic comparison between members of the genus Ralstonia. Front Microbiol 2023; 14:1135951.			highland	28 centigrades on TTC plate for 36-48 h	2	bacterial wilt of tobacco	mountain area													bacterial wilt of tobacco							tobacco																																					
SAMN44628668				GCA_049535495.1	SAMN44628668	MIGS Cultured Bacterial/Archaeal sample from Ralstonia nicotianae	44628668	Ralstonia nicotianae	22YSWM01	2022-07-05	China: Yunnan, Wenshan	Nicotiana tabacum		23.703213 N 104.109117 E		Liu JY, Zhang JF, Wu HL, Chen Z, Li SY, Li HM, Zhang CP, Zhou YQ, Lu CH. Proposal to classify Ralstonia solanacearum phylotype I strains as Ralstonia nicotianae sp. nov., and a genomic comparison between members of the genus Ralstonia. Front Microbiol 2023; 14:1135952.			highland	28 centigrades on TTC plate for 36-48 h	2	bacterial wilt of tobacco	mountain area													bacterial wilt of tobacco							tobacco																																					
SAMN44628669				GCA_049535455.1	SAMN44628669	MIGS Cultured Bacterial/Archaeal sample from Ralstonia nicotianae	44628669	Ralstonia nicotianae	22ZTDG01-1	2022-08-12	China: Yunnan, Zhaotong	Nicotiana tabacum		27.762461 N 103.849257 E		Liu JY, Zhang JF, Wu HL, Chen Z, Li SY, Li HM, Zhang CP, Zhou YQ, Lu CH. Proposal to classify Ralstonia solanacearum phylotype I strains as Ralstonia nicotianae sp. nov., and a genomic comparison between members of the genus Ralstonia. Front Microbiol 2023; 14:1135953.			highland	28 centigrades on TTC plate for 36-48 h	2	bacterial wilt of tobacco	mountain area													bacterial wilt of tobacco							tobacco																																					
SAMN44628670				GCA_049535435.1	SAMN44628670	MIGS Cultured Bacterial/Archaeal sample from Ralstonia nicotianae	44628670	Ralstonia nicotianae	22ZTWX01-1	2022-08-12	China: Yunnan, Zhaotong	Nicotiana tabacum		27.738817 N 105.266029 E		Liu JY, Zhang JF, Wu HL, Chen Z, Li SY, Li HM, Zhang CP, Zhou YQ, Lu CH. Proposal to classify Ralstonia solanacearum phylotype I strains as Ralstonia nicotianae sp. nov., and a genomic comparison between members of the genus Ralstonia. Front Microbiol 2023; 14:1135954.			highland	28 centigrades on TTC plate for 36-48 h	2	bacterial wilt of tobacco	mountain area													bacterial wilt of tobacco							tobacco																																					
SAMN44628671				GCA_049535415.1	SAMN44628671	MIGS Cultured Bacterial/Archaeal sample from Ralstonia nicotianae	44628671	Ralstonia nicotianae	BSRS5	2018-06-28	China: Yunnan, Lincang	Nicotiana tabacum		23.737500 N 100.032778 E		Liu JY, Zhang JF, Wu HL, Chen Z, Li SY, Li HM, Zhang CP, Zhou YQ, Lu CH. Proposal to classify Ralstonia solanacearum phylotype I strains as Ralstonia nicotianae sp. nov., and a genomic comparison between members of the genus Ralstonia. Front Microbiol 2023; 14:1135956.			highland	28 centigrades on TTC plate for 36-48 h	2	bacterial wilt of tobacco	mountain area													bacterial wilt of tobacco							tobacco																																					
SAMN44628672				GCA_049535395.1	SAMN44628672	MIGS Cultured Bacterial/Archaeal sample from Ralstonia nicotianae	44628672	Ralstonia nicotianae	DH-8	2019-05-23	China: Yunnan, Dehong	Nicotiana tabacum		24.131667 N 98.535556 E		Liu JY, Zhang JF, Wu HL, Chen Z, Li SY, Li HM, Zhang CP, Zhou YQ, Lu CH. Proposal to classify Ralstonia solanacearum phylotype I strains as Ralstonia nicotianae sp. nov., and a genomic comparison between members of the genus Ralstonia. Front Microbiol 2023; 14:1135957.			highland	28 centigrades on TTC plate for 36-48 h	2	bacterial wilt of tobacco	mountain area													bacterial wilt of tobacco							tobacco																																					
SAMN44628673				GCA_049535375.1	SAMN44628673	MIGS Cultured Bacterial/Archaeal sample from Ralstonia nicotianae	44628673	Ralstonia nicotianae	DH1-1	2019-05-23	China: Yunnan, Dehong	Nicotiana tabacum		24.125556 N 98.486667 E		Liu JY, Zhang JF, Wu HL, Chen Z, Li SY, Li HM, Zhang CP, Zhou YQ, Lu CH. Proposal to classify Ralstonia solanacearum phylotype I strains as Ralstonia nicotianae sp. nov., and a genomic comparison between members of the genus Ralstonia. Front Microbiol 2023; 14:1135958.			highland	28 centigrades on TTC plate for 36-48 h	2	bacterial wilt of tobacco	mountain area													bacterial wilt of tobacco							tobacco																																					
SAMN44628674				GCA_049535355.1	SAMN44628674	MIGS Cultured Bacterial/Archaeal sample from Ralstonia nicotianae	44628674	Ralstonia nicotianae	DH13-1	2019-05-23	China: Yunnan, Dehong	Nicotiana tabacum		24.292778 N 98.523056 E		Liu JY, Zhang JF, Wu HL, Chen Z, Li SY, Li HM, Zhang CP, Zhou YQ, Lu CH. Proposal to classify Ralstonia solanacearum phylotype I strains as Ralstonia nicotianae sp. nov., and a genomic comparison between members of the genus Ralstonia. Front Microbiol 2023; 14:1135959.			highland	28 centigrades on TTC plate for 36-48 h	2	bacterial wilt of tobacco	mountain area													bacterial wilt of tobacco							tobacco																																					
SAMN44628675				GCA_049535335.1	SAMN44628675	MIGS Cultured Bacterial/Archaeal sample from Ralstonia nicotianae	44628675	Ralstonia nicotianae	DH14	2019-05-23	China: Yunnan, Dehong	Nicotiana tabacum		24.292778 N 98.523333 E		Liu JY, Zhang JF, Wu HL, Chen Z, Li SY, Li HM, Zhang CP, Zhou YQ, Lu CH. Proposal to classify Ralstonia solanacearum phylotype I strains as Ralstonia nicotianae sp. nov., and a genomic comparison between members of the genus Ralstonia. Front Microbiol 2023; 14:1135960.			highland	28 centigrades on TTC plate for 36-48 h	2	bacterial wilt of tobacco	mountain area													bacterial wilt of tobacco							tobacco																																					
SAMN44628676				GCA_049535315.1	SAMN44628676	MIGS Cultured Bacterial/Archaeal sample from Ralstonia nicotianae	44628676	Ralstonia nicotianae	DHRS-1	2018-07-05	China: Yunnan, Dehong	Nicotiana tabacum		24.130190 N 98.574249 E		Liu JY, Zhang JF, Wu HL, Chen Z, Li SY, Li HM, Zhang CP, Zhou YQ, Lu CH. Proposal to classify Ralstonia solanacearum phylotype I strains as Ralstonia nicotianae sp. nov., and a genomic comparison between members of the genus Ralstonia. Front Microbiol 2023; 14:1135961.			highland	28 centigrades on TTC plate for 36-48 h	2	bacterial wilt of tobacco	mountain area													bacterial wilt of tobacco							tobacco																																					
SAMN44628677				GCA_049535295.1	SAMN44628677	MIGS Cultured Bacterial/Archaeal sample from Ralstonia nicotianae	44628677	Ralstonia nicotianae	DHRS-2	2018-07-05	China: Yunnan, Dehong	Nicotiana tabacum		24.130190 N 98.574249 E		Liu JY, Zhang JF, Wu HL, Chen Z, Li SY, Li HM, Zhang CP, Zhou YQ, Lu CH. Proposal to classify Ralstonia solanacearum phylotype I strains as Ralstonia nicotianae sp. nov., and a genomic comparison between members of the genus Ralstonia. Front Microbiol 2023; 14:1135962.			highland	28 centigrades on TTC plate for 36-48 h	2	bacterial wilt of tobacco	mountain area													bacterial wilt of tobacco							tobacco																																					
SAMN44628678				GCA_049535275.1	SAMN44628678	MIGS Cultured Bacterial/Archaeal sample from Ralstonia nicotianae	44628678	Ralstonia nicotianae	MLS	2022-07-08	China: Yunnan, Wenshan	Solanum tuberosum		24.141111 N 104.165278 E		Liu JY, Zhang JF, Wu HL, Chen Z, Li SY, Li HM, Zhang CP, Zhou YQ, Lu CH. Proposal to classify Ralstonia solanacearum phylotype I strains as Ralstonia nicotianae sp. nov., and a genomic comparison between members of the genus Ralstonia. Front Microbiol 2023; 14:1135963.			highland	28 centigrades on TTC plate for 36-48 h	2	bacterial wilt of tomatto	mountain area													bacterial wilt of tobacco							tobacco																																					
SAMN44628679				GCA_049535255.1	SAMN44628679	MIGS Cultured Bacterial/Archaeal sample from Ralstonia nicotianae	44628679	Ralstonia nicotianae	PZH01	2019-07-16	China: Yunnan, Wenshan	Nicotiana tabacum		24.141389 N 104.165000 E		Liu JY, Zhang JF, Wu HL, Chen Z, Li SY, Li HM, Zhang CP, Zhou YQ, Lu CH. Proposal to classify Ralstonia solanacearum phylotype I strains as Ralstonia nicotianae sp. nov., and a genomic comparison between members of the genus Ralstonia. Front Microbiol 2023; 14:1135964.			highland	28 centigrades on TTC plate for 36-48 h	2	bacterial wilt of tobacco	mountain area													bacterial wilt of tobacco							tobacco																																					
SAMN44628680				GCA_049535235.1	SAMN44628680	MIGS Cultured Bacterial/Archaeal sample from Ralstonia nicotianae	44628680	Ralstonia nicotianae	PZH03	2019-07-16	China: Yunnan, Wenshan	Nicotiana tabacum		24.141111 N 104.165278 E		Liu JY, Zhang JF, Wu HL, Chen Z, Li SY, Li HM, Zhang CP, Zhou YQ, Lu CH. Proposal to classify Ralstonia solanacearum phylotype I strains as Ralstonia nicotianae sp. nov., and a genomic comparison between members of the genus Ralstonia. Front Microbiol 2023; 14:1135965.			highland	28 centigrades on TTC plate for 36-48 h	2	bacterial wilt of tobacco	mountain area													bacterial wilt of tobacco							tobacco																																					
SAMN44628681				GCA_049535215.1	SAMN44628681	MIGS Cultured Bacterial/Archaeal sample from Ralstonia nicotianae	44628681	Ralstonia nicotianae	QBRS-1	2020-07-08	China: Yunnan, Wenshan	Nicotiana tabacum		24.181667 N 104.148889 E		Liu JY, Zhang JF, Wu HL, Chen Z, Li SY, Li HM, Zhang CP, Zhou YQ, Lu CH. Proposal to classify Ralstonia solanacearum phylotype I strains as Ralstonia nicotianae sp. nov., and a genomic comparison between members of the genus Ralstonia. Front Microbiol 2023; 14:1135966.			highland	28 centigrades on TTC plate for 36-48 h	2	bacterial wilt of tobacco	mountain area													bacterial wilt of tobacco							tobacco																																					
SAMN44628682				GCA_049535195.1	SAMN44628682	MIGS Cultured Bacterial/Archaeal sample from Ralstonia nicotianae	44628682	Ralstonia nicotianae	RS1	2018-08-22	China: Yunnan, Lincang	Nicotiana tabacum		23.414511 N 99.798447 E		Liu JY, Zhang JF, Wu HL, Chen Z, Li SY, Li HM, Zhang CP, Zhou YQ, Lu CH. Proposal to classify Ralstonia solanacearum phylotype I strains as Ralstonia nicotianae sp. nov., and a genomic comparison between members of the genus Ralstonia. Front Microbiol 2023; 14:1135967.			highland	28 centigrades on TTC plate for 36-48 h	2	bacterial wilt of tobacco	mountain area													bacterial wilt of tobacco							tobacco																																					
SAMN44628683				GCA_049535165.1	SAMN44628683	MIGS Cultured Bacterial/Archaeal sample from Ralstonia nicotianae	44628683	Ralstonia nicotianae	RS13	2018-08-22	China: Yunnan, Lincang	Nicotiana tabacum		23.490580 N 99.811577 E		Liu JY, Zhang JF, Wu HL, Chen Z, Li SY, Li HM, Zhang CP, Zhou YQ, Lu CH. Proposal to classify Ralstonia solanacearum phylotype I strains as Ralstonia nicotianae sp. nov., and a genomic comparison between members of the genus Ralstonia. Front Microbiol 2023; 14:1135968.			highland	28 centigrades on TTC plate for 36-48 h	2	bacterial wilt of tobacco	mountain area													bacterial wilt of tobacco							tobacco																																					
SAMN44628684				GCA_049535135.1	SAMN44628684	MIGS Cultured Bacterial/Archaeal sample from Ralstonia nicotianae	44628684	Ralstonia nicotianae	RS139	2018-09-01	China: Jiangxi, Nanchang	Nicotiana tabacum		28.68333 N 115.90000 E		Liu JY, Zhang JF, Wu HL, Chen Z, Li SY, Li HM, Zhang CP, Zhou YQ, Lu CH. Proposal to classify Ralstonia solanacearum phylotype I strains as Ralstonia nicotianae sp. nov., and a genomic comparison between members of the genus Ralstonia. Front Microbiol 2023; 14:1135969.			highland	28 centigrades on TTC plate for 36-48 h	2	bacterial wilt of tobacco	mountain area													bacterial wilt of tobacco							tobacco																																					
SAMN44628685				GCA_049533635.1	SAMN44628685	MIGS Cultured Bacterial/Archaeal sample from Ralstonia nicotianae	44628685	Ralstonia nicotianae	RS15	2018-08-22	China: Yunnan, Lincang	Nicotiana tabacum		23.772222 N 100.023333 E		Liu JY, Zhang JF, Wu HL, Chen Z, Li SY, Li HM, Zhang CP, Zhou YQ, Lu CH. Proposal to classify Ralstonia solanacearum phylotype I strains as Ralstonia nicotianae sp. nov., and a genomic comparison between members of the genus Ralstonia. Front Microbiol 2023; 14:1135970.			highland	28 centigrades on TTC plate for 36-48 h	2	bacterial wilt of tobacco	mountain area													bacterial wilt of tobacco							tobacco																																					
SAMN44628686				GCA_049533595.1	SAMN44628686	MIGS Cultured Bacterial/Archaeal sample from Ralstonia nicotianae	44628686	Ralstonia nicotianae	RS33	2018-08-22	China: Yunnan, Lincang	Nicotiana tabacum		23.504620 N 99.720268 E		Liu JY, Zhang JF, Wu HL, Chen Z, Li SY, Li HM, Zhang CP, Zhou YQ, Lu CH. Proposal to classify Ralstonia solanacearum phylotype I strains as Ralstonia nicotianae sp. nov., and a genomic comparison between members of the genus Ralstonia. Front Microbiol 2023; 14:1135971.			highland	28 centigrades on TTC plate for 36-48 h	2	bacterial wilt of tobacco	mountain area													bacterial wilt of tobacco							tobacco																																					
SAMN44628687				GCA_049533605.1	SAMN44628687	MIGS Cultured Bacterial/Archaeal sample from Ralstonia nicotianae	44628687	Ralstonia nicotianae	RS38	2018-08-22	China: Yunnan, Lincang	Nicotiana tabacum		23.490580 N 99.811577 E		Liu JY, Zhang JF, Wu HL, Chen Z, Li SY, Li HM, Zhang CP, Zhou YQ, Lu CH. Proposal to classify Ralstonia solanacearum phylotype I strains as Ralstonia nicotianae sp. nov., and a genomic comparison between members of the genus Ralstonia. Front Microbiol 2023; 14:1135972.			highland	28 centigrades on TTC plate for 36-48 h	2	bacterial wilt of tobacco	mountain area													bacterial wilt of tobacco							tobacco																																					
SAMN44628688				GCA_049533575.1	SAMN44628688	MIGS Cultured Bacterial/Archaeal sample from Ralstonia nicotianae	44628688	Ralstonia nicotianae	RS7	2018-08-22	China: Yunnan, Lincang	Nicotiana tabacum		23.490580 N 99.811577 E		Liu JY, Zhang JF, Wu HL, Chen Z, Li SY, Li HM, Zhang CP, Zhou YQ, Lu CH. Proposal to classify Ralstonia solanacearum phylotype I strains as Ralstonia nicotianae sp. nov., and a genomic comparison between members of the genus Ralstonia. Front Microbiol 2023; 14:1135973.			highland	28 centigrades on TTC plate for 36-48 h	2	bacterial wilt of tobacco	mountain area													bacterial wilt of tobacco							tobacco																																					
SAMN44628689				GCA_049533555.1	SAMN44628689	MIGS Cultured Bacterial/Archaeal sample from Ralstonia nicotianae	44628689	Ralstonia nicotianae	SL-9	2019-06-04	China: Yunnan, Kunming	Nicotiana tabacum		24.722778 N 103.237778 E		Liu JY, Zhang JF, Wu HL, Chen Z, Li SY, Li HM, Zhang CP, Zhou YQ, Lu CH. Proposal to classify Ralstonia solanacearum phylotype I strains as Ralstonia nicotianae sp. nov., and a genomic comparison between members of the genus Ralstonia. Front Microbiol 2023; 14:1135974.			highland	28 centigrades on TTC plate for 36-48 h	2	bacterial wilt of tobacco	mountain area													bacterial wilt of tobacco							tobacco																																					
SAMN44628690				GCA_049533535.1	SAMN44628690	MIGS Cultured Bacterial/Archaeal sample from Ralstonia nicotianae	44628690	Ralstonia nicotianae	SL001	2019-07-10	China: Yunnan, Kunming	Nicotiana tabacum		24.722778 N 103.237778 E		Liu JY, Zhang JF, Wu HL, Chen Z, Li SY, Li HM, Zhang CP, Zhou YQ, Lu CH. Proposal to classify Ralstonia solanacearum phylotype I strains as Ralstonia nicotianae sp. nov., and a genomic comparison between members of the genus Ralstonia. Front Microbiol 2023; 14:1135975.			highland	28 centigrades on TTC plate for 36-48 h	2	bacterial wilt of tobacco	mountain area													bacterial wilt of tobacco							tobacco																																					
SAMN44628691				GCA_049533515.1	SAMN44628691	MIGS Cultured Bacterial/Archaeal sample from Ralstonia nicotianae	44628691	Ralstonia nicotianae	WSQB-1	2018-07-16	China: Yunnan, Wenshan	Nicotiana tabacum		24.181667 N 104.148889 E		Liu JY, Zhang JF, Wu HL, Chen Z, Li SY, Li HM, Zhang CP, Zhou YQ, Lu CH. Proposal to classify Ralstonia solanacearum phylotype I strains as Ralstonia nicotianae sp. nov., and a genomic comparison between members of the genus Ralstonia. Front Microbiol 2023; 14:1135976.			highland	28 centigrades on TTC plate for 36-48 h	2	bacterial wilt of tobacco	mountain area													bacterial wilt of tobacco							tobacco																																					
SAMN44628692				GCA_049533475.1	SAMN44628692	MIGS Cultured Bacterial/Archaeal sample from Ralstonia nicotianae	44628692	Ralstonia nicotianae	WSQB-4	2018-07-16	China: Yunnan, Wenshan	Nicotiana tabacum		24.181667 N 104.148889 E		Liu JY, Zhang JF, Wu HL, Chen Z, Li SY, Li HM, Zhang CP, Zhou YQ, Lu CH. Proposal to classify Ralstonia solanacearum phylotype I strains as Ralstonia nicotianae sp. nov., and a genomic comparison between members of the genus Ralstonia. Front Microbiol 2023; 14:1135977.			highland	28 centigrades on TTC plate for 36-48 h	2	bacterial wilt of tobacco	mountain area													bacterial wilt of tobacco							tobacco																																					
SAMN44628693				GCA_049533495.1	SAMN44628693	MIGS Cultured Bacterial/Archaeal sample from Ralstonia nicotianae	44628693	Ralstonia nicotianae	WSQB-6	2018-07-16	China: Yunnan, Wenshan	Nicotiana tabacum		24.181667 N 104.148889 E		Liu JY, Zhang JF, Wu HL, Chen Z, Li SY, Li HM, Zhang CP, Zhou YQ, Lu CH. Proposal to classify Ralstonia solanacearum phylotype I strains as Ralstonia nicotianae sp. nov., and a genomic comparison between members of the genus Ralstonia. Front Microbiol 2023; 14:1135978.			highland	28 centigrades on TTC plate for 36-48 h	2	bacterial wilt of tobacco	mountain area													bacterial wilt of tobacco							tobacco																																					
SAMN44629040				GCF_045257735.1	SAMN44629040	Pathogen: clinical or host-associated sample from Ralstonia syzygii subsp. celebesensis	44629040	Ralstonia syzygii subsp. celebesensis	UGMSLYSS_Db01	2018	Indonesia: South Selawesi, Selayar	Musa balbisiana	infected banana fruit	6.170081 S 120.446377 E			Ady Bayu Prakoso, Siti Subandiyah, Andre Drenth																			Banana blood disease																																					fruit							
SAMN44631176				GCF_047204895.1	SAMN44631176	Microbe sample from Ralstonia nicotianae	44631176	Ralstonia nicotianae	QY16	2023-08-12	China: WuHan	Nicotiana tabacum L.	tobacco leaves		single cell																																																																	
SAMN44820493	CFBP 3059	RAL_AA1804AA		GCF_054492315.1	SAMN44820493	Microbe sample from Ralstonia pseudosolanacearum	44820493	Ralstonia pseudosolanacearum	CFBP 3059	1990	Burkina Faso:Vallee du Kou	Solanum melongena			cell culture				ENVO_01000311																		CFBP 3059																																											
SAMN44820494	CFBP 4961	RAL_AA1803AA		GCF_054492295.1	SAMN44820494	Microbe sample from Ralstonia pseudosolanacearum	44820494	Ralstonia pseudosolanacearum	CFBP 4961	1993	Reunion	Pelargonium x asperum			cell culture				ENVO_03501101																		CFBP 4961																																											
SAMN44820495	CFBP 7062	RAL_AA1795AA		GCF_054492275.1	SAMN44820495	Microbe sample from Ralstonia pseudosolanacearum	44820495	Ralstonia pseudosolanacearum	CFBP 7062	2005	Cameroon	Solanum tuberosum			cell culture				ENVO_01000311																		CFBP 7062																																											
SAMN44820496	CFBP 707	RAL_AA1786AA		GCF_054492255.1	SAMN44820496	Microbe sample from Ralstonia pseudosolanacearum	44820496	Ralstonia pseudosolanacearum	CFBP 707	1965	French Polynesia:Tahiti	Solanum lycopersicum			cell culture				ENVO_01000311																		CFBP 707																																											
SAMN44820497	CFBP 8427	RAL_AA1779AA		GCF_054492235.1	SAMN44820497	Microbe sample from Ralstonia pseudosolanacearum	44820497	Ralstonia pseudosolanacearum	CFBP 8427	2003	Indonesia	Solanum lycopersicum			cell culture				ENVO_01000311																		CFBP 8427																																											
SAMN44820498	GBBC 1122	RAL_AA1776AA		GCF_054501575.1	SAMN44820498	Microbe sample from Ralstonia pseudosolanacearum	44820498	Ralstonia pseudosolanacearum	GBBC 1122	2003	Guinea:Laafou	Solanum tuberosum cv. Claustar			cell culture				ENVO_01000311																		ILVO Plant Health, Burg. Van gansberghelaan 96, 9820 Merelbeke, Belgium																																											
SAMN44820499	GBBC 1129	RAL_AA1775AA		GCF_054492215.1	SAMN44820499	Microbe sample from Ralstonia pseudosolanacearum	44820499	Ralstonia pseudosolanacearum	GBBC 1129	2003	Guinea:Sofoya	Solanum tuberosum cv. Spunta			cell culture				ENVO_01000311																		ILVO Plant Health																																											
SAMN44820500	GBBC 1172	RAL_AA1774AA		GCF_054501565.1	SAMN44820500	Microbe sample from Ralstonia pseudosolanacearum	44820500	Ralstonia pseudosolanacearum	GBBC 1172	2004	China:Chongqing	Solanum tuberosum			cell culture				ENVO_01000311																		ILVO Plant Health, Burg. Van gansberghelaan 96, 9820 Merelbeke, Belgium																																											
SAMN44820501	GBBC 1200	RAL_AA1773AA		GCF_054501585.1	SAMN44820501	Microbe sample from Ralstonia pseudosolanacearum	44820501	Ralstonia pseudosolanacearum	GBBC 1200	2002	Mali	Solanum tuberosum cv. Pamina			cell culture				ENVO_01000311																		ILVO Plant Health, Burg. Van gansberghelaan 96, 9820 Merelbeke, Belgium																																											
SAMN44820502	GBBC 1202	RAL_AA1772AA		GCF_054501595.1	SAMN44820502	Microbe sample from Ralstonia pseudosolanacearum	44820502	Ralstonia pseudosolanacearum	GBBC 1202	2002	Mali	Solanum tuberosum cv. Pamina			cell culture				ENVO_01000311																		ILVO Plant Health, Burg. Van gansberghelaan 96, 9820 Merelbeke, Belgium																																											
SAMN44820503	GBBC 1210	RAL_AA1802AA		GCF_054492195.1	SAMN44820503	Microbe sample from Ralstonia pseudosolanacearum	44820503	Ralstonia pseudosolanacearum	GBBC 1210	2003	Guinea:Laafou	Solanum tuberosum cv. Spunta			cell culture				ENVO_01000311																		ILVO Plant Health																																											
SAMN44820504	GBBC 1222	RAL_AA1801AA		GCF_054492175.1	SAMN44820504	Microbe sample from Ralstonia pseudosolanacearum	44820504	Ralstonia pseudosolanacearum	GBBC 1222	2005	Guinea:Fouta d'Jalon, Hoore Hollande	Solanum tuberosum cv. Nicola			cell culture				ENVO_01000311																		ILVO Plant Health																																											
SAMN44820505				GCF_057920885.1	SAMN44820505	Microbe sample from Ralstonia pseudosolanacearum	44820505	Ralstonia pseudosolanacearum	GBBC 1238	2005	Guinea:Fouta d'Jalon, Hoore Hollande		river water		cell culture				ENVO_01000317																		LMG:26751																																											
SAMN44820506	GBBC 1259	RAL_AA1800AA		GCF_054492155.1	SAMN44820506	Microbe sample from Ralstonia pseudosolanacearum	44820506	Ralstonia pseudosolanacearum	GBBC 1259	2005	Guinea:Labe, Bolya	Solanum melongena			cell culture				ENVO_01000311																		ILVO Plant Health																																											
SAMN44820507				GCF_054501605.1	SAMN44820507	Microbe sample from Ralstonia pseudosolanacearum	44820507	Ralstonia pseudosolanacearum	GBBC 1331	2008	China:Chongqing, Beibei	Zingiber officinale			cell culture				ENVO_01000311																		ILVO Plant Health, Burg. Van gansberghelaan 96, 9820 Merelbeke, Belgium																																											
SAMN44820508	GBBC 1334	RAL_AA1799AA		GCF_054492135.1	SAMN44820508	Microbe sample from Ralstonia pseudosolanacearum	44820508	Ralstonia pseudosolanacearum	GBBC 1334	2008	China:Chongqing, Beibei	Solanum melongena			cell culture				ENVO_01000311																		ILVO Plant Health																																											
SAMN44820509	GBBC 1338	RAL_AA1778AA		GCF_054501615.1	SAMN44820509	Microbe sample from Ralstonia pseudosolanacearum	44820509	Ralstonia pseudosolanacearum	GBBC 1338	2008	China:Chongqing, Beibei	Solanum melongena			cell culture				ENVO_01000311																		ILVO Plant Health, Burg. Van gansberghelaan 96, 9820 Merelbeke, Belgium																																											
SAMN44820510	GBBC 1679	RAL_AA1798AA		GCF_054492095.1	SAMN44820510	Microbe sample from Ralstonia pseudosolanacearum	44820510	Ralstonia pseudosolanacearum	GBBC 1679	2011	Democratic Republic of the Congo:Bas Congo	Solanum tuberosum cv. Red Pontiac			cell culture				ENVO_01000311																		ILVO Plant Health																																											
SAMN44820511	GBBC 1681	RAL_AA1797AA		GCF_054492115.1	SAMN44820511	Microbe sample from Ralstonia pseudosolanacearum	44820511	Ralstonia pseudosolanacearum	GBBC 1681	2011	Zambia	Solanum tuberosum cv. Mbanza			cell culture				ENVO_01000311																		ILVO Plant Health																																											
SAMN44820512	GBBC 1950	RAL_AA1796AA		GCF_054492075.1	SAMN44820512	Microbe sample from Ralstonia pseudosolanacearum	44820512	Ralstonia pseudosolanacearum	GBBC 1950	2014	Burundi		river water		cell culture				ENVO_01000317																		ILVO Plant Health																																											
SAMN44820513	GBBC 3080	RAL_AA1777AA																																																																														
SAMN44820514	GBBC 3272	RAL_AA1794AA		GCF_054492055.1	SAMN44820514	Microbe sample from Ralstonia pseudosolanacearum	44820514	Ralstonia pseudosolanacearum	GBBC 3272	2018	Guinea:Fouta d'Jalon,Dalaba	Solanum tuberosum cv. Arizona			cell culture				ENVO_01000311																		ILVO Plant Health																																											
SAMN44820515	LMG 2297	RAL_AA1793AA		GCF_054492035.1	SAMN44820515	Microbe sample from Ralstonia pseudosolanacearum	44820515	Ralstonia pseudosolanacearum	LMG 2297	1949	Mauritius	Casuarina equisetifolia			cell culture				ENVO_03501101																		missing															LMG:2297																												
SAMN44820516	LMG 26750	RAL_AA1792AA		GCF_054492015.1	SAMN44820516	Microbe sample from Ralstonia pseudosolanacearum	44820516	Ralstonia pseudosolanacearum	LMG 26750	unknown	Nepal	Solanum tuberosum			cell culture				ENVO_01000311																		missing															LMG:26750																												
SAMN44820517				GCF_054491995.1	SAMN44820517	Microbe sample from Ralstonia syzygii subsp. celebesensis	44820517	Ralstonia syzygii subsp. celebesensis	LMG 27706	unknown	Indonesia:Central Java	Musa sp.			cell culture				ENVO_03501101																		missing															LMG:27706						type strain of Ralstonia syzygii subsp. celebesensis																						
SAMN44820518	LMG 5839	RAL_AA1791AA		GCF_054491975.1	SAMN44820518	Microbe sample from Ralstonia pseudosolanacearum	44820518	Ralstonia pseudosolanacearum	LMG 5839	1961	USA:Hawaii	Zingiber officinale			cell culture				ENVO_01000311																		missing															LMG:5839																												
SAMN44820519	LMG 6976	RAL_AA1843AA		GCF_054491955.1	SAMN44820519	Microbe sample from Ralstonia syzygii	44820519	Ralstonia syzygii	LMG 6976	unknown	Indonesia:Sumatra	Trifolium sp.			cell culture				ENVO_03501101																		missing															LMG:6976																												
SAMN44820520	NCPPB 4000	RAL_AA1790AA		GCF_054491935.1	SAMN44820520	Microbe sample from Ralstonia pseudosolanacearum	44820520	Ralstonia pseudosolanacearum	NCPPB 4000	unknown	Thailand	Zingiber officinale			cell culture				ENVO_01000311																		missing															NCPPB:4000																												
SAMN44820521	GBBC 574	RAL_AA1789AA																																																																														
SAMN44820522	GBBC 581	RAL_AA1788AA																																																																														
SAMN44820523	GBBC 585	RAL_AA1787AA																																																																														
SAMN44820524	GBBC 579	RAL_AA1785AA																																																																														
SAMN44820527				GCF_054491785.1	SAMN44820527	Microbe sample from Ralstonia pseudosolanacearum	44820527	Ralstonia pseudosolanacearum	GBBC 1956	2014	Burundi		river water		cell culture				ENVO_01000317																		ILVO Plant Health																																											
SAMN45032525				GCA_046245135.1	SAMN45032525	Pathogen: clinical or host-associated sample from Ralstonia syzygii subsp. celebesensis	45032525	Ralstonia syzygii subsp. celebesensis	RKIBali001	2024	Indonesia: Bali, Buleleng	Musa balbisiana	infected banana fruit	8.089265 S 115.234645 E			Fenny Martha Dwivany																			Banana blood disease						missing																															fruit							
SAMN45624194	RUN0004	RAL_AA1568AA			SAMN45624194	Pathogen: environmental/food/other sample from Ralstonia solanacearum	45624194	Ralstonia solanacearum	RUN0004	1999	Martinique: Morne Rouge		Anthurium andreanum	14.772400 N 61.136110 W			Wicker et al.	IIB																																																														
SAMN45624195	RUN0005	RAL_AA1461AA			SAMN45624195	Pathogen: environmental/food/other sample from Ralstonia solanacearum	45624195	Ralstonia solanacearum	RUN0005	1999	Martinique: Morne Rouge		Anthurium andreanum	14.772400 N 61.136110 W			Wicker et al.	IIB																																																														
SAMN45624196	RUN0006	RAL_AA1527AA			SAMN45624196	Pathogen: environmental/food/other sample from Ralstonia solanacearum	45624196	Ralstonia solanacearum	RUN0006	1999	Martinique: Morne Rouge		Anthurium andreanum	14.772400 N 61.136110 W			Wicker et al.	IIB																																																														
SAMN45624197	RUN0008	RAL_AA1507AA			SAMN45624197	Pathogen: environmental/food/other sample from Ralstonia solanacearum	45624197	Ralstonia solanacearum	RUN0008	1999	Martinique: Morne Rouge		Anthurium andreanum	14.772400 N 61.136110 W			Wicker et al.	IIB																																																														
SAMN45624198	RUN0015	RAL_AA1496AA			SAMN45624198	Pathogen: environmental/food/other sample from Ralstonia solanacearum	45624198	Ralstonia solanacearum	RUN0015	1999	Martinique: Morne Rouge		Anthurium andreanum	14.772400 N 61.136110 W			Wicker et al.	IIB																																																														
SAMN45624199	RUN0016	RAL_AA1661AA			SAMN45624199	Pathogen: environmental/food/other sample from Ralstonia solanacearum	45624199	Ralstonia solanacearum	RUN0016	1999	Martinique: Saint Joseph		Anthurium andreanum	missing			Wicker et al.	IIB																																																														
SAMN45624200	RUN0017	RAL_AA1654AA			SAMN45624200	Pathogen: environmental/food/other sample from Ralstonia solanacearum	45624200	Ralstonia solanacearum	RUN0017	2002	Martinique: Morne Rouge		Heliconia caribea	14.772400 N 61.136110 W			Wicker et al.	IIB																																																														
SAMN45624201	RUN0018	RAL_AA1646AA			SAMN45624201	Pathogen: environmental/food/other sample from Ralstonia solanacearum	45624201	Ralstonia solanacearum	RUN0018	2002	Martinique: Morne Rouge		Anthurium andreanum	14.772400 N 61.136110 W			Wicker et al.	IIB																																																														
SAMN45624202	RUN0027	RAL_AA1577AA			SAMN45624202	Pathogen: environmental/food/other sample from Ralstonia solanacearum	45624202	Ralstonia solanacearum	RUN0027	1987	Martinique: Case Pilote		Solanum lycopersicum	missing			Wicker et al.	IIA																																																														
SAMN45624203	RUN0030	RAL_AA1567AA			SAMN45624203	Pathogen: environmental/food/other sample from Ralstonia solanacearum	45624203	Ralstonia solanacearum	RUN0030	1986	Martinique: Le Lamentin		Solanum tuberosum	missing			Wicker et al.	IIA																																																														
SAMN45624204	RUN0036	RAL_AA1482AA			SAMN45624204	Pathogen: environmental/food/other sample from Ralstonia solanacearum	45624204	Ralstonia solanacearum	RUN0036	1987	Martinique: Case Pilote		Solanum lycopersicum	missing			Wicker et al.	IIA																																																														
SAMN45624205	RUN0037	RAL_AA1188AA			SAMN45624205	Pathogen: environmental/food/other sample from Ralstonia pseudosolanacearum	45624205	Ralstonia pseudosolanacearum	RUN0037	1983	Martinique: Schoelcher		Solanum melongena	missing			Wicker et al.	I																																																														
SAMN45624206	RUN0054	RAL_AA1233AA			SAMN45624206	Pathogen: environmental/food/other sample from Ralstonia pseudosolanacearum	45624206	Ralstonia pseudosolanacearum	RUN0054	1978	French Guiana: Kourou		Solanum lycopersicum	missing			Deberdt et al.	I																																																														
SAMN45624207	RUN0261	RAL_AA1552AA			SAMN45624207	Pathogen: environmental/food/other sample from Ralstonia solanacearum	45624207	Ralstonia solanacearum	RUN0261	2002	Martinique: Sainte Anne		Cucumis sativus	missing			Wicker et al.	IIB																																																														
SAMN45624208	RUN0276	RAL_AA1393AA			SAMN45624208	Pathogen: environmental/food/other sample from Ralstonia solanacearum	45624208	Ralstonia solanacearum	RUN0276	2002	Martinique: Saint Esprit		Cucurbita moschata	missing			Wicker et al.	IIB																																																														
SAMN45624210	RUN0279	RAL_AA1643AA			SAMN45624210	Pathogen: environmental/food/other sample from Ralstonia solanacearum	45624210	Ralstonia solanacearum	RUN0279	2001	Martinique: Gros Morne		Heliconia caribea	missing			Wicker et al.	IIA																																																														
SAMN45624211	RUN0281	RAL_AA1638AA			SAMN45624211	Pathogen: environmental/food/other sample from Ralstonia solanacearum	45624211	Ralstonia solanacearum	RUN0281	2001	Martinique: Gros Morne		Anthurium andreanum	missing			Wicker et al.	IIB																																																														
SAMN45624212	RUN0282	RAL_AA1469AA			SAMN45624212	Pathogen: environmental/food/other sample from Ralstonia solanacearum	45624212	Ralstonia solanacearum	RUN0282	2000	Martinique: Gros Morne		Anthurium andreanum	missing			Wicker et al.	IIB																																																														
SAMN45624213	RUN0283	RAL_AA1460AA			SAMN45624213	Pathogen: environmental/food/other sample from Ralstonia solanacearum	45624213	Ralstonia solanacearum	RUN0283	missing	Martinique		Anthurium andreanum	missing			Wicker et al.	IIB																																																														
SAMN45624214	RUN0284	RAL_AA1548AA			SAMN45624214	Pathogen: environmental/food/other sample from Ralstonia solanacearum	45624214	Ralstonia solanacearum	RUN0284	2002	Martinique: Fonds Saint Denis		Cucumis sativus	missing			Wicker et al.	IIB																																																														
SAMN45624215	RUN0285	RAL_AA1539AA			SAMN45624215	Pathogen: environmental/food/other sample from Ralstonia solanacearum	45624215	Ralstonia solanacearum	RUN0285	2002	Martinique: Vauclin		Cucumis melo	missing			Wicker et al.	IIB																																																														
SAMN45624216	RUN0286	RAL_AA1532AA			SAMN45624216	Pathogen: environmental/food/other sample from Ralstonia solanacearum	45624216	Ralstonia solanacearum	RUN0286	2002	Martinique: Morne Rouge		Pandanus sp.	14.772400 N 61.136110 W			Wicker et al.	IIB																																																														
SAMN45624217	RUN0287	RAL_AA1720AA			SAMN45624217	Pathogen: environmental/food/other sample from Ralstonia solanacearum	45624217	Ralstonia solanacearum	RUN0287	2002	Martinique: Sainte Anne		Solanum lycopersicum	missing			Wicker et al.	IIB																																																														
SAMN45624218	RUN0288	RAL_AA1710AA			SAMN45624218	Pathogen: environmental/food/other sample from Ralstonia solanacearum	45624218	Ralstonia solanacearum	RUN0288	2002	Martinique: Le Lamentin		Canna indica	missing			Wicker et al.	IIA																																																														
SAMN45624219	RUN0289	RAL_AA1626AA			SAMN45624219	Pathogen: environmental/food/other sample from Ralstonia solanacearum	45624219	Ralstonia solanacearum	RUN0289	2002	Martinique: Le Lorrain		Solanum lycopersicum	missing			Wicker et al.	IIB																																																														
SAMN45624220	RUN0290	RAL_AA1619AA			SAMN45624220	Pathogen: environmental/food/other sample from Ralstonia solanacearum	45624220	Ralstonia solanacearum	RUN0290	2002	Martinique: Le Marin		Cucurbita moschata	missing			Wicker et al.	IIB																																																														
SAMN45624221	RUN0291	RAL_AA1449AA			SAMN45624221	Pathogen: environmental/food/other sample from Ralstonia solanacearum	45624221	Ralstonia solanacearum	RUN0291	2002	Martinique: Basse Pointe		Citrullus lanatus	missing			Wicker et al.	IIB																																																														
SAMN45624222	RUN0292	RAL_AA1441AA			SAMN45624222	Pathogen: environmental/food/other sample from Ralstonia solanacearum	45624222	Ralstonia solanacearum	RUN0292	2003	Martinique: Saint Esprit		Solanum lycopersicum	missing			Wicker et al.	IIB																																																														
SAMN45624223	RUN0293	RAL_AA1526AA			SAMN45624223	Pathogen: environmental/food/other sample from Ralstonia solanacearum	45624223	Ralstonia solanacearum	RUN0293	2003	Martinique: Macouba		Citrullus lanatus	missing			Wicker et al.	IIB																																																														
SAMN45624224	RUN0294	RAL_AA1520AA			SAMN45624224	Pathogen: environmental/food/other sample from Ralstonia solanacearum	45624224	Ralstonia solanacearum	RUN0294	2003	Martinique: Gros Morne		Anthurium andreanum	missing			Wicker et al.	IIA																																																														
SAMN45624225	RUN0295	RAL_AA1704AA			SAMN45624225	Pathogen: environmental/food/other sample from Ralstonia solanacearum	45624225	Ralstonia solanacearum	RUN0295	2004	Martinique: Trinite		Musa acuminata x balbisiana AAB	missing			Wicker et al.	IIB																																																														
SAMN45624226	RUN0296	RAL_AA1693AA			SAMN45624226	Pathogen: environmental/food/other sample from Ralstonia solanacearum	45624226	Ralstonia solanacearum	RUN0296	2004	Martinique: Trinite		Musa acuminata x balbisiana AAB	missing			Wicker et al.	IIB																																																														
SAMN45624227	RUN0353	RAL_AA1256AA			SAMN45624227	Pathogen: environmental/food/other sample from Ralstonia pseudosolanacearum	45624227	Ralstonia pseudosolanacearum	RUN0353	2002	Martinique: Marigot		Capsicum annuum	missing			Wicker et al.	I																																																														
SAMN45624228	RUN0354	RAL_AA1609AA			SAMN45624228	Pathogen: environmental/food/other sample from Ralstonia solanacearum	45624228	Ralstonia solanacearum	RUN0354	2003	Martinique: Macouba		Solanum lycopersicum	missing			Wicker et al.	IIB																																																														
SAMN45624229	RUN0355	RAL_AA1601AA			SAMN45624229	Pathogen: environmental/food/other sample from Ralstonia solanacearum	45624229	Ralstonia solanacearum	RUN0355	2002	Martinique: Vauclin		Anthurium andreanum	missing			Wicker et al.	IIA																																																														
SAMN45624230	RUN0356	RAL_AA1168AA			SAMN45624230	Pathogen: environmental/food/other sample from Ralstonia pseudosolanacearum	45624230	Ralstonia pseudosolanacearum	RUN0356	2002	Martinique: Morne Des Esses		Solanum melongena	14.664711 N 61.015307 W			Wicker et al.	I																																																														
SAMN45624231	RUN0358	RAL_AA1421AA			SAMN45624231	Pathogen: environmental/food/other sample from Ralstonia solanacearum	45624231	Ralstonia solanacearum	RUN0358	2002	Martinique: Saint Joseph		Anthurium andreanum	missing			Wicker et al.	IIB																																																														
SAMN45624232	RUN0359	RAL_AA1510AA			SAMN45624232	Pathogen: environmental/food/other sample from Ralstonia solanacearum	45624232	Ralstonia solanacearum	RUN0359	2002	Martinique: Sainte Anne		Solanum lycopersicum	missing			Wicker et al.	IIA																																																														
SAMN45624233	RUN0360	RAL_AA1506AA			SAMN45624233	Pathogen: environmental/food/other sample from Ralstonia solanacearum	45624233	Ralstonia solanacearum	RUN0360	2003	Martinique: Basse Pointe		Solanum lycopersicum	missing			Wicker et al.	IIB																																																														
SAMN45624234	RUN0429	RAL_AA1676AA			SAMN45624234	Pathogen: environmental/food/other sample from Ralstonia solanacearum	45624234	Ralstonia solanacearum	RUN0429	2006	Martinique: Macouba		Musa sp.	missing			Wicker et al.	IIB																																																														
SAMN45624235	RUN0430	RAL_AA1665AA			SAMN45624235	Pathogen: environmental/food/other sample from Ralstonia solanacearum	45624235	Ralstonia solanacearum	RUN0430	2006	Martinique: Macouba		Musa sp.	missing			Wicker et al.	IIB																																																														
SAMN45624236	RUN0431	RAL_AA1600AA			SAMN45624236	Pathogen: environmental/food/other sample from Ralstonia solanacearum	45624236	Ralstonia solanacearum	RUN0431	2006	French Guiana: Macouria		water_irrigation	missing			Deberdt et al.	IIB																																																														
SAMN45624237	RUN0432	RAL_AA1590AA			SAMN45624237	Pathogen: environmental/food/other sample from Ralstonia solanacearum	45624237	Ralstonia solanacearum	RUN0432	2006	French Guiana: Macouria		water_irrigation	missing			Deberdt et al.	IIB																																																														
SAMN45624238	RUN0433	RAL_AA1417AA			SAMN45624238	Pathogen: environmental/food/other sample from Ralstonia solanacearum	45624238	Ralstonia solanacearum	RUN0433	2006	French Guiana: Macouria		water_irrigation	missing			Deberdt et al.	IIB																																																														
SAMN45624239	RUN0434	RAL_AA1406AA			SAMN45624239	Pathogen: environmental/food/other sample from Ralstonia solanacearum	45624239	Ralstonia solanacearum	RUN0434	2006	French Guiana: Macouria		water_irrigation	missing			Deberdt et al.	IIA																																																														
SAMN45624240	RUN0436	RAL_AA1502AA			SAMN45624240	Pathogen: environmental/food/other sample from Ralstonia solanacearum	45624240	Ralstonia solanacearum	RUN0436	2006	French Guiana: Macouria		water_irrigation	missing			Deberdt et al.	IIA																																																														
SAMN45624241	RUN0437	RAL_AA1498AA			SAMN45624241	Pathogen: environmental/food/other sample from Ralstonia solanacearum	45624241	Ralstonia solanacearum	RUN0437	2006	French Guiana: Macouria		water_irrigation	missing			Deberdt et al.	IIA																																																														
SAMN45624242	RUN0438	RAL_AA1497AA			SAMN45624242	Pathogen: environmental/food/other sample from Ralstonia solanacearum	45624242	Ralstonia solanacearum	RUN0438	2006	Martinique: Saint Esprit		water_irrigation	missing			Wicker et al.	IIB																																																														
SAMN45624243	RUN0520	RAL_AA1495AA			SAMN45624243	Pathogen: environmental/food/other sample from Ralstonia solanacearum	45624243	Ralstonia solanacearum	RUN0520	2006	Martinique: Le Lorrain		Solanum americanum	missing			Wicker et al.	IIB																																																														
SAMN45624244	RUN0521	RAL_AA1494AA			SAMN45624244	Pathogen: environmental/food/other sample from Ralstonia solanacearum	45624244	Ralstonia solanacearum	RUN0521	2006	Martinique: Le Lorrain		Solanum americanum	missing			Wicker et al.	IIB																																																														
SAMN45624245	RUN0522	RAL_AA1493AA			SAMN45624245	Pathogen: environmental/food/other sample from Ralstonia solanacearum	45624245	Ralstonia solanacearum	RUN0522	2006	Martinique: Le Lorrain		Solanum americanum	missing			Wicker et al.	IIB																																																														
SAMN45624246	RUN0609	RAL_AA1492AA			SAMN45624246	Pathogen: environmental/food/other sample from Ralstonia solanacearum	45624246	Ralstonia solanacearum	RUN0609	missing	French Guiana		Musa sp.	missing			Deberdt et al.	IIB																																																														
SAMN45624247	RUN0611	RAL_AA1491AA			SAMN45624247	Pathogen: environmental/food/other sample from Ralstonia solanacearum	45624247	Ralstonia solanacearum	RUN0611	missing	French Guiana		Musa sp.	missing			Deberdt et al.	IIB																																																														
SAMN45624248	RUN0612	RAL_AA1490AA			SAMN45624248	Pathogen: environmental/food/other sample from Ralstonia solanacearum	45624248	Ralstonia solanacearum	RUN0612	missing	French Guiana		Musa sp.	missing			Deberdt et al.	IIB																																																														
SAMN45624249	RUN0660	RAL_AA1489AA			SAMN45624249	Pathogen: environmental/food/other sample from Ralstonia solanacearum	45624249	Ralstonia solanacearum	RUN0660	2006	French Guiana		Capsicum annuum	missing			Deberdt et al.	IIB																																																														
SAMN45624250	RUN0661	RAL_AA1488AA			SAMN45624250	Pathogen: environmental/food/other sample from Ralstonia solanacearum	45624250	Ralstonia solanacearum	RUN0661	2006	French Guiana		Musa sp.	missing			Deberdt et al.	IIB																																																														
SAMN45624251	RUN0662	RAL_AA1487AA			SAMN45624251	Pathogen: environmental/food/other sample from Ralstonia solanacearum	45624251	Ralstonia solanacearum	RUN0662	2006	French Guiana		Musa sp.	missing			Deberdt et al.	IIB																																																														
SAMN45624252	RUN0665	RAL_AA1662AA			SAMN45624252	Pathogen: environmental/food/other sample from Ralstonia solanacearum	45624252	Ralstonia solanacearum	RUN0665	2007	French Guiana		Musa sp.	missing			Deberdt et al.	IIB																																																														
SAMN45624253	RUN0666	RAL_AA1660AA			SAMN45624253	Pathogen: environmental/food/other sample from Ralstonia solanacearum	45624253	Ralstonia solanacearum	RUN0666	2007	French Guiana		Musa acuminata x balbisiana AAB	missing			Deberdt et al.	IIB																																																														
SAMN45624254	RUN0667	RAL_AA1659AA			SAMN45624254	Pathogen: environmental/food/other sample from Ralstonia solanacearum	45624254	Ralstonia solanacearum	RUN0667	2007	French Guiana		Musa sp.	missing			Deberdt et al.	IIB																																																														
SAMN45624255	RUN0668	RAL_AA1658AA			SAMN45624255	Pathogen: environmental/food/other sample from Ralstonia solanacearum	45624255	Ralstonia solanacearum	RUN0668	2007	French Guiana		Musa sp.	missing			Deberdt et al.	IIB																																																														
SAMN45624256	RUN0671	RAL_AA1657AA			SAMN45624256	Pathogen: environmental/food/other sample from Ralstonia solanacearum	45624256	Ralstonia solanacearum	RUN0671	1968	French Guiana: Kourou		Solanum lycopersicum	missing			Deberdt et al.	IIA																																																														
SAMN45624257	RUN0675	RAL_AA1656AA			SAMN45624257	Pathogen: environmental/food/other sample from Ralstonia solanacearum	45624257	Ralstonia solanacearum	RUN0675	1965	Martinique		Solanum lycopersicum	missing			Wicker et al.	IIA																																																														
SAMN45624258	RUN0679	RAL_AA1283AA			SAMN45624258	Pathogen: environmental/food/other sample from Ralstonia pseudosolanacearum	45624258	Ralstonia pseudosolanacearum	RUN0679	1969	Martinique		Capsicum annuum	missing			Wicker et al.	I																																																														
SAMN45624259	RUN0715	RAL_AA1282AA			SAMN45624259	Pathogen: environmental/food/other sample from Ralstonia pseudosolanacearum	45624259	Ralstonia pseudosolanacearum	RUN0715	2007	Martinique: Le Lorrain		soil_banana_fallow	missing			Wicker et al.	I																																																														
SAMN45624260	RUN0716	RAL_AA1655AA			SAMN45624260	Pathogen: environmental/food/other sample from Ralstonia solanacearum	45624260	Ralstonia solanacearum	RUN0716	2002	Martinique: Gros Morne		Anthurium andreanum	missing			Wicker et al.	IIB																																																														
SAMN45624261	RUN0717	RAL_AA1281AA			SAMN45624261	Pathogen: environmental/food/other sample from Ralstonia pseudosolanacearum	45624261	Ralstonia pseudosolanacearum	RUN0717	2007	Martinique: Le Lorrain		soil_banana_fallow	missing			Wicker et al.	I																																																														
SAMN45624262	RUN0718	RAL_AA1280AA			SAMN45624262	Pathogen: environmental/food/other sample from Ralstonia pseudosolanacearum	45624262	Ralstonia pseudosolanacearum	RUN0718	2007	Martinique: Le Lorrain		soil_banana_fallow	missing			Wicker et al.	I																																																														
SAMN45624263	RUN0719	RAL_AA1653AA			SAMN45624263	Pathogen: environmental/food/other sample from Ralstonia solanacearum	45624263	Ralstonia solanacearum	RUN0719	2002	Martinique: Morne Rouge		Anthurium andreanum	14.772400 N 61.136110 W			Wicker et al.	IIB																																																														
SAMN45624264	RUN0720	RAL_AA1279AA			SAMN45624264	Pathogen: environmental/food/other sample from Ralstonia pseudosolanacearum	45624264	Ralstonia pseudosolanacearum	RUN0720	2007	Martinique: Le Lorrain		soil_banana_fallow	missing			Wicker et al.	I																																																														
SAMN45624265	RUN0721	RAL_AA1652AA			SAMN45624265	Pathogen: environmental/food/other sample from Ralstonia solanacearum	45624265	Ralstonia solanacearum	RUN0721	2002	Martinique: Sainte Marie		Anthurium andreanum	missing			Wicker et al.	IIB																																																														
SAMN45624266	RUN0722	RAL_AA1651AA			SAMN45624266	Pathogen: environmental/food/other sample from Ralstonia solanacearum	45624266	Ralstonia solanacearum	RUN0722	2002	Martinique: Saint Joseph		Anthurium andreanum	missing			Wicker et al.	IIB																																																														
SAMN45624267	RUN0723	RAL_AA1650AA			SAMN45624267	Pathogen: environmental/food/other sample from Ralstonia solanacearum	45624267	Ralstonia solanacearum	RUN0723	2002	Martinique: Morne Rouge		Anthurium andreanum	14.772400 N 61.136110 W			Wicker et al.	IIB																																																														
SAMN45624268	RUN0724	RAL_AA1278AA			SAMN45624268	Pathogen: environmental/food/other sample from Ralstonia pseudosolanacearum	45624268	Ralstonia pseudosolanacearum	RUN0724	2007	Martinique: Le Lorrain		soil_banana_fallow	missing			Wicker et al.	I																																																														
SAMN45624269	RUN0725	RAL_AA1277AA			SAMN45624269	Pathogen: environmental/food/other sample from Ralstonia pseudosolanacearum	45624269	Ralstonia pseudosolanacearum	RUN0725	2007	Martinique: Le Lorrain		soil_banana_fallow	missing			Wicker et al.	I																																																														
SAMN45624270	RUN0726	RAL_AA1649AA			SAMN45624270	Pathogen: environmental/food/other sample from Ralstonia solanacearum	45624270	Ralstonia solanacearum	RUN0726	2007	Martinique: Trinite		Solanum lycopersicum	missing			Wicker et al.	IIB																																																														
SAMN45624271	RUN0727	RAL_AA1648AA			SAMN45624271	Pathogen: environmental/food/other sample from Ralstonia solanacearum	45624271	Ralstonia solanacearum	RUN0727	2007	Martinique: Trinite		Solanum lycopersicum	missing			Wicker et al.	IIB																																																														
SAMN45624272	RUN0728	RAL_AA1647AA			SAMN45624272	Pathogen: environmental/food/other sample from Ralstonia solanacearum	45624272	Ralstonia solanacearum	RUN0728	2002	Martinique: Gros Morne		Anthurium andreanum	missing			Wicker et al.	IIA																																																														
SAMN45624273	RUN0729	RAL_AA1243AA			SAMN45624273	Pathogen: environmental/food/other sample from Ralstonia pseudosolanacearum	45624273	Ralstonia pseudosolanacearum	RUN0729	2002	Martinique: Le Lorrain		Solanum melongena	missing			Wicker et al.	I																																																														
SAMN45624274	RUN0730	RAL_AA1582AA			SAMN45624274	Pathogen: environmental/food/other sample from Ralstonia solanacearum	45624274	Ralstonia solanacearum	RUN0730	2007	Martinique: Le Lorrain		soil_banana_fallow	missing			Wicker et al.	IIA																																																														
SAMN45624275	RUN0731	RAL_AA1242AA			SAMN45624275	Pathogen: environmental/food/other sample from Ralstonia pseudosolanacearum	45624275	Ralstonia pseudosolanacearum	RUN0731	2007	Martinique: Le Lorrain		soil_banana_fallow	missing			Wicker et al.	I																																																														
SAMN45624276	RUN0732	RAL_AA1581AA			SAMN45624276	Pathogen: environmental/food/other sample from Ralstonia solanacearum	45624276	Ralstonia solanacearum	RUN0732	2007	Martinique: Le Lorrain		soil_banana_fallow	missing			Wicker et al.	IIB																																																														
SAMN45624277	RUN0733	RAL_AA1580AA			SAMN45624277	Pathogen: environmental/food/other sample from Ralstonia solanacearum	45624277	Ralstonia solanacearum	RUN0733	2007	Martinique: Le Lorrain		soil_banana_fallow	missing			Wicker et al.	IIB																																																														
SAMN45624278	RUN0734	RAL_AA1579AA			SAMN45624278	Pathogen: environmental/food/other sample from Ralstonia solanacearum	45624278	Ralstonia solanacearum	RUN0734	2002	Martinique: Sainte Marie		Anthurium andreanum	missing			Wicker et al.	IIA																																																														
SAMN45624279	RUN0735	RAL_AA1241AA			SAMN45624279	Pathogen: environmental/food/other sample from Ralstonia pseudosolanacearum	45624279	Ralstonia pseudosolanacearum	RUN0735	2007	Martinique: Le Lorrain		soil_banana_fallow	missing			Wicker et al.	I																																																														
SAMN45624280	RUN0736	RAL_AA1578AA			SAMN45624280	Pathogen: environmental/food/other sample from Ralstonia solanacearum	45624280	Ralstonia solanacearum	RUN0736	2002	Martinique: Le Precheur		Solanum lycopersicum	missing			Wicker et al.	IIA																																																														
SAMN45624281	RUN0737	RAL_AA1240AA			SAMN45624281	Pathogen: environmental/food/other sample from Ralstonia pseudosolanacearum	45624281	Ralstonia pseudosolanacearum	RUN0737	2007	Martinique: Le Lorrain		soil_banana_fallow	missing			Wicker et al.	I																																																														
SAMN45624282	RUN0738	RAL_AA1239AA			SAMN45624282	Pathogen: environmental/food/other sample from Ralstonia pseudosolanacearum	45624282	Ralstonia pseudosolanacearum	RUN0738	2007	Martinique: Le Lorrain		soil_banana_fallow	missing			Wicker et al.	I																																																														
SAMN45624283	RUN0739	RAL_AA1576AA			SAMN45624283	Pathogen: environmental/food/other sample from Ralstonia solanacearum	45624283	Ralstonia solanacearum	RUN0739	missing	Martinique: Morne Rouge		Anthurium andreanum	14.772400 N 61.136110 W			Wicker et al.	IIB																																																														
SAMN45624284	RUN0740	RAL_AA1238AA			SAMN45624284	Pathogen: environmental/food/other sample from Ralstonia pseudosolanacearum	45624284	Ralstonia pseudosolanacearum	RUN0740	2007	Martinique: Le Lorrain		soil_banana_fallow	missing			Wicker et al.	I																																																														
SAMN45624285	RUN0741	RAL_AA1575AA			SAMN45624285	Pathogen: environmental/food/other sample from Ralstonia solanacearum	45624285	Ralstonia solanacearum	RUN0741	2007	Martinique: Le Lorrain		soil_banana_fallow	missing			Wicker et al.	IIB																																																														
SAMN45624286	RUN0742	RAL_AA1237AA			SAMN45624286	Pathogen: environmental/food/other sample from Ralstonia pseudosolanacearum	45624286	Ralstonia pseudosolanacearum	RUN0742	2007	Martinique: Ducos		Capsicum sp.	missing			Wicker et al.	I																																																														
SAMN45624287	RUN0743	RAL_AA1574AA			SAMN45624287	Pathogen: environmental/food/other sample from Ralstonia solanacearum	45624287	Ralstonia solanacearum	RUN0743	2002	Martinique: Trinite		Amaranthus sp.	missing			Wicker et al.	IIA																																																														
SAMN45624288	RUN0744	RAL_AA1573AA			SAMN45624288	Pathogen: environmental/food/other sample from Ralstonia solanacearum	45624288	Ralstonia solanacearum	RUN0744	2002	Martinique: Le Lorrain		Solanum lycopersicum	missing			Wicker et al.	IIB																																																														
SAMN45624289	RUN0745	RAL_AA1572AA			SAMN45624289	Pathogen: environmental/food/other sample from Ralstonia solanacearum	45624289	Ralstonia solanacearum	RUN0745	2002	Martinique: Le Lorrain		Solanum lycopersicum	missing			Wicker et al.	IIB																																																														
SAMN45624290	RUN0746	RAL_AA1571AA			SAMN45624290	Pathogen: environmental/food/other sample from Ralstonia solanacearum	45624290	Ralstonia solanacearum	RUN0746	2007	Martinique: Trinite		Capsicum annuum	missing			Wicker et al.	IIB																																																														
SAMN45624291	RUN0747	RAL_AA1570AA			SAMN45624291	Pathogen: environmental/food/other sample from Ralstonia solanacearum	45624291	Ralstonia solanacearum	RUN0747	2007	Martinique: Le Lorrain		soil_banana_fallow	missing			Wicker et al.	IIB																																																														
SAMN45624292	RUN0748	RAL_AA1236AA			SAMN45624292	Pathogen: environmental/food/other sample from Ralstonia pseudosolanacearum	45624292	Ralstonia pseudosolanacearum	RUN0748	2002	Martinique: Le Marin		Solanum melongena	missing			Wicker et al.	I																																																														
SAMN45624293	RUN0749	RAL_AA1195AA			SAMN45624293	Pathogen: environmental/food/other sample from Ralstonia pseudosolanacearum	45624293	Ralstonia pseudosolanacearum	RUN0749	2007	Martinique: Le Lorrain		soil_banana_fallow	missing			Wicker et al.	I																																																														
SAMN45624294	RUN0750	RAL_AA1486AA			SAMN45624294	Pathogen: environmental/food/other sample from Ralstonia solanacearum	45624294	Ralstonia solanacearum	RUN0750	2002	Martinique: Le Lorrain		Solanum lycopersicum	missing			Wicker et al.	IIB																																																														
SAMN45624295	RUN0751	RAL_AA1194AA			SAMN45624295	Pathogen: environmental/food/other sample from Ralstonia pseudosolanacearum	45624295	Ralstonia pseudosolanacearum	RUN0751	2007	Martinique: Le Lorrain		soil_banana_fallow	missing			Wicker et al.	I																																																														
SAMN45624298	RUN0754	RAL_AA1485AA			SAMN45624298	Pathogen: environmental/food/other sample from Ralstonia solanacearum	45624298	Ralstonia solanacearum	RUN0754	2007	Martinique: Le Lorrain		soil_banana_fallow	missing			Wicker et al.	IIB																																																														
SAMN45624299	RUN0755	RAL_AA1484AA			SAMN45624299	Pathogen: environmental/food/other sample from Ralstonia solanacearum	45624299	Ralstonia solanacearum	RUN0755	2007	Martinique: Le Precheur		Solanum lycopersicum	missing			Wicker et al.	IIA																																																														
SAMN45624300	RUN0756	RAL_AA1483AA			SAMN45624300	Pathogen: environmental/food/other sample from Ralstonia solanacearum	45624300	Ralstonia solanacearum	RUN0756	2002	Martinique: Sainte Anne		Cucumis sativus	missing			Wicker et al.	IIB																																																														
SAMN45624301	RUN0757	RAL_AA1191AA			SAMN45624301	Pathogen: environmental/food/other sample from Ralstonia pseudosolanacearum	45624301	Ralstonia pseudosolanacearum	RUN0757	2007	Martinique: Le Lorrain		soil_banana_fallow	missing			Wicker et al.	I																																																														
SAMN45624302	RUN0758	RAL_AA1190AA			SAMN45624302	Pathogen: environmental/food/other sample from Ralstonia pseudosolanacearum	45624302	Ralstonia pseudosolanacearum	RUN0758	2007	Martinique: Le Lorrain		soil_banana_fallow	missing			Wicker et al.	I																																																														
SAMN45624303	RUN0759	RAL_AA1481AA			SAMN45624303	Pathogen: environmental/food/other sample from Ralstonia solanacearum	45624303	Ralstonia solanacearum	RUN0759	2002	Martinique: Sainte Anne		Cucumis sativus	missing			Wicker et al.	IIB																																																														
SAMN45624304	RUN0760	RAL_AA1480AA			SAMN45624304	Pathogen: environmental/food/other sample from Ralstonia solanacearum	45624304	Ralstonia solanacearum	RUN0760	2002	Martinique: Sainte Anne		Cucumis sativus	missing			Wicker et al.	IIB																																																														
SAMN45624305	RUN0761	RAL_AA1479AA			SAMN45624305	Pathogen: environmental/food/other sample from Ralstonia solanacearum	45624305	Ralstonia solanacearum	RUN0761	2002	Martinique: Gros Morne		Anthurium andreanum	missing			Wicker et al.	IIA																																																														
SAMN45624306	RUN0762	RAL_AA1478AA			SAMN45624306	Pathogen: environmental/food/other sample from Ralstonia solanacearum	45624306	Ralstonia solanacearum	RUN0762	2002	Martinique: Le Lorrain		Solanum lycopersicum	missing			Wicker et al.	IIB																																																														
SAMN45624307	RUN0763	RAL_AA1477AA			SAMN45624307	Pathogen: environmental/food/other sample from Ralstonia solanacearum	45624307	Ralstonia solanacearum	RUN0763	2002	Martinique: Saint Jospeh		Anthurium andreanum	missing			Wicker et al.	IIB																																																														
SAMN45624308	RUN0764	RAL_AA1476AA			SAMN45624308	Pathogen: environmental/food/other sample from Ralstonia solanacearum	45624308	Ralstonia solanacearum	RUN0764	2002	Martinique: Gros Morne		Anthurium andreanum	missing			Wicker et al.	IIA																																																														
SAMN45624309	RUN0765	RAL_AA1189AA			SAMN45624309	Pathogen: environmental/food/other sample from Ralstonia pseudosolanacearum	45624309	Ralstonia pseudosolanacearum	RUN0765	2002	Martinique: Le Lorrain		Capsicum sp.	missing			Wicker et al.	I																																																														
SAMN45624310	RUN0766	RAL_AA1475AA			SAMN45624310	Pathogen: environmental/food/other sample from Ralstonia solanacearum	45624310	Ralstonia solanacearum	RUN0766	2002	Martinique: Sainte Anne		Cucumis sativus	missing			Wicker et al.	IIB																																																														
SAMN45624311	RUN0767	RAL_AA1474AA			SAMN45624311	Pathogen: environmental/food/other sample from Ralstonia solanacearum	45624311	Ralstonia solanacearum	RUN0767	2002	Martinique: Le Lamentin		Solanum lycopersicum	missing			Wicker et al.	IIB																																																														
SAMN45624312	RUN0768	RAL_AA1473AA			SAMN45624312	Pathogen: environmental/food/other sample from Ralstonia solanacearum	45624312	Ralstonia solanacearum	RUN0768	2007	Martinique: Le Lorrain		soil_banana_fallow	missing			Wicker et al.	IIB																																																														
SAMN45624313	RUN0769	RAL_AA1472AA			SAMN45624313	Pathogen: environmental/food/other sample from Ralstonia solanacearum	45624313	Ralstonia solanacearum	RUN0769	2002	Martinique: Le Lamentin		Solanum lycopersicum	missing			Wicker et al.	IIB																																																														
SAMN45624314	RUN0770	RAL_AA1471AA			SAMN45624314	Pathogen: environmental/food/other sample from Ralstonia solanacearum	45624314	Ralstonia solanacearum	RUN0770	2002	Martinique: Le Marin		Cucurbita moschata	missing			Wicker et al.	IIB																																																														
SAMN45624315	RUN0771	RAL_AA1235AA			SAMN45624315	Pathogen: environmental/food/other sample from Ralstonia pseudosolanacearum	45624315	Ralstonia pseudosolanacearum	RUN0771	2002	Martinique: Saint Joseph		Solanum lycopersicum	missing			Wicker et al.	I																																																														
SAMN45624316	RUN0772	RAL_AA1566AA			SAMN45624316	Pathogen: environmental/food/other sample from Ralstonia solanacearum	45624316	Ralstonia solanacearum	RUN0772	2002	Martinique: Le Marin		Cucurbita moschata	missing			Wicker et al.	IIB																																																														
SAMN45624317	RUN0773	RAL_AA1565AA			SAMN45624317	Pathogen: environmental/food/other sample from Ralstonia solanacearum	45624317	Ralstonia solanacearum	RUN0773	2002	Martinique: Le Precheur		Solanum lycopersicum	missing			Wicker et al.	IIC																																																														
SAMN45624318	RUN0775	RAL_AA1564AA			SAMN45624318	Pathogen: environmental/food/other sample from Ralstonia solanacearum	45624318	Ralstonia solanacearum	RUN0775	2002	Martinique: Trinite		Anthurium andreanum	missing			Wicker et al.	IIA																																																														
SAMN45624319	RUN0776	RAL_AA1563AA			SAMN45624319	Pathogen: environmental/food/other sample from Ralstonia solanacearum	45624319	Ralstonia solanacearum	RUN0776	2002	Martinique: Le Lorrain		Solanum lycopersicum	missing			Wicker et al.	IIB																																																														
SAMN45624320	RUN0777	RAL_AA1562AA			SAMN45624320	Pathogen: environmental/food/other sample from Ralstonia solanacearum	45624320	Ralstonia solanacearum	RUN0777	2006	Martinique: Le Lorrain		Solanum americanum	missing			Wicker et al.	IIB																																																														
SAMN45624321	RUN0778	RAL_AA1234AA			SAMN45624321	Pathogen: environmental/food/other sample from Ralstonia pseudosolanacearum	45624321	Ralstonia pseudosolanacearum	RUN0778	2007	Martinique: Le Lorrain		soil_banana_fallow	missing			Wicker et al.	I																																																														
SAMN45624322	RUN0779	RAL_AA1561AA			SAMN45624322	Pathogen: environmental/food/other sample from Ralstonia solanacearum	45624322	Ralstonia solanacearum	RUN0779	2002	Martinique: Le Lamentin		Solanum lycopersicum	missing			Wicker et al.	IIA																																																														
SAMN45624323	RUN0780	RAL_AA1560AA			SAMN45624323	Pathogen: environmental/food/other sample from Ralstonia solanacearum	45624323	Ralstonia solanacearum	RUN0780	2006	Martinique: Le Lorrain		Solanum americanum	missing			Wicker et al.	IIB																																																														
SAMN45624325	RUN0783	RAL_AA1232AA			SAMN45624325	Pathogen: environmental/food/other sample from Ralstonia pseudosolanacearum	45624325	Ralstonia pseudosolanacearum	RUN0783	2007	Martinique: Le Lorrain		soil_banana_fallow	missing			Wicker et al.	I																																																														
SAMN45624326	RUN0784	RAL_AA1558AA			SAMN45624326	Pathogen: environmental/food/other sample from Ralstonia solanacearum	45624326	Ralstonia solanacearum	RUN0784	2002	Martinique: Le Lamentin		Canna indica	missing			Wicker et al.	IIA																																																														
SAMN45624327	RUN0785	RAL_AA1231AA			SAMN45624327	Pathogen: environmental/food/other sample from Ralstonia pseudosolanacearum	45624327	Ralstonia pseudosolanacearum	RUN0785	2002	Martinique: Le Lorrain		Capsicum sp.	missing			Wicker et al.	I																																																														
SAMN45624328	RUN0786	RAL_AA1557AA			SAMN45624328	Pathogen: environmental/food/other sample from Ralstonia solanacearum	45624328	Ralstonia solanacearum	RUN0786	2002	Martinique: Le Lorrain		Solanum lycopersicum	missing			Wicker et al.	IIB																																																														
SAMN45624329	RUN0787	RAL_AA1556AA			SAMN45624329	Pathogen: environmental/food/other sample from Ralstonia solanacearum	45624329	Ralstonia solanacearum	RUN0787	2007	Martinique: Le Lorrain		soil_banana_fallow	missing			Wicker et al.	IIB																																																														
SAMN45624330	RUN0788	RAL_AA1555AA			SAMN45624330	Pathogen: environmental/food/other sample from Ralstonia solanacearum	45624330	Ralstonia solanacearum	RUN0788	2007	Martinique: Le Lorrain		soil_banana_fallow	missing			Wicker et al.	IIB																																																														
SAMN45624331	RUN0789	RAL_AA1554AA			SAMN45624331	Pathogen: environmental/food/other sample from Ralstonia solanacearum	45624331	Ralstonia solanacearum	RUN0789	2007	Martinique: Le Lorrain		soil_banana_fallow	missing			Wicker et al.	IIB																																																														
SAMN45624332	RUN0790	RAL_AA1553AA			SAMN45624332	Pathogen: environmental/food/other sample from Ralstonia solanacearum	45624332	Ralstonia solanacearum	RUN0790	2007	Martinique: Le Lorrain		soil_banana_fallow	missing			Wicker et al.	IIB																																																														
SAMN45624333	RUN0791	RAL_AA1551AA			SAMN45624333	Pathogen: environmental/food/other sample from Ralstonia solanacearum	45624333	Ralstonia solanacearum	RUN0791	2007	Martinique: Le Lorrain		soil_banana_fallow	missing			Wicker et al.	IIB																																																														
SAMN45624334	RUN0792	RAL_AA1230AA			SAMN45624334	Pathogen: environmental/food/other sample from Ralstonia pseudosolanacearum	45624334	Ralstonia pseudosolanacearum	RUN0792	2007	Martinique: Le Lorrain		soil_banana_fallow	missing			Wicker et al.	I																																																														
SAMN45624335	RUN0793	RAL_AA1229AA			SAMN45624335	Pathogen: environmental/food/other sample from Ralstonia pseudosolanacearum	45624335	Ralstonia pseudosolanacearum	RUN0793	2007	Martinique: Le Lorrain		soil_banana_fallow	missing			Wicker et al.	I																																																														
SAMN45624337	RUN0795	RAL_AA1396AA			SAMN45624337	Pathogen: environmental/food/other sample from Ralstonia solanacearum	45624337	Ralstonia solanacearum	RUN0795	2002	Martinique: Gros Morne		Anthurium andreanum	missing			Wicker et al.	IIB																																																														
SAMN45624338	RUN0796	RAL_AA1165AA			SAMN45624338	Pathogen: environmental/food/other sample from Ralstonia pseudosolanacearum	45624338	Ralstonia pseudosolanacearum	RUN0796	2002	Martinique: Le Lorrain		Petroselinum crispum	missing			Wicker et al.	I																																																														
SAMN45624339	RUN0797	RAL_AA1395AA			SAMN45624339	Pathogen: environmental/food/other sample from Ralstonia solanacearum	45624339	Ralstonia solanacearum	RUN0797	2002	Martinique: Gros Morne		Anthurium andreanum	missing			Wicker et al.	IIA																																																														
SAMN45624340	RUN0798	RAL_AA1164AA			SAMN45624340	Pathogen: environmental/food/other sample from Ralstonia pseudosolanacearum	45624340	Ralstonia pseudosolanacearum	RUN0798	2007	Martinique: Le Lorrain		soil_banana_fallow	missing			Wicker et al.	I																																																														
SAMN45624341	RUN0799	RAL_AA1394AA			SAMN45624341	Pathogen: environmental/food/other sample from Ralstonia solanacearum	45624341	Ralstonia solanacearum	RUN0799	2007	Martinique: Le Lorrain		soil_banana_fallow	missing			Wicker et al.	IIB																																																														
SAMN45624342	RUN0800	RAL_AA1163AA			SAMN45624342	Pathogen: environmental/food/other sample from Ralstonia pseudosolanacearum	45624342	Ralstonia pseudosolanacearum	RUN0800	2007	Martinique: Le Lorrain		soil_banana_fallow	missing			Wicker et al.	I																																																														
SAMN45624343	RUN0801	RAL_AA1392AA			SAMN45624343	Pathogen: environmental/food/other sample from Ralstonia solanacearum	45624343	Ralstonia solanacearum	RUN0801	2002	Martinique: Basse Pointe		Citrullus lanatus	missing			Wicker et al.	IIB																																																														
SAMN45624344	RUN0802	RAL_AA1391AA			SAMN45624344	Pathogen: environmental/food/other sample from Ralstonia solanacearum	45624344	Ralstonia solanacearum	RUN0802	2007	Martinique: Le Lorrain		soil_banana_fallow	missing			Wicker et al.	IIB																																																														
SAMN45624345	RUN0803	RAL_AA1162AA			SAMN45624345	Pathogen: environmental/food/other sample from Ralstonia pseudosolanacearum	45624345	Ralstonia pseudosolanacearum	RUN0803	2007	Martinique: Le Lorrain		soil_banana_fallow	missing			Wicker et al.	I																																																														
SAMN45624346	RUN0804	RAL_AA1161AA			SAMN45624346	Pathogen: environmental/food/other sample from Ralstonia pseudosolanacearum	45624346	Ralstonia pseudosolanacearum	RUN0804	2007	Martinique: Le Lorrain		soil_banana_fallow	missing			Wicker et al.	I																																																														
SAMN45624347	RUN0805	RAL_AA1160AA			SAMN45624347	Pathogen: environmental/food/other sample from Ralstonia pseudosolanacearum	45624347	Ralstonia pseudosolanacearum	RUN0805	2007	Martinique: Le Lorrain		soil_banana_fallow	missing			Wicker et al.	I																																																														
SAMN45624348	RUN0806	RAL_AA1734AA			SAMN45624348	Pathogen: environmental/food/other sample from Ralstonia solanacearum	45624348	Ralstonia solanacearum	RUN0806	2007	Martinique: Le Lorrain		soil_banana_fallow	missing			Wicker et al.	IIB																																																														
SAMN45624349	RUN0807	RAL_AA1295AA			SAMN45624349	Pathogen: environmental/food/other sample from Ralstonia pseudosolanacearum	45624349	Ralstonia pseudosolanacearum	RUN0807	2007	Martinique: Le Lorrain		soil_banana_fallow	missing			Wicker et al.	I																																																														
SAMN45624350	RUN0808	RAL_AA1733AA			SAMN45624350	Pathogen: environmental/food/other sample from Ralstonia solanacearum	45624350	Ralstonia solanacearum	RUN0808	2007	Martinique: Le Lorrain		soil_banana_fallow	missing			Wicker et al.	IIB																																																														
SAMN45624351	RUN0809	RAL_AA1732AA			SAMN45624351	Pathogen: environmental/food/other sample from Ralstonia solanacearum	45624351	Ralstonia solanacearum	RUN0809	2007	Martinique: Le Lorrain		soil_banana_fallow	missing			Wicker et al.	IIB																																																														
SAMN45624352	RUN0810	RAL_AA1731AA			SAMN45624352	Pathogen: environmental/food/other sample from Ralstonia solanacearum	45624352	Ralstonia solanacearum	RUN0810	2007	Martinique: Le Lorrain		soil_banana_fallow	missing			Wicker et al.	IIB																																																														
SAMN45624353	RUN0811	RAL_AA1294AA			SAMN45624353	Pathogen: environmental/food/other sample from Ralstonia pseudosolanacearum	45624353	Ralstonia pseudosolanacearum	RUN0811	2002	Martinique: Morne Des Esses		Solanum melongena	14.664711 N 61.015307 W			Wicker et al.	I																																																														
SAMN45624354	RUN0812	RAL_AA1293AA			SAMN45624354	Pathogen: environmental/food/other sample from Ralstonia pseudosolanacearum	45624354	Ralstonia pseudosolanacearum	RUN0812	2002	Martinique: Marigot		Capsicum annuum	missing			Wicker et al.	I																																																														
SAMN45624355	RUN0813	RAL_AA1729AA			SAMN45624355	Pathogen: environmental/food/other sample from Ralstonia solanacearum	45624355	Ralstonia solanacearum	RUN0813	2007	Martinique: Le Lorrain		soil_banana_fallow	missing			Wicker et al.	IIB																																																														
SAMN45624356	RUN0814	RAL_AA1292AA			SAMN45624356	Pathogen: environmental/food/other sample from Ralstonia pseudosolanacearum	45624356	Ralstonia pseudosolanacearum	RUN0814	2007	Martinique: Le Lorrain		soil_banana_fallow	missing			Wicker et al.	I																																																														
SAMN45624357	RUN0815	RAL_AA1728AA			SAMN45624357	Pathogen: environmental/food/other sample from Ralstonia solanacearum	45624357	Ralstonia solanacearum	RUN0815	2007	Martinique: Basse Pointe		Solanum lycopersicum	missing			Wicker et al.	IIB																																																														
SAMN45624358	RUN0816	RAL_AA1727AA			SAMN45624358	Pathogen: environmental/food/other sample from Ralstonia solanacearum	45624358	Ralstonia solanacearum	RUN0816	2002	Martinique: Sainte Anne		Cucumis sativus	missing			Wicker et al.	IIB																																																														
SAMN45624359	RUN0817	RAL_AA1645AA			SAMN45624359	Pathogen: environmental/food/other sample from Ralstonia solanacearum	45624359	Ralstonia solanacearum	RUN0817	2007	Martinique: Le Precheur		Solanum lycopersicum	missing			Wicker et al.	IIA																																																														
SAMN45624360	RUN0818	RAL_AA1644AA			SAMN45624360	Pathogen: environmental/food/other sample from Ralstonia solanacearum	45624360	Ralstonia solanacearum	RUN0818	2002	Martinique: Riviere Pilote		Solanum lycopersicum	missing			Wicker et al.	IIA																																																														
SAMN45624361	RUN0819	RAL_AA1276AA			SAMN45624361	Pathogen: environmental/food/other sample from Ralstonia pseudosolanacearum	45624361	Ralstonia pseudosolanacearum	RUN0819	2007	Martinique: Basse Pointe		Solanum lycopersicum	missing			Wicker et al.	I																																																														
SAMN45624362	RUN0820	RAL_AA1275AA			SAMN45624362	Pathogen: environmental/food/other sample from Ralstonia pseudosolanacearum	45624362	Ralstonia pseudosolanacearum	RUN0820	2007	Martinique: Le Lorrain		soil_banana_fallow	missing			Wicker et al.	I																																																														
SAMN45624363	RUN0821	RAL_AA1274AA			SAMN45624363	Pathogen: environmental/food/other sample from Ralstonia pseudosolanacearum	45624363	Ralstonia pseudosolanacearum	RUN0821	2003	Martinique: Macouba		Cucurbita pepo	missing			Wicker et al.	I																																																														
SAMN45624364	RUN0822	RAL_AA1273AA			SAMN45624364	Pathogen: environmental/food/other sample from Ralstonia pseudosolanacearum	45624364	Ralstonia pseudosolanacearum	RUN0822	2007	Martinique: Le Lorrain		soil_banana_fallow	missing			Wicker et al.	I																																																														
SAMN45624365	RUN0823	RAL_AA1642AA			SAMN45624365	Pathogen: environmental/food/other sample from Ralstonia solanacearum	45624365	Ralstonia solanacearum	RUN0823	2002	Martinique: Morne Rouge		Anthurium andreanum	14.772400 N 61.136110 W			Wicker et al.	IIB																																																														
SAMN45624366	RUN0824	RAL_AA1641AA			SAMN45624366	Pathogen: environmental/food/other sample from Ralstonia solanacearum	45624366	Ralstonia solanacearum	RUN0824	2002	Martinique: Sainte Anne		Solanum lycopersicum	missing			Wicker et al.	IIB																																																														
SAMN45624367	RUN0825	RAL_AA1272AA			SAMN45624367	Pathogen: environmental/food/other sample from Ralstonia pseudosolanacearum	45624367	Ralstonia pseudosolanacearum	RUN0825	2002	Martinique: Le Lamentin		Solanum lycopersicum	missing			Wicker et al.	I																																																														
SAMN45624368	RUN0826	RAL_AA1271AA			SAMN45624368	Pathogen: environmental/food/other sample from Ralstonia pseudosolanacearum	45624368	Ralstonia pseudosolanacearum	RUN0826	2007	Martinique: Le Lorrain		soil_banana_fallow	missing			Wicker et al.	I																																																														
SAMN45624369	RUN0827	RAL_AA1640AA			SAMN45624369	Pathogen: environmental/food/other sample from Ralstonia solanacearum	45624369	Ralstonia solanacearum	RUN0827	2007	Martinique: Le Lorrain		soil_banana_fallow	missing			Wicker et al.	IIB																																																														
SAMN45624370	RUN0828	RAL_AA1639AA			SAMN45624370	Pathogen: environmental/food/other sample from Ralstonia solanacearum	45624370	Ralstonia solanacearum	RUN0828	2007	Martinique: Trinite		Solanum lycopersicum	missing			Wicker et al.	IIB																																																														
SAMN45624371	RUN0829	RAL_AA1270AA			SAMN45624371	Pathogen: environmental/food/other sample from Ralstonia pseudosolanacearum	45624371	Ralstonia pseudosolanacearum	RUN0829	2007	Martinique: Le Lorrain		soil_banana_fallow	missing			Wicker et al.	I																																																														
SAMN45624372	RUN0830	RAL_AA1269AA			SAMN45624372	Pathogen: environmental/food/other sample from Ralstonia pseudosolanacearum	45624372	Ralstonia pseudosolanacearum	RUN0830	2007	Martinique: Le Lorrain		soil_banana_fallow	missing			Wicker et al.	I																																																														
SAMN45624373	RUN0831	RAL_AA1637AA			SAMN45624373	Pathogen: environmental/food/other sample from Ralstonia solanacearum	45624373	Ralstonia solanacearum	RUN0831	2007	Martinique: Le Lorrain		soil_banana_fallow	missing			Wicker et al.	IIB																																																														
SAMN45624374	RUN0832	RAL_AA1636AA			SAMN45624374	Pathogen: environmental/food/other sample from Ralstonia solanacearum	45624374	Ralstonia solanacearum	RUN0832	2002	Martinique: Riviere Pilote		Solanum lycopersicum	missing			Wicker et al.	IIA																																																														
SAMN45624375	RUN0833	RAL_AA1635AA			SAMN45624375	Pathogen: environmental/food/other sample from Ralstonia solanacearum	45624375	Ralstonia solanacearum	RUN0833	2007	Martinique: Le Lorrain		soil_banana_fallow	missing			Wicker et al.	IIB																																																														
SAMN45624376	RUN0834	RAL_AA1268AA			SAMN45624376	Pathogen: environmental/food/other sample from Ralstonia pseudosolanacearum	45624376	Ralstonia pseudosolanacearum	RUN0834	2007	Martinique: Le Lorrain		soil_banana_fallow	missing			Wicker et al.	I																																																														
SAMN45624378	RUN0836	RAL_AA1634AA			SAMN45624378	Pathogen: environmental/food/other sample from Ralstonia solanacearum	45624378	Ralstonia solanacearum	RUN0836	2007	Martinique: Le Lorrain		soil_banana_fallow	missing			Wicker et al.	IIB																																																														
SAMN45624379	RUN0837	RAL_AA1266AA			SAMN45624379	Pathogen: environmental/food/other sample from Ralstonia pseudosolanacearum	45624379	Ralstonia pseudosolanacearum	RUN0837	2007	Martinique: Le Lorrain		soil_banana_fallow	missing			Wicker et al.	I																																																														
SAMN45624380	RUN0838	RAL_AA1265AA			SAMN45624380	Pathogen: environmental/food/other sample from Ralstonia pseudosolanacearum	45624380	Ralstonia pseudosolanacearum	RUN0838	2007	Martinique: Le Lorrain		soil_banana_fallow	missing			Wicker et al.	I																																																														
SAMN45624382	RUN0840	RAL_AA1470AA			SAMN45624382	Pathogen: environmental/food/other sample from Ralstonia solanacearum	45624382	Ralstonia solanacearum	RUN0840	2007	Martinique: Le Lorrain		soil_banana_fallow	missing			Wicker et al.	IIB																																																														
SAMN45624383	RUN0841	RAL_AA1468AA			SAMN45624383	Pathogen: environmental/food/other sample from Ralstonia solanacearum	45624383	Ralstonia solanacearum	RUN0841	2007	Martinique: Le Lorrain		soil_banana_fallow	missing			Wicker et al.	IIB																																																														
SAMN45624385	RUN0985	RAL_AA1466AA			SAMN45624385	Pathogen: environmental/food/other sample from Ralstonia solanacearum	45624385	Ralstonia solanacearum	RUN0985	2007	Martinique: Trinite		Solanum lycopersicum	missing			Wicker et al.	IIB																																																														
SAMN45624386	RUN1028	RAL_AA1465AA			SAMN45624386	Pathogen: environmental/food/other sample from Ralstonia solanacearum	45624386	Ralstonia solanacearum	RUN1028	1997	Martinique: Le Lamentin		Solanum lycopersicum	missing			Wicker et al.	IIA																																																														
SAMN45624388	RUN1043	RAL_AA1185AA			SAMN45624388	Pathogen: environmental/food/other sample from Ralstonia pseudosolanacearum	45624388	Ralstonia pseudosolanacearum	RUN1043	2003	Martinique: Le Lamentin		Unidentified_weed	missing			Wicker et al.	I																																																														
SAMN45624389	RUN1044	RAL_AA1184AA			SAMN45624389	Pathogen: environmental/food/other sample from Ralstonia pseudosolanacearum	45624389	Ralstonia pseudosolanacearum	RUN1044	2003	Martinique: Le Lamentin		Capsicum sp.	missing			Wicker et al.	I																																																														
SAMN45624390	RUN1046	RAL_AA1464AA			SAMN45624390	Pathogen: environmental/food/other sample from Ralstonia solanacearum	45624390	Ralstonia solanacearum	RUN1046	2005	Martinique: Gros Morne		water_river_baited_Solanum	missing			Wicker et al.	IIB																																																														
SAMN45624391	RUN1052	RAL_AA1463AA			SAMN45624391	Pathogen: environmental/food/other sample from Ralstonia solanacearum	45624391	Ralstonia solanacearum	RUN1052	2007	Martinique: Trinite		Solanum lycopersicum	missing			Wicker et al.	IIB																																																														
SAMN45624392	RUN1061	RAL_AA1462AA			SAMN45624392	Pathogen: environmental/food/other sample from Ralstonia solanacearum	45624392	Ralstonia solanacearum	RUN1061	2005	Martinique: Ducos		water_lake_baited_Solanum	missing			Wicker et al.	IIB																																																														
SAMN45624393	RUN1062	RAL_AA1459AA			SAMN45624393	Pathogen: environmental/food/other sample from Ralstonia solanacearum	45624393	Ralstonia solanacearum	RUN1062	2005	Martinique: Ducos		water_lake_baited_Solanum	missing			Wicker et al.	IIB																																																														
SAMN45624394	RUN1063	RAL_AA1458AA			SAMN45624394	Pathogen: environmental/food/other sample from Ralstonia solanacearum	45624394	Ralstonia solanacearum	RUN1063	2005	Martinique: Ducos		water_lake_baited_Solanum	missing			Wicker et al.	IIB																																																														
SAMN45624395	RUN1064	RAL_AA1457AA			SAMN45624395	Pathogen: environmental/food/other sample from Ralstonia solanacearum	45624395	Ralstonia solanacearum	RUN1064	2005	Martinique: Ducos		water_lake_baited_Solanum	missing			Wicker et al.	IIB																																																														
SAMN45624396	RUN1065	RAL_AA1183AA			SAMN45624396	Pathogen: environmental/food/other sample from Ralstonia pseudosolanacearum	45624396	Ralstonia pseudosolanacearum	RUN1065	2007	Martinique: Le Lorrain		soil_banana_fallow	missing			Wicker et al.	I																																																														
SAMN45624399	RUN1068	RAL_AA1182AA			SAMN45624399	Pathogen: environmental/food/other sample from Ralstonia pseudosolanacearum	45624399	Ralstonia pseudosolanacearum	RUN1068	2003	Martinique: Le Lamentin		Physalis angulata	missing			Wicker et al.	I																																																														
SAMN45624400	RUN1069	RAL_AA1454AA			SAMN45624400	Pathogen: environmental/food/other sample from Ralstonia solanacearum	45624400	Ralstonia solanacearum	RUN1069	2002	Martinique: Le Lorrain		Solanum lycopersicum	missing			Wicker et al.	IIB																																																														
SAMN45624401	RUN1070	RAL_AA1453AA			SAMN45624401	Pathogen: environmental/food/other sample from Ralstonia solanacearum	45624401	Ralstonia solanacearum	RUN1070	2002	Martinique: Basse Pointe		Solanum lycopersicum	missing			Wicker et al.	IIB																																																														
SAMN45624402	RUN1072	RAL_AA1549AA			SAMN45624402	Pathogen: environmental/food/other sample from Ralstonia solanacearum	45624402	Ralstonia solanacearum	RUN1072	2004	Martinique: Le Francois		Cucumis sativus	missing			Wicker et al.	IIB																																																														
SAMN45624403	RUN1075	RAL_AA1547AA			SAMN45624403	Pathogen: environmental/food/other sample from Ralstonia solanacearum	45624403	Ralstonia solanacearum	RUN1075	2007	Martinique: Trinite		Solanum lycopersicum	missing			Wicker et al.	IIB																																																														
SAMN45624407	RUN1080	RAL_AA1228AA			SAMN45624407	Pathogen: environmental/food/other sample from Ralstonia pseudosolanacearum	45624407	Ralstonia pseudosolanacearum	RUN1080	2002	Martinique: Le Lorrain		Capsicum sp.	missing			Wicker et al.	I																																																														
SAMN45624408	RUN1081	RAL_AA1543AA			SAMN45624408	Pathogen: environmental/food/other sample from Ralstonia solanacearum	45624408	Ralstonia solanacearum	RUN1081	2007	Martinique: Trinite		Solanum lycopersicum	missing			Wicker et al.	IIB																																																														
SAMN45624409	RUN1082	RAL_AA1542AA			SAMN45624409	Pathogen: environmental/food/other sample from Ralstonia solanacearum	45624409	Ralstonia solanacearum	RUN1082	2007	Martinique: Trinite		Solanum lycopersicum	missing			Wicker et al.	IIB																																																														
SAMN45624410	RUN1083	RAL_AA1541AA			SAMN45624410	Pathogen: environmental/food/other sample from Ralstonia solanacearum	45624410	Ralstonia solanacearum	RUN1083	2006	Martinique: Macouba		Heliconia caribea	missing			Wicker et al.	IIB																																																														
SAMN45624416	RUN1091	RAL_AA1225AA			SAMN45624416	Pathogen: environmental/food/other sample from Ralstonia pseudosolanacearum	45624416	Ralstonia pseudosolanacearum	RUN1091	2002	Martinique: Marigot		Capsicum sp.	missing			Wicker et al.	I																																																														
SAMN45624417	RUN1092	RAL_AA1224AA			SAMN45624417	Pathogen: environmental/food/other sample from Ralstonia pseudosolanacearum	45624417	Ralstonia pseudosolanacearum	RUN1092	2002	Martinique: Morne Des Esses		Solanum melongena	14.664711 N 61.015307 W			Wicker et al.	I																																																														
SAMN45624418	RUN1093	RAL_AA1223AA			SAMN45624418	Pathogen: environmental/food/other sample from Ralstonia pseudosolanacearum	45624418	Ralstonia pseudosolanacearum	RUN1093	2003	Martinique: Le Lamentin		Capsicum sp.	missing			Wicker et al.	I																																																														
SAMN45624419	RUN1094	RAL_AA1536AA			SAMN45624419	Pathogen: environmental/food/other sample from Ralstonia solanacearum	45624419	Ralstonia solanacearum	RUN1094	2005	Martinique: Gros Morne		water_river	missing			Wicker et al.	IIB																																																														
SAMN45624420	RUN1095	RAL_AA1535AA			SAMN45624420	Pathogen: environmental/food/other sample from Ralstonia solanacearum	45624420	Ralstonia solanacearum	RUN1095	1994	Martinique: Sainte Marie		Capsicum annuum	missing			Wicker et al.	IIA																																																														
SAMN45624421	RUN1096	RAL_AA1534AA			SAMN45624421	Pathogen: environmental/food/other sample from Ralstonia solanacearum	45624421	Ralstonia solanacearum	RUN1096	2002	Martinique: Le Francois		Cucumis melo	missing			Wicker et al.	IIB																																																														
SAMN45624422	RUN1097	RAL_AA1533AA			SAMN45624422	Pathogen: environmental/food/other sample from Ralstonia solanacearum	45624422	Ralstonia solanacearum	RUN1097	2002	Martinique: Vauclin		Anthurium andreanum	missing			Wicker et al.	IIA																																																														
SAMN45624423	RUN1098	RAL_AA1726AA			SAMN45624423	Pathogen: environmental/food/other sample from Ralstonia solanacearum	45624423	Ralstonia solanacearum	RUN1098	2002	Martinique: Saint Joseph		Anthurium andreanum	missing			Wicker et al.	IIB																																																														
SAMN45624424	RUN1099	RAL_AA1725AA			SAMN45624424	Pathogen: environmental/food/other sample from Ralstonia solanacearum	45624424	Ralstonia solanacearum	RUN1099	2002	Martinique: Le Lorrain		Solanum lycopersicum	missing			Wicker et al.	IIB																																																														
SAMN45624425	RUN1100	RAL_AA1724AA			SAMN45624425	Pathogen: environmental/food/other sample from Ralstonia solanacearum	45624425	Ralstonia solanacearum	RUN1100	1993	Martinique: Sainte Marie		Solanum lycopersicum	missing			Wicker et al.	IIA																																																														
SAMN45624426	RUN1101	RAL_AA1291AA			SAMN45624426	Pathogen: environmental/food/other sample from Ralstonia pseudosolanacearum	45624426	Ralstonia pseudosolanacearum	RUN1101	2002	Martinique: Marigot		Capsicum sp.	missing			Wicker et al.	I																																																														
SAMN45624427	RUN1102	RAL_AA1290AA			SAMN45624427	Pathogen: environmental/food/other sample from Ralstonia pseudosolanacearum	45624427	Ralstonia pseudosolanacearum	RUN1102	2002	Martinique: Marigot		Capsicum sp.	missing			Wicker et al.	I																																																														
SAMN45624428	RUN1103	RAL_AA1289AA			SAMN45624428	Pathogen: environmental/food/other sample from Ralstonia pseudosolanacearum	45624428	Ralstonia pseudosolanacearum	RUN1103	2003	Martinique: Gros Morne		Anthurium andreanum	missing			Wicker et al.	I																																																														
SAMN45624429	RUN1104	RAL_AA1723AA			SAMN45624429	Pathogen: environmental/food/other sample from Ralstonia solanacearum	45624429	Ralstonia solanacearum	RUN1104	2002	Martinique: Gros Morne		Anthurium andreanum	missing			Wicker et al.	IIB																																																														
SAMN45624430	RUN1105	RAL_AA1722AA			SAMN45624430	Pathogen: environmental/food/other sample from Ralstonia solanacearum	45624430	Ralstonia solanacearum	RUN1105	2003	Martinique: Le Lamentin		Musa acuminata x balbisiana AAA	missing			Wicker et al.	IIB																																																														
SAMN45624431	RUN1106	RAL_AA1288AA			SAMN45624431	Pathogen: environmental/food/other sample from Ralstonia pseudosolanacearum	45624431	Ralstonia pseudosolanacearum	RUN1106	2002	Martinique: Marigot		Capsicum sp.	missing			Wicker et al.	I																																																														
SAMN45624432	RUN1112	RAL_AA1721AA			SAMN45624432	Pathogen: environmental/food/other sample from Ralstonia solanacearum	45624432	Ralstonia solanacearum	RUN1112	1997	Martinique: Le Lamentin		Solanum lycopersicum	missing			Wicker et al.	IIA																																																														
SAMN45624433	RUN1121	RAL_AA1719AA			SAMN45624433	Pathogen: environmental/food/other sample from Ralstonia solanacearum	45624433	Ralstonia solanacearum	RUN1121	2005	Martinique: Ducos		water_lake_baited_Solanum	missing			Wicker et al.	IIB																																																														
SAMN45624435	RUN1125	RAL_AA1717AA			SAMN45624435	Pathogen: environmental/food/other sample from Ralstonia solanacearum	45624435	Ralstonia solanacearum	RUN1125	2003	Martinique: Le Precheur		Solanum lycopersicum	missing			Wicker et al.	IIC																																																														
SAMN45624436	RUN1126	RAL_AA1287AA			SAMN45624436	Pathogen: environmental/food/other sample from Ralstonia pseudosolanacearum	45624436	Ralstonia pseudosolanacearum	RUN1126	2003	Martinique: Sainte Anne		Solanum lycopersicum	missing			Wicker et al.	I																																																														
SAMN45624437	RUN1127	RAL_AA1716AA			SAMN45624437	Pathogen: environmental/food/other sample from Ralstonia solanacearum	45624437	Ralstonia solanacearum	RUN1127	2001	Martinique		Solanum lycopersicum	missing			Wicker et al.	IIB																																																														
SAMN45624438	RUN1128	RAL_AA1715AA			SAMN45624438	Pathogen: environmental/food/other sample from Ralstonia solanacearum	45624438	Ralstonia solanacearum	RUN1128	2007	Martinique: Basse Pointe		Solanum lycopersicum	missing			Wicker et al.	IIC																																																														
SAMN45624439	RUN1129	RAL_AA1714AA			SAMN45624439	Pathogen: environmental/food/other sample from Ralstonia solanacearum	45624439	Ralstonia solanacearum	RUN1129	2007	Martinique: Basse Pointe		Solanum lycopersicum	missing			Wicker et al.	IIC																																																														
SAMN45624440	RUN1130	RAL_AA1713AA			SAMN45624440	Pathogen: environmental/food/other sample from Ralstonia solanacearum	45624440	Ralstonia solanacearum	RUN1130	2007	Martinique: Vauclin		Cucumis melo	missing			Wicker et al.	IIB																																																														
SAMN45624442	RUN1132	RAL_AA1711AA			SAMN45624442	Pathogen: environmental/food/other sample from Ralstonia solanacearum	45624442	Ralstonia solanacearum	RUN1132	2007	Martinique: Trinite		Cucurbita pepo	missing			Wicker et al.	IIB																																																														
SAMN45624443	RUN1133	RAL_AA1709AA			SAMN45624443	Pathogen: environmental/food/other sample from Ralstonia solanacearum	45624443	Ralstonia solanacearum	RUN1133	2007	Martinique: Trinite		Cucurbita pepo	missing			Wicker et al.	IIB																																																														
SAMN45624444	RUN1134	RAL_AA1708AA			SAMN45624444	Pathogen: environmental/food/other sample from Ralstonia solanacearum	45624444	Ralstonia solanacearum	RUN1134	2007	Martinique: Trinite		Cucurbita pepo	missing			Wicker et al.	IIB																																																														
SAMN45624445	RUN1135	RAL_AA1264AA			SAMN45624445	Pathogen: environmental/food/other sample from Ralstonia pseudosolanacearum	45624445	Ralstonia pseudosolanacearum	RUN1135	2007	Martinique: Le Francois		Solanum lycopersicum	missing			Wicker et al.	I																																																														
SAMN45624446	RUN1136	RAL_AA1633AA			SAMN45624446	Pathogen: environmental/food/other sample from Ralstonia solanacearum	45624446	Ralstonia solanacearum	RUN1136	2007	Martinique: Trinite		Cucumis sativus	missing			Wicker et al.	IIB																																																														
SAMN45624447	RUN1137	RAL_AA1632AA			SAMN45624447	Pathogen: environmental/food/other sample from Ralstonia solanacearum	45624447	Ralstonia solanacearum	RUN1137	2007	Martinique: Trinite		Cucumis sativus	missing			Wicker et al.	IIB																																																														
SAMN45624448	RUN1138	RAL_AA1631AA			SAMN45624448	Pathogen: environmental/food/other sample from Ralstonia solanacearum	45624448	Ralstonia solanacearum	RUN1138	2007	Martinique: Trinite		Cucurbita pepo	missing			Wicker et al.	IIB																																																														
SAMN45624449	RUN1139	RAL_AA1630AA			SAMN45624449	Pathogen: environmental/food/other sample from Ralstonia solanacearum	45624449	Ralstonia solanacearum	RUN1139	2007	Martinique: Basse Pointe		Solanum lycopersicum	missing			Wicker et al.	IIB																																																														
SAMN45624450	RUN1140	RAL_AA1629AA			SAMN45624450	Pathogen: environmental/food/other sample from Ralstonia solanacearum	45624450	Ralstonia solanacearum	RUN1140	2007	Martinique: Trinite		Solanum lycopersicum	missing			Wicker et al.	IIB																																																														
SAMN45624451	RUN1141	RAL_AA1628AA			SAMN45624451	Pathogen: environmental/food/other sample from Ralstonia solanacearum	45624451	Ralstonia solanacearum	RUN1141	2007	Martinique: Trinite		Solanum lycopersicum	missing			Wicker et al.	IIB																																																														
SAMN45624452	RUN1142	RAL_AA1627AA			SAMN45624452	Pathogen: environmental/food/other sample from Ralstonia solanacearum	45624452	Ralstonia solanacearum	RUN1142	2007	Martinique: Trinite		Solanum lycopersicum	missing			Wicker et al.	IIB																																																														
SAMN45624453	RUN1143	RAL_AA1263AA			SAMN45624453	Pathogen: environmental/food/other sample from Ralstonia pseudosolanacearum	45624453	Ralstonia pseudosolanacearum	RUN1143	2002	Martinique: Morne Des Esses		Solanum melongena	14.664711 N 61.015307 W			Wicker et al.	I																																																														
SAMN45624454	RUN1144	RAL_AA1262AA			SAMN45624454	Pathogen: environmental/food/other sample from Ralstonia pseudosolanacearum	45624454	Ralstonia pseudosolanacearum	RUN1144	2002	Martinique: Le Lamentin		Capsicum sp.	missing			Wicker et al.	I																																																														
SAMN45624455	RUN1145	RAL_AA1625AA			SAMN45624455	Pathogen: environmental/food/other sample from Ralstonia solanacearum	45624455	Ralstonia solanacearum	RUN1145	2003	Martinique: Saint Esprit		Cucurbita moschata	missing			Wicker et al.	IIB																																																														
SAMN45624456	RUN1146	RAL_AA1624AA			SAMN45624456	Pathogen: environmental/food/other sample from Ralstonia solanacearum	45624456	Ralstonia solanacearum	RUN1146	2007	Martinique: Trinite		Solanum lycopersicum	missing			Wicker et al.	IIB																																																														
SAMN45624457	RUN1147	RAL_AA1261AA			SAMN45624457	Pathogen: environmental/food/other sample from Ralstonia pseudosolanacearum	45624457	Ralstonia pseudosolanacearum	RUN1147	2002	Martinique: Morne Des Esses		Solanum melongena	14.664711 N 61.015307 W			Wicker et al.	I																																																														
SAMN45624458	RUN1148	RAL_AA1623AA			SAMN45624458	Pathogen: environmental/food/other sample from Ralstonia solanacearum	45624458	Ralstonia solanacearum	RUN1148	2002	Martinique: Gros Morne		Anthurium andreanum	missing			Wicker et al.	IIB																																																														
SAMN45624459	RUN1149	RAL_AA1260AA			SAMN45624459	Pathogen: environmental/food/other sample from Ralstonia pseudosolanacearum	45624459	Ralstonia pseudosolanacearum	RUN1149	2003	Martinique: Macouba		Solanum americanum	missing			Wicker et al.	I																																																														
SAMN45624460	RUN1150	RAL_AA1622AA			SAMN45624460	Pathogen: environmental/food/other sample from Ralstonia solanacearum	45624460	Ralstonia solanacearum	RUN1150	2002	Martinique: Saint Esprit		Cucurbita moschata	missing			Wicker et al.	IIB																																																														
SAMN45624461	RUN1151	RAL_AA1621AA			SAMN45624461	Pathogen: environmental/food/other sample from Ralstonia solanacearum	45624461	Ralstonia solanacearum	RUN1151	2002	Martinique: Gros Morne		Anthurium andreanum	missing			Wicker et al.	IIB																																																														
SAMN45624462	RUN1152	RAL_AA1620AA			SAMN45624462	Pathogen: environmental/food/other sample from Ralstonia solanacearum	45624462	Ralstonia solanacearum	RUN1152	2003	Martinique: Morne Vert		Solanum lycopersicum	14.706239 N 61.139193 W			Wicker et al.	IIA																																																														
SAMN45624463	RUN1153	RAL_AA1259AA			SAMN45624463	Pathogen: environmental/food/other sample from Ralstonia pseudosolanacearum	45624463	Ralstonia pseudosolanacearum	RUN1153	2003	Martinique: Le Lamentin		Solanum lycopersicum	missing			Wicker et al.	I																																																														
SAMN45624464	RUN1154	RAL_AA1258AA			SAMN45624464	Pathogen: environmental/food/other sample from Ralstonia pseudosolanacearum	45624464	Ralstonia pseudosolanacearum	RUN1154	2001	Martinique: Sainte Luce		Solanum lycopersicum	missing			Wicker et al.	I																																																														
SAMN45624465	RUN1155	RAL_AA1618AA			SAMN45624465	Pathogen: environmental/food/other sample from Ralstonia solanacearum	45624465	Ralstonia solanacearum	RUN1155	2003	Martinique: Morne Vert		Solanum lycopersicum	14.706239 N 61.139193 W			Wicker et al.	IIA																																																														
SAMN45624467	RUN1157	RAL_AA1452AA			SAMN45624467	Pathogen: environmental/food/other sample from Ralstonia solanacearum	45624467	Ralstonia solanacearum	RUN1157	2003	Martinique: Saint Joseph		Anthurium andreanum	missing			Wicker et al.	IIA																																																														
SAMN45624468	RUN1158	RAL_AA1181AA			SAMN45624468	Pathogen: environmental/food/other sample from Ralstonia pseudosolanacearum	45624468	Ralstonia pseudosolanacearum	RUN1158	2003	Martinique: Saint Joseph		Anthurium andreanum	missing			Wicker et al.	I																																																														
SAMN45624469	RUN1159	RAL_AA1180AA			SAMN45624469	Pathogen: environmental/food/other sample from Ralstonia pseudosolanacearum	45624469	Ralstonia pseudosolanacearum	RUN1159	2003	Martinique: Le Lamentin		Capsicum sp.	missing			Wicker et al.	I																																																														
SAMN45624470	RUN1160	RAL_AA1451AA			SAMN45624470	Pathogen: environmental/food/other sample from Ralstonia solanacearum	45624470	Ralstonia solanacearum	RUN1160	2003	Martinique: Basse Pointe		Solanum lycopersicum	missing			Wicker et al.	IIB																																																														
SAMN45624471	RUN1161	RAL_AA1179AA			SAMN45624471	Pathogen: environmental/food/other sample from Ralstonia pseudosolanacearum	45624471	Ralstonia pseudosolanacearum	RUN1161	2003	Martinique: Gros Morne		Anthurium andreanum	missing			Wicker et al.	I																																																														
SAMN45624472	RUN1162	RAL_AA1450AA			SAMN45624472	Pathogen: environmental/food/other sample from Ralstonia solanacearum	45624472	Ralstonia solanacearum	RUN1162	2003	Martinique: Saint Joseph		Anthurium andreanum	missing			Wicker et al.	IIA																																																														
SAMN45624473	RUN1163	RAL_AA1178AA			SAMN45624473	Pathogen: environmental/food/other sample from Ralstonia pseudosolanacearum	45624473	Ralstonia pseudosolanacearum	RUN1163	2003	Martinique: Le Lamentin		Solanum lycopersicum	missing			Wicker et al.	I																																																														
SAMN45624474	RUN1164	RAL_AA1177AA			SAMN45624474	Pathogen: environmental/food/other sample from Ralstonia pseudosolanacearum	45624474	Ralstonia pseudosolanacearum	RUN1164	2003	Martinique: Gros Morne		Solanum melongena	missing			Wicker et al.	I																																																														
SAMN45624475	RUN1165	RAL_AA1176AA			SAMN45624475	Pathogen: environmental/food/other sample from Ralstonia pseudosolanacearum	45624475	Ralstonia pseudosolanacearum	RUN1165	2003	Martinique: Macouba		Solanum lycopersicum	missing			Wicker et al.	I																																																														
SAMN45624476	RUN1166	RAL_AA1448AA			SAMN45624476	Pathogen: environmental/food/other sample from Ralstonia solanacearum	45624476	Ralstonia solanacearum	RUN1166	2006	Martinique: Macouba		Heliconia rostrata	missing			Wicker et al.	IIB																																																														
SAMN45624477	RUN1167	RAL_AA1447AA			SAMN45624477	Pathogen: environmental/food/other sample from Ralstonia solanacearum	45624477	Ralstonia solanacearum	RUN1167	2002	Martinique: Saint Pierre		Solanum lycopersicum	missing			Wicker et al.	IIB																																																														
SAMN45624478	RUN1168	RAL_AA1446AA			SAMN45624478	Pathogen: environmental/food/other sample from Ralstonia solanacearum	45624478	Ralstonia solanacearum	RUN1168	2006	Martinique: Saint Joseph		Solanum lycopersicum	missing			Wicker et al.	IIA																																																														
SAMN45624479	RUN1169	RAL_AA1445AA			SAMN45624479	Pathogen: environmental/food/other sample from Ralstonia solanacearum	45624479	Ralstonia solanacearum	RUN1169	2006	Martinique: Morne Des Esses		Solanum lycopersicum	14.664711 N 61.015307 W			Wicker et al.	IIA																																																														
SAMN45624480	RUN1170	RAL_AA1444AA			SAMN45624480	Pathogen: environmental/food/other sample from Ralstonia solanacearum	45624480	Ralstonia solanacearum	RUN1170	2006	Martinique: Morne Des Esses		Solanum lycopersicum	14.664711 N 61.015307 W			Wicker et al.	IIA																																																														
SAMN45624481	RUN1171	RAL_AA1443AA			SAMN45624481	Pathogen: environmental/food/other sample from Ralstonia solanacearum	45624481	Ralstonia solanacearum	RUN1171	2006	Martinique: Macouba		Heliconia rostrata	missing			Wicker et al.	IIB																																																														
SAMN45624482	RUN1172	RAL_AA1442AA			SAMN45624482	Pathogen: environmental/food/other sample from Ralstonia solanacearum	45624482	Ralstonia solanacearum	RUN1172	2006	Martinique: Gros Morne		Solanum lycopersicum	missing			Wicker et al.	IIA																																																														
SAMN45624483	RUN1173	RAL_AA1440AA			SAMN45624483	Pathogen: environmental/food/other sample from Ralstonia solanacearum	45624483	Ralstonia solanacearum	RUN1173	2006	Martinique: Macouba		Heliconia rostrata	missing			Wicker et al.	IIB																																																														
SAMN45624484	RUN1174	RAL_AA1439AA			SAMN45624484	Pathogen: environmental/food/other sample from Ralstonia solanacearum	45624484	Ralstonia solanacearum	RUN1174	2006	French Guiana: Macouria		water	missing			Deberdt et al.	IIB																																																														
SAMN45624485	RUN1175	RAL_AA1438AA			SAMN45624485	Pathogen: environmental/food/other sample from Ralstonia solanacearum	45624485	Ralstonia solanacearum	RUN1175	2006	Martinique: Le Lamentin		Physalis angulata	missing			Wicker et al.	IIB																																																														
SAMN45624486	RUN1176	RAL_AA1175AA			SAMN45624486	Pathogen: environmental/food/other sample from Ralstonia pseudosolanacearum	45624486	Ralstonia pseudosolanacearum	RUN1176	2006	Martinique: Le Lamentin		Solanum lycopersicum	missing			Wicker et al.	I																																																														
SAMN45624487	RUN1179	RAL_AA1174AA			SAMN45624487	Pathogen: environmental/food/other sample from Ralstonia pseudosolanacearum	45624487	Ralstonia pseudosolanacearum	RUN1179	2006	Martinique: Le Lamentin		Solanum lycopersicum	missing			Wicker et al.	I																																																														
SAMN45624488	RUN1188	RAL_AA1437AA			SAMN45624488	Pathogen: environmental/food/other sample from Ralstonia solanacearum	45624488	Ralstonia solanacearum	RUN1188	2007	Martinique: Trinite		Solanum lycopersicum	missing			Wicker et al.	IIB																																																														
SAMN45624489	RUN1189	RAL_AA1531AA			SAMN45624489	Pathogen: environmental/food/other sample from Ralstonia solanacearum	45624489	Ralstonia solanacearum	RUN1189	2007	Martinique: Trinite		Solanum lycopersicum	missing			Wicker et al.	IIB																																																														
SAMN45624490	RUN1190	RAL_AA1530AA			SAMN45624490	Pathogen: environmental/food/other sample from Ralstonia solanacearum	45624490	Ralstonia solanacearum	RUN1190	2007	Martinique: Trinite		Solanum lycopersicum	missing			Wicker et al.	IIB																																																														
SAMN45624491	RUN1191	RAL_AA1529AA			SAMN45624491	Pathogen: environmental/food/other sample from Ralstonia solanacearum	45624491	Ralstonia solanacearum	RUN1191	2007	Martinique: Trinite		water_irrigation	missing			Wicker et al.	IIB																																																														
SAMN45624492	RUN1192	RAL_AA1528AA			SAMN45624492	Pathogen: environmental/food/other sample from Ralstonia solanacearum	45624492	Ralstonia solanacearum	RUN1192	2007	Martinique: Trinite		Capsicum annuum	missing			Wicker et al.	IIB																																																														
SAMN45624493	RUN1193	RAL_AA1525AA			SAMN45624493	Pathogen: environmental/food/other sample from Ralstonia solanacearum	45624493	Ralstonia solanacearum	RUN1193	2007	Martinique: Trinite		Solanum lycopersicum	missing			Wicker et al.	IIB																																																														
SAMN45624494	RUN1194	RAL_AA1524AA			SAMN45624494	Pathogen: environmental/food/other sample from Ralstonia solanacearum	45624494	Ralstonia solanacearum	RUN1194	2007	Martinique: Trinite		Solanum lycopersicum	missing			Wicker et al.	IIB																																																														
SAMN45624495	RUN1195	RAL_AA1523AA			SAMN45624495	Pathogen: environmental/food/other sample from Ralstonia solanacearum	45624495	Ralstonia solanacearum	RUN1195	2007	Martinique: Trinite		Solanum lycopersicum	missing			Wicker et al.	IIB																																																														
SAMN45624496	RUN1196	RAL_AA1222AA			SAMN45624496	Pathogen: environmental/food/other sample from Ralstonia pseudosolanacearum	45624496	Ralstonia pseudosolanacearum	RUN1196	2001	Martinique: Ducos		Solanum lycopersicum	missing			Wicker et al.	I																																																														
SAMN45624497	RUN1197	RAL_AA1221AA			SAMN45624497	Pathogen: environmental/food/other sample from Ralstonia pseudosolanacearum	45624497	Ralstonia pseudosolanacearum	RUN1197	2002	Martinique: Bellefontaine		Capsicum annuum	missing			Wicker et al.	I																																																														
SAMN45624498	RUN1198	RAL_AA1220AA			SAMN45624498	Pathogen: environmental/food/other sample from Ralstonia pseudosolanacearum	45624498	Ralstonia pseudosolanacearum	RUN1198	2003	Martinique: Le Lamentin		Unidentified_weed	missing			Wicker et al.	I																																																														
SAMN45624499	RUN1199	RAL_AA1219AA			SAMN45624499	Pathogen: environmental/food/other sample from Ralstonia pseudosolanacearum	45624499	Ralstonia pseudosolanacearum	RUN1199	2002	Martinique: Saint Pierre		Citrullus lanatus	missing			Wicker et al.	I																																																														
SAMN45624500	RUN1200	RAL_AA1218AA			SAMN45624500	Pathogen: environmental/food/other sample from Ralstonia pseudosolanacearum	45624500	Ralstonia pseudosolanacearum	RUN1200	2002	Martinique: Morne Des Esses		Solanum melongena	14.664711 N 61.015307 W			Wicker et al.	I																																																														
SAMN45624501	RUN1202	RAL_AA1522AA			SAMN45624501	Pathogen: environmental/food/other sample from Ralstonia solanacearum	45624501	Ralstonia solanacearum	RUN1202	2003	Martinique: Le Lamentin		Solanum lycopersicum	missing			Wicker et al.	IIA																																																														
SAMN45624502	RUN1203	RAL_AA1521AA			SAMN45624502	Pathogen: environmental/food/other sample from Ralstonia solanacearum	45624502	Ralstonia solanacearum	RUN1203	2002	Martinique: Le Precheur		Solanum lycopersicum	missing			Wicker et al.	IIA																																																														
SAMN45624503	RUN1204	RAL_AA1217AA			SAMN45624503	Pathogen: environmental/food/other sample from Ralstonia pseudosolanacearum	45624503	Ralstonia pseudosolanacearum	RUN1204	2005	Martinique: Le Carbet		Solanum lycopersicum	missing			Wicker et al.	I																																																														
SAMN45624504	RUN1206	RAL_AA1216AA			SAMN45624504	Pathogen: environmental/food/other sample from Ralstonia pseudosolanacearum	45624504	Ralstonia pseudosolanacearum	RUN1206	2002	Martinique: Marigot		Solanum lycopersicum	missing			Wicker et al.	I																																																														
SAMN45624505	RUN1207	RAL_AA1519AA			SAMN45624505	Pathogen: environmental/food/other sample from Ralstonia solanacearum	45624505	Ralstonia solanacearum	RUN1207	2007	Martinique: Trinite		Solanum lycopersicum	missing			Wicker et al.	IIB																																																														
SAMN45624506	RUN1208	RAL_AA1215AA			SAMN45624506	Pathogen: environmental/food/other sample from Ralstonia pseudosolanacearum	45624506	Ralstonia pseudosolanacearum	RUN1208	2007	Martinique: Saint Esprit		Solanum lycopersicum	missing			Wicker et al.	I																																																														
SAMN45624507	RUN1209	RAL_AA1518AA			SAMN45624507	Pathogen: environmental/food/other sample from Ralstonia solanacearum	45624507	Ralstonia solanacearum	RUN1209	2007	Martinique: Trinite		Solanum lycopersicum	missing			Wicker et al.	IIB																																																														
SAMN45624508	RUN1210	RAL_AA1517AA			SAMN45624508	Pathogen: environmental/food/other sample from Ralstonia solanacearum	45624508	Ralstonia solanacearum	RUN1210	2006	Martinique: Le Lorrain		Solanum americanum	missing			Wicker et al.	IIB																																																														
SAMN45624509	RUN1211	RAL_AA1516AA			SAMN45624509	Pathogen: environmental/food/other sample from Ralstonia solanacearum	45624509	Ralstonia solanacearum	RUN1211	2007	Martinique: Trinite		Capsicum annuum	missing			Wicker et al.	IIB																																																														
SAMN45624510	RUN1212	RAL_AA1707AA			SAMN45624510	Pathogen: environmental/food/other sample from Ralstonia solanacearum	45624510	Ralstonia solanacearum	RUN1212	2007	Martinique: Basse Pointe		Solanum lycopersicum	missing			Wicker et al.	IIB																																																														
SAMN45624511	RUN1214	RAL_AA1706AA			SAMN45624511	Pathogen: environmental/food/other sample from Ralstonia solanacearum	45624511	Ralstonia solanacearum	RUN1214	2007	Martinique: Basse Pointe		Solanum lycopersicum	missing			Wicker et al.	IIC																																																														
SAMN45624512	RUN1215	RAL_AA1705AA			SAMN45624512	Pathogen: environmental/food/other sample from Ralstonia solanacearum	45624512	Ralstonia solanacearum	RUN1215	2007	Martinique: Basse Pointe		Solanum lycopersicum	missing			Wicker et al.	IIC																																																														
SAMN45624513	RUN1220	RAL_AA1703AA			SAMN45624513	Pathogen: environmental/food/other sample from Ralstonia solanacearum	45624513	Ralstonia solanacearum	RUN1220	2004	Martinique: Trinite		Musa acuminata x balbisiana AAB	missing			Wicker et al.	IIA																																																														
SAMN45624514	RUN1221	RAL_AA1702AA			SAMN45624514	Pathogen: environmental/food/other sample from Ralstonia solanacearum	45624514	Ralstonia solanacearum	RUN1221	2004	Martinique: Trinite		Musa acuminata x balbisiana AAB	missing			Wicker et al.	IIB																																																														
SAMN45624515	RUN1222	RAL_AA1701AA			SAMN45624515	Pathogen: environmental/food/other sample from Ralstonia solanacearum	45624515	Ralstonia solanacearum	RUN1222	2006	Martinique: Le Lamentin		Solanum lycopersicum	missing			Wicker et al.	IIA																																																														
SAMN45624516	RUN1223	RAL_AA1700AA			SAMN45624516	Pathogen: environmental/food/other sample from Ralstonia solanacearum	45624516	Ralstonia solanacearum	RUN1223	2005	Martinique: Sainte Anne		Solanum lycopersicum	missing			Wicker et al.	IIA																																																														
SAMN45624517	RUN1224	RAL_AA1699AA			SAMN45624517	Pathogen: environmental/food/other sample from Ralstonia solanacearum	45624517	Ralstonia solanacearum	RUN1224	2002	Martinique: Trinite		Anthurium andreanum	missing			Wicker et al.	IIB																																																														
SAMN45624518	RUN1226	RAL_AA1698AA			SAMN45624518	Pathogen: environmental/food/other sample from Ralstonia solanacearum	45624518	Ralstonia solanacearum	RUN1226	2005	Martinique: Gros Morne		water_river_baited_Solanum	missing			Wicker et al.	IIB																																																														
SAMN45624519	RUN1227	RAL_AA1697AA			SAMN45624519	Pathogen: environmental/food/other sample from Ralstonia solanacearum	45624519	Ralstonia solanacearum	RUN1227	2002	Martinique: Gros Morne		Anthurium andreanum	missing			Wicker et al.	IIB																																																														
SAMN45624520	RUN1228	RAL_AA1696AA			SAMN45624520	Pathogen: environmental/food/other sample from Ralstonia solanacearum	45624520	Ralstonia solanacearum	RUN1228	2005	Martinique: Ducos		water_lake	missing			Wicker et al.	IIA																																																														
SAMN45624521	RUN1229	RAL_AA1695AA			SAMN45624521	Pathogen: environmental/food/other sample from Ralstonia solanacearum	45624521	Ralstonia solanacearum	RUN1229	2002	Martinique: Le Lamentin		Solanum lycopersicum	missing			Wicker et al.	IIB																																																														
SAMN45624522	RUN1230	RAL_AA1694AA			SAMN45624522	Pathogen: environmental/food/other sample from Ralstonia solanacearum	45624522	Ralstonia solanacearum	RUN1230	2002	Martinique: Le Lamentin		Solanum lycopersicum	missing			Wicker et al.	IIB																																																														
SAMN45624523	RUN1231	RAL_AA1692AA			SAMN45624523	Pathogen: environmental/food/other sample from Ralstonia solanacearum	45624523	Ralstonia solanacearum	RUN1231	2005	Martinique: Ducos		water_lake	missing			Wicker et al.	IIA																																																														
SAMN45624524	RUN1232	RAL_AA1691AA			SAMN45624524	Pathogen: environmental/food/other sample from Ralstonia solanacearum	45624524	Ralstonia solanacearum	RUN1232	2005	Martinique: Le Precheur		Solanum lycopersicum	missing			Wicker et al.	IIA																																																														
SAMN45624525	RUN1233	RAL_AA1690AA			SAMN45624525	Pathogen: environmental/food/other sample from Ralstonia solanacearum	45624525	Ralstonia solanacearum	RUN1233	2002	Martinique: Gros Morne		Anthurium andreanum	missing			Wicker et al.	IIB																																																														
SAMN45624526	RUN1235	RAL_AA1689AA			SAMN45624526	Pathogen: environmental/food/other sample from Ralstonia solanacearum	45624526	Ralstonia solanacearum	RUN1235	2007	Martinique: Saint Esprit		Solanum lycopersicum	missing			Wicker et al.	IIA																																																														
SAMN45624527	RUN1239	RAL_AA1688AA			SAMN45624527	Pathogen: environmental/food/other sample from Ralstonia solanacearum	45624527	Ralstonia solanacearum	RUN1239	1997	Martinique: Le Lamentin		Solanum lycopersicum	missing			Wicker et al.	IIA																																																														
SAMN45624529	RUN1246	RAL_AA1686AA			SAMN45624529	Pathogen: environmental/food/other sample from Ralstonia solanacearum	45624529	Ralstonia solanacearum	RUN1246	2002	Martinique: Sainte Luce		Solanum lycopersicum	missing			Wicker et al.	IIA																																																														
SAMN45624530	RUN1247	RAL_AA1685AA			SAMN45624530	Pathogen: environmental/food/other sample from Ralstonia solanacearum	45624530	Ralstonia solanacearum	RUN1247	2002	Martinique: Le Lorrain		Solanum lycopersicum	missing			Wicker et al.	IIA																																																														
SAMN45624531	RUN1249	RAL_AA1684AA			SAMN45624531	Pathogen: environmental/food/other sample from Ralstonia solanacearum	45624531	Ralstonia solanacearum	RUN1249	2002	Martinique: Gros Morne		Anthurium andreanum	missing			Wicker et al.	IIB																																																														
SAMN45624532	RUN1252	RAL_AA1257AA			SAMN45624532	Pathogen: environmental/food/other sample from Ralstonia pseudosolanacearum	45624532	Ralstonia pseudosolanacearum	RUN1252	2007	Martinique: Marigot		Solanum lycopersicum	missing			Wicker et al.	I																																																														
SAMN45624533	RUN1253	RAL_AA1255AA			SAMN45624533	Pathogen: environmental/food/other sample from Ralstonia pseudosolanacearum	45624533	Ralstonia pseudosolanacearum	RUN1253	2007	Martinique: Marigot		Solanum lycopersicum	missing			Wicker et al.	I																																																														
SAMN45624535	RUN1255	RAL_AA1615AA			SAMN45624535	Pathogen: environmental/food/other sample from Ralstonia solanacearum	45624535	Ralstonia solanacearum	RUN1255	2006	Martinique: Saint Esprit		Solanum lycopersicum	missing			Wicker et al.	IIA																																																														
SAMN45624537	RUN1257	RAL_AA1613AA			SAMN45624537	Pathogen: environmental/food/other sample from Ralstonia solanacearum	45624537	Ralstonia solanacearum	RUN1257	2005	Martinique: Ducos		water_lake	missing			Wicker et al.	IIA																																																														
SAMN45624538	RUN1258	RAL_AA1254AA			SAMN45624538	Pathogen: environmental/food/other sample from Ralstonia pseudosolanacearum	45624538	Ralstonia pseudosolanacearum	RUN1258	2003	Martinique: Sainte Anne		Solanum lycopersicum	missing			Wicker et al.	I																																																														
SAMN45624539	RUN1259	RAL_AA1612AA			SAMN45624539	Pathogen: environmental/food/other sample from Ralstonia solanacearum	45624539	Ralstonia solanacearum	RUN1259	2003	Martinique: Ajoupa-bouillon		Solanum americanum	missing			Wicker et al.	IIC																																																														
SAMN45624541	RUN1264	RAL_AA1253AA			SAMN45624541	Pathogen: environmental/food/other sample from Ralstonia pseudosolanacearum	45624541	Ralstonia pseudosolanacearum	RUN1264	2002	Martinique: Marigot		Solanum lycopersicum	missing			Wicker et al.	I																																																														
SAMN45624542	RUN1267	RAL_AA1610AA			SAMN45624542	Pathogen: environmental/food/other sample from Ralstonia solanacearum	45624542	Ralstonia solanacearum	RUN1267	2004	Martinique: Trinite		Musa acuminata x balbisiana AAB	missing			Wicker et al.	IIB																																																														
SAMN45624543	RUN1268	RAL_AA1252AA			SAMN45624543	Pathogen: environmental/food/other sample from Ralstonia pseudosolanacearum	45624543	Ralstonia pseudosolanacearum	RUN1268	2002	Martinique: Le Lorrain		Capsicum sp.	missing			Wicker et al.	I																																																														
SAMN45624544	RUN1269	RAL_AA1608AA			SAMN45624544	Pathogen: environmental/food/other sample from Ralstonia solanacearum	45624544	Ralstonia solanacearum	RUN1269	2005	Martinique: Ducos		water_lake	missing			Wicker et al.	IIA																																																														
SAMN45624545	RUN1270	RAL_AA1607AA			SAMN45624545	Pathogen: environmental/food/other sample from Ralstonia solanacearum	45624545	Ralstonia solanacearum	RUN1270	2005	Martinique: Ducos		water_lake	missing			Wicker et al.	IIA																																																														
SAMN45624546	RUN1271	RAL_AA1606AA			SAMN45624546	Pathogen: environmental/food/other sample from Ralstonia solanacearum	45624546	Ralstonia solanacearum	RUN1271	2005	Martinique: Ducos		water_lake	missing			Wicker et al.	IIA																																																														
SAMN45624547	RUN1273	RAL_AA1605AA			SAMN45624547	Pathogen: environmental/food/other sample from Ralstonia solanacearum	45624547	Ralstonia solanacearum	RUN1273	2005	Martinique: Ducos		water_lake	missing			Wicker et al.	IIA																																																														
SAMN45624548	RUN1274	RAL_AA1604AA			SAMN45624548	Pathogen: environmental/food/other sample from Ralstonia solanacearum	45624548	Ralstonia solanacearum	RUN1274	2005	Martinique: Ducos		water_lake	missing			Wicker et al.	IIA																																																														
SAMN45624549	RUN1331	RAL_AA1603AA			SAMN45624549	Pathogen: environmental/food/other sample from Ralstonia solanacearum	45624549	Ralstonia solanacearum	RUN1331	missing	French Guiana		Musa acuminata x balbisiana AAB	missing			Deberdt et al.	IIA																																																														
SAMN45624550	RUN1947	RAL_AA1602AA			SAMN45624550	Pathogen: environmental/food/other sample from Ralstonia solanacearum	45624550	Ralstonia solanacearum	RUN1947	2011	French Guiana: Cacao		Capsicum annuum	missing			Deberdt et al.	IIB																																																														
SAMN45624551	RUN1948	RAL_AA1251AA			SAMN45624551	Pathogen: environmental/food/other sample from Ralstonia pseudosolanacearum	45624551	Ralstonia pseudosolanacearum	RUN1948	2011	French Guiana: Cacao		Capsicum annuum	missing			Deberdt et al.	I																																																														
SAMN45624552	RUN1949	RAL_AA1250AA			SAMN45624552	Pathogen: environmental/food/other sample from Ralstonia pseudosolanacearum	45624552	Ralstonia pseudosolanacearum	RUN1949	2011	French Guiana: Macouria		Solanum melongena	missing			Deberdt et al.	I																																																														
SAMN45624553	RUN1950	RAL_AA1173AA			SAMN45624553	Pathogen: environmental/food/other sample from Ralstonia pseudosolanacearum	45624553	Ralstonia pseudosolanacearum	RUN1950	2011	French Guiana: Macouria		Solanum melongena	missing			Deberdt et al.	I																																																														
SAMN45624554	RUN1951	RAL_AA1436AA			SAMN45624554	Pathogen: environmental/food/other sample from Ralstonia solanacearum	45624554	Ralstonia solanacearum	RUN1951	2011	French Guiana: Montsinery		Capsicum annuum	missing			Deberdt et al.	IIB																																																														
SAMN45624555	RUN1952	RAL_AA1172AA			SAMN45624555	Pathogen: environmental/food/other sample from Ralstonia pseudosolanacearum	45624555	Ralstonia pseudosolanacearum	RUN1952	2011	French Guiana: Montsinery		Capsicum annuum	missing			Deberdt et al.	I																																																														
SAMN45624556	RUN1953	RAL_AA1435AA			SAMN45624556	Pathogen: environmental/food/other sample from Ralstonia solanacearum	45624556	Ralstonia solanacearum	RUN1953	2011	French Guiana: Montsinery		Capsicum annuum	missing			Deberdt et al.	IIB																																																														
SAMN45624557	RUN1954	RAL_AA1171AA			SAMN45624557	Pathogen: environmental/food/other sample from Ralstonia pseudosolanacearum	45624557	Ralstonia pseudosolanacearum	RUN1954	2011	French Guiana: Montsinery		Capsicum annuum	missing			Deberdt et al.	I																																																														
SAMN45624558	RUN1955	RAL_AA1170AA			SAMN45624558	Pathogen: environmental/food/other sample from Ralstonia pseudosolanacearum	45624558	Ralstonia pseudosolanacearum	RUN1955	2011	French Guiana: Montsinery		Capsicum annuum	missing			Deberdt et al.	I																																																														
SAMN45624559	RUN1956	RAL_AA1434AA			SAMN45624559	Pathogen: environmental/food/other sample from Ralstonia solanacearum	45624559	Ralstonia solanacearum	RUN1956	2011	French Guiana: Montsinery		Capsicum annuum	missing			Deberdt et al.	IIB																																																														
SAMN45624560	RUN1957	RAL_AA1433AA			SAMN45624560	Pathogen: environmental/food/other sample from Ralstonia solanacearum	45624560	Ralstonia solanacearum	RUN1957	2011	French Guiana: Montsinery		Capsicum annuum	missing			Deberdt et al.	IIB																																																														
SAMN45624561	RUN1958	RAL_AA1169AA			SAMN45624561	Pathogen: environmental/food/other sample from Ralstonia pseudosolanacearum	45624561	Ralstonia pseudosolanacearum	RUN1958	2011	French Guiana: Montsinery		Capsicum annuum	missing			Deberdt et al.	I																																																														
SAMN45624562	RUN1959	RAL_AA1432AA			SAMN45624562	Pathogen: environmental/food/other sample from Ralstonia solanacearum	45624562	Ralstonia solanacearum	RUN1959	2011	French Guiana: Javouhey		Solanum lycopersicum	missing			Deberdt et al.	IIB																																																														
SAMN45624563	RUN1960	RAL_AA1431AA			SAMN45624563	Pathogen: environmental/food/other sample from Ralstonia solanacearum	45624563	Ralstonia solanacearum	RUN1960	2011	French Guiana: Javouhey		Solanum lycopersicum	missing			Deberdt et al.	IIB																																																														
SAMN45624564	RUN1961	RAL_AA1430AA			SAMN45624564	Pathogen: environmental/food/other sample from Ralstonia solanacearum	45624564	Ralstonia solanacearum	RUN1961	2011	French Guiana: Mana		Solanum lycopersicum	missing			Deberdt et al.	IIA																																																														
SAMN45624565	RUN1962	RAL_AA1429AA			SAMN45624565	Pathogen: environmental/food/other sample from Ralstonia solanacearum	45624565	Ralstonia solanacearum	RUN1962	2011	French Guiana: Mana		Solanum lycopersicum	missing			Deberdt et al.	IIA																																																														
SAMN45624566	RUN1964	RAL_AA1428AA			SAMN45624566	Pathogen: environmental/food/other sample from Ralstonia solanacearum	45624566	Ralstonia solanacearum	RUN1964	2011	French Guiana: Mana		Solanum lycopersicum	missing			Deberdt et al.	IIA																																																														
SAMN45624567	RUN1965	RAL_AA1427AA			SAMN45624567	Pathogen: environmental/food/other sample from Ralstonia solanacearum	45624567	Ralstonia solanacearum	RUN1965	2011	French Guiana: Mana		Solanum lycopersicum	missing			Deberdt et al.	IIB																																																														
SAMN45624568	RUN1966	RAL_AA1426AA			SAMN45624568	Pathogen: environmental/food/other sample from Ralstonia solanacearum	45624568	Ralstonia solanacearum	RUN1966	2011	French Guiana: Wayabo		Solanum melongena	missing			Deberdt et al.	IIB																																																														
SAMN45624569	RUN1967	RAL_AA1425AA			SAMN45624569	Pathogen: environmental/food/other sample from Ralstonia solanacearum	45624569	Ralstonia solanacearum	RUN1967	2011	French Guiana: Wayabo		Solanum melongena	missing			Deberdt et al.	IIB																																																														
SAMN45624570	RUN1968	RAL_AA1424AA			SAMN45624570	Pathogen: environmental/food/other sample from Ralstonia solanacearum	45624570	Ralstonia solanacearum	RUN1968	2011	French Guiana: Wayabo		Solanum melongena	missing			Deberdt et al.	IIB																																																														
SAMN45624571	RUN1969	RAL_AA1423AA			SAMN45624571	Pathogen: environmental/food/other sample from Ralstonia solanacearum	45624571	Ralstonia solanacearum	RUN1969	2011	French Guiana: Matoury		Solanum lycopersicum	missing			Deberdt et al.	IIA																																																														
SAMN45624572	RUN1970	RAL_AA1422AA			SAMN45624572	Pathogen: environmental/food/other sample from Ralstonia solanacearum	45624572	Ralstonia solanacearum	RUN1970	2011	French Guiana: Mana		Capsicum annuum	missing			Deberdt et al.	IIB																																																														
SAMN45624573	RUN1971	RAL_AA1167AA			SAMN45624573	Pathogen: environmental/food/other sample from Ralstonia pseudosolanacearum	45624573	Ralstonia pseudosolanacearum	RUN1971	2011	French Guiana: Mana		Capsicum annuum	missing			Deberdt et al.	I																																																														
SAMN45624574	RUN1972	RAL_AA1166AA			SAMN45624574	Pathogen: environmental/food/other sample from Ralstonia pseudosolanacearum	45624574	Ralstonia pseudosolanacearum	RUN1972	2011	French Guiana: Mana		Capsicum annuum	missing			Deberdt et al.	I																																																														
SAMN45624575	RUN1973	RAL_AA1515AA			SAMN45624575	Pathogen: environmental/food/other sample from Ralstonia solanacearum	45624575	Ralstonia solanacearum	RUN1973	2011	French Guiana: Mana		Capsicum annuum	missing			Deberdt et al.	IIB																																																														
SAMN45624576	RUN1974	RAL_AA1214AA			SAMN45624576	Pathogen: environmental/food/other sample from Ralstonia pseudosolanacearum	45624576	Ralstonia pseudosolanacearum	RUN1974	2011	French Guiana: Sinnamary		Solanum aethiopicum	missing			Deberdt et al.	I																																																														
SAMN45624577	RUN1975	RAL_AA1213AA			SAMN45624577	Pathogen: environmental/food/other sample from Ralstonia pseudosolanacearum	45624577	Ralstonia pseudosolanacearum	RUN1975	2011	French Guiana: Sinnamary		Solanum aethiopicum	missing			Deberdt et al.	I																																																														
SAMN45624581	RUN1979	RAL_AA1212AA			SAMN45624581	Pathogen: environmental/food/other sample from Ralstonia pseudosolanacearum	45624581	Ralstonia pseudosolanacearum	RUN1979	2011	French Guiana: Corossony		Solanum melongena	missing			Deberdt et al.	I																																																														
SAMN45624582	RUN1980	RAL_AA1511AA			SAMN45624582	Pathogen: environmental/food/other sample from Ralstonia solanacearum	45624582	Ralstonia solanacearum	RUN1980	2011	French Guiana: Javouhey		Capsicum annuum	missing			Deberdt et al.	IIB																																																														
SAMN45624583	RUN1981	RAL_AA1211AA			SAMN45624583	Pathogen: environmental/food/other sample from Ralstonia pseudosolanacearum	45624583	Ralstonia pseudosolanacearum	RUN1981	2011	French Guiana: Javouhey		Capsicum annuum	missing			Deberdt et al.	I																																																														
SAMN45624584	RUN1982	RAL_AA1509AA			SAMN45624584	Pathogen: environmental/food/other sample from Ralstonia solanacearum	45624584	Ralstonia solanacearum	RUN1982	2011	French Guiana: Javouhey		Capsicum annuum	missing			Deberdt et al.	IIB																																																														
SAMN45624585	RUN1983	RAL_AA1508AA			SAMN45624585	Pathogen: environmental/food/other sample from Ralstonia solanacearum	45624585	Ralstonia solanacearum	RUN1983	2011	French Guiana: Javouhey		Capsicum annuum	missing			Deberdt et al.	IIB																																																														
SAMN45624586	RUN1984	RAL_AA1210AA			SAMN45624586	Pathogen: environmental/food/other sample from Ralstonia pseudosolanacearum	45624586	Ralstonia pseudosolanacearum	RUN1984	2011	French Guiana: Javouhey		Capsicum annuum	missing			Deberdt et al.	I																																																														
SAMN45624587	RUN1985	RAL_AA1209AA			SAMN45624587	Pathogen: environmental/food/other sample from Ralstonia pseudosolanacearum	45624587	Ralstonia pseudosolanacearum	RUN1985	2011	French Guiana: Javouhey		Solanum melongena	missing			Deberdt et al.	I																																																														
SAMN45624588	RUN1986	RAL_AA1208AA			SAMN45624588	Pathogen: environmental/food/other sample from Ralstonia pseudosolanacearum	45624588	Ralstonia pseudosolanacearum	RUN1986	2011	French Guiana: Javouhey		Solanum melongena	missing			Deberdt et al.	I																																																														
SAMN45624589	RUN1987	RAL_AA1207AA			SAMN45624589	Pathogen: environmental/food/other sample from Ralstonia pseudosolanacearum	45624589	Ralstonia pseudosolanacearum	RUN1987	2011	French Guiana: Javouhey		Solanum melongena	missing			Deberdt et al.	I																																																														
SAMN45624590	RUN1988	RAL_AA1206AA			SAMN45624590	Pathogen: environmental/food/other sample from Ralstonia pseudosolanacearum	45624590	Ralstonia pseudosolanacearum	RUN1988	2011	French Guiana: Cacao		Solanum melongena	missing			Deberdt et al.	I																																																														
SAMN45624591	RUN1989	RAL_AA1205AA			SAMN45624591	Pathogen: environmental/food/other sample from Ralstonia pseudosolanacearum	45624591	Ralstonia pseudosolanacearum	RUN1989	2011	French Guiana: Cacao		Solanum melongena	missing			Deberdt et al.	I																																																														
SAMN45624592	RUN1990	RAL_AA1204AA			SAMN45624592	Pathogen: environmental/food/other sample from Ralstonia pseudosolanacearum	45624592	Ralstonia pseudosolanacearum	RUN1990	2011	French Guiana: Cacao		Solanum lycopersicum	missing			Deberdt et al.	I																																																														
SAMN45624593	RUN1991	RAL_AA1203AA			SAMN45624593	Pathogen: environmental/food/other sample from Ralstonia pseudosolanacearum	45624593	Ralstonia pseudosolanacearum	RUN1991	2011	French Guiana: Cacao		Solanum lycopersicum	missing			Deberdt et al.	I																																																														
SAMN45624594	RUN1992	RAL_AA1505AA			SAMN45624594	Pathogen: environmental/food/other sample from Ralstonia solanacearum	45624594	Ralstonia solanacearum	RUN1992	2011	French Guiana: Cacao		Cucurbita pepo	missing			Deberdt et al.	IIB																																																														
SAMN45624595	RUN1993	RAL_AA1504AA			SAMN45624595	Pathogen: environmental/food/other sample from Ralstonia solanacearum	45624595	Ralstonia solanacearum	RUN1993	2011	French Guiana: Montsinery		Solanum lycopersicum	missing			Deberdt et al.	IIA																																																														
SAMN45624596	RUN1994	RAL_AA1683AA			SAMN45624596	Pathogen: environmental/food/other sample from Ralstonia solanacearum	45624596	Ralstonia solanacearum	RUN1994	2011	French Guiana: Montsinery		Solanum lycopersicum	missing			Deberdt et al.	IIA																																																														
SAMN45624597	RUN1995	RAL_AA1682AA			SAMN45624597	Pathogen: environmental/food/other sample from Ralstonia solanacearum	45624597	Ralstonia solanacearum	RUN1995	2011	French Guiana: Montsinery		Solanum lycopersicum	missing			Deberdt et al.	IIA																																																														
SAMN45624598	RUN1996	RAL_AA1681AA			SAMN45624598	Pathogen: environmental/food/other sample from Ralstonia solanacearum	45624598	Ralstonia solanacearum	RUN1996	2011	French Guiana: Montsinery		Solanum lycopersicum	missing			Deberdt et al.	IIA																																																														
SAMN45624599	RUN1997	RAL_AA1680AA			SAMN45624599	Pathogen: environmental/food/other sample from Ralstonia solanacearum	45624599	Ralstonia solanacearum	RUN1997	2011	French Guiana: Montsinery		Solanum lycopersicum	missing			Deberdt et al.	IIB																																																														
SAMN45624600	RUN1998	RAL_AA1679AA			SAMN45624600	Pathogen: environmental/food/other sample from Ralstonia solanacearum	45624600	Ralstonia solanacearum	RUN1998	2011	French Guiana: Montsinery		Solanum lycopersicum	missing			Deberdt et al.	IIA																																																														
SAMN45624601	RUN1999	RAL_AA1678AA			SAMN45624601	Pathogen: environmental/food/other sample from Ralstonia solanacearum	45624601	Ralstonia solanacearum	RUN1999	2011	French Guiana: Montsinery		Solanum lycopersicum	missing			Deberdt et al.	IIA																																																														
SAMN45624602	RUN2000	RAL_AA1677AA			SAMN45624602	Pathogen: environmental/food/other sample from Ralstonia solanacearum	45624602	Ralstonia solanacearum	RUN2000	2011	French Guiana: Montsinery		Solanum lycopersicum	missing			Deberdt et al.	IIA																																																														
SAMN45624603	RUN2001	RAL_AA1675AA			SAMN45624603	Pathogen: environmental/food/other sample from Ralstonia solanacearum	45624603	Ralstonia solanacearum	RUN2001	2011	French Guiana: Montsinery		Solanum lycopersicum	missing			Deberdt et al.	IIA																																																														
SAMN45624604	RUN2002	RAL_AA1674AA			SAMN45624604	Pathogen: environmental/food/other sample from Ralstonia solanacearum	45624604	Ralstonia solanacearum	RUN2002	2011	French Guiana: Montsinery		Solanum lycopersicum	missing			Deberdt et al.	IIA																																																														
SAMN45624605	RUN2003	RAL_AA1673AA			SAMN45624605	Pathogen: environmental/food/other sample from Ralstonia solanacearum	45624605	Ralstonia solanacearum	RUN2003	2011	French Guiana: Corossony		Solanum lycopersicum	missing			Deberdt et al.	IIA																																																														
SAMN45624606	RUN2004	RAL_AA1672AA			SAMN45624606	Pathogen: environmental/food/other sample from Ralstonia solanacearum	45624606	Ralstonia solanacearum	RUN2004	2011	French Guiana: Corossony		Solanum lycopersicum	missing			Deberdt et al.	IIB																																																														
SAMN45624607	RUN2005	RAL_AA1671AA			SAMN45624607	Pathogen: environmental/food/other sample from Ralstonia solanacearum	45624607	Ralstonia solanacearum	RUN2005	2011	French Guiana: Corossony		Solanum lycopersicum	missing			Deberdt et al.	IIA																																																														
SAMN45624608	RUN2006	RAL_AA1670AA			SAMN45624608	Pathogen: environmental/food/other sample from Ralstonia solanacearum	45624608	Ralstonia solanacearum	RUN2006	2011	French Guiana: Corossony		Solanum lycopersicum	missing			Deberdt et al.	IIA																																																														
SAMN45624609	RUN2007	RAL_AA1669AA			SAMN45624609	Pathogen: environmental/food/other sample from Ralstonia solanacearum	45624609	Ralstonia solanacearum	RUN2007	2011	French Guiana: Corossony		Solanum lycopersicum	missing			Deberdt et al.	IIB																																																														
SAMN45624611	RUN2009	RAL_AA1667AA			SAMN45624611	Pathogen: environmental/food/other sample from Ralstonia solanacearum	45624611	Ralstonia solanacearum	RUN2009	2011	French Guiana: Corossony		Solanum lycopersicum	missing			Deberdt et al.	IIB																																																														
SAMN45624612	RUN2010	RAL_AA1666AA			SAMN45624612	Pathogen: environmental/food/other sample from Ralstonia solanacearum	45624612	Ralstonia solanacearum	RUN2010	2011	French Guiana: Corossony		Solanum lycopersicum	missing			Deberdt et al.	IIA																																																														
SAMN45624613	RUN2011	RAL_AA1664AA			SAMN45624613	Pathogen: environmental/food/other sample from Ralstonia solanacearum	45624613	Ralstonia solanacearum	RUN2011	2011	French Guiana: Corossony		Solanum lycopersicum	missing			Deberdt et al.	IIB																																																														
SAMN45624614	RUN2173	RAL_AA1663AA			SAMN45624614	Pathogen: environmental/food/other sample from Ralstonia solanacearum	45624614	Ralstonia solanacearum	RUN2173	2012	French Guiana: Montsinery		Solanum melongena	missing			Deberdt et al.	IIA																																																														
SAMN45624615	RUN2174	RAL_AA1286AA			SAMN45624615	Pathogen: environmental/food/other sample from Ralstonia pseudosolanacearum	45624615	Ralstonia pseudosolanacearum	RUN2174	2012	French Guiana: Saint Laurent Du Maroni		Solanum melongena	5.466170 N 54.024798 W			Deberdt et al.	I																																																														
SAMN45624616	RUN2175	RAL_AA1285AA			SAMN45624616	Pathogen: environmental/food/other sample from Ralstonia pseudosolanacearum	45624616	Ralstonia pseudosolanacearum	RUN2175	2012	French Guiana: Saint Laurent Du Maroni		Solanum melongena	5.466170 N 54.024798 W			Deberdt et al.	I																																																														
SAMN45624617	RUN2176	RAL_AA1284AA			SAMN45624617	Pathogen: environmental/food/other sample from Ralstonia pseudosolanacearum	45624617	Ralstonia pseudosolanacearum	RUN2176	2012	French Guiana: Saint Laurent Du Maroni		Solanum melongena	5.466170 N 54.024798 W			Deberdt et al.	I																																																														
SAMN45624618	RUN2177	RAL_AA1249AA			SAMN45624618	Pathogen: environmental/food/other sample from Ralstonia pseudosolanacearum	45624618	Ralstonia pseudosolanacearum	RUN2177	2012	French Guiana: Matiti		Solanum lycopersicum	missing			Deberdt et al.	I																																																														
SAMN45624619	RUN2178	RAL_AA1248AA			SAMN45624619	Pathogen: environmental/food/other sample from Ralstonia pseudosolanacearum	45624619	Ralstonia pseudosolanacearum	RUN2178	2012	French Guiana: Matiti		Solanum lycopersicum	missing			Deberdt et al.	I																																																														
SAMN45624620	RUN2179	RAL_AA1247AA			SAMN45624620	Pathogen: environmental/food/other sample from Ralstonia pseudosolanacearum	45624620	Ralstonia pseudosolanacearum	RUN2179	2012	French Guiana: Matiti		Solanum lycopersicum	missing			Deberdt et al.	I																																																														
SAMN45624621	RUN2180	RAL_AA1246AA			SAMN45624621	Pathogen: environmental/food/other sample from Ralstonia pseudosolanacearum	45624621	Ralstonia pseudosolanacearum	RUN2180	2012	French Guiana: Matiti		Solanum lycopersicum	missing			Deberdt et al.	I																																																														
SAMN45624622	RUN2181	RAL_AA1245AA			SAMN45624622	Pathogen: environmental/food/other sample from Ralstonia pseudosolanacearum	45624622	Ralstonia pseudosolanacearum	RUN2181	2012	French Guiana: Matiti		Solanum lycopersicum	missing			Deberdt et al.	I																																																														
SAMN45624623	RUN2182	RAL_AA1244AA			SAMN45624623	Pathogen: environmental/food/other sample from Ralstonia pseudosolanacearum	45624623	Ralstonia pseudosolanacearum	RUN2182	2012	French Guiana: Matiti		Solanum lycopersicum	missing			Deberdt et al.	I																																																														
SAMN45624624	RUN2183	RAL_AA1599AA			SAMN45624624	Pathogen: environmental/food/other sample from Ralstonia solanacearum	45624624	Ralstonia solanacearum	RUN2183	2012	French Guiana: Combi		Solanum lycopersicum	5.314639 N 52.930139 W			Deberdt et al.	IIA																																																														
SAMN45624626	RUN2185	RAL_AA1597AA			SAMN45624626	Pathogen: environmental/food/other sample from Ralstonia solanacearum	45624626	Ralstonia solanacearum	RUN2185	2012	French Guiana: Combi		Solanum lycopersicum	5.315389 N 52.929222 W			Deberdt et al.	IIA																																																														
SAMN45624627	RUN2186	RAL_AA1596AA			SAMN45624627	Pathogen: environmental/food/other sample from Ralstonia solanacearum	45624627	Ralstonia solanacearum	RUN2186	2012	French Guiana: Combi		Solanum lycopersicum	5.315222 N 52.929444 W			Deberdt et al.	IIA																																																														
SAMN45624629	RUN2188	RAL_AA1594AA			SAMN45624629	Pathogen: environmental/food/other sample from Ralstonia solanacearum	45624629	Ralstonia solanacearum	RUN2188	2012	French Guiana: Combi		Solanum lycopersicum	5.315444 N 52.930222 W			Deberdt et al.	IIA																																																														
SAMN45624630	RUN2189	RAL_AA1593AA			SAMN45624630	Pathogen: environmental/food/other sample from Ralstonia solanacearum	45624630	Ralstonia solanacearum	RUN2189	2012	French Guiana: Combi		Solanum lycopersicum	5.314972 N 52.930194 W			Deberdt et al.	IIA																																																														
SAMN45624631	RUN2190	RAL_AA1592AA			SAMN45624631	Pathogen: environmental/food/other sample from Ralstonia solanacearum	45624631	Ralstonia solanacearum	RUN2190	2012	French Guiana: Combi		Solanum lycopersicum	5.315389 N 52.929222 W			Deberdt et al.	IIA																																																														
SAMN45624632	RUN2191	RAL_AA1591AA			SAMN45624632	Pathogen: environmental/food/other sample from Ralstonia solanacearum	45624632	Ralstonia solanacearum	RUN2191	2012	French Guiana: Combi		Solanum lycopersicum	5.315000 N 52.929083 W			Deberdt et al.	IIA																																																														
SAMN45624633	RUN2192	RAL_AA1589AA			SAMN45624633	Pathogen: environmental/food/other sample from Ralstonia solanacearum	45624633	Ralstonia solanacearum	RUN2192	2012	French Guiana: Combi		Solanum lycopersicum	5.315000 N 52.929083 W			Deberdt et al.	IIA																																																														
SAMN45624634	RUN2193	RAL_AA1588AA			SAMN45624634	Pathogen: environmental/food/other sample from Ralstonia solanacearum	45624634	Ralstonia solanacearum	RUN2193	2012	French Guiana: Combi		Solanum lycopersicum	5.314972 N 52.930194 W			Deberdt et al.	IIA																																																														
SAMN45624635	RUN2194	RAL_AA1587AA			SAMN45624635	Pathogen: environmental/food/other sample from Ralstonia solanacearum	45624635	Ralstonia solanacearum	RUN2194	2012	French Guiana: Combi		Solanum lycopersicum	5.314972 N 52.930194 W			Deberdt et al.	IIA																																																														
SAMN45624636	RUN2195	RAL_AA1586AA			SAMN45624636	Pathogen: environmental/food/other sample from Ralstonia solanacearum	45624636	Ralstonia solanacearum	RUN2195	2012	French Guiana: Combi		Solanum lycopersicum	5.314972 N 52.930194 W			Deberdt et al.	IIA																																																														
SAMN45624637	RUN2196	RAL_AA1585AA			SAMN45624637	Pathogen: environmental/food/other sample from Ralstonia solanacearum	45624637	Ralstonia solanacearum	RUN2196	2012	French Guiana: Combi		Solanum lycopersicum	5.315722 N 52.930236 W			Deberdt et al.	IIA																																																														
SAMN45624638	RUN2197	RAL_AA1584AA			SAMN45624638	Pathogen: environmental/food/other sample from Ralstonia solanacearum	45624638	Ralstonia solanacearum	RUN2197	2012	French Guiana: Combi		Solanum lycopersicum	5.314639 N 52.930139 W			Deberdt et al.	IIA																																																														
SAMN45624639	RUN2198	RAL_AA1583AA			SAMN45624639	Pathogen: environmental/food/other sample from Ralstonia solanacearum	45624639	Ralstonia solanacearum	RUN2198	2012	French Guiana: Combi		Solanum lycopersicum	5.314972 N 52.930194 W			Deberdt et al.	IIA																																																														
SAMN45624640	RUN2199	RAL_AA1420AA			SAMN45624640	Pathogen: environmental/food/other sample from Ralstonia solanacearum	45624640	Ralstonia solanacearum	RUN2199	2012	French Guiana: Combi		Solanum lycopersicum	5.315222 N 52.930028 W			Deberdt et al.	IIA																																																														
SAMN45624641	RUN2200	RAL_AA1419AA			SAMN45624641	Pathogen: environmental/food/other sample from Ralstonia solanacearum	45624641	Ralstonia solanacearum	RUN2200	2012	French Guiana: Combi		Solanum lycopersicum	5.314972 N 52.930194 W			Deberdt et al.	IIA																																																														
SAMN45624642	RUN2201	RAL_AA1418AA			SAMN45624642	Pathogen: environmental/food/other sample from Ralstonia solanacearum	45624642	Ralstonia solanacearum	RUN2201	2012	French Guiana: Combi		Solanum lycopersicum	5.314611 N 52.929694 W			Deberdt et al.	IIA																																																														
SAMN45624643	RUN2202	RAL_AA1416AA			SAMN45624643	Pathogen: environmental/food/other sample from Ralstonia solanacearum	45624643	Ralstonia solanacearum	RUN2202	2012	French Guiana: Combi		Solanum lycopersicum	5.315750 N 52.929111 W			Deberdt et al.	IIA																																																														
SAMN45624644	RUN2203	RAL_AA1415AA			SAMN45624644	Pathogen: environmental/food/other sample from Ralstonia solanacearum	45624644	Ralstonia solanacearum	RUN2203	2012	French Guiana: Combi		Solanum lycopersicum	5.315222 N 52.929750 W			Deberdt et al.	IIA																																																														
SAMN45624645	RUN2204	RAL_AA1414AA			SAMN45624645	Pathogen: environmental/food/other sample from Ralstonia solanacearum	45624645	Ralstonia solanacearum	RUN2204	2012	French Guiana: Combi		Solanum lycopersicum	5.315444 N 52.930222 W			Deberdt et al.	IIA																																																														
SAMN45624646	RUN2205	RAL_AA1413AA			SAMN45624646	Pathogen: environmental/food/other sample from Ralstonia solanacearum	45624646	Ralstonia solanacearum	RUN2205	2012	French Guiana: Combi		Solanum lycopersicum	5.315444 N 52.930222 W			Deberdt et al.	IIA																																																														
SAMN45624647	RUN2206	RAL_AA1412AA			SAMN45624647	Pathogen: environmental/food/other sample from Ralstonia solanacearum	45624647	Ralstonia solanacearum	RUN2206	2012	French Guiana: Combi		Solanum lycopersicum	5.315444 N 52.930222 W			Deberdt et al.	IIA																																																														
SAMN45624648	RUN2207	RAL_AA1411AA			SAMN45624648	Pathogen: environmental/food/other sample from Ralstonia solanacearum	45624648	Ralstonia solanacearum	RUN2207	2012	French Guiana: Cacao		Solanum lycopersicum	4.568972 N 52.454250 W			Deberdt et al.	IIA																																																														
SAMN45624649	RUN2209	RAL_AA1410AA			SAMN45624649	Pathogen: environmental/food/other sample from Ralstonia solanacearum	45624649	Ralstonia solanacearum	RUN2209	2012	French Guiana: Cacao		Solanum lycopersicum	4.568750 N 52.454028 W			Deberdt et al.	IIA																																																														
SAMN45624650	RUN2210	RAL_AA1409AA			SAMN45624650	Pathogen: environmental/food/other sample from Ralstonia solanacearum	45624650	Ralstonia solanacearum	RUN2210	2012	French Guiana: Cacao		Solanum lycopersicum	4.569222 N 52.454056 W			Deberdt et al.	IIA																																																														
SAMN45624651	RUN2211	RAL_AA1408AA			SAMN45624651	Pathogen: environmental/food/other sample from Ralstonia solanacearum	45624651	Ralstonia solanacearum	RUN2211	2012	French Guiana: Cacao		Solanum lycopersicum	4.568972 N 52.454250 W			Deberdt et al.	IIA																																																														
SAMN45624652	RUN2212	RAL_AA1407AA			SAMN45624652	Pathogen: environmental/food/other sample from Ralstonia solanacearum	45624652	Ralstonia solanacearum	RUN2212	2012	French Guiana: Cacao		Solanum lycopersicum	4.568806 N 52.454333 W			Deberdt et al.	IIA																																																														
SAMN45624653	RUN2213	RAL_AA1405AA			SAMN45624653	Pathogen: environmental/food/other sample from Ralstonia solanacearum	45624653	Ralstonia solanacearum	RUN2213	2012	French Guiana: Cacao		Solanum lycopersicum	4.568861 N 52.454389 W			Deberdt et al.	IIA																																																														
SAMN45624654	RUN2214	RAL_AA1404AA			SAMN45624654	Pathogen: environmental/food/other sample from Ralstonia solanacearum	45624654	Ralstonia solanacearum	RUN2214	2012	French Guiana: Cacao		Solanum lycopersicum	4.568861 N 52.454389 W			Deberdt et al.	IIA																																																														
SAMN45624655	RUN2215	RAL_AA1403AA			SAMN45624655	Pathogen: environmental/food/other sample from Ralstonia solanacearum	45624655	Ralstonia solanacearum	RUN2215	2012	French Guiana: Cacao		Solanum lycopersicum	4.568861 N 52.454389 W			Deberdt et al.	IIA																																																														
SAMN45624656	RUN2216	RAL_AA1402AA			SAMN45624656	Pathogen: environmental/food/other sample from Ralstonia solanacearum	45624656	Ralstonia solanacearum	RUN2216	2012	French Guiana: Cacao		Solanum lycopersicum	4.568806 N 52.454139 W			Deberdt et al.	IIA																																																														
SAMN45624657	RUN2218	RAL_AA1401AA			SAMN45624657	Pathogen: environmental/food/other sample from Ralstonia solanacearum	45624657	Ralstonia solanacearum	RUN2218	2012	French Guiana: Cacao		Solanum lycopersicum	4.568861 N 52.454083 W			Deberdt et al.	IIA																																																														
SAMN45624658	RUN2219	RAL_AA1400AA			SAMN45624658	Pathogen: environmental/food/other sample from Ralstonia solanacearum	45624658	Ralstonia solanacearum	RUN2219	2012	French Guiana: Cacao		Solanum lycopersicum	4.568972 N 52.454250 W			Deberdt et al.	IIA																																																														
SAMN45624659	RUN2220	RAL_AA1399AA			SAMN45624659	Pathogen: environmental/food/other sample from Ralstonia solanacearum	45624659	Ralstonia solanacearum	RUN2220	2012	French Guiana: Cacao		Solanum lycopersicum	4.568861 N 52.454083 W			Deberdt et al.	IIA																																																														
SAMN45624660	RUN2221	RAL_AA1398AA			SAMN45624660	Pathogen: environmental/food/other sample from Ralstonia solanacearum	45624660	Ralstonia solanacearum	RUN2221	2012	French Guiana: Cacao		Solanum lycopersicum	4.569333 N 52.453833 W			Deberdt et al.	IIB																																																														
SAMN45624661	RUN2223	RAL_AA1397AA			SAMN45624661	Pathogen: environmental/food/other sample from Ralstonia solanacearum	45624661	Ralstonia solanacearum	RUN2223	2012	French Guiana: Cacao		Solanum lycopersicum	4.569056 N 52.454167 W			Deberdt et al.	IIA																																																														
SAMN45624662	RUN2224	RAL_AA1503AA			SAMN45624662	Pathogen: environmental/food/other sample from Ralstonia solanacearum	45624662	Ralstonia solanacearum	RUN2224	2012	French Guiana: Cacao		Solanum lycopersicum	4.568861 N 52.454111 W			Deberdt et al.	IIA																																																														
SAMN45624663	RUN2226	RAL_AA1501AA			SAMN45624663	Pathogen: environmental/food/other sample from Ralstonia solanacearum	45624663	Ralstonia solanacearum	RUN2226	2012	French Guiana: Corrossony		Solanum lycopersicum	4.317167 N 52.175750 W			Deberdt et al.	IIB																																																														
SAMN45624664	RUN2227	RAL_AA1500AA			SAMN45624664	Pathogen: environmental/food/other sample from Ralstonia solanacearum	45624664	Ralstonia solanacearum	RUN2227	2012	French Guiana: Corrossony		Solanum lycopersicum	4.317194 N 52.175722 W			Deberdt et al.	IIB																																																														
SAMN45624665	RUN2228	RAL_AA1202AA			SAMN45624665	Pathogen: environmental/food/other sample from Ralstonia pseudosolanacearum	45624665	Ralstonia pseudosolanacearum	RUN2228	2012	French Guiana: Corrossony		Solanum lycopersicum	4.312889 N 52.175270 W			Deberdt et al.	I																																																														
SAMN45624666	RUN2229	RAL_AA1201AA			SAMN45624666	Pathogen: environmental/food/other sample from Ralstonia pseudosolanacearum	45624666	Ralstonia pseudosolanacearum	RUN2229	2012	French Guiana: Corrossony		Solanum lycopersicum	4.312972 N 52.175222 W			Deberdt et al.	I																																																														
SAMN45624668	RUN2231	RAL_AA1200AA			SAMN45624668	Pathogen: environmental/food/other sample from Ralstonia pseudosolanacearum	45624668	Ralstonia pseudosolanacearum	RUN2231	2012	French Guiana: Corrossony		Solanum lycopersicum	4.313250 N 52.175472 W			Deberdt et al.	I																																																														
SAMN45624669	RUN2232	RAL_AA1199AA			SAMN45624669	Pathogen: environmental/food/other sample from Ralstonia pseudosolanacearum	45624669	Ralstonia pseudosolanacearum	RUN2232	2012	French Guiana: Corrossony		Solanum lycopersicum	4.312944 N 52.175278 W			Deberdt et al.	I																																																														
SAMN45624670	RUN2233	RAL_AA1198AA			SAMN45624670	Pathogen: environmental/food/other sample from Ralstonia pseudosolanacearum	45624670	Ralstonia pseudosolanacearum	RUN2233	2012	French Guiana: Corrossony		Solanum lycopersicum	4.312889 N 52.175280 W			Deberdt et al.	I																																																														
SAMN45624671	RUN2234	RAL_AA1197AA			SAMN45624671	Pathogen: environmental/food/other sample from Ralstonia pseudosolanacearum	45624671	Ralstonia pseudosolanacearum	RUN2234	2012	French Guiana: Corrossony		Solanum lycopersicum	missing			Deberdt et al.	I																																																														
SAMN45624672	RUN2235	RAL_AA1196AA			SAMN45624672	Pathogen: environmental/food/other sample from Ralstonia pseudosolanacearum	45624672	Ralstonia pseudosolanacearum	RUN2235	2012	French Guiana: Corrossony		Solanum lycopersicum	4.312861 N 52.175417 W			Deberdt et al.	I																																																														
SAMN46495390	GBBC 1091	RAL_AA1390AA		GCF_051071685.1	SAMN46495390	Ralstonia solanacearum GBBC 1091	46495390	Ralstonia solanacearum	GBBC 1091	2011	Belgium:Opitter	Solanum dulcamara			cell culture																						ILVO Plant Health - bacteriology, Burg. Van Gansberghelaan 96, 9820 Merelbeke-Melle, Belgium																																											
SAMN46495391	GBBC 1240	RAL_AA1389AA		GCF_051071665.1	SAMN46495391	Ralstonia solanacearum GBBC 1240	46495391	Ralstonia solanacearum	GBBC 1240	2005	Belgium:Province of Antwerp		river water		cell culture																						ILVO Plant Health - bacteriology, Burg. Van Gansberghelaan 96, 9820 Merelbeke-Melle, Belgium																																											
SAMN46495392	GBBC 1241	RAL_AA1378AA		GCF_051071575.1	SAMN46495392	Ralstonia solanacearum GBBC 1241	46495392	Ralstonia solanacearum	GBBC 1241	2005	Belgium:Province of Antwerp		river water		cell culture																						ILVO Plant Health - bacteriology, Burg. Van Gansberghelaan 96, 9820 Merelbeke-Melle, Belgium																																											
SAMN46495393	GBBC 1287	RAL_AA1367AA		GCF_051071595.1	SAMN46495393	Ralstonia solanacearum GBBC 1287	46495393	Ralstonia solanacearum	GBBC 1287	2006	Belgium:Geel-Aard		river water		cell culture																						ILVO Plant Health - bacteriology, Burg. Van Gansberghelaan 96, 9820 Merelbeke-Melle, Belgium																																											
SAMN46495394	GBBC 1291	RAL_AA1356AA		GCF_051071555.1	SAMN46495394	Ralstonia solanacearum GBBC 1291	46495394	Ralstonia solanacearum	GBBC 1291	2006	Belgium:Mol-Postel		river water		cell culture																						ILVO Plant Health - bacteriology, Burg. Van Gansberghelaan 96, 9820 Merelbeke-Melle, Belgium																																											
SAMN46495395	GBBC 1317	RAL_AA1345AA		GCF_051071475.1	SAMN46495395	Ralstonia solanacearum GBBC 1317	46495395	Ralstonia solanacearum	GBBC 1317	2009	Belgium:Kasterlee	Solanum tuberosum cv. Asterix	field		cell culture																						ILVO Plant Health - bacteriology, Burg. Van Gansberghelaan 96, 9820 Merelbeke-Melle, Belgium															BCCM/LMG:26755																												
SAMN46495396	GBBC 1685	RAL_AA1334AA		GCF_051071425.1	SAMN46495396	Ralstonia solanacearum GBBC 1685	46495396	Ralstonia solanacearum	GBBC 1685	2011	Belgium:Hamont-Achel		river water		cell culture																						ILVO Plant Health - bacteriology, Burg. Van Gansberghelaan 96, 9820 Merelbeke-Melle, Belgium																																											
SAMN46495397	GBBC 1688	RAL_AA1323AA		GCF_051071445.1	SAMN46495397	Ralstonia solanacearum GBBC 1688	46495397	Ralstonia solanacearum	GBBC 1688	2011	Belgium:Hamont-Achel		river water		cell culture																						ILVO Plant Health - bacteriology, Burg. Van Gansberghelaan 96, 9820 Merelbeke-Melle, Belgium																																											
SAMN46495398	GBBC 3034	RAL_AA1320AA		GCF_051071345.1	SAMN46495398	Ralstonia solanacearum GBBC 3034	46495398	Ralstonia solanacearum	GBBC 3034	2015	Belgium:Bocholt	Solanum tuberosum cv. Fontane	field		cell culture																						ILVO Plant Health - bacteriology, Burg. Van Gansberghelaan 96, 9820 Merelbeke-Melle, Belgium																																											
SAMN46495399	GBBC 3044	RAL_AA1319AA		GCF_051071285.1	SAMN46495399	Ralstonia solanacearum GBBC 3044	46495399	Ralstonia solanacearum	GBBC 3044	2015	Belgium:Geel	Solanum tuberosum cv. Bintje	field		cell culture																						ILVO Plant Health - bacteriology, Burg. Van Gansberghelaan 96, 9820 Merelbeke-Melle, Belgium																																											
SAMN46495400	GBBC 3335	RAL_AA1388AA		GCF_051071315.1	SAMN46495400	Ralstonia solanacearum GBBC 3335	46495400	Ralstonia solanacearum	GBBC 3335	2019	Belgium:Bocholt	Solanum dulcamara			cell culture																						ILVO Plant Health - bacteriology, Burg. Van Gansberghelaan 96, 9820 Merelbeke-Melle, Belgium																																											
SAMN46495401	GBBC 3360	RAL_AA1387AA		GCF_051071225.1	SAMN46495401	Ralstonia solanacearum GBBC 3360	46495401	Ralstonia solanacearum	GBBC 3360	2020	Belgium:Sint-Katelijne-Waver	Solanum lycopersicum cv. Brioso	Greenhouse		cell culture																						ILVO Plant Health - bacteriology, Burg. Van Gansberghelaan 96, 9820 Merelbeke-Melle, Belgium																																											
SAMN46495402	GBBC 3362	RAL_AA1386AA		GCF_051071165.1	SAMN46495402	Ralstonia solanacearum GBBC 3362	46495402	Ralstonia solanacearum	GBBC 3362	2020	Belgium:Sint-Katelijne-Waver	Solanum lycopersicum cv. 16819	Greenhouse		cell culture																						ILVO Plant Health - bacteriology, Burg. Van Gansberghelaan 96, 9820 Merelbeke-Melle, Belgium																																											
SAMN46495403	GBBC 3363	RAL_AA1385AA		GCF_051071185.1	SAMN46495403	Ralstonia solanacearum GBBC 3363	46495403	Ralstonia solanacearum	GBBC 3363	2020	Belgium:Sint-Katelijne-Waver	Solanum lycopersicum cv. Belido	Greenhouse		cell culture																						ILVO Plant Health - bacteriology, Burg. Van Gansberghelaan 96, 9820 Merelbeke-Melle, Belgium																																											
SAMN46495404	GBBC 3416	RAL_AA1384AA		GCF_051071105.1	SAMN46495404	Ralstonia solanacearum GBBC 3416	46495404	Ralstonia solanacearum	GBBC 3416	2021	Belgium:Lier		river water		cell culture																						ILVO Plant Health - bacteriology, Burg. Van Gansberghelaan 96, 9820 Merelbeke-Melle, Belgium																																											
SAMN46495405	GBBC 3519	RAL_AA1383AA		GCF_051071065.1	SAMN46495405	Ralstonia solanacearum GBBC 3519	46495405	Ralstonia solanacearum	GBBC 3519	2023	Belgium:Wommelgem		river water		cell culture																						ILVO Plant Health - bacteriology, Burg. Van Gansberghelaan 96, 9820 Merelbeke-Melle, Belgium																																											
SAMN46495406	GBBC 502	RAL_AA1382AA		GCF_051071035.1	SAMN46495406	Ralstonia solanacearum GBBC 502	46495406	Ralstonia solanacearum	GBBC 502	1989	Belgium:Mol-Rauw	Solanum tuberosum cv. Bintje	field		cell culture																						ILVO Plant Health - bacteriology, Burg. Van Gansberghelaan 96, 9820 Merelbeke-Melle, Belgium															BCCM/LMG:9575																												
SAMN46495407	GBBC 504	RAL_AA1381AA		GCF_051070965.1	SAMN46495407	Ralstonia solanacearum GBBC 504	46495407	Ralstonia solanacearum	GBBC 504	1989	Belgium:Mol-Rauw	Solanum tuberosum cv. Ottena	field		cell culture																						ILVO Plant Health - bacteriology, Burg. Van Gansberghelaan 96, 9820 Merelbeke-Melle, Belgium															BCCM/LMG:9576																												
SAMN46495408	GBBC 505	RAL_AA1380AA		GCF_051070945.1	SAMN46495408	Ralstonia solanacearum GBBC 505	46495408	Ralstonia solanacearum	GBBC 505	1989	Belgium:Lommel	Solanum tuberosum cv. Bintje	field		cell culture																						ILVO Plant Health - bacteriology, Burg. Van Gansberghelaan 96, 9820 Merelbeke-Melle, Belgium															BCCM/LMG:9577																												
SAMN46495409	GBBC 507	RAL_AA1379AA		GCF_051070875.1	SAMN46495409	Ralstonia solanacearum GBBC 507	46495409	Ralstonia solanacearum	GBBC 507	1989	Belgium:Mol-Postel	Solanum tuberosum cv. Bintje	field		cell culture																						ILVO Plant Health - bacteriology, Burg. Van Gansberghelaan 96, 9820 Merelbeke-Melle, Belgium																																											
SAMN46495410	GBBC 513	RAL_AA1377AA		GCF_051070845.1	SAMN46495410	Ralstonia solanacearum GBBC 513	46495410	Ralstonia solanacearum	GBBC 513	1992	Belgium:Mol-Postel	Solanum tuberosum cv. Russet Burbank	field		cell culture																						ILVO Plant Health - bacteriology, Burg. Van Gansberghelaan 96, 9820 Merelbeke-Melle, Belgium																																											
SAMN46495411	GBBC 514	RAL_AA1376AA		GCF_051070805.1	SAMN46495411	Ralstonia solanacearum GBBC 514	46495411	Ralstonia solanacearum	GBBC 514	1992	Belgium:Mol-Postel	Solanum tuberosum cv. Russet Burbank	field		cell culture																						ILVO Plant Health - bacteriology, Burg. Van Gansberghelaan 96, 9820 Merelbeke-Melle, Belgium																																											
SAMN46495412	GBBC 515	RAL_AA1375AA		GCF_051070755.1	SAMN46495412	Ralstonia solanacearum GBBC 515	46495412	Ralstonia solanacearum	GBBC 515	1992	Belgium:Mol-Postel	Solanum tuberosum cv. Saturna	field		cell culture																						ILVO Plant Health - bacteriology, Burg. Van Gansberghelaan 96, 9820 Merelbeke-Melle, Belgium																																											
SAMN46495413	GBBC 516	RAL_AA1374AA		GCF_051070725.1	SAMN46495413	Ralstonia solanacearum GBBC 516	46495413	Ralstonia solanacearum	GBBC 516	1992	Belgium:Mol-Postel	Solanum tuberosum cv. Bintje	field		cell culture																						ILVO Plant Health - bacteriology, Burg. Van Gansberghelaan 96, 9820 Merelbeke-Melle, Belgium																																											
SAMN46495414	GBBC 519	RAL_AA1373AA		GCF_051070665.1	SAMN46495414	Ralstonia solanacearum GBBC 519	46495414	Ralstonia solanacearum	GBBC 519	1992	Belgium:Mol-Postel	Solanum tuberosum cv. Russet Burbank	field		cell culture																						ILVO Plant Health - bacteriology, Burg. Van Gansberghelaan 96, 9820 Merelbeke-Melle, Belgium																																											
SAMN46495415	GBBC 522	RAL_AA1372AA		GCF_051070595.1	SAMN46495415	Ralstonia solanacearum GBBC 522	46495415	Ralstonia solanacearum	GBBC 522	1993	Belgium:Geel-Aard	Solanum tuberosum cv. Russet Burbank	field		cell culture																						ILVO Plant Health - bacteriology, Burg. Van Gansberghelaan 96, 9820 Merelbeke-Melle, Belgium																																											
SAMN46495416	GBBC 539	RAL_AA1371AA		GCF_051070625.1	SAMN46495416	Ralstonia solanacearum GBBC 539	46495416	Ralstonia solanacearum	GBBC 539	1994	Belgium:Oud-Turnhout	Solanum tuberosum cv. Bintje	field		cell culture																						ILVO Plant Health - bacteriology, Burg. Van Gansberghelaan 96, 9820 Merelbeke-Melle, Belgium															BCCM/LMG:25605																												
SAMN46495417	GBBC 563	RAL_AA1370AA		GCF_051070525.1	SAMN46495417	Ralstonia solanacearum GBBC 563	46495417	Ralstonia solanacearum	GBBC 563	1995	Belgium:Geel-Aard	Solanum dulcamara			cell culture																						ILVO Plant Health - bacteriology, Burg. Van Gansberghelaan 96, 9820 Merelbeke-Melle, Belgium																																											
SAMN46495418	GBBC 564	RAL_AA1369AA		GCF_051070495.1	SAMN46495418	Ralstonia solanacearum GBBC 564	46495418	Ralstonia solanacearum	GBBC 564	1995	Belgium:Lommel	Solanum dulcamara			cell culture																						ILVO Plant Health - bacteriology, Burg. Van Gansberghelaan 96, 9820 Merelbeke-Melle, Belgium																																											
SAMN46495419	GBBC 569	RAL_AA1368AA		GCF_051070475.1	SAMN46495419	Ralstonia solanacearum GBBC 569	46495419	Ralstonia solanacearum	GBBC 569	1995	Belgium:Lommel	Solanum dulcamara			cell culture																						ILVO Plant Health - bacteriology, Burg. Van Gansberghelaan 96, 9820 Merelbeke-Melle, Belgium																																											
SAMN46495420	GBBC 583	RAL_AA1366AA		GCF_051070415.1	SAMN46495420	Ralstonia solanacearum GBBC 583	46495420	Ralstonia solanacearum	GBBC 583	1996	Belgium:Ravels	Solanum dulcamara			cell culture																						ILVO Plant Health - bacteriology, Burg. Van Gansberghelaan 96, 9820 Merelbeke-Melle, Belgium																																											
SAMN46495421	GBBC 584	RAL_AA1365AA		GCF_051070365.1	SAMN46495421	Ralstonia solanacearum GBBC 584	46495421	Ralstonia solanacearum	GBBC 584	1996	Belgium:Viersel	Solanum dulcamara			cell culture																						ILVO Plant Health - bacteriology, Burg. Van Gansberghelaan 96, 9820 Merelbeke-Melle, Belgium																																											
SAMN46495422	GBBC 587	RAL_AA1364AA		GCF_051070335.1	SAMN46495422	Ralstonia solanacearum GBBC 587	46495422	Ralstonia solanacearum	GBBC 587	1996	Belgium:Brecht	Solanum dulcamara			cell culture																						ILVO Plant Health - bacteriology, Burg. Van Gansberghelaan 96, 9820 Merelbeke-Melle, Belgium																																											
SAMN46495423	GBBC 588	RAL_AA1363AA		GCF_051070315.1	SAMN46495423	Ralstonia solanacearum GBBC 588	46495423	Ralstonia solanacearum	GBBC 588	1996	Belgium:Oud-Turnhout	Solanum dulcamara			cell culture																						ILVO Plant Health - bacteriology, Burg. Van Gansberghelaan 96, 9820 Merelbeke-Melle, Belgium																																											
SAMN46495424	GBBC 589	RAL_AA1362AA		GCF_051070295.1	SAMN46495424	Ralstonia solanacearum GBBC 589	46495424	Ralstonia solanacearum	GBBC 589	1996	Belgium:Sint-Job-in t Goor	Solanum dulcamara			cell culture																						ILVO Plant Health - bacteriology, Burg. Van Gansberghelaan 96, 9820 Merelbeke-Melle, Belgium																																											
SAMN46495425	GBBC 594	RAL_AA1361AA		GCF_051070275.1	SAMN46495425	Ralstonia solanacearum GBBC 594	46495425	Ralstonia solanacearum	GBBC 594	1996	Belgium:Nijlen	Solanum dulcamara			cell culture																						ILVO Plant Health - bacteriology, Burg. Van Gansberghelaan 96, 9820 Merelbeke-Melle, Belgium																																											
SAMN46495426	GBBC 597	RAL_AA1360AA		GCF_051070255.1	SAMN46495426	Ralstonia solanacearum GBBC 597	46495426	Ralstonia solanacearum	GBBC 597	1996	Belgium:Ranst	Solanum dulcamara			cell culture																						ILVO Plant Health - bacteriology, Burg. Van Gansberghelaan 96, 9820 Merelbeke-Melle, Belgium																																											
SAMN46495427	GBBC 599	RAL_AA1359AA		GCF_051070215.1	SAMN46495427	Ralstonia solanacearum GBBC 599	46495427	Ralstonia solanacearum	GBBC 599	1996	Belgium:Lier	Solanum dulcamara			cell culture																						ILVO Plant Health - bacteriology, Burg. Van Gansberghelaan 96, 9820 Merelbeke-Melle, Belgium																																											
SAMN46495428	GBBC 603	RAL_AA1358AA		GCF_051070235.1	SAMN46495428	Ralstonia solanacearum GBBC 603	46495428	Ralstonia solanacearum	GBBC 603	1996	Belgium:Mol-Rauw		river water		cell culture																						ILVO Plant Health - bacteriology, Burg. Van Gansberghelaan 96, 9820 Merelbeke-Melle, Belgium																																											
SAMN46495429	GBBC 604	RAL_AA1357AA		GCF_051070195.1	SAMN46495429	Ralstonia solanacearum GBBC 604	46495429	Ralstonia solanacearum	GBBC 604	1997	Belgium:Westerlo		river water		cell culture																						ILVO Plant Health - bacteriology, Burg. Van Gansberghelaan 96, 9820 Merelbeke-Melle, Belgium																																											
SAMN46495430	GBBC 608	RAL_AA1355AA		GCF_051070175.1	SAMN46495430	Ralstonia solanacearum GBBC 608	46495430	Ralstonia solanacearum	GBBC 608	1997	Belgium:Arendonk		river water		cell culture																						ILVO Plant Health - bacteriology, Burg. Van Gansberghelaan 96, 9820 Merelbeke-Melle, Belgium																																											
SAMN46495431	GBBC 610	RAL_AA1354AA		GCF_051070155.1	SAMN46495431	Ralstonia solanacearum GBBC 610	46495431	Ralstonia solanacearum	GBBC 610	1997	Belgium:Oud-Turnhout		river water		cell culture																						ILVO Plant Health - bacteriology, Burg. Van Gansberghelaan 96, 9820 Merelbeke-Melle, Belgium																																											
SAMN46495432	GBBC 611	RAL_AA1353AA		GCF_051070135.1	SAMN46495432	Ralstonia solanacearum GBBC 611	46495432	Ralstonia solanacearum	GBBC 611	1997	Belgium:Balen		river water		cell culture																						ILVO Plant Health - bacteriology, Burg. Van Gansberghelaan 96, 9820 Merelbeke-Melle, Belgium																																											
SAMN46495433	GBBC 613	RAL_AA1352AA		GCF_051070115.1	SAMN46495433	Ralstonia solanacearum GBBC 613	46495433	Ralstonia solanacearum	GBBC 613	2011	Belgium:Overpelt		river water		cell culture																						ILVO Plant Health - bacteriology, Burg. Van Gansberghelaan 96, 9820 Merelbeke-Melle, Belgium																																											
SAMN46495434	GBBC 620	RAL_AA1351AA		GCF_051070095.1	SAMN46495434	Ralstonia solanacearum GBBC 620	46495434	Ralstonia solanacearum	GBBC 620	1997	Belgium:Geel		river water		cell culture																						ILVO Plant Health - bacteriology, Burg. Van Gansberghelaan 96, 9820 Merelbeke-Melle, Belgium																																											
SAMN46495435	GBBC 623	RAL_AA1350AA		GCF_051070075.1	SAMN46495435	Ralstonia solanacearum GBBC 623	46495435	Ralstonia solanacearum	GBBC 623	2011	Belgium:Kasterlee		river water		cell culture																						ILVO Plant Health - bacteriology, Burg. Van Gansberghelaan 96, 9820 Merelbeke-Melle, Belgium																																											
SAMN46495436	GBBC 624	RAL_AA1349AA		GCF_051070055.1	SAMN46495436	Ralstonia solanacearum GBBC 624	46495436	Ralstonia solanacearum	GBBC 624	2011	Belgium:Kasterlee		river water		cell culture																						ILVO Plant Health - bacteriology, Burg. Van Gansberghelaan 96, 9820 Merelbeke-Melle, Belgium																																											
SAMN46495437	GBBC 627	RAL_AA1348AA		GCF_051070035.1	SAMN46495437	Ralstonia solanacearum GBBC 627	46495437	Ralstonia solanacearum	GBBC 627	2011	Belgium:Kasterlee		river water		cell culture																						ILVO Plant Health - bacteriology, Burg. Van Gansberghelaan 96, 9820 Merelbeke-Melle, Belgium																																											
SAMN46495438	GBBC 629	RAL_AA1347AA		GCF_051070015.1	SAMN46495438	Ralstonia solanacearum GBBC 629	46495438	Ralstonia solanacearum	GBBC 629	2011	Belgium:Retie		river water		cell culture																						ILVO Plant Health - bacteriology, Burg. Van Gansberghelaan 96, 9820 Merelbeke-Melle, Belgium																																											
SAMN46495439	GBBC 630	RAL_AA1346AA		GCF_051069995.1	SAMN46495439	Ralstonia solanacearum GBBC 630	46495439	Ralstonia solanacearum	GBBC 630	2011	Belgium:Retie		river water		cell culture																						ILVO Plant Health - bacteriology, Burg. Van Gansberghelaan 96, 9820 Merelbeke-Melle, Belgium																																											
SAMN46495440	GBBC 631	RAL_AA1344AA		GCF_051069975.1	SAMN46495440	Ralstonia solanacearum GBBC 631	46495440	Ralstonia solanacearum	GBBC 631	2011	Belgium:Retie		river water		cell culture																						ILVO Plant Health - bacteriology, Burg. Van Gansberghelaan 96, 9820 Merelbeke-Melle, Belgium																																											
SAMN46495441	GBBC 632	RAL_AA1343AA		GCF_051069955.1	SAMN46495441	Ralstonia solanacearum GBBC 632	46495441	Ralstonia solanacearum	GBBC 632	2011	Belgium:Westerlo		river water		cell culture																						ILVO Plant Health - bacteriology, Burg. Van Gansberghelaan 96, 9820 Merelbeke-Melle, Belgium																																											
SAMN46495442	GBBC 665	RAL_AA1342AA		GCF_051069935.1	SAMN46495442	Ralstonia solanacearum GBBC 665	46495442	Ralstonia solanacearum	GBBC 665	1999	Belgium:Heppeneert	Solanum tuberosum cv. Ukama			cell culture																						ILVO Plant Health - bacteriology, Burg. Van Gansberghelaan 96, 9820 Merelbeke-Melle, Belgium																																											
SAMN46495443	GBBC 666	RAL_AA1341AA		GCF_051069915.1	SAMN46495443	Ralstonia solanacearum GBBC 666	46495443	Ralstonia solanacearum	GBBC 666	1999	Belgium:Lo-Reninge	Solanum tuberosum cv. Bintje			cell culture																						ILVO Plant Health - bacteriology, Burg. Van Gansberghelaan 96, 9820 Merelbeke-Melle, Belgium																																											
SAMN46495444	GBBC 667	RAL_AA1340AA		GCF_051069895.1	SAMN46495444	Ralstonia solanacearum GBBC 667	46495444	Ralstonia solanacearum	GBBC 667	1999	Belgium:Heppeneert	Solanum tuberosum cv. Nicola			cell culture																						ILVO Plant Health - bacteriology, Burg. Van Gansberghelaan 96, 9820 Merelbeke-Melle, Belgium																																											
SAMN46495445	GBBC 668	RAL_AA1339AA		GCF_051069875.1	SAMN46495445	Ralstonia solanacearum GBBC 668	46495445	Ralstonia solanacearum	GBBC 668	1999	Belgium:Heppeneert	Solanum tuberosum cv. Ukama			cell culture																						ILVO Plant Health - bacteriology, Burg. Van Gansberghelaan 96, 9820 Merelbeke-Melle, Belgium																																											
SAMN46495446	GBBC 669	RAL_AA1338AA		GCF_051069855.1	SAMN46495446	Ralstonia solanacearum GBBC 669	46495446	Ralstonia solanacearum	GBBC 669	1999	Belgium:Heppeneert	Solanum tuberosum cv. Bintje			cell culture																						ILVO Plant Health - bacteriology, Burg. Van Gansberghelaan 96, 9820 Merelbeke-Melle, Belgium																																											
SAMN46495447	GBBC 670	RAL_AA1337AA		GCF_051069835.1	SAMN46495447	Ralstonia solanacearum GBBC 670	46495447	Ralstonia solanacearum	GBBC 670	1999	Belgium:Heppeneert	Solanum tuberosum cv. Victoria			cell culture																						ILVO Plant Health - bacteriology, Burg. Van Gansberghelaan 96, 9820 Merelbeke-Melle, Belgium															BCCM/LMG:25607																												
SAMN46495448	GBBC 671	RAL_AA1336AA		GCF_051069815.1	SAMN46495448	Ralstonia solanacearum GBBC 671	46495448	Ralstonia solanacearum	GBBC 671	1999	Belgium:Heppeneert	Solanum tuberosum cv. Fresco			cell culture																						ILVO Plant Health - bacteriology, Burg. Van Gansberghelaan 96, 9820 Merelbeke-Melle, Belgium																																											
SAMN46495449	GBBC 672	RAL_AA1335AA		GCF_051069795.1	SAMN46495449	Ralstonia solanacearum GBBC 672	46495449	Ralstonia solanacearum	GBBC 672	1999	Belgium:Heppeneert		river water		cell culture																						ILVO Plant Health - bacteriology, Burg. Van Gansberghelaan 96, 9820 Merelbeke-Melle, Belgium																																											
SAMN46495450	GBBC 676	RAL_AA1333AA		GCF_051069775.1	SAMN46495450	Ralstonia solanacearum GBBC 676	46495450	Ralstonia solanacearum	GBBC 676	1999	Belgium:Heppeneert		river water		cell culture																						ILVO Plant Health - bacteriology, Burg. Van Gansberghelaan 96, 9820 Merelbeke-Melle, Belgium																																											
SAMN46495451	GBBC 679	RAL_AA1332AA		GCF_051069755.1	SAMN46495451	Ralstonia solanacearum GBBC 679	46495451	Ralstonia solanacearum	GBBC 679	1999	Belgium:Mol-Postel	Solanum tuberosum cv. Russet Burbank			cell culture																						ILVO Plant Health - bacteriology, Burg. Van Gansberghelaan 96, 9820 Merelbeke-Melle, Belgium																																											
SAMN46495452	GBBC 680	RAL_AA1331AA		GCF_051069715.1	SAMN46495452	Ralstonia solanacearum GBBC 680	46495452	Ralstonia solanacearum	GBBC 680	1999	Belgium:Mol-Postel	Solanum tuberosum cv. Russet Burbank			cell culture																						ILVO Plant Health - bacteriology, Burg. Van Gansberghelaan 96, 9820 Merelbeke-Melle, Belgium																																											
SAMN46495453	GBBC 681	RAL_AA1330AA		GCF_051069735.1	SAMN46495453	Ralstonia solanacearum GBBC 681	46495453	Ralstonia solanacearum	GBBC 681	1999	Belgium:Heppeneert	Solanum tuberosum cv. Corine			cell culture																						ILVO Plant Health - bacteriology, Burg. Van Gansberghelaan 96, 9820 Merelbeke-Melle, Belgium																																											
SAMN46495454	GBBC 682	RAL_AA1329AA		GCF_051069695.1	SAMN46495454	Ralstonia solanacearum GBBC 682	46495454	Ralstonia solanacearum	GBBC 682	1999	Belgium:Mol-Postel	Solanum tuberosum cv. Felsina			cell culture																						ILVO Plant Health - bacteriology, Burg. Van Gansberghelaan 96, 9820 Merelbeke-Melle, Belgium																																											
SAMN46495455	GBBC 683	RAL_AA1328AA		GCF_051069675.1	SAMN46495455	Ralstonia solanacearum GBBC 683	46495455	Ralstonia solanacearum	GBBC 683	1999	Belgium:Mol-Postel	Solanum tuberosum cv. Russet Burbank			cell culture																						ILVO Plant Health - bacteriology, Burg. Van Gansberghelaan 96, 9820 Merelbeke-Melle, Belgium																																											
SAMN46495456	GBBC 761	RAL_AA1327AA		GCF_051069655.1	SAMN46495456	Ralstonia solanacearum GBBC 761	46495456	Ralstonia solanacearum	GBBC 761	2002	Belgium:Brecht		river water		cell culture																						ILVO Plant Health - bacteriology, Burg. Van Gansberghelaan 96, 9820 Merelbeke-Melle, Belgium																																											
SAMN46495457	GBBC 762	RAL_AA1326AA		GCF_051069635.1	SAMN46495457	Ralstonia solanacearum GBBC 762	46495457	Ralstonia solanacearum	GBBC 762	2002	Belgium:Rijkevorsel	Solanum dulcamara			cell culture																						ILVO Plant Health - bacteriology, Burg. Van Gansberghelaan 96, 9820 Merelbeke-Melle, Belgium																																											
SAMN46495458	GBBC 764	RAL_AA1325AA		GCF_051069595.1	SAMN46495458	Ralstonia solanacearum GBBC 764	46495458	Ralstonia solanacearum	GBBC 764	2002	Belgium:Geel	Solanum dulcamara			cell culture																						ILVO Plant Health - bacteriology, Burg. Van Gansberghelaan 96, 9820 Merelbeke-Melle, Belgium																																											
SAMN46495459	GBBC 765	RAL_AA1324AA		GCF_051069615.1	SAMN46495459	Ralstonia solanacearum GBBC 765	46495459	Ralstonia solanacearum	GBBC 765	2002	Belgium:Lommel		river water		cell culture																						ILVO Plant Health - bacteriology, Burg. Van Gansberghelaan 96, 9820 Merelbeke-Melle, Belgium																																											
SAMN46495460	GBBC 767	RAL_AA1322AA		GCF_051069575.1	SAMN46495460	Ralstonia solanacearum GBBC 767	46495460	Ralstonia solanacearum	GBBC 767	2002	Belgium:Mol-Postel		river water		cell culture																						ILVO Plant Health - bacteriology, Burg. Van Gansberghelaan 96, 9820 Merelbeke-Melle, Belgium																																											
SAMN46495461	GBBC 779	RAL_AA1321AA		GCF_051069535.1	SAMN46495461	Ralstonia solanacearum GBBC 779	46495461	Ralstonia solanacearum	GBBC 779	2002	Belgium:Mol-Postel	Solanum dulcamara			cell culture																						ILVO Plant Health - bacteriology, Burg. Van Gansberghelaan 96, 9820 Merelbeke-Melle, Belgium																																											
SAMN46987973	1449-11/2017	RAL_AA1000AA		GCF_048287215.1	SAMN46987973	Ralstonia_pseudosolanacearum_PD_8578	46987973	Ralstonia pseudosolanacearum	1449-11/2017	2017	Hungary: Somogy county	Solanum tuberosum		not provided		Under submission			ENVO:00000114	https://doi.org/10.1111/epp.12837	1	PO:0009002	PO:0000003|PO:0025522																	4113																																								
SAMN46987974	1451-11/2017	RAL_AA0999AA		GCF_048287255.1	SAMN46987974	Ralstonia_pseudosolanacearum_PD_8579	46987974	Ralstonia pseudosolanacearum	1451-11/2017	2017	Hungary: Somogy county	Solanum tuberosum		not provided		Under submission			ENVO:00000114	https://doi.org/10.1111/epp.12837	1	PO:0009002	PO:0000003|PO:0025522																	4113																																								
SAMN46987975	1452-11/2017	RAL_AA0998AA		GCF_048287175.1	SAMN46987975	Ralstonia_pseudosolanacearum_PD_8580	46987975	Ralstonia pseudosolanacearum	1452-11/2017	2017	Hungary: Somogy county	Solanum tuberosum		not provided		Under submission			ENVO:00000114	https://doi.org/10.1111/epp.12837	1	PO:0009002	PO:0000003|PO:0025522																	4113																																								
SAMN46987976	1453-11/2017	RAL_AA0996AA		GCF_048287195.1	SAMN46987976	Ralstonia_pseudosolanacearum_PD_8581	46987976	Ralstonia pseudosolanacearum	1453-11/2017	2017	Hungary: Somogy county	Solanum tuberosum		not provided		Under submission			ENVO:00000114	https://doi.org/10.1111/epp.12837	1	PO:0009002	PO:0000003|PO:0025522																	4113																																								
SAMN46987977	1454-11/2017	RAL_AA0995AA		GCF_048287315.1	SAMN46987977	Ralstonia_pseudosolanacearum_PD_8582	46987977	Ralstonia pseudosolanacearum	1454-11/2017	2017	Hungary: Somogy county	Solanum tuberosum		not provided		Under submission			ENVO:00000114	https://doi.org/10.1111/epp.12837	1	PO:0009002	PO:0000003|PO:0025522																	4113																																								
SAMN46987978	1455-11/2017	RAL_AA1019AA		GCF_048287295.1	SAMN46987978	Ralstonia_pseudosolanacearum_24.0262	46987978	Ralstonia pseudosolanacearum	1455-11/2017	2017	Hungary: Somogy county	Solanum tuberosum		not provided		Under submission			ENVO:00000114	https://doi.org/10.1111/epp.12837	1	PO:0009002	PO:0000003|PO:0025522																	4113																																								
SAMN46987979	508-11/2022	RAL_AA1007AA		GCF_048287155.1	SAMN46987979	Ralstonia_pseudosolanacearum_PD_8397	46987979	Ralstonia pseudosolanacearum	508-11/2022	2022	Hungary: Hajdu Bihar county	not applicable		not provided		Under submission			ENVO:00002042	https://doi.org/10.1111/epp.12837	1	not provided	not provided																																																									
SAMN46987980	518-11/2022	RAL_AA1006AA		GCF_048287235.1	SAMN46987980	Ralstonia_pseudosolanacearum_PD_8398	46987980	Ralstonia pseudosolanacearum	518-11/2022	2022	Hungary: Szolnok county	not applicable		not provided		Under submission			ENVO:00002042	https://doi.org/10.1111/epp.12837	1	not provided	not provided																																																									
SAMN46987981	573-11/2022	RAL_AA1005AA		GCF_048287335.1	SAMN46987981	Ralstonia_pseudosolanacearum_PD_8399	46987981	Ralstonia pseudosolanacearum	573-11/2022	2022	Hungary: Zala county	not applicable		not provided		Under submission			ENVO:00002042	https://doi.org/10.1111/epp.12837	1	not provided	not provided																																																									
SAMN46987982	AGQB#103	RAL_AA0992AA		GCF_048287275.1	SAMN46987982	Ralstonia_pseudosolanacearum_PD_8587	46987982	Ralstonia pseudosolanacearum	AGQB#103	2023	China	Zingiber officinale		not provided		Under submission			ENVO:00005780	https://doi.org/10.1111/epp.12837	1	PO:0009002	PO:0004542																	94328																																								
SAMN46987983	AGQB#119	RAL_AA0991AA		GCF_048285085.1	SAMN46987983	Ralstonia_pseudosolanacearum_PD_8588	46987983	Ralstonia pseudosolanacearum	AGQB#119	2023	Viet Nam	Curcuma longa		not provided		Under submission			ENVO:00005780	https://doi.org/10.1111/epp.12837	1	PO:0009002	PO:0004542																	136217																																								
SAMN46987984	AGQB#125	RAL_AA0990AA		GCF_048285455.1	SAMN46987984	Ralstonia_pseudosolanacearum_PD_8589	46987984	Ralstonia pseudosolanacearum	AGQB#125	2024	China	Zingiber officinale		not provided		Under submission			ENVO:00005780	https://doi.org/10.1111/epp.12837	1	PO:0009002	PO:0004542																	94328																																								
SAMN46987985	AGQB#27	RAL_AA1013AA		GCF_048285555.1	SAMN46987985	Ralstonia_pseudosolanacearum_PD_8383	46987985	Ralstonia pseudosolanacearum	AGQB#27	2021	Peru	Zingiber officinale		not provided		Under submission			IAO:0000412	https://doi.org/10.1111/epp.12837	1	PO:0009002	PO:0004542																	94328																																								
SAMN46987986	AGQB#45	RAL_AA1012AA		GCF_048285135.1	SAMN46987986	Ralstonia_pseudosolanacearum_PD_8384	46987986	Ralstonia pseudosolanacearum	AGQB#45	2021	Costa Rica	Curcuma longa		not provided		Under submission			IAO:0000412	https://doi.org/10.1111/epp.12837	1	PO:0009002	PO:0004542																	136217																																								
SAMN46987987	AGQB#48	RAL_AA1011AA		GCF_048284515.1	SAMN46987987	Ralstonia_pseudosolanacearum_PD_8385	46987987	Ralstonia pseudosolanacearum	AGQB#48	2022	India	Curcuma longa		not provided		Under submission			IAO:0000412	https://doi.org/10.1111/epp.12837	1	PO:0009002	PO:0004542																	136217																																								
SAMN46987988	AGQB#49	RAL_AA1010AA		GCF_048285075.1	SAMN46987988	Ralstonia_pseudosolanacearum_PD_8386	46987988	Ralstonia pseudosolanacearum	AGQB#49	2022	Peru	Zingiber officinale		not provided		Under submission			IAO:0000412	https://doi.org/10.1111/epp.12837	1	PO:0009002	PO:0004542																	94328																																								
SAMN46987989	AGQB#54	RAL_AA1009AA		GCF_048286315.1	SAMN46987989	Ralstonia_pseudosolanacearum_PD_8387	46987989	Ralstonia pseudosolanacearum	AGQB#54	2022	Thailand	Zingiber officinale		not provided		Under submission			IAO:0000412	https://doi.org/10.1111/epp.12837	1	PO:0009002	PO:0004542																	94328																																								
SAMN46987990	AGQB#82	RAL_AA0994AA		GCF_048286375.1	SAMN46987990	Ralstonia_pseudosolanacearum_PD_8585	46987990	Ralstonia pseudosolanacearum	AGQB#82	2022	Bangladesh	Curcuma longa		not provided		Under submission			ENVO:00005780	https://doi.org/10.1111/epp.12837	1	PO:0009002	PO:0004542																	136217																																								
SAMN46987991	AGQB#99	RAL_AA0993AA		GCF_048286435.1	SAMN46987991	Ralstonia_pseudosolanacearum_PD_8586	46987991	Ralstonia pseudosolanacearum	AGQB#99	2023	Thailand	Curcuma longa		not provided		Under submission			ENVO:00005780	https://doi.org/10.1111/epp.12837	1	PO:0009002	PO:0004542																	136217																																								
SAMN46987992	CLFF/3806/22	RAL_AA1030AA		GCF_048285755.1	SAMN46987992	Ralstonia_pseudosolanacearum_22.0962	46987992	Ralstonia pseudosolanacearum	CLFF/3806/22	2022	Poland	Rosa sp.		not provided		Under submission			ENVO:03600087	https://doi.org/10.1111/epp.12837	1	PO:0009002	PO:0009006																	3764																																								
SAMN46987993	CREA-DC 2104 (I2116)	RAL_AA1015AA		GCF_048285735.1	SAMN46987993	Ralstonia_pseudosolanacearum_PD_8362	46987993	Ralstonia pseudosolanacearum	CREA-DC 2104 (I2116)	2021	Italy: Emilia-Romagna, province of Parma	Solanum lycopersicum		not provided		Under submission			ENVO:00000114	https://doi.org/10.1111/epp.12837	1	PO:0009002	PO:0000003																	4081																																								
SAMN46987994	CREA-DC 2105 (I2120)	RAL_AA1014AA		GCF_048285175.1	SAMN46987994	Ralstonia_pseudosolanacearum_PD_8363	46987994	Ralstonia pseudosolanacearum	CREA-DC 2105 (I2120)	2021	Italy: Emilia-Romagna, province of Parma	Solanum lycopersicum		not provided		Under submission			ENVO:00000114	https://doi.org/10.1111/epp.12837	1	PO:0009002	PO:0000003																	4081																																								
SAMN46987995	NIB Z 3683	RAL_AA0987AA		GCF_048285795.1	SAMN46987995	Ralstonia_pseudosolanacearum_PD_8592	46987995	Ralstonia pseudosolanacearum	NIB Z 3683	2023	Peru	Zingiber officinale		not provided		Under submission			ENVO:00005780	https://doi.org/10.1111/epp.12837	1	PO:0009002	PO:0004542																	94328																																								
SAMN46987996	PD 2272	RAL_AA0997AA		GCF_048285365.1	SAMN46987996	Ralstonia_pseudosolanacearum_PD_2272	46987996	Ralstonia pseudosolanacearum	PD 2272	1993	missing	Curcuma longa		not provided		Under submission			IAO:0000412	https://doi.org/10.1111/epp.12837	1	PO:0009002	PO:0004542																	136217																																								
SAMN46987997	PD 3196	RAL_AA0986AA		GCF_048285385.1	SAMN46987997	Ralstonia_pseudosolanacearum_PD_3196	46987997	Ralstonia pseudosolanacearum	PD 3196	1997	missing	Curcuma longa		not provided		Under submission			IAO:0000412	https://doi.org/10.1111/epp.12837	1	PO:0009002	PO:0004542																	136217																																								
SAMN46987998	PD 3597	RAL_AA0985AA		GCF_048285775.1	SAMN46987998	Ralstonia_pseudosolanacearum_PD_3597	46987998	Ralstonia pseudosolanacearum	PD 3597	1999	Kenya	Solanum lycopersicum		not provided		Under submission			IAO:0000412	https://doi.org/10.1111/epp.12837	1	PO:0009002	PO:0000003																	4081																																								
SAMN46987999	PD 3822	RAL_AA0984AA		GCF_048284565.1	SAMN46987999	Ralstonia_pseudosolanacearum_PD_3822	46987999	Ralstonia pseudosolanacearum	PD 3822	2000	South Africa	Curcuma alismatifolia		not provided		Under submission			IAO:0000412	https://doi.org/10.1111/epp.12837	1	PO:0009002	PO:0000003																	251764																																								
SAMN46988000	PD 4138	RAL_AA0983AA		GCF_048285195.1	SAMN46988000	Ralstonia_pseudosolanacearum_PD_4138	46988000	Ralstonia pseudosolanacearum	PD 4138	2001	missing	Curcuma longa		not provided		Under submission			IAO:0000412	https://doi.org/10.1111/epp.12837	1	PO:0009002	PO:0004542																	136217																																								
SAMN46988001	PD 4190	RAL_AA0982AA		GCF_048285315.1	SAMN46988001	Ralstonia_pseudosolanacearum_PD_4190	46988001	Ralstonia pseudosolanacearum	PD 4190	2001	Philippines	Momordica charantia		not provided		Under submission			IAO:0000412	https://doi.org/10.1111/epp.12837	1	PO:0009002	PO:0000003																	3673																																								
SAMN46988002	PD 5415	RAL_AA1029AA		GCF_048285475.1	SAMN46988002	Ralstonia_pseudosolanacearum_PD_5415	46988002	Ralstonia pseudosolanacearum	PD 5415	2006	Ghana	Anthurium andraeanum		not provided		Under submission			IAO:0000412	https://doi.org/10.1111/epp.12837	1	PO:0009002	PO:0000003																	226677																																								
SAMN46988003	PD 5537	RAL_AA1028AA		GCF_048286355.1	SAMN46988003	Ralstonia_pseudosolanacearum_PD_5537	46988003	Ralstonia pseudosolanacearum	PD 5537	2008	Israel	Curcuma sp.		not provided		Under submission			IAO:0000412	https://doi.org/10.1111/epp.12837	1	PO:0009002	PO:0000003																	99568																																								
SAMN46988004	PD 5777	RAL_AA1027AA		GCF_048285505.1	SAMN46988004	Ralstonia_pseudosolanacearum_PD_5777	46988004	Ralstonia pseudosolanacearum	PD 5777	2009	Thailand	Curcuma sp.		not provided		Under submission			IAO:0000412	https://doi.org/10.1111/epp.12837	1	PO:0009002	PO:0000003																	99568																																								
SAMN46988005	PD 7098	RAL_AA1026AA		GCF_048285235.1	SAMN46988005	Ralstonia_pseudosolanacearum_PD_7098	46988005	Ralstonia pseudosolanacearum	PD 7098	2015	missing	Curcuma sp.		not provided		Under submission			IAO:0000412	https://doi.org/10.1111/epp.12837	1	PO:0009002	PO:0000003																	99568																																								
SAMN46988006				GCF_048285495.1	SAMN46988006	Ralstonia_pseudosolanacearum_PD_7123	46988006	Ralstonia pseudosolanacearum	PD 7123	2015	Netherlands	Rosa sp.		not provided		Under submission			ENVO:03600087	https://doi.org/10.1111/epp.12837	1	PO:0009002	PO:0000003																	3764																																								
SAMN46988007	PD 7413	RAL_AA1024AA		GCF_048284555.1	SAMN46988007	Ralstonia_pseudosolanacearum_PD_7413	46988007	Ralstonia pseudosolanacearum	PD 7413	2018	Russia	Rosa sp.		not provided		Under submission			IAO:0000412	https://doi.org/10.1111/epp.12837	1	PO:0009002	PO:0000003																	3764																																								
SAMN46988008	PD 7424	RAL_AA1023AA		GCF_048284535.1	SAMN46988008	Ralstonia_pseudosolanacearum_PD_7424	46988008	Ralstonia pseudosolanacearum	PD 7424	2018	Russia	Rosa sp.		not provided		Under submission			IAO:0000412	https://doi.org/10.1111/epp.12837	1	PO:0009002	PO:0000003																	3764																																								
SAMN46988009	PD 7901	RAL_AA1022AA		GCF_048285265.1	SAMN46988009	Ralstonia_pseudosolanacearum_PD_7901	46988009	Ralstonia pseudosolanacearum	PD 7901	2020	Netherlands: Overijssel	not applicable		not provided		Under submission			ENVO:00002042	https://doi.org/10.1111/epp.12837	1	not provided	not provided																																																									
SAMN46988010	PD 7902	RAL_AA1021AA		GCF_048284545.1	SAMN46988010	Ralstonia_pseudosolanacearum_PD_7902	46988010	Ralstonia pseudosolanacearum	PD 7902	2020	Netherlands: Utrecht province	not applicable		not provided		Under submission			ENVO:00002042	https://doi.org/10.1111/epp.12837	1	not provided	not provided																																																									
SAMN46988011	PD 8114	RAL_AA1020AA		GCF_048286335.1	SAMN46988011	Ralstonia_pseudosolanacearum_PD_8114	46988011	Ralstonia pseudosolanacearum	PD 8114	2021	Netherlands: Overijssel	not applicable		not provided		Under submission			ENVO:00002042	https://doi.org/10.1111/epp.12837	1	not provided	not provided																																																									
SAMN46988012	PD 8131	RAL_AA1018AA		GCF_048285285.1	SAMN46988012	Ralstonia_pseudosolanacearum_PD_8131	46988012	Ralstonia pseudosolanacearum	PD 8131	2021	Netherlands: Utrecht province	not applicable		not provided		Under submission			ENVO:00002042	https://doi.org/10.1111/epp.12837	1	not provided	not provided																																																									
SAMN46988013	PD 8157	RAL_AA1017AA		GCF_048284485.1	SAMN46988013	Ralstonia_pseudosolanacearum_PD_8157	46988013	Ralstonia pseudosolanacearum	PD 8157	2021	Netherlands: Utrecht province	Solanum dulcamara		not provided		Under submission			ENVO:03501239	https://doi.org/10.1111/epp.12837	1	PO:0009002	PO:0000003																	45834																																								
SAMN46988014	PD 8184	RAL_AA1016AA		GCF_048285185.1	SAMN46988014	Ralstonia_pseudosolanacearum_PD_8184	46988014	Ralstonia pseudosolanacearum	PD 8184	2021	Netherlands: Overijssel	Solanum dulcamara		not provided		Under submission			ENVO:03501239	https://doi.org/10.1111/epp.12837	1	PO:0009002	PO:0000003																	45834																																								
SAMN46988015	PD 8473	RAL_AA1004AA		GCF_048285845.1	SAMN46988015	Ralstonia_pseudosolanacearum_PD_8473	46988015	Ralstonia pseudosolanacearum	PD 8473	2023	Netherlands: Friesland	not applicable		not provided		Under submission			ENVO:00002042	https://doi.org/10.1111/epp.12837	1	not provided	not provided																																																									
SAMN46988016	PD 8575	RAL_AA1001AA		GCF_048285155.1	SAMN46988016	Ralstonia_pseudosolanacearum_PD_8575	46988016	Ralstonia pseudosolanacearum	PD 8575	2014	missing	Curcuma sp.		not provided		Under submission			IAO:0000412	https://doi.org/10.1111/epp.12837	1	PO:0009002	not provided																	99568																																								
SAMN46988017	PD 8621	RAL_AA1008AA		GCF_048285815.1	SAMN46988017	Ralstonia_pseudosolanacearum_24.0508	46988017	Ralstonia pseudosolanacearum	PD 8621	2024	Peru	Zingiber officinale		not provided		Under submission			IAO:0000412	https://doi.org/10.1111/epp.12837	1	PO:0009002	PO:0004542																	94328																																								
SAMN46988018	RC5-2 CH	RAL_AA1003AA		GCF_048285485.1	SAMN46988018	Ralstonia_pseudosolanacearum_PD_8547	46988018	Ralstonia pseudosolanacearum	RC5-2 CH	2023	Peru	Zingiber officinale		not provided		Under submission			ENVO:00005780	https://doi.org/10.1111/epp.12837	1	PO:0009002	PO:0004542																	94328																																								
SAMN46988019	Rpseud-SA1	RAL_AA0989AA		GCF_048285395.1	SAMN46988019	Ralstonia_pseudosolanacearum_PD_8590	46988019	Ralstonia pseudosolanacearum	Rpseud-SA1	2021	Greece	Rosa sp.		not provided		Under submission			ENVO:03600087	https://doi.org/10.1111/epp.12837	1	PO:0009002	PO:0000003																	3764																																								
SAMN46988020	Rpseud-SP3	RAL_AA0988AA		GCF_048285375.1	SAMN46988020	Ralstonia_pseudosolanacearum_PD_8591	46988020	Ralstonia pseudosolanacearum	Rpseud-SP3	2021	Greece	Rosa sp.		not provided		Under submission			ENVO:03600087	https://doi.org/10.1111/epp.12837	1	PO:0009002	PO:0000003																	3764																																								
SAMN46988021	toru/5623/16	RAL_AA1031AA		GCF_048285255.1	SAMN46988021	Ralstonia_pseudosolanacearum_22.0960	46988021	Ralstonia pseudosolanacearum	toru/5623/16	2016	Poland	Rosa sp.		not provided		Under submission			ENVO:03600087	https://doi.org/10.1111/epp.12837	1	PO:0009002	PO:0009006																	3764																																								
SAMN46988022	UW640	RAL_AA1002AA		GCF_048285355.1	SAMN46988022	Ralstonia_pseudosolanacearum_PD_8563	46988022	Ralstonia pseudosolanacearum	UW640	missing	Australia	Zingiber officinale		not provided		Under submission			missing	https://doi.org/10.1111/epp.12837	1	PO:0009002	PO:0004542																	94328																																								
SAMN47071776				GCF_049726525.1	SAMN47071776	Ralstonia_pseudosolanacearum_PD_1255	47071776	Ralstonia pseudosolanacearum	PD 1255	1988	France: Reunion island	Anthurium andraeanum		not provided		Under submission			IAO:0000412	https://doi.org/10.1111/epp.12837	1	PO:0009002	PO:0000003																	226677																																								
SAMN47071777				GCF_049726545.1	SAMN47071777	Ralstonia_pseudosolanacearum_PD_1256	47071777	Ralstonia pseudosolanacearum	PD 1256	1988	France: Reunion island	Solanum melongena		not provided		Under submission			IAO:0000412	https://doi.org/10.1111/epp.12837	1	PO:0009002	PO:0000003																	4111																																								
SAMN47071778				GCF_049726445.1	SAMN47071778	Ralstonia_pseudosolanacearum_PD_1419	47071778	Ralstonia pseudosolanacearum	PD 1419	1989	Japan	Solanum tuberosum		not provided		Under submission			IAO:0000412	https://doi.org/10.1111/epp.12837	1	PO:0009002	PO:0000003|PO:0025522																	4113																																								
SAMN47071779				GCF_049726405.1	SAMN47071779	Ralstonia_pseudosolanacearum_PD_3205	47071779	Ralstonia pseudosolanacearum	PD 3205	1997	Philippines	Anthurium andraeanum		not provided		Under submission			IAO:0000412	https://doi.org/10.1111/epp.12837	1	PO:0009002	PO:0000003																	226677																																								
SAMN47071780				GCF_049726425.1	SAMN47071780	Ralstonia_pseudosolanacearum_PD_3278	47071780	Ralstonia pseudosolanacearum	PD 3278	1998	China	Morus		not provided		Under submission			IAO:0000412	https://doi.org/10.1111/epp.12837	1	PO:0009002	PO:0000003																	3497																																								
SAMN47071781				GCF_049726345.1	SAMN47071781	Ralstonia_pseudosolanacearum_PD_3570	47071781	Ralstonia pseudosolanacearum	PD 3570	1999	Thailand	Curcuma longa		not provided		Under submission			IAO:0000412	https://doi.org/10.1111/epp.12837	1	PO:0009002	PO:0000003																	136217																																								
SAMN47071782				GCF_049726275.1	SAMN47071782	Ralstonia_pseudosolanacearum_PD_3634	47071782	Ralstonia pseudosolanacearum	PD 3634	1999	Kenya	Solanum tuberosum		not provided		Under submission			IAO:0000412	https://doi.org/10.1111/epp.12837	1	PO:0009002	PO:0000003|PO:0025522																	4113																																								
SAMN47621265	NCSU_Rs32	RAL_AA1060AA		GCF_049803935.1	SAMN47621265	Microbe sample from Ralstonia solanacearum	47621265	Ralstonia solanacearum	NCSU_Rs32	2012	USA: North Carolina	tomato	Agricultural field		Cell culture																						Frank Louws, NCSU																				Prem Magar																Stem							
SAMN47621266				GCF_049803945.1	SAMN47621266	Microbe sample from Ralstonia solanacearum	47621266	Ralstonia solanacearum	NCSU_Rs45488	2023	USA: North Carolina	tomato	Agricultural field		Cell culture																						Frank Louws, NCSU																				Prem Magar																Stem							
SAMN47621267	NCSU_RsMR-FL01	RAL_AA1058AA		GCF_049803955.1	SAMN47621267	Microbe sample from Ralstonia solanacearum	47621267	Ralstonia solanacearum	NCSU_RsMR-FL01	2023	USA: North Carolina	tomato	Agricultural field		Cell culture																						Frank Louws, NCSU																				Prem Magar																Stem							
SAMN47852649	GBBC 3592	RAL_AA1318AA		GCF_051068995.1	SAMN47852649	GBBC3592	47852649	Ralstonia solanacearum	GBBC 3592	2024	Belgium:Lommel		river water		cell culture		Johan Van Vaerenbergh																				ILVO Plant Health - bacteriology, Burg. Van Gansberghelaan 96, 9820 Merelbeke-Melle, Belgium																																											
SAMN47852650	GBBC 3593	RAL_AA1317AA		GCF_051068955.1	SAMN47852650	GBBC3593	47852650	Ralstonia solanacearum	GBBC 3593	2024	Belgium:Mol		river water		cell culture		Johan Van Vaerenbergh																				ILVO Plant Health - bacteriology, Burg. Van Gansberghelaan 96, 9820 Merelbeke-Melle, Belgium																																											
SAMN47852651	GBBC 3594	RAL_AA1316AA		GCF_051068935.1	SAMN47852651	GBBC3594	47852651	Ralstonia solanacearum	GBBC 3594	2024	Belgium:Mol		river water		cell culture		Johan Van Vaerenbergh																				ILVO Plant Health - bacteriology, Burg. Van Gansberghelaan 96, 9820 Merelbeke-Melle, Belgium																																											
SAMN47852652	GBBC 3595	RAL_AA1315AA		GCF_051068915.1	SAMN47852652	GBBC3595	47852652	Ralstonia solanacearum	GBBC 3595	2024	Belgium:Lommel		river water		cell culture		Johan Van Vaerenbergh																				ILVO Plant Health - bacteriology, Burg. Van Gansberghelaan 96, 9820 Merelbeke-Melle, Belgium																																											
SAMN47852653	GBBC 3596	RAL_AA1314AA		GCF_051068895.1	SAMN47852653	GBBC3596	47852653	Ralstonia solanacearum	GBBC 3596	2024	Belgium:Maaseik		river water		cell culture		Johan Van Vaerenbergh																				ILVO Plant Health - bacteriology, Burg. Van Gansberghelaan 96, 9820 Merelbeke-Melle, Belgium																																											
SAMN47852654	GBBC 3597	RAL_AA1313AA		GCF_051068855.1	SAMN47852654	GBBC3597	47852654	Ralstonia solanacearum	GBBC 3597	2024	Belgium:Maaseik		river water		cell culture		Johan Van Vaerenbergh																				ILVO Plant Health - bacteriology, Burg. Van Gansberghelaan 96, 9820 Merelbeke-Melle, Belgium																																											
SAMN47852655	GBBC 3598	RAL_AA1312AA		GCF_051068875.1	SAMN47852655	GBBC3598	47852655	Ralstonia solanacearum	GBBC 3598	2024	Belgium:Hamont-Achel		river water		cell culture		Johan Van Vaerenbergh																				ILVO Plant Health - bacteriology, Burg. Van Gansberghelaan 96, 9820 Merelbeke-Melle, Belgium																																											
SAMN47852656	GBBC 3599	RAL_AA1311AA		GCF_051068835.1	SAMN47852656	GBBC3599	47852656	Ralstonia solanacearum	GBBC 3599	2024	Belgium:Hamont-Achel		river water		cell culture		Johan Van Vaerenbergh																				ILVO Plant Health - bacteriology, Burg. Van Gansberghelaan 96, 9820 Merelbeke-Melle, Belgium																																											
SAMN47852657	GBBC 3601	RAL_AA1310AA		GCF_051068815.1	SAMN47852657	GBBC3601	47852657	Ralstonia solanacearum	GBBC 3601	2024	Belgium:Hamont-Achel		river water		cell culture		Johan Van Vaerenbergh																				ILVO Plant Health - bacteriology, Burg. Van Gansberghelaan 96, 9820 Merelbeke-Melle, Belgium																																											
SAMN47852658	GBBC 3603	RAL_AA1309AA		GCF_051068795.1	SAMN47852658	GBBC3603	47852658	Ralstonia solanacearum	GBBC 3603	2024	Belgium:Zandhoven	Solanum dulcamara			cell culture		Johan Van Vaerenbergh																				ILVO Plant Health - bacteriology, Burg. Van Gansberghelaan 96, 9820 Merelbeke-Melle, Belgium																																											
SAMN47852659	GBBC 3604	RAL_AA1308AA		GCF_051068735.1	SAMN47852659	GBBC3604	47852659	Ralstonia solanacearum	GBBC 3604	2024	Belgium:Nijlen	Solanum dulcamara			cell culture		Johan Van Vaerenbergh																				ILVO Plant Health - bacteriology, Burg. Van Gansberghelaan 96, 9820 Merelbeke-Melle, Belgium																																											
SAMN47852660	GBBC 3605	RAL_AA1307AA		GCF_051068755.1	SAMN47852660	GBBC3605	47852660	Ralstonia solanacearum	GBBC 3605	2024	Belgium:Ranst	Solanum dulcamara			cell culture		Johan Van Vaerenbergh																				ILVO Plant Health - bacteriology, Burg. Van Gansberghelaan 96, 9820 Merelbeke-Melle, Belgium																																											
SAMN47852661	GBBC 3606	RAL_AA1306AA		GCF_051068775.1	SAMN47852661	GBBC3606	47852661	Ralstonia solanacearum	GBBC 3606	2024	Belgium:Ranst	Solanum dulcamara			cell culture		Johan Van Vaerenbergh																				ILVO Plant Health - bacteriology, Burg. Van Gansberghelaan 96, 9820 Merelbeke-Melle, Belgium																																											
SAMN47852662	GBBC 3607	RAL_AA1305AA		GCF_051068715.1	SAMN47852662	GBBC3607	47852662	Ralstonia solanacearum	GBBC 3607	2024	Belgium:Duffel	Solanum dulcamara			cell culture		Johan Van Vaerenbergh																				ILVO Plant Health - bacteriology, Burg. Van Gansberghelaan 96, 9820 Merelbeke-Melle, Belgium																																											
SAMN47852663	GBBC 3608	RAL_AA1304AA		GCF_051068675.1	SAMN47852663	GBBC3608	47852663	Ralstonia solanacearum	GBBC 3608	2023	Belgium:Retie		river water		cell culture		Johan Van Vaerenbergh																				ILVO Plant Health - bacteriology, Burg. Van Gansberghelaan 96, 9820 Merelbeke-Melle, Belgium																																											
SAMN47852664	GBBC 3609	RAL_AA1303AA		GCF_051068695.1	SAMN47852664	GBBC3609	47852664	Ralstonia solanacearum	GBBC 3609	2023	Belgium:Retie		river water		cell culture		Johan Van Vaerenbergh																				ILVO Plant Health - bacteriology, Burg. Van Gansberghelaan 96, 9820 Merelbeke-Melle, Belgium																																											
SAMN47852665	GBBC 3610	RAL_AA1302AA		GCF_051068655.1	SAMN47852665	GBBC3610	47852665	Ralstonia solanacearum	GBBC 3610	2023	Belgium:Retie		river water		cell culture		Johan Van Vaerenbergh																				ILVO Plant Health - bacteriology, Burg. Van Gansberghelaan 96, 9820 Merelbeke-Melle, Belgium																																											
SAMN47852666	GBBC 3611	RAL_AA1301AA		GCF_051068635.1	SAMN47852666	GBBC3611	47852666	Ralstonia solanacearum	GBBC 3611	2024	Belgium:Lommel	Solanum dulcamara			cell culture		Johan Van Vaerenbergh																				ILVO Plant Health - bacteriology, Burg. Van Gansberghelaan 96, 9820 Merelbeke-Melle, Belgium																																											
SAMN47852667	LMG 25611	RAL_AA1300AA		GCF_051068535.1	SAMN47852667	LMG25611	47852667	Ralstonia solanacearum	LMG 25611	2005	Belgium:Beveren-Kruibeke-Zwijndrecht	Solanum tuberosum cv. Eba			cell culture		Smith																				ILVO Plant Health - bacteriology, Burg. Van Gansberghelaan 96, 9820 Merelbeke-Melle, Belgium															BCCM/LMG:25611																												
SAMN47852668	GBBC 506	RAL_AA1299AA		GCF_051068615.1	SAMN47852668	GBBC506	47852668	Ralstonia solanacearum	GBBC 506	1992	Egypt	Solanum tuberosum cv. Diamant			cell culture		Johan Van Vaerenbergh																				ILVO Plant Health - bacteriology, Burg. Van Gansberghelaan 96, 9820 Merelbeke-Melle, Belgium																																											
SAMN47852669	GBBC 521	RAL_AA1298AA		GCF_051068595.1	SAMN47852669	GBBC521	47852669	Ralstonia solanacearum	GBBC 521	1993	Egypt	Solanum tuberosum cv. Nicola			cell culture		Johan Van Vaerenbergh																				ILVO Plant Health - bacteriology, Burg. Van Gansberghelaan 96, 9820 Merelbeke-Melle, Belgium																																											
SAMN47852670	GBBC 549	RAL_AA1297AA		GCF_051068575.1	SAMN47852670	GBBC549	47852670	Ralstonia solanacearum	GBBC 549	1995	Egypt	Solanum tuberosum cv. Nicola			cell culture		Johan Van Vaerenbergh																				ILVO Plant Health - bacteriology, Burg. Van Gansberghelaan 96, 9820 Merelbeke-Melle, Belgium																																											
SAMN47852671	GBBC 643	RAL_AA1296AA		GCF_051068555.1	SAMN47852671	GBBC643	47852671	Ralstonia solanacearum	GBBC 643	1998	Belgium:Neerpelt		river water		cell culture		Johan Van Vaerenbergh																				ILVO Plant Health - bacteriology, Burg. Van Gansberghelaan 96, 9820 Merelbeke-Melle, Belgium																																											
SAMN47857644				GCF_049985315.1	SAMN47857644	Microbe sample from Ralstonia pseudosolanacearum	47857644	Ralstonia pseudosolanacearum	YNQK	2022	China: Hangzhou	Plant			Bacterial Culture																																																																	
SAMN47865868				GCF_059933145.1	SAMN47865868	Microbe sample from Ralstonia pseudosolanacearum	47865868	Ralstonia pseudosolanacearum	QK	2022	China: Hangzhou	Plant			Bacterial Culture																																																																	
SAMN47993902				GCF_049860735.1	SAMN47993902	Microbe sample from Ralstonia pseudosolanacearum	47993902	Ralstonia pseudosolanacearum	Gazipur 4	2023-03-05	Bangladesh: Gazipur	Solanum melongena	wilted eggplant stems		pure culture		Bangladesh Agricultural Research Institute																																																															
SAMN47993903				GCF_049860725.1	SAMN47993903	Microbe sample from Ralstonia pseudosolanacearum	47993903	Ralstonia pseudosolanacearum	Gazipur 5	2023-03-05	Bangladesh: Gazipur	Solanum melongena	wilted eggplant stems		pure culture		Bangladesh Agricultural Research Institute																																																															
SAMN48075520				GCF_049944985.1	SAMN48075520	Pathogen: environmental/food/other sample from Ralstonia pseudosolanacearum	48075520	Ralstonia pseudosolanacearum	PPDRS56	2024	Bangladesh		tomato Plant	23.989652 N 90.413510 E			Md. Mynul Islam, Ferdous-E-Elahi																																																															
SAMN48085504				GCF_050516455.1	SAMN48085504	MIGS Cultured Bacterial/Archaeal sample from Ralstonia pseudosolanacearum	48085504	Ralstonia pseudosolanacearum	UW559_UCD729	2004/2005	Guatemala: Monjas, Jalapa	tomato	rhizosphere soil	14.4956 N 89.9066 W		Genome report			Field	https://doi.org/10.1111/j.1365-3059.2007.01769.x	3	Rhizosphere	Tomato soil																																																									
SAMN48085505				GCF_050633965.1	SAMN48085505	MIGS Cultured Bacterial/Archaeal sample from Ralstonia pseudosolanacearum	48085505	Ralstonia pseudosolanacearum	UW568_UCD736	2004/2005	Guatemala: Monjas, Jalapa	tomato		14.4956 N 89.9066 W		Genome report			Field	https://doi.org/10.1111/j.1365-3059.2007.01769.x	2	Xylem	Tomato																																																									
SAMN48085506				GCF_050633945.1	SAMN48085506	MIGS Cultured Bacterial/Archaeal sample from Ralstonia solanacearum	48085506	Ralstonia solanacearum	UW590_UCD732	2004/2005	Guatemala: Tiquisate, Escuintla	banana		14.2851 N 91.3638 W		Genome report			Field	https://doi.org/10.1111/j.1365-3059.2007.01769.x	3	Xylem	Banana																																																									
SAMN48085507				GCF_050633925.1	SAMN48085507	MIGS Cultured Bacterial/Archaeal sample from Ralstonia solanacearum	48085507	Ralstonia solanacearum	UW594_UCD726	2004/2005	Guatemala: Alamo,Tecun Uman	banana		14.7333 N 91.0333 W		Genome report			Field	https://doi.org/10.1111/j.1365-3059.2007.01769.x	2	Xylem	Banana																																																									
SAMN48085508				GCF_050516445.1	SAMN48085508	MIGS Cultured Bacterial/Archaeal sample from Ralstonia pseudosolanacearum	48085508	Ralstonia pseudosolanacearum	UW602_UCD737	2004/2005	Guatemala: Agua Blanca, Jutiapa	tomato		14.4983 N 89.6511 W		Genome report			Field	https://doi.org/10.1111/j.1365-3059.2007.01769.x	2	Xylem	Tomato																																																									
SAMN48085509				GCF_050516435.1	SAMN48085509	MIGS Cultured Bacterial/Archaeal sample from Ralstonia pseudosolanacearum	48085509	Ralstonia pseudosolanacearum	UW605_UCD733	2004/2005	Guatemala: Tres Ceibas, Jutiapa	tomato		14.5092 N 89.6239 W		Genome report			Field	https://doi.org/10.1111/j.1365-3059.2007.01769.x	2	Xylem	Tomato																																																									
SAMN48085510				GCF_050516425.1	SAMN48085510	MIGS Cultured Bacterial/Archaeal sample from Ralstonia pseudosolanacearum	48085510	Ralstonia pseudosolanacearum	UW606_UCD721	2004/2005	Guatemala: Ipala, Chiquimula	tomato		14.6206 N 89.6228 W		Genome report			Field	https://doi.org/10.1111/j.1365-3059.2007.01769.x	2	Xylem	Tomato																																																									
SAMN48085511				GCF_050516415.1	SAMN48085511	MIGS Cultured Bacterial/Archaeal sample from Ralstonia pseudosolanacearum	48085511	Ralstonia pseudosolanacearum	UW607_UCD722	2004/2005	Guatemala: Sanarate, El Progreso	tomato		14.8016 N 90.1940 W		Genome report			Field	https://doi.org/10.1111/j.1365-3059.2007.01769.x	2	Xylem	Tomato																																																									
SAMN48085512				GCF_050516405.1	SAMN48085512	MIGS Cultured Bacterial/Archaeal sample from Ralstonia pseudosolanacearum	48085512	Ralstonia pseudosolanacearum	UW608_UCD723	2004/2005	Guatemala: Sanarate, El Progreso	Solanum americanum		14.8016 N 90.1940 W		Genome report			Field	https://doi.org/10.1111/j.1365-3059.2007.01769.x	2	Xylem	Solanum americanum																																																									
SAMN48085513				GCF_050516395.1	SAMN48085513	MIGS Cultured Bacterial/Archaeal sample from Ralstonia pseudosolanacearum	48085513	Ralstonia pseudosolanacearum	UW609_UCD734	2004/2005	Guatemala: Los Llanos, Sanarate	tomato		14.8833 N 89.9167 W		Genome report			Field	https://doi.org/10.1111/j.1365-3059.2007.01769.x	2	Xylem	Tomato																																																									
SAMN48085514				GCF_051136945.1	SAMN48085514	MIGS Cultured Bacterial/Archaeal sample from Ralstonia pseudosolanacearum	48085514	Ralstonia pseudosolanacearum	UW558_UCD728	2004/2005	Guatemala: Monjas, Jalapa	tomato		14.4956 N 89.9066 W		Genome report			Field	https://doi.org/10.1111/j.1365-3059.2007.01769.x	2	Xylem	Tomato																																																									
SAMN48144311				GCF_050109335.1	SAMN48144311	Microbe sample from Ralstonia pseudosolanacearum	48144311	Ralstonia pseudosolanacearum	NJ-10-14	2015-05	China		rhizosphere soil		cell culture																																																																	
SAMN48144312				GCF_050109315.1	SAMN48144312	Microbe sample from Ralstonia pseudosolanacearum	48144312	Ralstonia pseudosolanacearum	NJ-10-24	2015-05	China		rhizosphere soil		cell culture																																																																	
SAMN48144313				GCF_050109295.1	SAMN48144313	Microbe sample from Ralstonia pseudosolanacearum	48144313	Ralstonia pseudosolanacearum	NJ-10-9	2015-05	China		rhizosphere soil		cell culture																																																																	
SAMN48144314				GCF_050109275.1	SAMN48144314	Microbe sample from Ralstonia pseudosolanacearum	48144314	Ralstonia pseudosolanacearum	NJ-1-12	2015-05	China		rhizosphere soil		cell culture																																																																	
SAMN48144315				GCF_050109255.1	SAMN48144315	Microbe sample from Ralstonia pseudosolanacearum	48144315	Ralstonia pseudosolanacearum	NJ-1-24	2015-05	China		rhizosphere soil		cell culture																																																																	
SAMN48144316				GCF_050378935.1	SAMN48144316	Microbe sample from Ralstonia pseudosolanacearum	48144316	Ralstonia pseudosolanacearum	NJ-1-5	2015-05	China		rhizosphere soil		cell culture																																																																	
SAMN48144317				GCF_050109235.1	SAMN48144317	Microbe sample from Ralstonia pseudosolanacearum	48144317	Ralstonia pseudosolanacearum	NJ-14-1	2015-05	China		rhizosphere soil		cell culture																																																																	
SAMN48144318				GCF_050109215.1	SAMN48144318	Microbe sample from Ralstonia pseudosolanacearum	48144318	Ralstonia pseudosolanacearum	NJ-14-14	2015-05	China		rhizosphere soil		cell culture																																																																	
SAMN48144319				GCF_050109195.1	SAMN48144319	Microbe sample from Ralstonia pseudosolanacearum	48144319	Ralstonia pseudosolanacearum	NJ-14-5	2015-05	China		rhizosphere soil		cell culture																																																																	
SAMN48144320				GCF_050109175.1	SAMN48144320	Microbe sample from Ralstonia pseudosolanacearum	48144320	Ralstonia pseudosolanacearum	NJ-17-13	2015-05	China		rhizosphere soil		cell culture																																																																	
SAMN48144321				GCF_050471325.1	SAMN48144321	Microbe sample from Ralstonia pseudosolanacearum	48144321	Ralstonia pseudosolanacearum	NJ-17-5	2015-05	China		rhizosphere soil		cell culture																																																																	
SAMN48144322				GCF_050378915.1	SAMN48144322	Microbe sample from Ralstonia pseudosolanacearum	48144322	Ralstonia pseudosolanacearum	NJ-18-14	2015-05	China		rhizosphere soil		cell culture																																																																	
SAMN48144323				GCF_050109155.1	SAMN48144323	Microbe sample from Ralstonia pseudosolanacearum	48144323	Ralstonia pseudosolanacearum	NJ-18-16	2015-05	China		rhizosphere soil		cell culture																																																																	
SAMN48144324				GCF_050109135.1	SAMN48144324	Microbe sample from Ralstonia pseudosolanacearum	48144324	Ralstonia pseudosolanacearum	NJ-2-10	2015-05	China		rhizosphere soil		cell culture																																																																	
SAMN48144325				GCF_050109115.1	SAMN48144325	Microbe sample from Ralstonia pseudosolanacearum	48144325	Ralstonia pseudosolanacearum	NJ-2-22	2015-05	China		rhizosphere soil		cell culture																																																																	
SAMN48144326				GCF_050109095.1	SAMN48144326	Microbe sample from Ralstonia pseudosolanacearum	48144326	Ralstonia pseudosolanacearum	NJ-3-11	2015-05	China		rhizosphere soil		cell culture																																																																	
SAMN48144327				GCF_050109075.1	SAMN48144327	Microbe sample from Ralstonia pseudosolanacearum	48144327	Ralstonia pseudosolanacearum	NJ-3-23	2015-05	China		rhizosphere soil		cell culture																																																																	
SAMN48144328				GCF_050109055.1	SAMN48144328	Microbe sample from Ralstonia pseudosolanacearum	48144328	Ralstonia pseudosolanacearum	NJ-6-1	2015-05	China		rhizosphere soil		cell culture																																																																	
SAMN48144329				GCF_050109035.1	SAMN48144329	Microbe sample from Ralstonia pseudosolanacearum	48144329	Ralstonia pseudosolanacearum	NJ-6-19	2015-05	China		rhizosphere soil		cell culture																																																																	
SAMN48144330				GCF_050109015.1	SAMN48144330	Microbe sample from Ralstonia pseudosolanacearum	48144330	Ralstonia pseudosolanacearum	NJ-6-6	2015-05	China		rhizosphere soil		cell culture																																																																	
SAMN48144331				GCF_050108995.1	SAMN48144331	Microbe sample from Ralstonia pseudosolanacearum	48144331	Ralstonia pseudosolanacearum	NB-10-20	2015-05	China		rhizosphere soil		cell culture																																																																	
SAMN48144332				GCF_050471305.1	SAMN48144332	Microbe sample from Ralstonia pseudosolanacearum	48144332	Ralstonia pseudosolanacearum	NB-10-24	2015-05	China		rhizosphere soil		cell culture																																																																	
SAMN48144333				GCF_050108975.1	SAMN48144333	Microbe sample from Ralstonia pseudosolanacearum	48144333	Ralstonia pseudosolanacearum	NB-10-5	2015-05	China		rhizosphere soil		cell culture																																																																	
SAMN48144334				GCF_050108955.1	SAMN48144334	Microbe sample from Ralstonia pseudosolanacearum	48144334	Ralstonia pseudosolanacearum	NB-12-15	2015-05	China		rhizosphere soil		cell culture																																																																	
SAMN48144335				GCF_050108935.1	SAMN48144335	Microbe sample from Ralstonia pseudosolanacearum	48144335	Ralstonia pseudosolanacearum	NB-12-18	2015-05	China		rhizosphere soil		cell culture																																																																	
SAMN48144336				GCF_050108915.1	SAMN48144336	Microbe sample from Ralstonia pseudosolanacearum	48144336	Ralstonia pseudosolanacearum	NB-12-6	2015-05	China		rhizosphere soil		cell culture																																																																	
SAMN48144337				GCF_050108895.1	SAMN48144337	Microbe sample from Ralstonia pseudosolanacearum	48144337	Ralstonia pseudosolanacearum	NB-1-2	2015-05	China		rhizosphere soil		cell culture																																																																	
SAMN48144338				GCF_050378895.1	SAMN48144338	Microbe sample from Ralstonia pseudosolanacearum	48144338	Ralstonia pseudosolanacearum	NB-1-9	2015-05	China		rhizosphere soil		cell culture																																																																	
SAMN48144339				GCF_050108875.1	SAMN48144339	Microbe sample from Ralstonia pseudosolanacearum	48144339	Ralstonia pseudosolanacearum	NB-1-24	2015-05	China		rhizosphere soil		cell culture																																																																	
SAMN48144340				GCF_050108855.1	SAMN48144340	Microbe sample from Ralstonia pseudosolanacearum	48144340	Ralstonia pseudosolanacearum	NB-13-11	2015-05	China		rhizosphere soil		cell culture																																																																	
SAMN48144341				GCF_050108835.1	SAMN48144341	Microbe sample from Ralstonia pseudosolanacearum	48144341	Ralstonia pseudosolanacearum	NB-13-5	2015-05	China		rhizosphere soil		cell culture																																																																	
SAMN48144342				GCF_050108815.1	SAMN48144342	Microbe sample from Ralstonia pseudosolanacearum	48144342	Ralstonia pseudosolanacearum	NB-13-7	2015-05	China		rhizosphere soil		cell culture																																																																	
SAMN48144343				GCF_050108795.1	SAMN48144343	Microbe sample from Ralstonia pseudosolanacearum	48144343	Ralstonia pseudosolanacearum	NB-15-15	2015-05	China		rhizosphere soil		cell culture																																																																	
SAMN48144344				GCF_050378875.1	SAMN48144344	Microbe sample from Ralstonia pseudosolanacearum	48144344	Ralstonia pseudosolanacearum	NB-15-16	2015-05	China		rhizosphere soil		cell culture																																																																	
SAMN48144345				GCF_050108775.1	SAMN48144345	Microbe sample from Ralstonia pseudosolanacearum	48144345	Ralstonia pseudosolanacearum	NB-5-15	2015-05	China		rhizosphere soil		cell culture																																																																	
SAMN48144346				GCF_050108755.1	SAMN48144346	Microbe sample from Ralstonia pseudosolanacearum	48144346	Ralstonia pseudosolanacearum	NB-5-16	2015-05	China		rhizosphere soil		cell culture																																																																	
SAMN48144347				GCF_050108735.1	SAMN48144347	Microbe sample from Ralstonia pseudosolanacearum	48144347	Ralstonia pseudosolanacearum	NB-5-3	2015-05	China		rhizosphere soil		cell culture																																																																	
SAMN48144348				GCF_050108695.1	SAMN48144348	Microbe sample from Ralstonia pseudosolanacearum	48144348	Ralstonia pseudosolanacearum	NB-7-17	2015-05	China		rhizosphere soil		cell culture																																																																	
SAMN48144349				GCF_050108715.1	SAMN48144349	Microbe sample from Ralstonia pseudosolanacearum	48144349	Ralstonia pseudosolanacearum	NB-8-11	2015-05	China		rhizosphere soil		cell culture																																																																	
SAMN48144350				GCF_050108675.1	SAMN48144350	Microbe sample from Ralstonia pseudosolanacearum	48144350	Ralstonia pseudosolanacearum	NB-8-9	2015-05	China		rhizosphere soil		cell culture																																																																	
SAMN48144351				GCF_050108655.1	SAMN48144351	Microbe sample from Ralstonia pseudosolanacearum	48144351	Ralstonia pseudosolanacearum	NC-11-17	2015-06	China		rhizosphere soil		cell culture																																																																	
SAMN48144352				GCF_050108635.1	SAMN48144352	Microbe sample from Ralstonia pseudosolanacearum	48144352	Ralstonia pseudosolanacearum	NC-11-23	2015-06	China		rhizosphere soil		cell culture																																																																	
SAMN48144353				GCF_050108615.1	SAMN48144353	Microbe sample from Ralstonia pseudosolanacearum	48144353	Ralstonia pseudosolanacearum	NC-11-3	2015-06	China		rhizosphere soil		cell culture																																																																	
SAMN48144354				GCF_050108595.1	SAMN48144354	Microbe sample from Ralstonia pseudosolanacearum	48144354	Ralstonia pseudosolanacearum	NC-12-23	2015-06	China		rhizosphere soil		cell culture																																																																	
SAMN48144355				GCF_050378855.1	SAMN48144355	Microbe sample from Ralstonia pseudosolanacearum	48144355	Ralstonia pseudosolanacearum	NC-12-6	2015-06	China		rhizosphere soil		cell culture																																																																	
SAMN48144356				GCF_050108575.1	SAMN48144356	Microbe sample from Ralstonia pseudosolanacearum	48144356	Ralstonia pseudosolanacearum	NC-12-9	2015-06	China		rhizosphere soil		cell culture																																																																	
SAMN48144357				GCF_050108555.1	SAMN48144357	Microbe sample from Ralstonia pseudosolanacearum	48144357	Ralstonia pseudosolanacearum	NC-13-14	2015-06	China		rhizosphere soil		cell culture																																																																	
SAMN48144358				GCF_050108535.1	SAMN48144358	Microbe sample from Ralstonia pseudosolanacearum	48144358	Ralstonia pseudosolanacearum	NC-13-19	2015-06	China		rhizosphere soil		cell culture																																																																	
SAMN48144359				GCF_050108515.1	SAMN48144359	Microbe sample from Ralstonia pseudosolanacearum	48144359	Ralstonia pseudosolanacearum	NC-13-23	2015-06	China		rhizosphere soil		cell culture																																																																	
SAMN48144360				GCF_050108495.1	SAMN48144360	Microbe sample from Ralstonia pseudosolanacearum	48144360	Ralstonia pseudosolanacearum	NC-17-17	2015-06	China		rhizosphere soil		cell culture																																																																	
SAMN48144361				GCF_050108475.1	SAMN48144361	Microbe sample from Ralstonia pseudosolanacearum	48144361	Ralstonia pseudosolanacearum	NC-17-24	2015-06	China		rhizosphere soil		cell culture																																																																	
SAMN48144362				GCF_050108455.1	SAMN48144362	Microbe sample from Ralstonia pseudosolanacearum	48144362	Ralstonia pseudosolanacearum	NC-17-5	2015-06	China		rhizosphere soil		cell culture																																																																	
SAMN48144363				GCF_050108415.1	SAMN48144363	Microbe sample from Ralstonia pseudosolanacearum	48144363	Ralstonia pseudosolanacearum	NC-3-12	2015-06	China		rhizosphere soil		cell culture																																																																	
SAMN48144364				GCF_050108435.1	SAMN48144364	Microbe sample from Ralstonia pseudosolanacearum	48144364	Ralstonia pseudosolanacearum	NC-3-22	2015-06	China		rhizosphere soil		cell culture																																																																	
SAMN48144365				GCF_050108395.1	SAMN48144365	Microbe sample from Ralstonia pseudosolanacearum	48144365	Ralstonia pseudosolanacearum	NC-3-24	2015-06	China		rhizosphere soil		cell culture																																																																	
SAMN48144366				GCF_050108375.1	SAMN48144366	Microbe sample from Ralstonia pseudosolanacearum	48144366	Ralstonia pseudosolanacearum	NC-4-12	2015-06	China		rhizosphere soil		cell culture																																																																	
SAMN48144367				GCF_050108355.1	SAMN48144367	Microbe sample from Ralstonia pseudosolanacearum	48144367	Ralstonia pseudosolanacearum	NC-4-6	2015-06	China		rhizosphere soil		cell culture																																																																	
SAMN48144368				GCF_050108335.1	SAMN48144368	Microbe sample from Ralstonia pseudosolanacearum	48144368	Ralstonia pseudosolanacearum	NC-5-21	2015-06	China		rhizosphere soil		cell culture																																																																	
SAMN48144369				GCF_050108315.1	SAMN48144369	Microbe sample from Ralstonia pseudosolanacearum	48144369	Ralstonia pseudosolanacearum	NC-5-6	2015-06	China		rhizosphere soil		cell culture																																																																	
SAMN48144370				GCF_050108295.1	SAMN48144370	Microbe sample from Ralstonia pseudosolanacearum	48144370	Ralstonia pseudosolanacearum	NC-9-9	2015-06	China		rhizosphere soil		cell culture																																																																	
SAMN48144371				GCF_050106975.1	SAMN48144371	Microbe sample from Ralstonia pseudosolanacearum	48144371	Ralstonia pseudosolanacearum	NN-1-11	2015-06	China		rhizosphere soil		cell culture																																																																	
SAMN48144372				GCF_050108275.1	SAMN48144372	Microbe sample from Ralstonia pseudosolanacearum	48144372	Ralstonia pseudosolanacearum	NN-1-18	2015-06	China		rhizosphere soil		cell culture																																																																	
SAMN48144373				GCF_050108255.1	SAMN48144373	Microbe sample from Ralstonia pseudosolanacearum	48144373	Ralstonia pseudosolanacearum	NN-1-7	2015-06	China		rhizosphere soil		cell culture																																																																	
SAMN48144374				GCF_050108215.1	SAMN48144374	Microbe sample from Ralstonia pseudosolanacearum	48144374	Ralstonia pseudosolanacearum	NN-16-1	2015-06	China		rhizosphere soil		cell culture																																																																	
SAMN48144375				GCF_050106955.1	SAMN48144375	Microbe sample from Ralstonia pseudosolanacearum	48144375	Ralstonia pseudosolanacearum	NN-16-23	2015-06	China		rhizosphere soil		cell culture																																																																	
SAMN48144376				GCF_050106935.1	SAMN48144376	Microbe sample from Ralstonia pseudosolanacearum	48144376	Ralstonia pseudosolanacearum	NN-16-6	2015-06	China		rhizosphere soil		cell culture																																																																	
SAMN48144377				GCF_050106915.1	SAMN48144377	Microbe sample from Ralstonia pseudosolanacearum	48144377	Ralstonia pseudosolanacearum	NN-4-1	2015-06	China		rhizosphere soil		cell culture																																																																	
SAMN48144378				GCF_050108235.1	SAMN48144378	Microbe sample from Ralstonia pseudosolanacearum	48144378	Ralstonia pseudosolanacearum	NN-4-13	2015-06	China		rhizosphere soil		cell culture																																																																	
SAMN48144379				GCF_050106895.1	SAMN48144379	Microbe sample from Ralstonia pseudosolanacearum	48144379	Ralstonia pseudosolanacearum	NN-4-19	2015-06	China		rhizosphere soil		cell culture																																																																	
SAMN48144380				GCF_050106875.1	SAMN48144380	Microbe sample from Ralstonia pseudosolanacearum	48144380	Ralstonia pseudosolanacearum	NN-5-24	2015-06	China		rhizosphere soil		cell culture																																																																	
SAMN48144381				GCF_050106855.1	SAMN48144381	Microbe sample from Ralstonia pseudosolanacearum	48144381	Ralstonia pseudosolanacearum	NN-5-6	2015-06	China		rhizosphere soil		cell culture																																																																	
SAMN48144382				GCF_050378835.1	SAMN48144382	Microbe sample from Ralstonia pseudosolanacearum	48144382	Ralstonia pseudosolanacearum	NN-6-1	2015-06	China		rhizosphere soil		cell culture																																																																	
SAMN48144383				GCF_050106835.1	SAMN48144383	Microbe sample from Ralstonia pseudosolanacearum	48144383	Ralstonia pseudosolanacearum	NN-6-15	2015-06	China		rhizosphere soil		cell culture																																																																	
SAMN48144384				GCF_050106815.1	SAMN48144384	Microbe sample from Ralstonia pseudosolanacearum	48144384	Ralstonia pseudosolanacearum	NN-6-24	2015-06	China		rhizosphere soil		cell culture																																																																	
SAMN48144385				GCF_050106795.1	SAMN48144385	Microbe sample from Ralstonia pseudosolanacearum	48144385	Ralstonia pseudosolanacearum	NN-8-10	2015-06	China		rhizosphere soil		cell culture																																																																	
SAMN48144386				GCF_050378815.1	SAMN48144386	Microbe sample from Ralstonia pseudosolanacearum	48144386	Ralstonia pseudosolanacearum	NN-8-14	2015-06	China		rhizosphere soil		cell culture																																																																	
SAMN48144387				GCF_050106775.1	SAMN48144387	Microbe sample from Ralstonia pseudosolanacearum	48144387	Ralstonia pseudosolanacearum	NN-8-2	2015-06	China		rhizosphere soil		cell culture																																																																	
SAMN48144388				GCF_050378795.1	SAMN48144388	Microbe sample from Ralstonia pseudosolanacearum	48144388	Ralstonia pseudosolanacearum	NN-9-1	2015-06	China		rhizosphere soil		cell culture																																																																	
SAMN48144389				GCF_050106755.1	SAMN48144389	Microbe sample from Ralstonia pseudosolanacearum	48144389	Ralstonia pseudosolanacearum	NN-9-24	2015-06	China		rhizosphere soil		cell culture																																																																	
SAMN48144390				GCF_050106735.1	SAMN48144390	Microbe sample from Ralstonia pseudosolanacearum	48144390	Ralstonia pseudosolanacearum	NN-9-5	2015-06	China		rhizosphere soil		cell culture																																																																	
SAMN48144445				GCF_050109875.1	SAMN48144445	Microbe sample from Ralstonia pseudosolanacearum	48144445	Ralstonia pseudosolanacearum	RS_1-1-2	2018-05	China		rhizosphere soil		cell culture																																																																	
SAMN48144446				GCF_050109855.1	SAMN48144446	Microbe sample from Ralstonia pseudosolanacearum	48144446	Ralstonia pseudosolanacearum	RS_1-1-3	2018-05	China		rhizosphere soil		cell culture																																																																	
SAMN48144447				GCF_050378995.1	SAMN48144447	Microbe sample from Ralstonia pseudosolanacearum	48144447	Ralstonia pseudosolanacearum	RS_1-2-1	2018-05	China		rhizosphere soil		cell culture																																																																	
SAMN48144448				GCF_050109835.1	SAMN48144448	Microbe sample from Ralstonia pseudosolanacearum	48144448	Ralstonia pseudosolanacearum	RS_1-2-2	2018-05	China		rhizosphere soil		cell culture																																																																	
SAMN48144449				GCF_050109815.1	SAMN48144449	Microbe sample from Ralstonia pseudosolanacearum	48144449	Ralstonia pseudosolanacearum	RS_1-3-1	2018-05	China		rhizosphere soil		cell culture																																																																	
SAMN48144450				GCF_050109795.1	SAMN48144450	Microbe sample from Ralstonia pseudosolanacearum	48144450	Ralstonia pseudosolanacearum	RS_1-3-2	2018-05	China		rhizosphere soil		cell culture																																																																	
SAMN48144451				GCF_050109775.1	SAMN48144451	Microbe sample from Ralstonia pseudosolanacearum	48144451	Ralstonia pseudosolanacearum	RS_2-1-2	2018-05	China		rhizosphere soil		cell culture																																																																	
SAMN48144452				GCF_050109755.1	SAMN48144452	Microbe sample from Ralstonia pseudosolanacearum	48144452	Ralstonia pseudosolanacearum	RS_2-1-3	2018-05	China		rhizosphere soil		cell culture																																																																	
SAMN48144453				GCF_050109735.1	SAMN48144453	Microbe sample from Ralstonia pseudosolanacearum	48144453	Ralstonia pseudosolanacearum	RS_2-2-1	2018-05	China		rhizosphere soil		cell culture																																																																	
SAMN48144454				GCF_050109715.1	SAMN48144454	Microbe sample from Ralstonia pseudosolanacearum	48144454	Ralstonia pseudosolanacearum	RS_2-2-5	2018-05	China		rhizosphere soil		cell culture																																																																	
SAMN48144455				GCF_050109695.1	SAMN48144455	Microbe sample from Ralstonia pseudosolanacearum	48144455	Ralstonia pseudosolanacearum	RS_2-3-1	2018-05	China		rhizosphere soil		cell culture																																																																	
SAMN48144456				GCF_050109675.1	SAMN48144456	Microbe sample from Ralstonia pseudosolanacearum	48144456	Ralstonia pseudosolanacearum	RS_2-3-2	2018-05	China		rhizosphere soil		cell culture																																																																	
SAMN48144457				GCF_050378975.1	SAMN48144457	Microbe sample from Ralstonia pseudosolanacearum	48144457	Ralstonia pseudosolanacearum	RS_3-1-1	2018-05	China		rhizosphere soil		cell culture																																																																	
SAMN48144458				GCF_050109655.1	SAMN48144458	Microbe sample from Ralstonia pseudosolanacearum	48144458	Ralstonia pseudosolanacearum	RS_3-1-2	2018-05	China		rhizosphere soil		cell culture																																																																	
SAMN48144459				GCF_050109635.1	SAMN48144459	Microbe sample from Ralstonia pseudosolanacearum	48144459	Ralstonia pseudosolanacearum	RS_3-2-1	2018-05	China		rhizosphere soil		cell culture																																																																	
SAMN48144460				GCF_050109615.1	SAMN48144460	Microbe sample from Ralstonia pseudosolanacearum	48144460	Ralstonia pseudosolanacearum	RS_3-2-2	2018-05	China		rhizosphere soil		cell culture																																																																	
SAMN48144461				GCF_050109595.1	SAMN48144461	Microbe sample from Ralstonia pseudosolanacearum	48144461	Ralstonia pseudosolanacearum	RS_3-3-3	2018-05	China		rhizosphere soil		cell culture																																																																	
SAMN48144462				GCF_050109575.1	SAMN48144462	Microbe sample from Ralstonia pseudosolanacearum	48144462	Ralstonia pseudosolanacearum	RS_3-3-2	2018-05	China		rhizosphere soil		cell culture																																																																	
SAMN48144463				GCF_050109555.1	SAMN48144463	Microbe sample from Ralstonia pseudosolanacearum	48144463	Ralstonia pseudosolanacearum	RS_4-1-1	2018-05	China		rhizosphere soil		cell culture																																																																	
SAMN48144464				GCF_050109535.1	SAMN48144464	Microbe sample from Ralstonia pseudosolanacearum	48144464	Ralstonia pseudosolanacearum	RS_4-1-2	2018-05	China		rhizosphere soil		cell culture																																																																	
SAMN48144465				GCF_050109515.1	SAMN48144465	Microbe sample from Ralstonia pseudosolanacearum	48144465	Ralstonia pseudosolanacearum	RS_4-2-5	2018-05	China		rhizosphere soil		cell culture																																																																	
SAMN48144466				GCF_050378955.1	SAMN48144466	Microbe sample from Ralstonia pseudosolanacearum	48144466	Ralstonia pseudosolanacearum	RS_4-2-6	2018-05	China		rhizosphere soil		cell culture																																																																	
SAMN48144467				GCF_050109495.1	SAMN48144467	Microbe sample from Ralstonia pseudosolanacearum	48144467	Ralstonia pseudosolanacearum	RS_4-3-1	2018-05	China		rhizosphere soil		cell culture																																																																	
SAMN48144468				GCF_050109475.1	SAMN48144468	Microbe sample from Ralstonia pseudosolanacearum	48144468	Ralstonia pseudosolanacearum	RS_4-3-2	2018-05	China		rhizosphere soil		cell culture																																																																	
SAMN48144469				GCF_050109455.1	SAMN48144469	Microbe sample from Ralstonia pseudosolanacearum	48144469	Ralstonia pseudosolanacearum	RS_5-1-1	2018-05	China		rhizosphere soil		cell culture																																																																	
SAMN48144470				GCF_050109435.1	SAMN48144470	Microbe sample from Ralstonia pseudosolanacearum	48144470	Ralstonia pseudosolanacearum	RS_5-1-2	2018-05	China		rhizosphere soil		cell culture																																																																	
SAMN48144471				GCF_050109415.1	SAMN48144471	Microbe sample from Ralstonia pseudosolanacearum	48144471	Ralstonia pseudosolanacearum	RS_5-2-1	2018-05	China		rhizosphere soil		cell culture																																																																	
SAMN48144472				GCF_050109395.1	SAMN48144472	Microbe sample from Ralstonia pseudosolanacearum	48144472	Ralstonia pseudosolanacearum	RS_5-2-2	2018-05	China		rhizosphere soil		cell culture																																																																	
SAMN48144473				GCF_050109375.1	SAMN48144473	Microbe sample from Ralstonia pseudosolanacearum	48144473	Ralstonia pseudosolanacearum	RS_5-3-1	2018-05	China		rhizosphere soil		cell culture																																																																	
SAMN48144474				GCF_050109355.1	SAMN48144474	Microbe sample from Ralstonia pseudosolanacearum	48144474	Ralstonia pseudosolanacearum	RS_5-3-5	2018-05	China		rhizosphere soil		cell culture																																																																	
SAMN48191345				GCF_050113975.1	SAMN48191345	Pathogen: environmental/food/other sample from Ralstonia pseudosolanacearum	48191345	Ralstonia pseudosolanacearum	55	2023	Bangladesh: Gazipur		Brinjal Field	23.987338 N 90.406162 E			Md. Mynul Islam																																																															
SAMN48210614				GCF_050171515.1	SAMN48210614	From Potato	48210614	Ralstonia pseudosolanacearum	PPDRS51	2021-12-07	Bangladesh: Sonahar, Debigonj		potato	26.052875 N 88.735332 E			Md. Mynul Islam, Md. Mushfiqur Rahman, Ferdous-E-Elahi																																																															
SAMN48210615				GCF_050171465.1	SAMN48210615	From Potato	48210615	Ralstonia pseudosolanacearum	PPDRS52	2021-12-07	Bangladesh: Sonahar, Debigonj		potato	26.052174 N 88.736050 E			Md. Mynul Islam, Md. Mushfiqur Rahman, Ferdous-E-Elahi																																																															
SAMN48210616				GCF_050171415.1	SAMN48210616	From Potato	48210616	Ralstonia pseudosolanacearum	PPDRS53	2021-12-07	Bangladesh: Sonahar, Debigonj		potato	26.052384 N 88.736503 E			Md. Mynul Islam, Md. Mushfiqur Rahman, Ferdous-E-Elahi																																																															
SAMN48881384				GCF_051217005.1	SAMN48881384	Microbe sample from Ralstonia pseudosolanacearum	48881384	Ralstonia pseudosolanacearum	MLY158	2023-10-16	China: Guizhou		diseased tobacco stalk		cell culture																																																																	
SAMN48955999				GCF_057320865.1	SAMN48955999	Microbe sample from Ralstonia pseudosolanacearum	48955999	Ralstonia pseudosolanacearum	RalsTur1	2023-01-13	Thailand	turmeric	rhizosphere soil		cell culture																																																																	
SAMN48977310	RalTom1	RAL_AA1767AA		GCF_057320845.1	SAMN48977310	Microbe sample from Ralstonia pseudosolanacearum	48977310	Ralstonia pseudosolanacearum	RalTom1	2015-06-30	Thailand	tomato			cell culture																																																																	
SAMN48995533				GCF_057320885.1	SAMN48995533	Microbe sample from Ralstonia pseudosolanacearum	48995533	Ralstonia pseudosolanacearum	RalpTur2	2020-10-12	Thailand	turmeric			cell culture																																																																	
SAMN49812370	RUN6904	RAL_AA1763AA		GCF_051305165.1	SAMN49812370	MIGS Cultured Bacterial/Archaeal sample from Ralstonia pseudosolanacearum	49812370	Ralstonia pseudosolanacearum	RUN6904	2022	Democratic Republic of the Congo: Kisuka, Madimba territory	Solanum melongena		5.139582 S 15.064194 E		no reference			not collected	not applicable	not applicable	not collected	not collected																																																									
SAMN50030529				GCF_051933255.1	SAMN50030529	Pathogen: environmental/food/other sample from Ralstonia pseudosolanacearum	50030529	Ralstonia pseudosolanacearum	YLqk	2021-10-21	China: Guangxi		mulberry	22.63 N 110.15 E			Ting Yuan																																																															
SAMN50030530				GCF_051933855.1	SAMN50030530	Pathogen: environmental/food/other sample from Ralstonia pseudosolanacearum	50030530	Ralstonia pseudosolanacearum	XZqk	2021-10-21	China: Guangxi		mulberry	23.72 N 109.23 E			Ting Yuan																																																															
SAMN50180639				GCF_054968885.1	SAMN50180639	Microbe sample from Ralstonia pseudosolanacearum	50180639	Ralstonia pseudosolanacearum	LcA12172	2022-10-01	China:Yunnan		soil		cell culture																																																																	
SAMN51286211				GCF_055523335.1	SAMN51286211	Pathogen: environmental/food/other sample from Ralstonia pseudosolanacearum	51286211	Ralstonia pseudosolanacearum	XCqk	2021-10-21	China: Guangxi	mulberry	xylem	24.066833 N 108.665545 E			Ting Yuan																																																															
SAMN51336171	RUN2161	RAL_AA1765AA		GCF_052747835.1	SAMN51336171	MIGS Cultured Bacterial/Archaeal sample from Ralstonia pseudosolanacearum	51336171	Ralstonia pseudosolanacearum	RUN2161	2012	Mayotte: Dembeni, Tsararano	Solanum lycopersicum	Field	not collected		no reference			not collected	not applicable	not applicable	not collected	not collected																																																									
SAMN51433432				GCF_052828505.1	SAMN51433432	Pathogen: environmental/food/other sample from Ralstonia pseudosolanacearum	51433432	Ralstonia pseudosolanacearum	XCqk	2021-10-21	China: Guangxi	mulberry	xylem	24.066833 N 108.665545 E			Ting Yuan																																																															
SAMN52376887				GCF_053878305.1	SAMN52376887	Microbe sample from Ralstonia pseudosolanacearum	52376887	Ralstonia pseudosolanacearum	UCD842	2025-05-27	USA	Ginger	Thailand		cell culture																																																																	
SAMN54739139				GCF_057808465.1	SAMN54739139	Pathogen: clinical or host-associated sample from Ralstonia pseudosolanacearum	54739139	Ralstonia pseudosolanacearum	Pss4	1988	Taiwan	Solanum lycopersicum	Infected tomato stem	23.1100 N 120.2900 E			World Vegetable Center (WorldVeg)																			Bacterial wilt			I																																									
SAMN54805814				GCF_054881635.1	SAMN54805814	Microbe sample from Ralstonia solanacearum	54805814	Ralstonia solanacearum	INTABV18	2008-03	Argentina: Misiones		Solanum lycopersicum		cell culture																																																																	
SAMN54805815				GCF_054882405.1	SAMN54805815	Microbe sample from Ralstonia solanacearum	54805815	Ralstonia solanacearum	INTABV29	2008-09	Argentina: Corrientes		Solanum lycopersicum		cell culture																																																																	
SAMN54805816				GCF_054882395.1	SAMN54805816	Microbe sample from Ralstonia solanacearum	54805816	Ralstonia solanacearum	INTABV624	2012-04	Argentina: Corrientes		Solanum lycopersicum		cell culture																																																																	
SAMN54805817				GCF_054882375.1	SAMN54805817	Microbe sample from Ralstonia solanacearum	54805817	Ralstonia solanacearum	INTABV2657	2024-10	Argentina: Corrientes		Solanum lycopersicum		cell culture																																																																	
SAMN54994970	YO336	RAL_AA1837AA			SAMN54994970	4.5_1	54994970	Ralstonia solanacearum	YO336	2022-01-28	United Kingdom: York		Lab experimental evolution	53.95 N 1.06 W			Evie Farnham																									Evolved at low pH 1																																						
SAMN54994971	YO336	RAL_AA1836AA			SAMN54994971	4.5_2	54994971	Ralstonia solanacearum	YO336	2022-01-28	United Kingdom: York		Lab experimental evolution	53.95 N 1.06 W			Evie Farnham																									Evolved at low pH 2																																						
SAMN54994972	YO336	RAL_AA1825AA			SAMN54994972	4.5_3	54994972	Ralstonia solanacearum	YO336	2022-01-28	United Kingdom: York		Lab experimental evolution	53.95 N 1.06 W			Evie Farnham																									Evolved at low pH 3																																						
SAMN54994973	YO336	RAL_AA1814AA			SAMN54994973	4.5_4	54994973	Ralstonia solanacearum	YO336	2022-01-28	United Kingdom: York		Lab experimental evolution	53.95 N 1.06 W			Evie Farnham																									Evolved at low pH 4																																						
SAMN54994974	YO336	RAL_AA1810AA			SAMN54994974	4.5_5	54994974	Ralstonia solanacearum	YO336	2022-01-28	United Kingdom: York		Lab experimental evolution	53.95 N 1.06 W			Evie Farnham																									Evolved at low pH 5																																						
SAMN54994975	YO336	RAL_AA1809AA			SAMN54994975	4.5_6	54994975	Ralstonia solanacearum	YO336	2022-01-28	United Kingdom: York		Lab experimental evolution	53.95 N 1.06 W			Evie Farnham																									Evolved at low pH 6																																						
SAMN54994976	YO336	RAL_AA1808AA			SAMN54994976	4.5_7	54994976	Ralstonia solanacearum	YO336	2022-01-28	United Kingdom: York		Lab experimental evolution	53.95 N 1.06 W			Evie Farnham																									Evolved at low pH 7																																						
SAMN54994977	YO336	RAL_AA1807AA			SAMN54994977	4.5_8	54994977	Ralstonia solanacearum	YO336	2022-01-28	United Kingdom: York		Lab experimental evolution	53.95 N 1.06 W			Evie Farnham																									Evolved at low pH 8																																						
SAMN54994978	YO336	RAL_AA1806AA			SAMN54994978	7_1	54994978	Ralstonia solanacearum	YO336	2022-01-28	United Kingdom: York		Lab experimental evolution	53.95 N 1.06 W			Evie Farnham																									Evolved at neutral pH 1																																						
SAMN54994979	YO336	RAL_AA1805AA			SAMN54994979	7_2	54994979	Ralstonia solanacearum	YO336	2022-01-28	United Kingdom: York		Lab experimental evolution	53.95 N 1.06 W			Evie Farnham																									Evolved at neutral pH 2																																						
SAMN54994980	YO336	RAL_AA1835AA			SAMN54994980	7_3	54994980	Ralstonia solanacearum	YO336	2022-01-28	United Kingdom: York		Lab experimental evolution	53.95 N 1.06 W			Evie Farnham																									Evolved at neutral pH 3																																						
SAMN54994981	YO336	RAL_AA1834AA			SAMN54994981	7_4	54994981	Ralstonia solanacearum	YO336	2022-01-28	United Kingdom: York		Lab experimental evolution	53.95 N 1.06 W			Evie Farnham																									Evolved at neutral pH 4																																						
SAMN54994982	YO336	RAL_AA1833AA			SAMN54994982	7_5	54994982	Ralstonia solanacearum	YO336	2022-01-28	United Kingdom: York		Lab experimental evolution	53.95 N 1.06 W			Evie Farnham																									Evolved at neutral pH 5																																						
SAMN54994983	YO336	RAL_AA1832AA			SAMN54994983	7_6	54994983	Ralstonia solanacearum	YO336	2022-01-28	United Kingdom: York		Lab experimental evolution	53.95 N 1.06 W			Evie Farnham																									Evolved at neutral pH 6																																						
SAMN54994984	YO336	RAL_AA1831AA			SAMN54994984	7_7	54994984	Ralstonia solanacearum	YO336	2022-01-28	United Kingdom: York		Lab experimental evolution	53.95 N 1.06 W			Evie Farnham																									Evolved at neutral pH 7																																						
SAMN54994985	YO336	RAL_AA1830AA			SAMN54994985	7_8	54994985	Ralstonia solanacearum	YO336	2022-01-28	United Kingdom: York		Lab experimental evolution	53.95 N 1.06 W			Evie Farnham																									Evolved at neutral pH 8																																						
SAMN54994986	YO336	RAL_AA1829AA			SAMN54994986	8.5_1	54994986	Ralstonia solanacearum	YO336	2022-01-28	United Kingdom: York		Lab experimental evolution	53.95 N 1.06 W			Evie Farnham																									Evolved at high pH 1																																						
SAMN54994987	YO336	RAL_AA1828AA			SAMN54994987	8.5_2	54994987	Ralstonia solanacearum	YO336	2022-01-28	United Kingdom: York		Lab experimental evolution	53.95 N 1.06 W			Evie Farnham																									Evolved at high pH 2																																						
SAMN54994988	YO336	RAL_AA1827AA			SAMN54994988	8.5_3	54994988	Ralstonia solanacearum	YO336	2022-01-28	United Kingdom: York		Lab experimental evolution	53.95 N 1.06 W			Evie Farnham																									Evolved at high pH 3																																						
SAMN54994989	YO336	RAL_AA1826AA			SAMN54994989	8.5_4	54994989	Ralstonia solanacearum	YO336	2022-01-28	United Kingdom: York		Lab experimental evolution	53.95 N 1.06 W			Evie Farnham																									Evolved at high pH 4																																						
SAMN54994990	YO336	RAL_AA1824AA			SAMN54994990	8.5_5	54994990	Ralstonia solanacearum	YO336	2022-01-28	United Kingdom: York		Lab experimental evolution	53.95 N 1.06 W			Evie Farnham																									Evolved at high pH 5																																						
SAMN54994991	YO336	RAL_AA1823AA			SAMN54994991	8.5_6	54994991	Ralstonia solanacearum	YO336	2022-01-28	United Kingdom: York		Lab experimental evolution	53.95 N 1.06 W			Evie Farnham																									Evolved at high pH 6																																						
SAMN54994992	YO336	RAL_AA1822AA			SAMN54994992	8.5_7	54994992	Ralstonia solanacearum	YO336	2022-01-28	United Kingdom: York		Lab experimental evolution	53.95 N 1.06 W			Evie Farnham																									Evolved at high pH 7																																						
SAMN54994993	YO336	RAL_AA1821AA			SAMN54994993	8.5_8	54994993	Ralstonia solanacearum	YO336	2022-01-28	United Kingdom: York		Lab experimental evolution	53.95 N 1.06 W			Evie Farnham																									Evolved at high pH 8																																						
SAMN54994994	YO336	RAL_AA1820AA			SAMN54994994	0.5_1	54994994	Ralstonia solanacearum	YO336	2022-01-28	United Kingdom: York		Lab experimental evolution	53.95 N 1.06 W			Evie Farnham																									Evolved at high salinity 1																																						
SAMN54994995	YO336	RAL_AA1819AA			SAMN54994995	0.5_2	54994995	Ralstonia solanacearum	YO336	2022-01-28	United Kingdom: York		Lab experimental evolution	53.95 N 1.06 W			Evie Farnham																									Evolved at high salinity 2																																						
SAMN54994996	YO336	RAL_AA1818AA			SAMN54994996	0.5_3	54994996	Ralstonia solanacearum	YO336	2022-01-28	United Kingdom: York		Lab experimental evolution	53.95 N 1.06 W			Evie Farnham																									Evolved at high salinity 3																																						
SAMN54994997	YO336	RAL_AA1817AA			SAMN54994997	0.5_4	54994997	Ralstonia solanacearum	YO336	2022-01-28	United Kingdom: York		Lab experimental evolution	53.95 N 1.06 W			Evie Farnham																									Evolved at high salinity 4																																						
SAMN54994998	YO336	RAL_AA1816AA			SAMN54994998	0.5_5	54994998	Ralstonia solanacearum	YO336	2022-01-28	United Kingdom: York		Lab experimental evolution	53.95 N 1.06 W			Evie Farnham																									Evolved at high salinity 5																																						
SAMN54994999	YO336	RAL_AA1815AA			SAMN54994999	0.5_6	54994999	Ralstonia solanacearum	YO336	2022-01-28	United Kingdom: York		Lab experimental evolution	53.95 N 1.06 W			Evie Farnham																									Evolved at high salinity 6																																						
SAMN54995000	YO336	RAL_AA1813AA			SAMN54995000	0.5_7	54995000	Ralstonia solanacearum	YO336	2022-01-28	United Kingdom: York		Lab experimental evolution	53.95 N 1.06 W			Evie Farnham																									Evolved at high salinity 7																																						
SAMN54995001	YO336	RAL_AA1812AA			SAMN54995001	0.5_8	54995001	Ralstonia solanacearum	YO336	2022-01-28	United Kingdom: York		Lab experimental evolution	53.95 N 1.06 W			Evie Farnham																									Evolved at high salinity 8																																						
SAMN54995002	YO336	RAL_AA1811AA			SAMN54995002	Ancestral_YO336	54995002	Ralstonia solanacearum	YO336	2007-01-01	United Kingdom: Cambridgeshire		river water	52.55 N 0.20 W			FERA																									Ancestral YO336																																						
SAMN56344637				GCA_059736765.1	SAMN56344637	Microbe sample from Ralstonia pseudosolanacearum	56344637	Ralstonia pseudosolanacearum	LH-01	2025	China	Artemisia selengensis	stem with wilt symptoms		cell culture																																																																	
SAMN56505471	NCPPB 3219	RAL_AA1860AA			SAMN56505471	Ralstonia syzygii subsp. indonesiensis (Smith 1896) Safni et al. 2014	56505471	Ralstonia syzygii subsp. indonesiensis	NCPPB 3219	1980	Indonesia	Syzygium aromaticum			Cell culture		C.P. Benett																				J.F. Bradbury															NCPPB:3219																												
SAMN56505473	NCPPB 3792	RAL_AA1858AA			SAMN56505473	Ralstonia syzygii subsp. syzygii (Roberts et al. 1990) Safni et al. 2014	56505473	Ralstonia syzygii subsp. syzygii	NCPPB 3792	Not collected	Indonesia:Java	Syzygium aromaticum			Cell culture		S. Eden-Green																				S. Roberts															NCPPB:3792																												
SAMN56505474	NCPPB 3983	RAL_AA1857AA			SAMN56505474	Ralstonia syzygii subsp. indonesiensis (Smith 1896) Safni et al. 2014	56505474	Ralstonia syzygii subsp. indonesiensis	NCPPB 3983	Not collected	Indonesia	Solanum tuberosum			Cell culture																						J. Elphinstone															NCPPB:3983																												
SAMN56533517				GCF_056316165.1	SAMN56533517	MIGS Cultured Bacterial/Archaeal sample from Ralstonia pseudosolanacearum	56533517	Ralstonia pseudosolanacearum	UMN24-2	2024-08-01	USA: Minnesota	Zingiber officinale rhizome		44.00 N 92.00 W		https://apsjournals.apsnet.org/doi/epdf/10.1094/PDIS-11-24-2402-PDN			agricultural ecosystem [ENVO:00000077]	https://github.com/lowepowerlab/protocols/blob/main/growing_ralstonia.md	2	plant-associated environment [ENVO:01001001]	Farm [ENVO:00000078]																I				Ginger (Zingiber officinale)																																					
SAMN57364248	NCPPB 4694	RAL_AA1878AA		GCF_056897615.1	SAMN57364248	Microbe sample from Ralstonia pseudosolanacearum	57364248	Ralstonia pseudosolanacearum	NCPPB 4694	2021	Thailand	Boesenbergia rotunda			cell culture																																					NCPPB:4694																												
SAMN57364249	NCPPB 4821	RAL_AA1877AA		GCF_056897475.1	SAMN57364249	Microbe sample from Ralstonia pseudosolanacearum	57364249	Ralstonia pseudosolanacearum	NCPPB 4821	2020	Thailand	Alpinia galanga			cell culture																																					NCPPB:4821																												
SAMN57364250	NCPPB 4822	RAL_AA1876AA		GCF_056897635.1	SAMN57364250	Microbe sample from Ralstonia pseudosolanacearum	57364250	Ralstonia pseudosolanacearum	NCPPB 4822	2020	Thailand	Curcuma sp.			cell culture																																					NCPPB:4922																												
SAMN57364251	NCPPB 4823	RAL_AA1875AA		GCF_056897595.1	SAMN57364251	Microbe sample from Ralstonia pseudosolanacearum	57364251	Ralstonia pseudosolanacearum	NCPPB 4823	2021	Uganda	Zingiber officinale			cell culture																																					NCPPB:4823																												
SAMN57364252	NCPPB 4824	RAL_AA1874AA		GCF_056897675.1	SAMN57364252	Microbe sample from Ralstonia pseudosolanacearum	57364252	Ralstonia pseudosolanacearum	NCPPB 4824	2021	India	Zingiber officinale			cell culture																																					NCPPB:4824																												
SAMN57364344	GBBC 1321B2	RAL_AA1873AA		GCF_056897435.1	SAMN57364344	Microbe sample from Ralstonia pseudosolanacearum	57364344	Ralstonia pseudosolanacearum	GBBC 1321B2	2006	China: Chongqing	Solanum lycopersicum			cell culture																						ILVO Plant Health (Bacteriology)																																											
SAMN61027274	Mo-D5	RAL_AA2016AA		GCF_058934505.1	SAMN61027274	Ralstonia solanacearum strain MoD5 isolated from Musa sp. with Moko disease	61027274	Ralstonia solanacearum	Mo-D5	1992-11-25	Philippines	Musa sp.			pure culture																																																																	
SAMN61028615				GCF_058934665.1	SAMN61028615	Microbe sample from Ralstonia solanacearum	61028615	Ralstonia solanacearum	Bu-D11	1990-02	Philippines	Musa sp.			pure culture																																																																	
SAMN61028616	Mo-D26	RAL_AA2014AA		GCF_058934555.1	SAMN61028616	Microbe sample from Ralstonia solanacearum	61028616	Ralstonia solanacearum	Mo-D26	2026-02-03	Philippines	Musa sp.			pure culture																																																																	
SAMN61028617	Bu-D26	RAL_AA2013AA		GCF_058934535.1	SAMN61028617	Microbe sample from Ralstonia solanacearum	61028617	Ralstonia solanacearum	Bu-D26	2026-02-03	Philippines	Musa sp.			pure culture																																																																	
SAMN61800722				GCF_059878675.1	SAMN61800722	MIGS Cultured Bacterial/Archaeal sample from Ralstonia pseudosolanacearum	61800722	Ralstonia pseudosolanacearum	UW687, RUN369, DGBBC1125, UCD368	2005	Guinea	Solanum tuberosum		missing		Genome report			Field	https://lowepowerlab.ucdavis.edu/protocols/growing_ralstonia.html	2	Xylem	Potato																																																									
SAMN61800723				GCF_059878715.1	SAMN61800723	MIGS Cultured Bacterial/Archaeal sample from Ralstonia solanacearum	61800723	Ralstonia solanacearum	UCD348	missing	missing	unknown		missing		Genome report			unknown	unknown	2	unknown	unknown																																																									
SAMN61800724				GCF_059878735.1	SAMN61800724	MIGS Cultured Bacterial/Archaeal sample from Ralstonia pseudosolanacearum	61800724	Ralstonia pseudosolanacearum	UW783, RUN3442, UCD407	2013	Madagascar	Solanum tuberosum		missing		Genome report			Field	https://lowepowerlab.ucdavis.edu/protocols/growing_ralstonia.html	2	Xylem	Potato																																																									
SAMN61800726				GCF_059878755.1	SAMN61800726	MIGS Cultured Bacterial/Archaeal sample from Ralstonia pseudosolanacearum	61800726	Ralstonia pseudosolanacearum	UW777, RUN2706, UCD402	2013	Madagascar	Solanum tuberosum		missing		Genome report			Field	https://lowepowerlab.ucdavis.edu/protocols/growing_ralstonia.html	2	Xylem	Potato																																																									
SAMN61800728				GCF_059878775.1	SAMN61800728	MIGS Cultured Bacterial/Archaeal sample from Ralstonia pseudosolanacearum	61800728	Ralstonia pseudosolanacearum	UW780, RUN3235, UCD404	2013	Madagascar	Solanum tuberosum		missing		Genome report			Field	https://lowepowerlab.ucdavis.edu/protocols/growing_ralstonia.html	2	Xylem	Potato																																																									
SAMN61800730				GCF_059878795.1	SAMN61800730	MIGS Cultured Bacterial/Archaeal sample from Ralstonia pseudosolanacearum	61800730	Ralstonia pseudosolanacearum	UW782, RUN3411, UCD406	2013	Madagascar	Solanum tuberosum		missing		Genome report			Field	https://lowepowerlab.ucdavis.edu/protocols/growing_ralstonia.html	2	Xylem	Potato																																																									
SAMN61842872	CIPKB1_potato_KE	RAL_AA2011AA			SAMN61842872	Microbe sample from Ralstonia solanacearum	61842872	Ralstonia solanacearum		2025-01	Kenya	potato	potato plant		culture		CIP/KALRO																									CIPKB1																																						
SAMN61842874	CIPNK1_potato_KE	RAL_AA2000AA			SAMN61842874	Microbe sample from Ralstonia solanacearum	61842874	Ralstonia solanacearum		2025-01	Kenya	potato	potato plant		culture		CIP/KALRO																									CIPNK1																																						
SAMN61842875	CIPNK2_potato_KE	RAL_AA1999AA			SAMN61842875	Microbe sample from Ralstonia solanacearum	61842875	Ralstonia solanacearum		2025-01	Kenya	potato	potato plant		culture		CIP/KALRO																									CIPNK2																																						
SAMN61842876	CIPNK3_potato_KE	RAL_AA1998AA			SAMN61842876	Microbe sample from Ralstonia solanacearum	61842876	Ralstonia solanacearum		2025-01	Kenya	potato	potato plant		culture		CIP/KALRO																									CIPNK3																																						
SAMN61842877	CIPNK4_potato_KE	RAL_AA1997AA			SAMN61842877	Microbe sample from Ralstonia solanacearum	61842877	Ralstonia solanacearum		2025-01	Kenya	potato	potato plant		culture		CIP/KALRO																									CIPNK4																																						
SAMN61842878	CIPNK5_potato_KE	RAL_AA1996AA			SAMN61842878	Microbe sample from Ralstonia solanacearum	61842878	Ralstonia solanacearum		2025-01	Kenya	potato	potato plant		culture		CIP/KALRO																									CIPNK5																																						
SAMN61842879	CIPNK7_potato_KE	RAL_AA1995AA			SAMN61842879	Microbe sample from Ralstonia solanacearum	61842879	Ralstonia solanacearum		2025-01	Kenya	potato	potato plant		culture		CIP/KALRO																									CIPNK7																																						
SAMN61842880	CIPNK8_potato_KE	RAL_AA1994AA			SAMN61842880	Microbe sample from Ralstonia solanacearum	61842880	Ralstonia solanacearum		2025-01	Kenya	potato	potato plant		culture		CIP/KALRO																									CIPNK8																																						
SAMN61842881	CIPNK11_potato_KE	RAL_AA2010AA			SAMN61842881	Microbe sample from Ralstonia solanacearum	61842881	Ralstonia solanacearum		2025-01	Kenya	potato	potato plant		culture		CIP/KALRO																									CIPNK11																																						
SAMN61842882	CIPNK12_potato_KE	RAL_AA2009AA			SAMN61842882	Microbe sample from Ralstonia solanacearum	61842882	Ralstonia solanacearum		2025-01	Kenya	potato	potato plant		culture		CIP/KALRO																									CIPNK12																																						
SAMN61842883	CIPNK14_potato_KE	RAL_AA2008AA			SAMN61842883	Microbe sample from Ralstonia solanacearum	61842883	Ralstonia solanacearum		2025-01	Kenya	potato	potato plant		culture		CIP/KALRO																									CIPNK14																																						
SAMN61842884	CIPNK18_potato_KE	RAL_AA2007AA			SAMN61842884	Microbe sample from Ralstonia solanacearum	61842884	Ralstonia solanacearum		2025-01	Kenya	potato	potato plant		culture		CIP/KALRO																									CIPNK18																																						
SAMN61842885	CIPNK21_potato_KE	RAL_AA2006AA			SAMN61842885	Microbe sample from Ralstonia solanacearum	61842885	Ralstonia solanacearum		2025-01	Kenya	potato	potato plant		culture		CIP/KALRO																									CIPNK21																																						
SAMN61842886	CIPNK22_potato_KE	RAL_AA2005AA			SAMN61842886	Microbe sample from Ralstonia solanacearum	61842886	Ralstonia solanacearum		2025-01	Kenya	potato	potato plant		culture		CIP/KALRO																									CIPNK22																																						
SAMN61842887	CIPNK26_potato_KE	RAL_AA2004AA			SAMN61842887	Microbe sample from Ralstonia solanacearum	61842887	Ralstonia solanacearum		2025-01	Kenya	potato	potato plant		culture		CIP/KALRO																									CIPNK26																																						
SAMN61842888	CIPNK28_potato_KE	RAL_AA2003AA			SAMN61842888	Microbe sample from Ralstonia solanacearum	61842888	Ralstonia solanacearum		2025-01	Kenya	potato	potato plant		culture		CIP/KALRO																									CIPNK28																																						
SAMN61842889	CIPNR34_potato_KE	RAL_AA2002AA			SAMN61842889	Microbe sample from Ralstonia solanacearum	61842889	Ralstonia solanacearum		2025-01	Kenya	potato	potato plant		culture		CIP/KALRO																									CIPNR34																																						
